Iteration	Posterior	Likelihood	Prior	beta_scale	matrix_probs[1]	matrix_probs[2]	matrix_probs[3]	matrix_probs[4]	rate_log_sd	tree_length
0	-2092.887	-2248.558	155.6703	1.132542	0.716592	0.142519	0.1303	0.0105882	1.349812	3.215688
6	-2090.409	-2245.813	155.4042	1.740629	0.808486	0.0325588	0.147009	0.011946	1.481469	2.976572
12	-2098.924	-2254.153	155.2283	1.25148	0.760805	0.0499373	0.158998	0.0302594	1.216296	3.487822
18	-2094.97	-2248.675	153.7049	1.426206	0.660238	0.135756	0.171389	0.0326175	1.096758	4.33949
24	-2078.472	-2230.716	152.2434	1.796904	0.873969	0.0362617	0.0667089	0.0230609	1.091819	4.987377
30	-2089.189	-2242.877	153.6881	1.108935	0.826948	0.0235946	0.128172	0.0212857	1.009285	4.563496
36	-2094.359	-2248.843	154.4845	1.432908	0.651779	0.123463	0.182947	0.0418109	1.200651	3.832693
42	-2094.099	-2249.049	154.9496	1.091163	0.753396	0.127818	0.0441407	0.074645	1.180796	3.758628
48	-2087.709	-2241.648	153.9386	1.091163	0.587717	0.14841	0.197435	0.0664372	1.121234	4.369121
54	-2083.347	-2239.493	156.1466	0.8721654	0.698668	0.0748818	0.203226	0.0232245	1.243806	3.150346
60	-2070.161	-2225.761	155.5998	0.8721654	0.620048	0.214867	0.115934	0.0491511	1.21615	3.488535
66	-2089.354	-2244.584	155.23	1.179768	0.658838	0.188521	0.123186	0.0294553	1.280755	3.488535
72	-2092.496	-2246.124	153.6281	1.575079	0.709814	0.106074	0.163992	0.0201193	1.079139	4.320269
78	-2097.554	-2251.621	154.0664	1.634969	0.591429	0.0583087	0.265924	0.0843383	1.229473	3.956991
84	-2089.761	-2244.17	154.4084	1.380517	0.822687	0.11046	0.0200075	0.0468448	1.130089	3.943528
90	-2084.231	-2237.21	152.9793	1.665398	0.776416	0.0688658	0.125513	0.0292051	1.201941	4.574207
96	-2090.451	-2243.73	153.2795	1.343391	0.761339	0.093226	0.126379	0.0190554	1.104169	4.61638
102	-2092.108	-2245.597	153.4891	1.443896	0.615791	0.274906	0.105353	0.00395003	1.238878	4.37235
108	-2085.212	-2241.989	156.7764	1.09679	0.656436	0.197732	0.139988	0.0058435	1.551504	2.441388
114	-2086.907	-2243.86	156.9522	1.073841	0.72993	0.107912	0.155661	0.00649772	1.610314	2.306919
120	-2082.9	-2240.348	157.4478	1.040526	0.738349	0.154682	0.0864396	0.0205303	1.633861	1.989854
126	-2086.094	-2243.589	157.4953	1.040526	0.560665	0.288669	0.130611	0.0200557	1.586311	1.989854
132	-2098.714	-2254.647	155.9333	1.025892	0.640172	0.073024	0.218156	0.0686477	1.485426	3.040507
138	-2083.363	-2238.744	155.3813	1.122495	0.806136	0.0841683	0.0867389	0.0229565	1.35394	3.389279
144	-2075.885	-2230.835	154.9506	1.76642	0.758472	0.0683004	0.171557	0.00166995	1.445786	3.255688
150	-2080.966	-2233.002	152.0359	1.187736	0.770263	0.165127	0.06126	0.00334949	1.12718	5.374687
156	-2083.283	-2234.517	151.2339	1.132038	0.564167	0.311343	0.107284	0.017206	1.045595	5.888787
162	-2075.312	-2226.654	151.342	1.031596	0.631861	0.251259	0.10173	0.0151496	1.035555	5.888787
168	-2076.025	-2230.542	154.5175	1.027065	0.624614	0.24432	0.105375	0.0256908	1.258065	3.998451
174	-2083.033	-2238.462	155.4289	1.063623	0.67277	0.152047	0.153592	0.0215917	1.380232	3.379563
180	-2086.967	-2242.732	155.7644	1.331574	0.69265	0.233735	0.0582208	0.0153939	1.406568	3.015055
186	-2090.132	-2243.966	153.8344	0.8472698	0.612878	0.322421	0.0459412	0.0187599	1.271848	4.481524
192	-2092.96	-2247.243	154.2829	1.277479	0.693468	0.190537	0.0853126	0.0306827	1.152867	4.055657
198	-2093.115	-2247.892	154.7776	0.8287783	0.675483	0.271452	0.0526466	0.000418497	1.047222	4.085623
204	-2080.02	-2234.268	154.2479	1.6782	0.824556	0.110668	0.0642652	0.000510856	1.162771	3.870745
210	-2077.414	-2231.47	154.0559	1.93154	0.850332	0.0393238	0.106308	0.00403632	1.154254	3.870745
216	-2081.349	-2235.025	153.6766	1.66994	0.834274	0.0427276	0.112672	0.0103268	1.434489	4.046064
222	-2097.338	-2250.841	153.5025	0.9667288	0.647453	0.325908	0.0100433	0.0165962	1.147804	4.668813
228	-2087.957	-2240.975	153.0176	0.9667288	0.625026	0.365106	0.0049864	0.00488095	1.087044	4.973178
234	-2083.418	-2238.296	154.8779	1.417623	0.709571	0.281317	0.00592878	0.00318304	1.153616	3.640518
240	-2105.369	-2264.003	158.6335	0.2487877	0.106218	0.735292	0.152943	0.00554728	1.562928	1.726678
246	-2092.53	-2251.119	158.5887	0.253259	0.260865	0.684969	0.050942	0.00322427	1.754688	1.621943
252	-2086.654	-2245.191	158.5372	0.1673004	0.46384	0.478514	0.0542138	0.00343134	1.754688	1.615624
258	-2095.332	-2254.352	159.0204	0.1858382	0.470767	0.485661	0.0282689	0.0153031	1.8595	1.176567
264	-2098.921	-2257.818	158.897	0.2041528	0.368167	0.549088	0.0214584	0.0612864	1.732149	1.396282
270	-2094.527	-2249.176	154.6486	1.614466	0.687805	0.242467	0.0579571	0.0117705	1.355391	3.55839
276	-2093.239	-2246.518	153.2787	1.322784	0.744923	0.204228	0.0488167	0.00203255	1.099089	4.630115
282	-2101.139	-2253.42	152.2804	1.322784	0.546548	0.369894	0.0798766	0.00368132	0.9617861	5.261891
288	-2098.848	-2250.866	152.0178	1.543552	0.702311	0.211348	0.0792032	0.00713724	1.030173	5.261891
294	-2086.556	-2241.707	155.151	1.179828	0.666768	0.140555	0.188089	0.00458765	1.289807	3.52929
300	-2081.653	-2235.811	154.1582	1.546776	0.920751	0.0215638	0.0551135	0.0025721	1.215499	3.954854
306	-2074.682	-2228.189	153.5071	1.544268	0.883454	0.0412603	0.052881	0.0224043	1.254959	4.304034
312	-2079.127	-2230.005	150.8776	1.283932	0.653146	0.188116	0.140197	0.0185406	1.00683	6.02634
318	-2079.725	-2233.344	153.619	1.215298	0.683914	0.159936	0.112255	0.043894	0.9333996	4.587916
324	-2089.973	-2240.917	150.9445	1.756755	0.67387	0.031721	0.244848	0.0495609	1.011202	5.765623
330	-2097.245	-2250.601	153.3562	0.2029624	0.23843	0.586596	0.089432	0.0855421	1.019412	5.177857
336	-2072.961	-2227.267	154.3057	0.2029624	0.367817	0.497893	0.0753682	0.0589219	1.024109	4.646652
342	-2080.353	-2234.43	154.0765	0.2243211	0.255034	0.635353	0.0185072	0.0911062	1.13117	4.721699
348	-2085.828	-2240.998	155.1693	0.2064464	0.464445	0.443398	0.0259459	0.0662113	1.157636	4.084956
354	-2085.012	-2241.306	156.2946	0.1605376	0.431603	0.464278	0.0450611	0.0590572	1.338026	3.295247
360	-2091.896	-2247.265	155.3692	1.673354	0.842602	0.0876515	0.05546	0.0142861	1.26363	3.160291
366	-2096.416	-2248.569	152.1527	1.673354	0.79538	0.0656234	0.0259963	0.113	1.302106	4.976285
372	-2103.549	-2258.022	154.4732	1.647319	0.906752	0.0474085	0.0167431	0.0290967	1.150784	3.762675
378	-2094.215	-2247.978	153.7628	1.149897	0.897571	0.0407363	0.0606198	0.00107321	1.17678	4.405017
384	-2079.342	-2231.649	152.3066	1.733098	0.885627	0.0896496	0.024537	0.000186467	1.098382	4.97697
390	-2082.217	-2237.047	154.8294	1.17631	0.686425	0.24391	0.066758	0.00290606	1.370046	3.671365
396	-2084.189	-2239.235	155.0459	1.090048	0.654753	0.269174	0.0736726	0.00240105	1.386544	3.584426
402	-2087.947	-2240.997	153.0506	1.428522	0.774407	0.197278	0.0278139	0.000500966	1.310196	4.586612
408	-2084.844	-2238.364	153.5202	1.117708	0.696926	0.256572	0.0457936	0.000708437	1.158241	4.569371
414	-2079.551	-2234.667	155.1159	1.117708	0.804592	0.165762	0.0295857	6.00945e-05	1.28627	3.586398
420	-2077.207	-2231.824	154.6166	1.354198	0.878023	0.043399	0.0784398	0.000137921	1.332291	3.721069
426	-2075.16	-2229.358	154.198	1.216106	0.776401	0.0829917	0.140485	0.000121958	1.277163	4.065746
432	-2072.968	-2227.879	154.9111	1.585711	0.782104	0.061956	0.145943	0.0099972	1.359674	3.416706
438	-2097.007	-2252.836	155.8287	1.807648	0.744457	0.193695	0.0564715	0.00537577	1.476351	2.689425
444	-2109.517	-2264.023	154.5056	0.1768426	0.105896	0.779896	0.0794922	0.0347165	1.01698	4.522614
450	-2091.123	-2242.884	151.7614	0.1891362	0.102596	0.826128	0.0212057	0.0500702	0.9751913	6.070522
456	-2084.214	-2238.98	154.7656	0.1971294	0.572137	0.338308	0.0185766	0.0709778	1.190911	4.291076
462	-2085.672	-2240.682	155.0106	0.1946803	0.581704	0.3226	0.0470512	0.0486446	1.021555	4.246976
468	-2087.882	-2244.575	156.6933	0.224995	0.160843	0.776605	0.0448181	0.0177333	1.251437	3.151076
474	-2081.087	-2236.291	155.2043	0.224995	0.0930143	0.844895	0.0359983	0.0260925	1.349655	3.960806
480	-2074.356	-2228.808	154.4517	0.2434336	0.361683	0.59684	0.0224643	0.0190123	1.080701	4.542109
486	-2084.841	-2241.914	157.0728	0.2220047	0.360867	0.471906	0.0897051	0.0775222	1.395827	2.835874
492	-2081.212	-2236.55	155.3381	0.2220047	0.199218	0.716511	0.0521336	0.0321372	1.122436	4.013599
498	-2093.733	-2249.294	155.5616	0.2985954	0.188114	0.612841	0.149866	0.0491784	1.124306	3.881706
504	-2086.296	-2239.872	153.5759	0.1831667	0.0514131	0.823475	0.0716857	0.0534264	0.9100801	5.105798
510	-2083.902	-2235.422	151.5203	0.1957231	0.0739847	0.818938	0.103157	0.00391992	0.8096461	6.295365
516	-2085.246	-2238.006	152.7597	0.2113657	0.020454	0.901397	0.0717752	0.00637372	0.9636539	5.540707
522	-2089.469	-2244.135	154.6664	0.2113657	0.126051	0.772791	0.0929079	0.00825034	1.126399	4.389553
528	-2097.693	-2249.864	152.1711	0.1978966	0.105397	0.767336	0.113206	0.0140609	0.8706895	5.908717
534	-2099.166	-2253.136	153.9695	1.627977	0.814708	0.0996873	0.0432895	0.0423154	1.048022	4.119135
540	-2100.421	-2253.637	153.2164	1.755934	0.940792	0.0201004	0.0165018	0.0226063	0.9421093	4.545728
546	-2091.79	-2245.981	154.191	1.754383	0.798683	0.114246	0.0178287	0.0692422	1.267501	3.807782
552	-2086.51	-2239.01	152.5001	1.323497	0.588282	0.332448	0.00911938	0.0701501	1.137199	5.042742
558	-2084.465	-2239.334	154.869	1.639059	0.528304	0.406207	0.0081896	0.0572994	1.184812	3.517461
564	-2078.623	-2231.543	152.9193	0.9838773	0.513387	0.423764	0.0071673	0.0556816	1.23295	4.937148
570	-2090.005	-2243.319	153.3144	1.347108	0.732527	0.127625	0.0963882	0.0434597	1.098592	4.598041
576	-2086.379	-2239.526	153.1465	1.697149	0.630379	0.232491	0.0882489	0.048881	1.116905	4.513432
582	-2079.608	-2232.203	152.5948	1.650443	0.73599	0.143625	0.063315	0.0570703	1.113948	4.845453
588	-2085.338	-2238.684	153.3458	1.054085	0.619237	0.294684	0.0561702	0.0299087	1.183659	4.687687
594	-2086.897	-2239.628	152.7317	1.435953	0.500121	0.35579	0.119933	0.0241555	1.187683	4.829874
600	-2084.379	-2238.329	153.9501	1.231149	0.569731	0.239117	0.145935	0.045217	1.048859	4.328054
606	-2085.741	-2241.643	155.9022	1.046219	0.822047	0.0478151	0.116657	0.0134815	1.176942	3.230601
612	-2080.682	-2234.42	153.7385	1.037117	0.656167	0.227231	0.0931167	0.0234853	1.089152	4.529816
618	-2100.846	-2254.082	153.2357	1.34785	0.635604	0.22011	0.0901987	0.0540866	1.2222	4.57247
624	-2093.545	-2246.085	152.5399	0.9249124	0.52324	0.365944	0.0732149	0.0376011	0.9849564	5.317812
630	-2097.104	-2249.533	152.4292	1.347527	0.530958	0.365843	0.0742947	0.0289049	1.022434	5.13362
636	-2106.713	-2261.055	154.3416	1.259745	0.756918	0.189453	0.0242185	0.0294096	1.240335	3.981513
642	-2105.894	-2257.395	151.501	0.9775885	0.581644	0.276814	0.133025	0.00851628	0.8831169	5.914693
648	-2099.066	-2250.427	151.3617	1.077988	0.610374	0.257805	0.12389	0.00793144	0.9228179	5.914693
654	-2095.44	-2246.754	151.3139	1.283169	0.609723	0.245744	0.0413243	0.103209	0.7909628	5.906468
660	-2107.259	-2260.597	153.3381	1.165805	0.575067	0.243104	0.135361	0.0464681	1.043286	4.709947
666	-2108.935	-2261.967	153.0315	1.495616	0.633356	0.27155	0.0762485	0.0188452	0.8878995	4.800846
672	-2099.725	-2252.262	152.5373	1.017133	0.357504	0.435636	0.192172	0.014688	0.8650513	5.334122
678	-2106.574	-2260.305	153.7308	1.116573	0.623248	0.273933	0.0935839	0.00923598	0.9546533	4.566038
684	-2081.571	-2237.814	156.243	1.329938	0.759985	0.145937	0.0844368	0.00964191	1.398018	2.731398
690	-2080.534	-2236.787	156.2528	1.414381	0.675655	0.266382	0.0491029	0.00886019	1.661582	2.515768
696	-2072.424	-2228.889	156.4656	1.291241	0.597524	0.375438	0.0192026	0.00783562	1.544233	2.52545
702	-2077.806	-2234.804	156.9978	1.353165	0.92868	0.0337298	0.0280847	0.0095055	1.726675	2.031028
708	-2084.152	-2241.492	157.3398	1.265788	0.704851	0.163658	0.106378	0.025113	1.578078	1.955145
714	-2071.702	-2227.106	155.4044	1.093904	0.683293	0.186528	0.123094	0.00708488	1.345054	3.397188
720	-2078.574	-2232.62	154.0463	1.311289	0.777795	0.160135	0.0518041	0.0102654	1.338156	4.067251
726	-2077.233	-2233.306	156.0731	0.9873164	0.611831	0.310477	0.0721765	0.00551602	1.50428	2.968478
732	-2076.212	-2233.149	156.9367	0.8547902	0.784389	0.190708	0.0215141	0.00338818	1.50428	2.522998
738	-2084.523	-2241.175	156.6516	1.057275	0.686498	0.205468	0.0666209	0.0414123	1.777574	2.401913
744	-2082.372	-2239.109	156.7365	1.284894	0.662641	0.198328	0.0848164	0.0542152	1.624184	2.30786
750	-2076.283	-2233.132	156.8497	1.306678	0.614823	0.303616	0.0571705	0.0243912	1.67977	2.186508
756	-2083.038	-2238.454	155.4157	1.027635	0.71665	0.148677	0.104544	0.0301292	1.553308	3.306451
762	-2088.228	-2241.02	152.7914	1.279572	0.666004	0.127931	0.173023	0.0330416	1.201639	4.867281
768	-2082.695	-2236.791	154.0952	1.501852	0.692926	0.176573	0.0961244	0.0343773	1.321553	3.952222
774	-2073.519	-2227.528	154.0088	1.075272	0.790729	0.137798	0.0523616	0.0191108	1.171854	4.309624
780	-2077.075	-2233.574	156.4991	0.9615803	0.718724	0.189711	0.0570079	0.0345578	1.418998	2.777862
786	-2071.234	-2228.053	156.8196	1.109179	0.732469	0.175204	0.0357096	0.0566172	1.43923	2.477154
792	-2074.707	-2232.207	157.5001	1.259708	0.729473	0.174488	0.0923047	0.00373426	1.592385	1.840456
798	-2066.89	-2223.777	156.8868	1.622153	0.787405	0.14446	0.0535251	0.0146093	1.609841	2.027597
804	-2083.049	-2240.442	157.393	1.319875	0.677907	0.26829	0.0515211	0.00228107	1.687181	1.810871
810	-2079.704	-2237.251	157.5469	1.458248	0.737752	0.110148	0.151279	0.000821725	1.642481	1.647244
816	-2087.04	-2244.427	157.3861	1.458248	0.73445	0.191743	0.072988	0.000818048	1.688082	1.72908
822	-2081.541	-2237.823	156.2821	1.361372	0.76218	0.17215	0.0655296	0.000140282	1.538585	2.603343
828	-2079.877	-2235.778	155.901	1.135473	0.701048	0.290928	0.0079984	2.52809e-05	1.345029	3.079745
834	-2083.687	-2238.617	154.9305	1.283128	0.701048	0.290928	0.0079984	2.50859e-05	1.173008	3.669105
840	-2081.839	-2236.861	155.0225	1.238272	0.645104	0.336443	0.0184241	2.90105e-05	1.188453	3.630906
846	-2089.485	-2244.219	154.7347	1.124099	0.601626	0.337157	0.0612033	1.39367e-05	1.193629	3.856505
852	-2097.909	-2248.947	151.0389	2.089601	0.877843	0.0609459	0.0611994	1.21597e-05	0.8722003	5.650206
858	-2077.167	-2228.348	151.1809	1.519618	0.681758	0.220437	0.0977852	1.99005e-05	1.034249	5.731209
864	-2085.104	-2237.037	151.9326	1.145971	0.565556	0.326487	0.107939	1.82446e-05	1.066944	5.486711
870	-2083.375	-2236.392	153.0171	0.9398553	0.568371	0.328112	0.103498	1.83354e-05	0.9881318	5.043544
876	-2084.441	-2237.232	152.7903	1.085147	0.632157	0.323706	0.0441167	2.07039e-05	1.070136	5.043544
882	-2088.932	-2243.85	154.9175	1.401204	0.607532	0.380155	0.0122881	2.52862e-05	1.390764	3.488065
888	-2092.204	-2247.727	155.5223	1.464498	0.606366	0.226576	0.167035	2.3652e-05	1.632747	2.953655
894	-2077.916	-2235.607	157.6914	0.9309996	0.583389	0.3317	0.0848825	2.86472e-05	1.809686	1.779098
900	-2074.387	-2232.454	158.0672	0.9133024	0.642471	0.267992	0.0894997	3.78068e-05	1.786811	1.53928
906	-2071.088	-2228.703	157.6148	1.332734	0.639278	0.227643	0.132214	0.000865015	1.784118	1.576325
912	-2072.799	-2230.595	157.7964	1.4135	0.683914	0.0885938	0.226567	0.000925412	1.725574	1.429891
918	-2075.392	-2233.293	157.9012	1.352981	0.753747	0.0915651	0.153656	0.0010323	1.567926	1.510814
924	-2069.984	-2227.907	157.9237	1.197334	0.798053	0.083663	0.116474	0.00181016	1.724792	1.483954
930	-2080.46	-2238.397	157.9375	1.197334	0.763088	0.095597	0.138721	0.00259398	1.708193	1.486063
936	-2079.845	-2236.586	156.7404	1.162326	0.794864	0.174713	0.0146939	0.0157291	1.444084	2.491699
942	-2087.645	-2244.087	156.4419	1.032231	0.529051	0.297213	0.115285	0.0584509	1.400862	2.780731
948	-2088.284	-2245.456	157.1721	1.140457	0.714085	0.173771	0.0674037	0.0447397	1.468956	2.215075
954	-2083.602	-2238.275	154.6725	1.101234	0.743524	0.0202928	0.171275	0.0649085	1.150647	3.929601
960	-2083.55	-2238.962	155.4121	1.44593	0.740636	0.251912	0.00290865	0.00454301	1.155202	3.313043
966	-2083.971	-2239.162	155.1909	1.346519	0.573881	0.410454	0.00598857	0.00967642	1.261343	3.432525
972	-2080.035	-2231.828	151.7931	1.001027	0.589125	0.273522	0.118247	0.0191058	1.300865	5.5128
978	-2082.897	-2234.602	151.7051	1.153997	0.638595	0.275006	0.0299068	0.0564916	1.242521	5.511039
984	-2099.618	-2253.581	153.9626	1.445972	0.702153	0.212044	0.0426052	0.0431979	1.241654	4.101298
990	-2090.092	-2245.945	155.8524	0.8665249	0.540672	0.389386	0.0258289	0.0441128	1.283543	3.304349
996	-2070.976	-2225.284	154.308	1.085012	0.689697	0.258435	0.0217371	0.0301303	1.342242	4.03747
1002	-2082.602	-2236.884	154.2828	1.738183	0.776908	0.073996	0.0798865	0.0692099	1.326203	3.7285
1008	-2081.079	-2235.587	154.5081	1.422592	0.820187	0.0332873	0.0843368	0.0621889	1.098628	3.882964
1014	-2101.246	-2257.042	155.7967	1.410966	0.867272	0.0504288	0.0220231	0.0602759	1.373838	2.972624
1020	-2102.515	-2258.041	155.5261	1.529944	0.700208	0.164473	0.125638	0.00968061	1.393342	3.061049
1026	-2097.994	-2253.175	155.181	1.133139	0.774264	0.190251	0.0145901	0.020895	1.292644	3.536144
1032	-2094.329	-2250.289	155.9596	1.819394	0.821233	0.108364	0.0482398	0.0221626	1.325113	2.696236
1038	-2099.291	-2255.955	156.6642	1.66573	0.725865	0.11917	0.128184	0.0267821	1.501071	2.220759
1044	-2085.89	-2242.134	156.2433	1.466634	0.715531	0.151605	0.105319	0.0275447	1.421953	2.641859
1050	-2082.105	-2238.862	156.7574	1.18409	0.778864	0.114282	0.0860906	0.0207636	1.448022	2.465666
1056	-2087.03	-2243.112	156.0826	1.384393	0.765709	0.0724607	0.11957	0.0422606	1.286855	2.866878
1062	-2087.852	-2244.062	156.2101	1.436596	0.777329	0.0479963	0.0843904	0.0902843	1.325798	2.737451
1068	-2098.182	-2253.977	155.7946	1.276185	0.798972	0.0214897	0.0867401	0.092798	1.463022	2.993509
1074	-2091.165	-2246.329	155.1644	1.42432	0.667017	0.0318985	0.247417	0.0536676	1.388497	3.332698
1080	-2079.241	-2231.926	152.6857	1.610792	0.785001	0.0886832	0.109959	0.0163567	1.265276	4.728553
1086	-2089.854	-2245.034	155.1792	2.190977	0.819641	0.050184	0.104733	0.0254415	1.319657	3.003643
1092	-2080.337	-2237.505	157.1684	1.054653	0.64535	0.221327	0.0975962	0.0357272	1.360535	2.340349
1098	-2097.638	-2254.668	157.0301	1.161037	0.530474	0.395215	0.0571274	0.0171833	1.506833	2.269361
1104	-2075.265	-2227.995	152.7302	1.365776	0.694985	0.149034	0.142281	0.0136996	1.175554	4.872208
1110	-2085.477	-2238.515	153.0377	1.109631	0.579845	0.211787	0.20219	0.00617827	1.107072	4.872208
1116	-2084.041	-2235.911	151.87	1.386086	0.770979	0.0482371	0.168836	0.0119478	0.8584992	5.513604
1122	-2080.686	-2232.768	152.0819	1.384521	0.705114	0.0564227	0.223625	0.0148374	0.944714	5.350166
1128	-2094.248	-2247.783	153.5348	1.385419	0.695613	0.256125	0.047883	0.000378615	1.011715	4.503737
1134	-2094.488	-2249.429	154.9417	1.400173	0.733891	0.152851	0.0690736	0.0441839	1.246318	3.558641
1140	-2095.484	-2248.978	153.4944	1.400173	0.616112	0.220022	0.130847	0.0330186	1.31754	4.34671
1146	-2094.673	-2246.988	152.3149	1.31906	0.617731	0.299102	0.0289951	0.0541715	1.133806	5.149515
1152	-2101.227	-2253.196	151.9691	1.095235	0.718558	0.233924	0.0462088	0.00130949	0.9903317	5.535672
1158	-2086.904	-2241.957	155.0535	1.264493	0.654632	0.259445	0.0843152	0.00160825	1.34672	3.506702
1164	-2094.26	-2248.066	153.8059	1.329877	0.724164	0.246495	0.0288361	0.000505084	1.127848	4.313531
1170	-2095.054	-2246.487	151.433	1.48783	0.779848	0.151192	0.0645411	0.00441935	0.7990084	5.737004
1176	-2087.598	-2238.981	151.383	1.61742	0.725126	0.126645	0.145409	0.00281952	0.8827385	5.658177
1182	-2087.127	-2238.674	151.5467	1.099562	0.70842	0.120399	0.169064	0.00211697	0.8906946	5.819598
1188	-2089.568	-2242.816	153.2477	1.219327	0.732352	0.124466	0.140993	0.00218849	1.009232	4.751225
1194	-2093.885	-2243.705	149.8201	1.273728	0.716037	0.216194	0.065556	0.00221288	0.8741195	6.677487
1200	-2091.609	-2245.718	154.1085	1.204436	0.592993	0.306191	0.0642968	0.0365196	1.098083	4.224671
1206	-2103.275	-2259.174	155.8985	1.10444	0.645406	0.0670392	0.247807	0.0397474	1.32635	3.110229
1212	-2095.926	-2252.309	156.3829	1.146518	0.612753	0.0721087	0.236803	0.0783352	1.314606	2.801326
1218	-2087.03	-2243.266	156.2362	1.079899	0.724167	0.076501	0.142495	0.0568368	1.371768	2.894727
1224	-2092.091	-2246.345	154.2538	1.298746	0.644116	0.16396	0.14137	0.0505539	1.291908	3.981695
1230	-2081.984	-2235.677	153.692	1.134686	0.651345	0.187058	0.142957	0.0186401	1.105923	4.492988
1236	-2073.663	-2228.069	154.4063	1.009944	0.684447	0.129788	0.1793	0.00646491	1.250605	4.075907
1242	-2077.388	-2232.109	154.7211	1.347247	0.656771	0.200272	0.12663	0.0163267	1.182018	3.751123
1248	-2079.214	-2233.467	154.2536	1.055826	0.633696	0.308644	0.0289351	0.0287244	1.136395	4.201837
1254	-2086.465	-2239.966	153.5012	1.044549	0.824765	0.123837	0.0376594	0.0137377	0.9773106	4.721468
1260	-2072.654	-2225.112	152.458	1.016553	0.724244	0.113656	0.149491	0.0126083	0.9547108	5.328715
1266	-2071.041	-2225.418	154.3773	1.510269	0.769658	0.106718	0.115232	0.00839218	1.214407	3.847753
1272	-2081.503	-2236.251	154.7479	1.248358	0.66338	0.122747	0.20664	0.00723334	1.320576	3.707943
1278	-2076.663	-2232.569	155.9051	1.147288	0.631692	0.226746	0.120006	0.0215569	1.434042	3.017261
1284	-2085.924	-2241.832	155.9082	1.200835	0.699701	0.236396	0.0337646	0.0301378	1.505658	2.941804
1290	-2082.254	-2236.975	154.7211	1.5931	0.830777	0.0889546	0.0776314	0.0026372	1.220725	3.604913
1296	-2083.675	-2237.82	154.1454	1.406816	0.702342	0.0804315	0.215377	0.00184966	1.180705	4.051502
1302	-2088.285	-2240.354	152.0691	1.99877	0.860867	0.0985856	0.0382801	0.00226715	1.042893	5.024848
1308	-2094.342	-2247.566	153.2235	1.749999	0.743334	0.207769	0.0390106	0.00988664	1.071823	4.471456
1314	-2105.666	-2256.4	150.7334	1.94098	0.701231	0.185999	0.102273	0.0104977	1.048364	5.782011
1320	-2093.915	-2248.186	154.2703	1.017233	0.570287	0.379597	0.0292368	0.0208787	1.144047	4.209731
1326	-2085.527	-2239.082	153.5544	1.226607	0.537369	0.406283	0.0353822	0.0209662	1.130498	4.507505
1332	-2082.578	-2237.549	154.9709	1.257711	0.813387	0.102439	0.0820567	0.00211732	1.319653	3.57422
1338	-2084.358	-2239.052	154.6943	1.235611	0.592414	0.2258	0.180873	0.000913091	1.333562	3.738272
1344	-2088.46	-2241.977	153.5177	1.23485	0.617831	0.192584	0.188633	0.000952266	1.061409	4.56265
1350	-2098.528	-2252.955	154.4265	1.265831	0.645911	0.311008	0.0386366	0.0044445	1.143308	3.985271
1356	-2095.427	-2250.205	154.7781	1.68801	0.785503	0.149127	0.0460204	0.01935	1.253482	3.506962
1362	-2090.437	-2245.14	154.7033	1.799615	0.808978	0.151929	0.0284092	0.0106838	1.238479	3.506962
1368	-2092.107	-2246.791	154.6833	1.824868	0.790548	0.0728885	0.111057	0.0255065	1.238479	3.506962
1374	-2086.878	-2241.337	154.4584	1.624162	0.740451	0.194003	0.0466243	0.0189219	1.319976	3.684555
1380	-2084.811	-2240.401	155.5896	1.235583	0.703146	0.20878	0.0677115	0.0203632	1.330551	3.217051
1386	-2074.387	-2229.294	154.907	1.235583	0.778356	0.158262	0.0513275	0.0120551	1.408046	3.571933
1392	-2082.685	-2238.822	156.1369	1.15075	0.76065	0.17775	0.0529021	0.00869766	1.282423	2.967118
1398	-2076.038	-2231.259	155.2212	1.259399	0.756258	0.121149	0.116367	0.00622589	1.390833	3.385578
1404	-2079.885	-2234.91	155.0249	1.667478	0.897914	0.0503138	0.0483279	0.003444	1.23104	3.385578
1410	-2079.451	-2233.521	154.07	1.367792	0.885176	0.0773977	0.033487	0.00393921	1.186988	4.110701
1416	-2082.052	-2235.74	153.688	1.560579	0.81301	0.135053	0.0379251	0.0140115	1.312103	4.161237
1422	-2089.297	-2243.003	153.7061	1.618982	0.76919	0.137885	0.0686781	0.0242462	1.244929	4.161237
1428	-2092.306	-2247.536	155.2307	1.548034	0.83492	0.0624005	0.0745469	0.0281323	1.316727	3.272801
1434	-2100.249	-2255.307	155.0576	1.95267	0.871135	0.0217316	0.0777804	0.0293525	1.273625	3.208339
1440	-2096.966	-2250.533	153.5668	1.40521	0.799244	0.120576	0.0713614	0.00881921	1.156567	4.394201
1446	-2088.035	-2241.996	153.9612	1.552406	0.856243	0.0511065	0.0867893	0.00586073	1.15028	4.101806
1452	-2078.592	-2233.824	155.2318	1.1182	0.710815	0.228979	0.0545184	0.00568846	1.309476	3.50516
1458	-2089.345	-2243.721	154.375	1.1182	0.762864	0.178685	0.0425439	0.0159065	1.283695	4.014211
1464	-2102.94	-2256.823	153.8825	1.35472	0.697171	0.178731	0.0100385	0.11406	1.000536	4.329474
1470	-2097.372	-2251.85	154.4782	1.458714	0.594625	0.35148	0.0197411	0.0341547	1.218433	3.813086
1476	-2101.853	-2257.534	155.6816	0.8852517	0.563001	0.332787	0.0718743	0.0323382	1.225245	3.427514
1482	-2100.508	-2252.815	152.3075	1.315899	0.586775	0.34684	0.0508126	0.0155722	1.333979	5.044245
1488	-2091.719	-2245.642	153.9224	1.40574	0.705786	0.214839	0.0530568	0.0263179	1.227286	4.15249
1494	-2096.166	-2248.936	152.7702	0.9969808	0.556875	0.297801	0.113377	0.0319479	1.077639	5.098885
1500	-2091.851	-2247.841	155.9899	1.434457	0.631344	0.33036	0.0205847	0.0177114	1.344834	2.861041
1506	-2092.389	-2248.559	156.1707	1.155637	0.631189	0.330278	0.0208252	0.0177071	1.419753	2.861041
1512	-2091.691	-2246.783	155.0919	1.332414	0.68525	0.291545	0.0198946	0.00331013	1.370135	3.434229
1518	-2086.509	-2242.01	155.5018	1.148594	0.659581	0.31683	0.020784	0.00280552	1.498631	3.218256
1524	-2101.522	-2257.322	155.7999	1.101922	0.665231	0.319544	0.00912101	0.00610437	1.267976	3.204953
1530	-2100.154	-2256.277	156.1234	1.212354	0.656371	0.172642	0.128754	0.0422325	1.544755	2.781143
1536	-2090.913	-2247.663	156.7503	1.212105	0.62238	0.200328	0.139413	0.0378785	1.358578	2.509501
1542	-2094.234	-2250.982	156.7482	1.43276	0.774533	0.0545283	0.166789	0.0041501	1.72262	2.151157
1548	-2086.959	-2243.601	156.6418	1.396031	0.790484	0.0152881	0.191469	0.00275923	1.640799	2.293541
1554	-2087.238	-2242.041	154.8028	0.9214012	0.768665	0.162521	0.0561586	0.0126554	1.298383	3.872922
1560	-2089.921	-2245.095	155.1741	0.8578386	0.694608	0.240198	0.0598745	0.00531909	1.291527	3.700645
1566	-2092.109	-2247.092	154.9835	1.163619	0.656153	0.295409	0.0433427	0.00509513	1.17745	3.700645
1572	-2091.733	-2246.499	154.7656	1.536869	0.665057	0.262354	0.0653469	0.0072416	1.499933	3.443997
1578	-2075.869	-2230.848	154.9795	1.045832	0.637116	0.315979	0.0365936	0.0103114	1.289968	3.703987
1584	-2084.396	-2240.138	155.7417	1.132008	0.754399	0.167694	0.0607804	0.0171268	1.487499	3.091757
1590	-2078.747	-2235.574	156.827	1.189333	0.704685	0.157556	0.120505	0.0172546	1.608593	2.316986
1596	-2081.294	-2235.003	153.7089	1.402602	0.731026	0.168632	0.0820013	0.0183402	1.309405	4.228676
1602	-2078.643	-2232.457	153.8146	0.8440508	0.681549	0.188698	0.122436	0.00731693	1.554492	4.33519
1608	-2068.467	-2223.691	155.2238	1.054547	0.718761	0.133667	0.132975	0.0145975	1.326994	3.535764
1614	-2086.955	-2239.522	152.5671	1.090515	0.662076	0.145621	0.18489	0.00741224	1.044647	5.178462
1620	-2081.72	-2240.13	158.4099	0.1665184	0.0707635	0.841982	0.0256248	0.0616296	1.647345	1.780939
1626	-2081.989	-2240.497	158.5077	0.2396691	0.111187	0.755274	0.0782562	0.055283	1.610346	1.780939
1632	-2088.227	-2246.206	157.9793	0.1824308	0.476567	0.449526	0.0324934	0.0414132	1.452024	2.21514
1638	-2082.539	-2240.438	157.9	0.2132182	0.35401	0.595126	0.0281242	0.0227399	1.558841	2.21514
1644	-2077.894	-2231.861	153.9675	1.009538	0.681735	0.17289	0.144688	0.000687494	0.9532365	4.492915
1650	-2104.628	-2262.618	157.9896	0.1650609	0.2518	0.709653	0.0145992	0.0239478	1.539258	2.134318
1656	-2093.911	-2251.692	157.7809	0.1694948	0.440937	0.507633	0.0475303	0.00389911	1.539258	2.274363
1662	-2092.733	-2249.461	156.728	0.7937351	0.472352	0.449345	0.0779133	0.000389438	1.367637	2.77515
1668	-2083.261	-2238.235	154.9737	0.9857355	0.568647	0.332279	0.0967144	0.00235896	1.083702	3.860665
1674	-2086.681	-2241.862	155.1809	1.084793	0.570171	0.359995	0.069402	0.000432015	1.165161	3.637484
1680	-2079.505	-2233.715	154.2099	1.028771	0.588138	0.406227	0.00513442	0.000500775	1.210865	4.199585
1686	-2084.381	-2238.118	153.7373	1.028771	0.590804	0.404036	0.0046235	0.000535817	1.093503	4.532702
1692	-2086.367	-2239.985	153.6186	1.125127	0.553584	0.435111	0.00981661	0.00148849	1.117917	4.532702
1698	-2088.524	-2244.058	155.534	1.232831	0.642285	0.315975	0.040013	0.001727	1.154399	3.355254
1704	-2081.877	-2236.994	155.1167	0.9003204	0.538657	0.421733	0.0380479	0.00156207	1.187075	3.768786
1710	-2082.035	-2232.052	150.0177	1.101416	0.583964	0.258526	0.154849	0.00266057	0.7766617	6.71151
1716	-2087.134	-2237.135	150.0011	1.101416	0.598902	0.265139	0.12729	0.00866934	0.8108367	6.702028
1722	-2082.115	-2232.912	150.7971	1.237024	0.700987	0.0900298	0.192357	0.0166265	0.9280487	6.136791
1728	-2068.337	-2221.034	152.6973	1.518165	0.700987	0.0900298	0.192357	0.0166265	1.08546	4.866262
1734	-2072.255	-2224.596	152.3409	1.482443	0.725607	0.107557	0.144731	0.0221056	1.134447	5.054307
1740	-2077.237	-2231.126	153.8885	1.2069	0.729413	0.131411	0.120735	0.0184407	1.227243	4.274867
1746	-2083.087	-2236.134	153.047	1.22787	0.502261	0.313009	0.119657	0.0650725	0.8967062	4.921448
1752	-2090.738	-2241.856	151.1175	1.857849	0.548184	0.382076	0.026386	0.0433533	0.9610601	5.654499
1758	-2089.624	-2240.883	151.2594	1.142924	0.652485	0.293956	0.0406729	0.0128859	0.933477	5.93037
1764	-2081.454	-2233.598	152.1432	1.205931	0.618653	0.256165	0.112739	0.0124429	1.00074	5.375813
1770	-2086.427	-2238.197	151.7701	1.189478	0.68641	0.178422	0.122927	0.0122408	0.999199	5.590462
1776	-2081.843	-2232.66	150.817	1.0145	0.488035	0.221319	0.266022	0.0246239	0.9936413	6.207083
1782	-2096.023	-2248.893	152.8701	1.114948	0.536458	0.144894	0.292417	0.0262309	1.126449	4.951844
1788	-2090.91	-2244.001	153.0911	1.192841	0.668155	0.155964	0.160584	0.0152974	1.201655	4.745195
1794	-2084.688	-2236.014	151.3262	1.390429	0.730463	0.14993	0.114155	0.0054524	1.282483	5.577326
1800	-2073.983	-2225.271	151.2877	1.561167	0.70514	0.207598	0.0542581	0.0330037	0.8348124	5.76254
1806	-2082.358	-2235.558	153.2001	1.267222	0.69867	0.205694	0.0626678	0.0329685	1.16346	4.666653
1812	-2091.781	-2245.041	153.26	1.117928	0.586393	0.344124	0.0205067	0.0489768	0.9237647	4.845964
1818	-2092.95	-2247.686	154.7351	1.545478	0.817919	0.133096	0.0300419	0.0189427	1.100927	3.689515
1824	-2088.901	-2241.737	152.836	1.095724	0.62818	0.219554	0.127055	0.0252106	0.9694981	5.068337
1830	-2090.086	-2241.349	151.2629	1.170208	0.449251	0.407392	0.118044	0.0253124	0.9046518	5.929941
1836	-2096.173	-2252.075	155.9014	1.319938	0.629897	0.216395	0.133234	0.0204739	1.498856	2.883391
1842	-2093.851	-2247.159	153.3081	1.318195	0.665927	0.208721	0.00843329	0.116919	0.9805969	4.68237
1848	-2090.02	-2241.289	151.269	1.140039	0.622115	0.356084	0.00787847	0.0139221	0.9794017	5.901532
1854	-2096.92	-2249.851	152.931	1.694802	0.701567	0.218648	0.066506	0.0132798	0.9530975	4.727202
1860	-2083.684	-2235.132	151.4475	1.551302	0.707627	0.220536	0.0670805	0.00475666	0.9797913	5.600064
1866	-2081.123	-2232.88	151.7566	1.166585	0.581809	0.393844	0.0202477	0.00409999	1.000489	5.609065
1872	-2081.828	-2232.715	150.8874	1.075725	0.552758	0.379008	0.0657626	0.00247205	0.9210084	6.175399
1878	-2084.791	-2235.573	150.7821	1.335193	0.716553	0.269706	0.00779507	0.00594603	1.012235	6.049984
1884	-2075.748	-2228.556	152.8079	1.745794	0.716553	0.269706	0.00779507	0.00594603	1.337736	4.557523
1890	-2076.665	-2228.12	151.4553	1.154988	0.785768	0.189554	0.00854804	0.0161296	1.06687	5.743974
1896	-2081.685	-2233.847	152.1617	1.533751	0.782197	0.196961	0.00936108	0.0114809	1.268847	5.054684
1902	-2080.55	-2235.349	154.7987	1.695091	0.749938	0.188838	0.00897502	0.052249	1.35565	3.431816
1908	-2076.713	-2230.496	153.7829	1.366105	0.694033	0.266633	0.013027	0.0263074	1.239739	4.244691
1914	-2080.631	-2235.049	154.4178	1.135389	0.748624	0.109939	0.121794	0.0196436	1.186681	4.035737
1920	-2078.051	-2231.793	153.7417	1.792923	0.78403	0.145219	0.0340995	0.0366521	1.283198	4.038611
1926	-2081.38	-2235.217	153.8371	1.2121	0.794719	0.147199	0.0325502	0.025532	1.475851	4.160199
1932	-2079.152	-2232.483	153.3305	0.8963698	0.672626	0.295504	0.0230402	0.00882943	1.103221	4.829888
1938	-2069.847	-2223.443	153.5967	1.499609	0.843008	0.112025	0.0427508	0.00221648	1.187175	4.313367
1944	-2063.823	-2218.523	154.6993	1.499609	0.757086	0.0562932	0.178211	0.00840947	1.302532	3.616264
1950	-2068.262	-2222.882	154.6195	1.784461	0.843748	0.051794	0.101946	0.00251257	1.302532	3.525449
1956	-2070.884	-2225.857	154.9725	1.340535	0.795238	0.06551	0.133829	0.00542271	1.325974	3.525449
1962	-2072.025	-2228.072	156.0469	1.151744	0.807157	0.0815195	0.103744	0.00757955	1.340932	2.985511
1968	-2076.777	-2233.928	157.1513	1.498392	0.766109	0.122111	0.10417	0.0076107	1.729232	1.839417
1974	-2074.391	-2230.152	155.7611	1.41419	0.891669	0.0571686	0.042304	0.00885804	1.25643	3.062601
1980	-2083.723	-2238.616	154.8929	1.27551	0.795056	0.0645195	0.0764368	0.0639873	1.109923	3.731365
1986	-2094.033	-2247.887	153.8541	1.873591	0.720157	0.153554	0.0692359	0.0570537	1.247171	3.958801
1992	-2084.072	-2234.709	150.6373	1.414667	0.794792	0.0951868	0.109394	0.000626847	1.253571	5.958534
1998	-2076.878	-2230.654	153.7768	1.163767	0.720985	0.143708	0.131411	0.00389557	1.179848	4.387857
2004	-2077.648	-2231.225	153.5768	1.063292	0.56879	0.32514	0.105648	0.000422251	1.219237	4.533086
2010	-2075.075	-2228.923	153.8481	1.086514	0.556398	0.345063	0.096707	0.00183167	1.255249	4.347109
2016	-2078.234	-2230.394	152.1602	1.311841	0.761109	0.104099	0.132287	0.00250558	1.231764	5.184611
2022	-2071.812	-2223.237	151.4258	1.348179	0.716152	0.0979497	0.18354	0.00235758	1.002836	5.696873
2028	-2104.537	-2255.499	150.9617	1.097229	0.616649	0.0984473	0.281766	0.00313849	0.9261306	6.120739
2034	-2108.621	-2260.776	152.1549	0.9359199	0.454736	0.286071	0.241246	0.0179468	0.8763292	5.583408
2040	-2094.982	-2249.615	154.633	1.235447	0.74669	0.0764596	0.164605	0.0122454	1.180823	3.861614
2046	-2080.363	-2235.347	154.984	1.212418	0.69603	0.128242	0.162918	0.0128102	1.256454	3.627849
2052	-2078.651	-2233.724	155.0731	1.386093	0.646324	0.0851015	0.233528	0.0350456	1.166768	3.535781
2058	-2090.699	-2246.465	155.7658	1.195668	0.581371	0.270328	0.112859	0.0354412	1.381174	3.104591
2064	-2095.089	-2249.174	154.0859	1.448531	0.882663	0.039949	0.0746184	0.00276913	1.203721	4.051348
2070	-2080.952	-2237.957	157.0044	1.318864	0.762863	0.0522643	0.172587	0.0122864	1.547372	2.164778
2076	-2085.232	-2242.202	156.9704	1.195016	0.839627	0.0647199	0.0804388	0.0152145	1.515234	2.281594
2082	-2075.505	-2225.157	149.6523	1.171785	0.71916	0.144641	0.116507	0.0196923	0.8881633	6.812095
2088	-2068.279	-2220.74	152.4608	1.96609	0.765763	0.0582228	0.150566	0.0254489	1.060417	4.810782
2094	-2065.704	-2220.489	154.7849	1.800029	0.844946	0.027015	0.109918	0.0181207	1.245336	3.455108
2100	-2071.885	-2228.185	156.2999	0.9961006	0.782645	0.163556	0.0492614	0.00453685	1.256197	2.975966
2106	-2079.544	-2234.504	154.9595	0.9826626	0.760199	0.184991	0.0431164	0.0116936	1.118945	3.85033
2112	-2086.361	-2240.704	154.3434	0.9826626	0.49768	0.456448	0.036288	0.0095849	1.181861	4.166363
2118	-2077.005	-2231.204	154.1995	1.131941	0.682072	0.271119	0.0370366	0.00977229	1.20737	4.150173
2124	-2079.674	-2234.333	154.6594	1.117894	0.596641	0.338201	0.0375974	0.0275612	1.259673	3.865281
2130	-2075.94	-2229.072	153.1321	1.532676	0.804063	0.109651	0.0393853	0.0469005	1.042528	4.640323
2136	-2075.471	-2228.347	152.8759	1.694898	0.838595	0.0873478	0.0410768	0.0329801	1.001621	4.730817
2142	-2081.574	-2235.586	154.0117	1.776651	0.784001	0.109865	0.0753006	0.0308331	1.273504	3.897095
2148	-2095.627	-2250.633	155.0059	1.527491	0.84132	0.0177524	0.0885289	0.0523989	1.299603	3.425293
2154	-2094.829	-2249.575	154.7465	1.318204	0.84951	0.00354157	0.120678	0.0262708	1.305302	3.680411
2160	-2087.453	-2241.451	153.9984	1.386833	0.898426	0.00374551	0.093535	0.00429315	1.260756	4.099779
2166	-2077.132	-2231.165	154.0335	1.437436	0.929431	0.00379273	0.0623348	0.0044413	1.184153	4.097926
2172	-2084.267	-2234.639	150.3723	2.055669	0.69501	0.0210898	0.179633	0.104268	0.8558844	6.037308
2178	-2080.028	-2231.883	151.8553	1.640173	0.649649	0.0983972	0.155326	0.0966279	0.9223875	5.366246
2184	-2079.807	-2231.322	151.5154	1.945278	0.731728	0.102892	0.0410577	0.124323	1.020039	5.366246
2190	-2077.465	-2226.507	149.0417	2.082363	0.764352	0.0337413	0.0577781	0.144129	1.027846	6.655522
2196	-2090.125	-2240.674	150.5492	1.346695	0.769213	0.0217924	0.0466944	0.1623	0.7082373	6.336324
2202	-2087.117	-2241.821	154.705	1.924905	0.736821	0.0641668	0.0856053	0.113407	1.260081	3.436339
2208	-2081.161	-2233.924	152.7631	1.121813	0.794536	0.0965277	0.09692	0.0120163	1.19844	4.967589
2214	-2090.961	-2244.909	153.9482	1.761999	0.636196	0.0330242	0.203054	0.127725	1.160126	4.005042
2220	-2088.563	-2245.655	157.0928	1.117051	0.650354	0.305994	0.0364585	0.00719297	1.738461	2.105992
2226	-2090.895	-2248.852	157.9569	1.031448	0.434132	0.505438	0.0340869	0.0263428	1.723274	1.579612
2232	-2096.092	-2254.408	158.3167	1.081041	0.626459	0.28634	0.0491879	0.038013	1.966311	1.049265
2238	-2103.534	-2261.625	158.0908	1.00317	0.625644	0.321115	0.0396009	0.0136404	2.027294	1.262837
2244	-2076.209	-2231.031	154.8221	1.296851	0.694704	0.185965	0.115869	0.00346208	1.335314	3.630535
2250	-2078.687	-2235.074	156.3865	1.296851	0.793672	0.0699962	0.132376	0.00395529	1.429572	2.642406
2256	-2081.559	-2236.187	154.6283	1.348944	0.840123	0.0135521	0.140124	0.0062009	1.272005	3.751884
2262	-2094.906	-2251.679	156.7731	1.348944	0.79116	0.0105354	0.115739	0.0825653	1.330654	2.43371
2268	-2084.648	-2239.925	155.2779	1.424428	0.799479	0.0369389	0.0893285	0.0742539	1.493375	3.203761
2274	-2084.046	-2242.173	158.1267	0.9826499	0.706959	0.188126	0.0948422	0.0100725	1.861731	1.383592
2280	-2080.76	-2239.053	158.2928	0.8568463	0.707032	0.188146	0.094852	0.00997	1.861715	1.354006
2286	-2082.321	-2239.786	157.4647	0.9669991	0.506507	0.422751	0.0479233	0.0228181	1.710583	1.976365
2292	-2096.937	-2254.516	157.579	0.7069317	0.490565	0.24721	0.223103	0.039122	1.405029	2.278081
2298	-2093.703	-2250.642	156.9386	0.7784075	0.301689	0.649454	0.0294223	0.0194341	1.534567	2.552659
2304	-2094.286	-2251.026	156.7394	0.9922565	0.664675	0.279968	0.0333369	0.0220198	1.513747	2.552659
2310	-2088.284	-2246.289	158.0052	1.313387	0.624323	0.25258	0.12204	0.00105669	2.15855	0.9489146
2316	-2083.863	-2242.059	158.1955	1.222313	0.635239	0.228651	0.135259	0.000850849	2.052505	0.9489146
2322	-2081.759	-2240.154	158.3948	0.9386183	0.621677	0.237153	0.140288	0.000882487	1.914328	1.155364
2328	-2076.325	-2234.453	158.1285	1.088192	0.579894	0.269255	0.150034	0.000817632	2.023373	1.162653
2334	-2084.88	-2242.94	158.0602	1.101912	0.567381	0.281054	0.151088	0.000476574	1.904337	1.308873
2340	-2074.889	-2231.174	156.2853	1.46178	0.764727	0.190687	0.0427463	0.00183925	1.349709	2.66309
2346	-2086.754	-2241.719	154.9647	1.556314	0.568204	0.356758	0.0686294	0.0064089	1.199409	3.493587
2352	-2088.163	-2240.28	152.1166	1.482565	0.677353	0.206628	0.104311	0.0117077	1.223642	5.129146
2358	-2084.439	-2240.044	155.6043	1.42583	0.800132	0.0593811	0.130379	0.0101088	1.288124	3.131088
2364	-2081.92	-2236.886	154.9658	1.505539	0.780914	0.071846	0.137054	0.0101858	1.214792	3.509302
2370	-2086.086	-2236.839	150.7528	1.315454	0.623803	0.300142	0.0739621	0.00209325	1.147191	6.002142
2376	-2085.339	-2237.189	151.8497	1.066911	0.676194	0.287604	0.0341956	0.0020058	1.020943	5.59965
2382	-2078.927	-2233.023	154.0963	0.964446	0.619873	0.263649	0.11536	0.00111831	1.204026	4.304297
2388	-2087.529	-2243.472	155.9432	1.565959	0.851896	0.106813	0.0405668	0.000724281	1.413929	2.778461
2394	-2083.239	-2239.293	156.0541	1.171141	0.827023	0.103694	0.0685803	0.000703134	1.578586	2.826436
2400	-2075.592	-2229.969	154.3769	1.254945	0.782982	0.136396	0.0800829	0.000538691	1.41286	3.864976
2406	-2073.245	-2227.974	154.7297	1.589195	0.666723	0.165298	0.167658	0.000321344	1.162788	3.635431
2412	-2075.53	-2231.401	155.8709	1.151408	0.70258	0.256711	0.0403006	0.000407891	1.390803	3.061232
2418	-2077.346	-2230.833	153.4877	1.151408	0.6085	0.333276	0.0579548	0.000269462	1.104786	4.599425
2424	-2063.564	-2215.969	152.4052	1.151408	0.627284	0.316005	0.0549515	0.00175946	1.081809	5.21493
2430	-2067.412	-2219.301	151.8885	1.151408	0.675989	0.293564	0.0284582	0.00198841	0.9447346	5.575242
2436	-2070.078	-2221.852	151.7741	1.030847	0.667467	0.289863	0.0407063	0.00196334	1.141013	5.594808
2442	-2069.724	-2223.473	153.749	1.030847	0.627955	0.319589	0.0448808	0.00757533	1.301966	4.407606
2448	-2074.982	-2229.84	154.8583	1.006089	0.696271	0.244231	0.0497634	0.00973463	1.240134	3.825371
2454	-2068.235	-2218.467	150.2325	1.446486	0.628189	0.322531	0.00915269	0.040127	1.130202	6.230938
2460	-2079.397	-2234.489	155.0919	0.1381607	0.497114	0.191267	0.0117489	0.29987	1.250488	4.010006
2466	-2081.463	-2237.073	155.6097	0.1703008	0.327065	0.215279	0.00148645	0.45617	1.172332	3.800873
2472	-2079.605	-2231.723	152.1176	1.068177	0.62653	0.310537	0.0323853	0.0305481	1.149154	5.381095
2478	-2077.671	-2232.451	154.7803	1.432833	0.639794	0.290659	0.035789	0.0337587	1.332877	3.585385
2484	-2089.255	-2242.789	153.5347	1.356613	0.666227	0.282152	0.0265639	0.025057	1.275008	4.369933
2490	-2079.003	-2232.791	153.7885	1.293112	0.623439	0.262788	0.0421079	0.0716654	1.088525	4.364523
2496	-2079.707	-2235.874	156.1671	0.8491654	0.473	0.464068	0.0240353	0.0388966	1.418828	3.047968
2502	-2086.589	-2243.238	156.6489	0.7725592	0.554782	0.394617	0.0193257	0.031275	1.143216	2.972343
2508	-2089.181	-2245.452	156.2714	0.9658964	0.736145	0.189969	0.0323873	0.041499	1.321084	2.972343
2514	-2079.456	-2235.423	155.9669	1.352397	0.724561	0.169631	0.0712878	0.0345202	1.204138	3.003755
2520	-2094.233	-2245.293	151.0595	1.812585	0.69838	0.120793	0.121831	0.0589953	1.038317	5.663466
2526	-2087.567	-2238.216	150.6489	1.355248	0.624236	0.266115	0.0332406	0.0764087	0.881344	6.183897
2532	-2089.342	-2241.186	151.8437	1.190492	0.653228	0.186541	0.106671	0.0535609	0.8617949	5.624967
2538	-2078.396	-2230.514	152.1171	1.190492	0.696016	0.183209	0.104766	0.0160091	1.13788	5.322574
2544	-2079.818	-2231.21	151.3921	1.190492	0.733038	0.0858501	0.170592	0.0105198	1.048257	5.770278
2550	-2082.274	-2233.672	151.3977	1.325731	0.689524	0.193531	0.103206	0.013739	1.032055	5.707405
2556	-2073.582	-2224.454	150.8719	1.056311	0.632261	0.259492	0.0955296	0.012717	0.9802227	6.161984
2562	-2068.817	-2221.63	152.8129	1.102146	0.608879	0.27429	0.103145	0.0136861	1.14113	4.982377
2568	-2074.341	-2229.513	155.172	1.23421	0.593744	0.266816	0.126127	0.0133132	1.121591	3.585148
2574	-2076.654	-2232.017	155.3622	1.23421	0.602054	0.223302	0.169245	0.00539967	1.300185	3.369797
2580	-2072.696	-2226.563	153.8672	1.301076	0.680386	0.0783346	0.23382	0.00745992	1.277977	4.208608
2586	-2067.851	-2221.541	153.6903	1.301076	0.747497	0.123236	0.122092	0.00717486	1.255903	4.321298
2592	-2074.204	-2227.731	153.527	1.239396	0.709665	0.18587	0.101298	0.00316768	1.151922	4.50418
2598	-2083.366	-2237.003	153.6378	0.9272126	0.644985	0.16893	0.18363	0.00245461	1.040517	4.675542
2604	-2081.642	-2237.627	155.9856	0.9484356	0.726389	0.174391	0.095885	0.00333481	1.223057	3.211843
2610	-2082.053	-2235.866	153.8121	1.165792	0.682867	0.20797	0.105494	0.00366899	0.9926101	4.472437
2616	-2068.639	-2222.397	153.7578	1.297536	0.693003	0.223439	0.0760941	0.00746394	1.169928	4.333594
2622	-2069.32	-2223.451	154.1308	1.252479	0.710785	0.222144	0.0543223	0.0127486	1.243719	4.103721
2628	-2068.041	-2225.127	157.0858	1.187971	0.694434	0.195607	0.0835939	0.0263649	1.569205	2.176658
2634	-2065.007	-2221.251	156.2441	1.315358	0.711639	0.175453	0.0855414	0.0273664	1.568503	2.634094
2640	-2079.696	-2236.242	156.5457	1.777107	0.782579	0.0158239	0.181719	0.019878	1.422392	2.289527
2646	-2069.306	-2225.121	155.8146	1.594407	0.774699	0.0179923	0.20662	0.00068857	1.463602	2.811959
2652	-2072.383	-2228.708	156.325	1.1628	0.743838	0.0568611	0.198389	0.000911998	1.339501	2.811959
2658	-2078.453	-2233.633	155.1807	1.573388	0.742467	0.0585982	0.198024	0.000910318	1.339501	3.276202
2664	-2080.762	-2233.788	153.0259	1.048613	0.743641	0.206955	0.047338	0.00206639	1.208273	4.855606
2670	-2078.093	-2231.134	153.041	1.112074	0.487265	0.466066	0.0420101	0.00465895	1.213064	4.809925
2676	-2066.957	-2221.216	154.2585	0.9771035	0.599453	0.335782	0.0635613	0.00120294	1.044983	4.2953
2682	-2080.441	-2234.021	153.5794	1.291255	0.784634	0.158682	0.0551366	0.00154741	1.258047	4.387832
2688	-2078.969	-2232.612	153.6425	1.314867	0.666785	0.235686	0.0962144	0.00131499	0.9975073	4.486905
2694	-2072.037	-2226.174	154.1375	0.9959818	0.632176	0.255512	0.111436	0.000876357	1.164056	4.285677
2700	-2071.301	-2225.806	154.505	1.007661	0.699758	0.208776	0.0910529	0.000413059	1.236211	4.029147
2706	-2075.054	-2229.318	154.2639	1.359378	0.722299	0.114147	0.162534	0.00101937	1.146304	4.027711
2712	-2073.221	-2228.148	154.9264	1.460082	0.790671	0.00840872	0.198658	0.00226232	1.318312	3.49487
2718	-2081.458	-2235.666	154.208	1.275194	0.748406	0.0263868	0.200791	0.0244159	1.167889	4.090973
2724	-2080.446	-2234.298	153.8514	1.382166	0.857851	0.0161299	0.122741	0.00327809	1.115602	4.268058
2730	-2086.497	-2240.946	154.4497	0.1805725	0.229458	0.766348	0.00160073	0.00259293	1.245707	4.428203
2736	-2081.028	-2235.828	154.8002	0.1949299	0.324813	0.664261	0.00665918	0.00426633	1.15774	4.289138
2742	-2081.964	-2238.043	156.0792	0.1882863	0.105994	0.878062	0.00978383	0.0061598	1.36825	3.429034
2748	-2073.454	-2229.505	156.0516	0.187398	0.0225655	0.905593	0.00722952	0.0646123	1.230105	3.52526
2754	-2088.714	-2244.984	156.2696	0.1731583	0.364643	0.522412	0.0374058	0.0755391	1.494806	3.230729
2760	-2088.082	-2245.878	157.7955	0.1518278	0.361413	0.517785	0.0370745	0.083728	1.42868	2.312814
2766	-2077.975	-2234.486	156.5108	0.1647652	0.337786	0.538788	0.035203	0.088223	1.253531	3.222295
2772	-2080.773	-2235.819	155.0459	0.1615795	0.216821	0.72306	0.0225964	0.0375229	1.134181	4.13617
2778	-2082.307	-2233.668	151.3614	0.2159205	0.306696	0.561007	0.0319629	0.100334	0.8959209	6.342568
2784	-2093.603	-2249.005	155.4021	1.933151	0.669768	0.186303	0.14027	0.00365834	1.270956	3.013536
2790	-2083.4	-2238.289	154.8882	1.254035	0.679812	0.172276	0.111864	0.0360476	1.158153	3.717706
2796	-2085.905	-2239.867	153.962	1.470692	0.701969	0.127058	0.144386	0.0265861	1.040334	4.203787
2802	-2088.025	-2241.097	153.072	1.38078	0.725326	0.174466	0.098564	0.00164418	1.068379	4.733791
2808	-2101.326	-2253.514	152.1879	1.062076	0.717148	0.138912	0.141302	0.0026385	0.9171143	5.473478
2814	-2083.198	-2234.787	151.5887	1.408856	0.734626	0.174246	0.0890191	0.00210886	1.019211	5.568719
2820	-2087.355	-2241.527	154.1721	1.291088	0.729504	0.136982	0.128727	0.00478694	1.079339	4.153448
2826	-2088.758	-2242.889	154.1307	1.248321	0.855512	0.123664	0.0133787	0.00744564	1.160331	4.153448
2832	-2087.701	-2240.849	153.1481	1.457233	0.832851	0.140538	0.0177275	0.00888305	1.066352	4.654545
2838	-2086.06	-2241.197	155.1373	1.380212	0.679768	0.114707	0.198275	0.00725029	1.389913	3.370813
2844	-2081.775	-2237.811	156.0363	1.056605	0.679561	0.100898	0.198214	0.0213271	1.266131	3.091906
2850	-2075.306	-2230.591	155.2852	1.270688	0.876989	0.0969523	0.0248584	0.00120002	1.359935	3.360012
2856	-2080.769	-2236.899	156.13	1.515404	0.731197	0.236062	0.0296839	0.0030568	1.452324	2.666976
2862	-2088.986	-2243.223	154.2365	1.558158	0.825672	0.113269	0.0371638	0.0238959	1.096867	3.972382
2868	-2097.393	-2250.458	153.0644	1.426622	0.771789	0.160996	0.0276805	0.0395349	1.116533	4.688356
2874	-2084.108	-2239.279	155.1706	1.142095	0.792238	0.132687	0.0344931	0.0405824	1.205544	3.587832
2880	-2077.348	-2230.826	153.4772	1.876752	0.852644	0.0898423	0.0165315	0.0409818	1.11268	4.248588
2886	-2090.546	-2244.664	154.1179	1.616781	0.780851	0.0486495	0.132968	0.0375311	1.312158	3.888768
2892	-2099.864	-2256.279	156.4156	1.176184	0.665968	0.105572	0.173754	0.0547058	1.454193	2.678612
2898	-2095.51	-2251.591	156.0806	1.851577	0.792094	0.158024	0.0236815	0.0262001	1.48709	2.505394
2904	-2081.782	-2237.151	155.369	1.62705	0.842224	0.137956	0.00726775	0.0125521	1.360868	3.125335
2910	-2092.919	-2244.831	151.9118	1.419163	0.725855	0.214421	0.0253917	0.0343331	1.023986	5.383322
2916	-2105.387	-2259.19	153.8024	1.669841	0.85609	0.075396	0.0208598	0.0476538	1.047532	4.194757
2922	-2097.713	-2251.673	153.9602	1.710384	0.82058	0.147893	0.0155267	0.0159997	1.111105	4.049941
2928	-2096.676	-2250.219	153.5428	1.719707	0.818922	0.154336	0.0100456	0.0166967	1.134257	4.269719
2934	-2082.937	-2236.768	153.8307	1.357735	0.844932	0.132167	0.00860264	0.0142983	1.02233	4.344901
2940	-2090.839	-2243.902	153.0633	1.588419	0.824008	0.0782235	0.095011	0.00275711	1.421185	4.439685
2946	-2081.007	-2233.329	152.3219	1.38286	0.737544	0.158816	0.0640921	0.0395479	0.9324542	5.225262
2952	-2080.762	-2235.188	154.4259	1.071344	0.725474	0.119402	0.133142	0.0219825	0.9238267	4.216046
2958	-2086.995	-2241.943	154.9479	1.1531	0.74706	0.120567	0.118183	0.0141911	1.187294	3.721312
2964	-2093.819	-2248.478	154.6592	1.086472	0.687741	0.21021	0.0761786	0.0258705	1.243813	3.892036
2970	-2099.846	-2256.208	156.3627	1.086472	0.859281	0.0262139	0.0821821	0.0323233	1.096466	2.980557
2976	-2091.592	-2246.513	154.9209	1.622172	0.668601	0.0973185	0.184748	0.0493319	1.288647	3.434711
2982	-2088.121	-2242.231	154.1103	1.267678	0.586879	0.303935	0.0861753	0.0230107	1.065195	4.208858
2988	-2092.514	-2247.014	154.4997	0.8397045	0.728155	0.167493	0.0758026	0.0285499	1.0514	4.23471
2994	-2085.907	-2240.104	154.1966	1.273163	0.669778	0.266542	0.0462581	0.0174224	1.214382	4.072045
3000	-2076.441	-2232.079	155.6385	1.255886	0.75618	0.179454	0.0446955	0.01967	1.160405	3.277577
3006	-2088.578	-2243.254	154.676	0.9983893	0.609152	0.334561	0.0448652	0.0114221	1.31637	3.890707
3012	-2086.362	-2242.008	155.6456	0.7973688	0.609152	0.334561	0.0448652	0.0114221	1.431193	3.38146
3018	-2083.927	-2240.828	156.9015	1.051672	0.749704	0.151753	0.0466206	0.0519228	1.452056	2.452982
3024	-2095.255	-2251.767	156.5115	1.448659	0.824529	0.104137	0.0209485	0.0503854	1.518171	2.424563
3030	-2109.097	-2266.727	157.6304	0.8851204	0.571904	0.265253	0.134511	0.0283312	1.600211	1.995163
3036	-2100.32	-2257.347	157.0264	1.492673	0.646037	0.200421	0.135369	0.018173	1.628893	1.995163
3042	-2094.303	-2251.39	157.0864	1.286124	0.661993	0.165077	0.128567	0.0443631	1.868921	1.917264
3048	-2076.753	-2234.093	157.3402	1.286124	0.62315	0.310165	0.0456448	0.0210397	1.492831	1.999439
3054	-2083.861	-2239.693	155.8319	0.8332899	0.50302	0.410333	0.027335	0.0593115	1.492823	3.213231
3060	-2080.415	-2237.594	157.1795	1.145144	0.629648	0.267015	0.0429269	0.0604099	1.521731	2.17319
3066	-2071.221	-2228.114	156.8927	1.068395	0.751697	0.158541	0.0498054	0.0399558	1.425074	2.465138
3072	-2077.14	-2233.876	156.7357	1.1019	0.691007	0.191981	0.0884128	0.028599	1.658095	2.396696
3078	-2070.659	-2227.253	156.5944	1.109714	0.745265	0.178526	0.0286715	0.0475373	1.61303	2.508985
3084	-2071.125	-2223.008	151.8824	1.12432	0.689067	0.28982	0.0190756	0.00203693	1.173543	5.467101
3090	-2081.525	-2236.546	155.0203	1.18034	0.689351	0.289527	0.0190835	0.00203777	1.268741	3.617231
3096	-2078.026	-2231.814	153.7871	0.9607435	0.663714	0.310956	0.0214653	0.00386481	1.083421	4.548655
3102	-2078.011	-2233.158	155.1465	0.9944936	0.642793	0.321565	0.0228441	0.0127978	1.2458	3.662435
3108	-2072.149	-2225.823	153.6742	1.493768	0.761848	0.0593671	0.154354	0.0244311	1.094651	4.324734
3114	-2082.24	-2236.121	153.8812	1.063627	0.800433	0.141241	0.0452947	0.0130313	1.284193	4.324734
3120	-2085.612	-2240.084	154.4719	1.26465	0.788863	0.142506	0.0446399	0.0239913	1.193986	3.930889
3126	-2078.159	-2231.829	153.6702	1.447881	0.795907	0.0724945	0.128848	0.0027504	1.394161	4.179901
3132	-2087.527	-2242.474	154.9477	1.367572	0.752887	0.154075	0.0872065	0.00583164	1.302983	3.53911
3138	-2090.639	-2246.776	156.1379	1.247972	0.702	0.143661	0.148902	0.00543749	1.435059	2.818825
3144	-2095.34	-2251.056	155.7161	1.518896	0.782899	0.145816	0.0533749	0.0179106	1.466558	2.90868
3150	-2087.829	-2242.138	154.3095	1.439266	0.78771	0.152748	0.0537029	0.00583936	1.433637	3.796144
3156	-2075.307	-2229.292	153.9858	1.080386	0.691614	0.279032	0.0218974	0.00745749	1.525934	4.118986
3162	-2069.104	-2223.057	153.9528	1.071151	0.520175	0.463797	0.0124722	0.0035552	1.281449	4.2816
3168	-2077.747	-2231.666	153.9185	1.1026	0.561725	0.423036	0.00977707	0.00546167	1.13315	4.367509
3174	-2073.248	-2226.981	153.7332	1.326426	0.475936	0.508117	0.0129214	0.00302546	1.247801	4.288532
3180	-2077.72	-2232.419	154.6985	1.29912	0.475417	0.46147	0.0347571	0.0283557	1.317406	3.711296
3186	-2077.409	-2233.003	155.5944	1.417653	0.518586	0.425499	0.0307932	0.0251218	1.274769	3.149197
3192	-2078.919	-2234.851	155.9326	1.055425	0.80293	0.165745	0.0226848	0.00864005	1.274769	3.149197
3198	-2080.52	-2236.529	156.0098	1.339846	0.651487	0.23838	0.060643	0.0494899	1.433513	2.84639
3204	-2083.567	-2238.454	154.8872	1.438991	0.676701	0.215111	0.0635292	0.0446589	1.261143	3.561801
3210	-2093.248	-2247.925	154.6769	1.432098	0.664422	0.223281	0.0659421	0.0463551	1.263209	3.686094
3216	-2101.523	-2255.937	154.414	1.66255	0.664422	0.223281	0.0659421	0.0463551	1.113924	3.810752
3222	-2099.746	-2252.596	152.8503	1.761299	0.792387	0.145686	0.0430257	0.0189022	0.8956636	4.774356
3228	-2086.21	-2238.717	152.5079	1.079362	0.560609	0.342224	0.0527649	0.0444022	1.011053	5.235849
3234	-2088.487	-2242.348	153.861	0.9151643	0.59688	0.311988	0.0696018	0.0215303	1.068187	4.541769
3240	-2088.409	-2242.916	154.5072	1.093311	0.796724	0.0998008	0.0411088	0.0623664	1.040919	4.091091
3246	-2097.8	-2250.933	153.1328	1.093311	0.677284	0.108857	0.139509	0.0743495	1.019016	4.877106
3252	-2100.622	-2253.616	152.994	1.521945	0.741804	0.0932777	0.10121	0.0637086	0.8788773	4.814204
3258	-2085.91	-2238.338	152.4277	1.174515	0.661401	0.27122	0.0146892	0.05269	0.8770951	5.303432
3264	-2082.886	-2237.211	154.3248	1.456042	0.586625	0.35508	0.013926	0.0443685	1.054088	3.99662
3270	-2090.828	-2241.643	150.8147	0.9842432	0.574143	0.347525	0.0349077	0.0434244	1.02065	6.210069
3276	-2090.85	-2244.622	153.7712	0.7770466	0.570042	0.341173	0.0609865	0.0277982	0.9338321	4.7477
3282	-2098.867	-2251.858	152.9912	1.132262	0.592117	0.31566	0.0633482	0.0288747	1.03949	4.923572
3288	-2099.314	-2251.312	151.9987	1.097266	0.742082	0.195172	0.0543742	0.00837188	0.9795177	5.524258
3294	-2087.158	-2242.939	155.7811	1.070888	0.854459	0.118774	0.0134561	0.0133105	1.301649	3.214113
3300	-2075.794	-2231.224	155.4301	1.384994	0.843989	0.137673	0.0103591	0.00797855	1.358676	3.214113
3306	-2078.343	-2233.186	154.8437	1.384876	0.831866	0.15294	0.0115078	0.00368602	1.289854	3.598201
3312	-2092.911	-2247.898	154.9876	1.217074	0.788954	0.0452313	0.138391	0.0274243	1.14486	3.687861
3318	-2085.599	-2239.926	154.3272	1.710122	0.838416	0.0534858	0.083729	0.024369	1.214926	3.780175
3324	-2086.365	-2242.365	156.0004	1.287919	0.842997	0.0399199	0.113888	0.00319508	1.243128	2.995441
3330	-2106.085	-2261.317	155.2326	1.623039	0.638742	0.23774	0.118671	0.00484587	1.321857	3.231378
3336	-2105.936	-2261.135	155.1994	1.5717	0.638918	0.227673	0.12878	0.00462883	1.398081	3.231378
3342	-2094.138	-2249.62	155.4818	1.414239	0.73891	0.160116	0.097382	0.00359136	1.429887	3.125718
3348	-2090.495	-2245.779	155.2841	1.146774	0.924507	0.0469721	0.0279775	0.000543775	1.341779	3.439626
3354	-2085.43	-2240.893	155.463	1.09676	0.698952	0.24924	0.0410062	0.0108024	1.409586	3.323216
3360	-2086.408	-2241.935	155.5277	1.171658	0.743792	0.219106	0.0287179	0.00838399	1.480315	3.200723
3366	-2064.602	-2221.453	156.8505	1.007169	0.76714	0.173757	0.0455728	0.0135304	1.611798	2.412328
3372	-2084.131	-2240.037	155.9057	1.339886	0.709341	0.126498	0.131079	0.0330812	1.363034	2.951811
3378	-2081.322	-2235.971	154.6496	1.478954	0.814593	0.0893461	0.0559358	0.0401249	1.451747	3.568819
3384	-2078.987	-2233.654	154.6672	1.683507	0.810646	0.0982872	0.0516246	0.0394421	1.390909	3.493626
3390	-2085.795	-2242.328	156.5338	2.06817	0.775796	0.137362	0.0541095	0.0327319	1.744431	1.940054
3396	-2098.219	-2254.237	156.0182	1.277668	0.632453	0.264064	0.0660875	0.0373953	1.405785	2.89247
3402	-2081.127	-2237.198	156.0709	1.078138	0.597855	0.326367	0.0650144	0.0107633	1.263108	3.060419
3408	-2084.99	-2241.457	156.467	1.27881	0.777456	0.130513	0.0789595	0.0130719	1.462188	2.582701
3414	-2085.491	-2242.675	157.1838	1.106845	0.829724	0.0415855	0.124209	0.00448114	1.47937	2.221702
3420	-2078.001	-2234.716	156.7153	1.463571	0.864418	0.0676405	0.0626134	0.00532776	1.578368	2.248301
3426	-2086.106	-2242.393	156.2862	1.478898	0.832192	0.126682	0.0351513	0.00597512	1.356846	2.648943
3432	-2086.121	-2240.69	154.5689	1.58435	0.783041	0.119199	0.0965537	0.00120636	1.465308	3.555505
3438	-2085.235	-2239.726	154.4914	1.222699	0.789673	0.107275	0.101781	0.00127167	1.385705	3.832086
3444	-2093.879	-2248.774	154.8952	1.247749	0.771884	0.122202	0.0921999	0.0137135	1.391509	3.581836
3450	-2096.4	-2248.909	152.5092	1.047	0.537808	0.430889	0.0133988	0.0179041	0.9920077	5.263207
3456	-2083.52	-2237.261	153.7414	1.085914	0.620142	0.33767	0.0180584	0.0241305	1.005815	4.548082
3462	-2083.558	-2237.257	153.6993	0.9986119	0.365807	0.569022	0.0245977	0.0405734	1.134236	4.548082
3468	-2082.592	-2237.577	154.9851	1.095626	0.426486	0.431157	0.0432091	0.0991477	1.322756	3.653508
3474	-2086.233	-2241.095	154.8627	1.291943	0.55852	0.244104	0.0675336	0.129842	1.259616	3.653508
3480	-2082.483	-2237.467	154.9841	1.291943	0.760582	0.116558	0.0669905	0.0558701	1.253438	3.586666
3486	-2088.429	-2242.001	153.5718	1.352618	0.711176	0.0722723	0.158033	0.0585182	1.038068	4.484616
3492	-2077.461	-2231.191	153.7306	1.822236	0.851653	0.0211032	0.11328	0.0139637	1.350763	3.993108
3498	-2100.136	-2254.165	154.0291	1.579671	0.781577	0.0166685	0.18894	0.0128147	1.249839	3.993108
3504	-2101.422	-2256.35	154.9282	1.584891	0.912737	0.0238122	0.0484853	0.0149652	1.383707	3.39301
3510	-2095.343	-2248.211	152.8688	1.532064	0.81941	0.0330216	0.131534	0.0160344	1.221174	4.688009
3516	-2088.766	-2241.823	153.0571	1.532064	0.810737	0.035481	0.137917	0.0158647	1.190858	4.599475
3522	-2091.377	-2245.931	154.5543	1.250373	0.617001	0.13896	0.185556	0.0584835	1.485156	3.723621
3528	-2092.438	-2245.398	152.96	1.485838	0.580205	0.133327	0.244807	0.0416604	1.33696	4.594332
3534	-2096.546	-2249.714	153.1688	1.643493	0.728985	0.0604568	0.191667	0.0188908	1.08378	4.544283
3540	-2081.758	-2235.121	153.3623	1.305926	0.712418	0.17216	0.0866601	0.0287618	1.183898	4.544283
3546	-2081.003	-2235.545	154.5414	1.308599	0.850518	0.0165953	0.106894	0.0259925	1.344576	3.781231
3552	-2100.955	-2255.381	154.4265	1.43275	0.772605	0.0756847	0.115436	0.0362744	1.348221	3.781231
3558	-2096.38	-2251.331	154.9506	1.204068	0.690714	0.0860537	0.192997	0.0302355	1.337399	3.604809
3564	-2096.052	-2250.117	154.0652	1.227202	0.707928	0.0927031	0.176994	0.0223743	1.363494	4.086321
3570	-2085.103	-2239.424	154.3211	1.58931	0.659278	0.178131	0.127226	0.0353645	1.401232	3.733791
3576	-2082.607	-2235.961	153.3537	1.286814	0.766754	0.0405679	0.15077	0.0419087	1.059395	4.628785
3582	-2082.394	-2236.385	153.9912	1.383732	0.785355	0.0522207	0.119499	0.0429253	1.144547	4.171545
3588	-2074.63	-2230.13	155.4998	1.383732	0.805646	0.116492	0.0663772	0.011485	1.400599	3.148541
3594	-2078.545	-2233.673	155.128	1.056208	0.583941	0.128375	0.275028	0.0126566	1.329584	3.589056
3600	-2089.976	-2246.923	156.9479	0.9096015	0.654749	0.273179	0.0479609	0.0241119	1.48464	2.492995
3606	-2076.396	-2233.096	156.7	1.772024	0.810299	0.0333357	0.140381	0.0159843	1.446353	2.177297
3612	-2076.087	-2232.924	156.8369	1.317199	0.697546	0.141332	0.133729	0.0273935	1.446353	2.338412
3618	-2089.628	-2244.399	154.7708	1.217427	0.829623	0.0899682	0.0597176	0.020691	1.31675	3.713643
3624	-2098.334	-2250.683	152.3483	1.222906	0.712616	0.186586	0.0757896	0.0250081	1.299195	5.088583
3630	-2091.24	-2244.02	152.7808	1.246719	0.614833	0.263892	0.085906	0.0353694	0.9549652	5.027278
3636	-2095.401	-2250.44	155.0394	1.355623	0.727438	0.190515	0.0401997	0.0418473	0.9973112	3.669568
3642	-2105.232	-2259.084	153.8521	0.9067333	0.650448	0.313764	0.0135059	0.0222827	1.229974	4.460585
3648	-2090.541	-2246.332	155.791	1.048969	0.59679	0.341338	0.0382197	0.0236525	1.38474	3.17174
3654	-2088.771	-2243.678	154.9064	1.093509	0.371106	0.565064	0.0394293	0.024401	1.039444	3.863532
3660	-2088.843	-2242.52	153.6775	1.365178	0.665296	0.278113	0.0383882	0.0182028	1.117092	4.374148
3666	-2085.004	-2239.215	154.2111	0.8461991	0.587516	0.283637	0.0413422	0.0875042	1.033015	4.404497
3672	-2070.405	-2224.164	153.7595	1.241388	0.69486	0.148412	0.138748	0.0179809	1.27992	4.299793
3678	-2075.002	-2231.439	156.4372	0.938703	0.789655	0.148035	0.055098	0.00721215	1.226517	2.946074
3684	-2082.186	-2235.137	152.9507	1.294464	0.722146	0.206257	0.0503876	0.0212096	1.100017	4.827444
3690	-2082.254	-2236.379	154.1245	1.294464	0.566051	0.302125	0.11225	0.0195741	1.322065	4.040596
3696	-2080.382	-2234.643	154.262	1.247482	0.546152	0.191083	0.241345	0.0214204	1.116504	4.104125
3702	-2079.799	-2233.408	153.609	1.237583	0.647116	0.0883739	0.26115	0.00336046	1.209279	4.42665
3708	-2074.131	-2228.009	153.8781	1.165768	0.615059	0.15418	0.227621	0.0031399	1.123285	4.361551
3714	-2075.339	-2230.428	155.0886	1.069675	0.701447	0.112225	0.182871	0.00345641	1.303621	3.619344
3720	-2083.143	-2236.68	153.5369	1.298556	0.61607	0.0845701	0.297428	0.00193257	1.210648	4.434729
3726	-2071.011	-2223.88	152.8682	1.298556	0.715338	0.196056	0.0864143	0.00219186	1.12426	4.857866
3732	-2076.34	-2228.524	152.1833	1.313705	0.6319	0.314636	0.0528885	0.000576126	1.12426	5.230337
3738	-2073.747	-2227.621	153.8737	1.199501	0.514859	0.400071	0.0843483	0.000721779	1.210792	4.296497
3744	-2092.026	-2244.95	152.9247	1.111395	0.708333	0.207093	0.0841162	0.000458165	1.148959	4.910822
3750	-2087.421	-2240.346	152.9247	1.111395	0.648648	0.237205	0.113749	0.000398509	1.148959	4.910822
3756	-2093.596	-2245.38	151.7839	1.584497	0.772233	0.0201767	0.207116	0.000474436	1.06844	5.350741
3762	-2077.954	-2230.124	152.1698	1.161449	0.710306	0.0210227	0.267256	0.00141453	1.058182	5.352718
3768	-2083.388	-2235.366	151.9779	1.056212	0.796288	0.145358	0.0549276	0.00342634	0.844021	5.632159
3774	-2073.247	-2225.74	152.4926	1.122359	0.527407	0.428087	0.0348264	0.00967941	1.040623	5.204819
3780	-2076.183	-2230.03	153.8465	0.832768	0.723087	0.189931	0.074957	0.0120248	1.081579	4.590154
3786	-2077.24	-2230.146	152.9059	1.296261	0.754184	0.0259898	0.191044	0.028782	1.148724	4.82436
3792	-2080.495	-2234.738	154.2431	1.085704	0.739046	0.0178916	0.224133	0.0189303	1.043306	4.243997
3798	-2066.168	-2220.684	154.5156	1.334426	0.657583	0.133657	0.184503	0.0242564	1.247073	3.838699
3804	-2077.713	-2231.178	153.4651	1.148153	0.680131	0.224024	0.076247	0.019598	1.080322	4.627567
3810	-2080.457	-2235.177	154.72	1.148153	0.613104	0.287987	0.0687328	0.0301767	1.286452	3.798321
3816	-2077.405	-2233.27	155.865	1.148153	0.742651	0.221671	0.0124499	0.0232278	1.470894	3.01871
3822	-2083.094	-2238.543	155.4495	1.424407	0.711633	0.218502	0.0122719	0.0575935	1.63243	3.01871
3828	-2091.365	-2247.427	156.062	1.186325	0.541842	0.344617	0.0193549	0.0941862	1.784994	2.686761
3834	-2089.277	-2245.475	156.1981	1.241889	0.630075	0.28019	0.0279598	0.0617751	1.516185	2.736099
3840	-2094.791	-2250.872	156.0813	1.549728	0.731426	0.129929	0.0213736	0.117271	1.583532	2.597931
3846	-2091.894	-2244.99	153.0965	2.1486	0.741863	0.15201	0.00813595	0.0979904	0.9930726	4.416303
3852	-2086.802	-2240.194	153.3918	1.630404	0.707992	0.222856	0.024687	0.0444648	1.278679	4.314868
3858	-2089.334	-2242.86	153.5262	1.235299	0.690062	0.235481	0.0240618	0.0503958	1.76219	4.161815
3864	-2087.174	-2243.094	155.92	1.146331	0.73199	0.220262	0.028067	0.019681	1.745992	2.82061
3870	-2096.907	-2252.956	156.0491	1.288458	0.704633	0.221919	0.0208202	0.0526271	1.764298	2.648795
3876	-2093.969	-2248.761	154.7924	1.20919	0.758246	0.173064	0.0224043	0.0462862	1.562922	3.562902
3882	-2077.493	-2231.642	154.1489	1.02652	0.684189	0.282288	0.0266951	0.0068282	1.181038	4.252354
3888	-2078.39	-2231.312	152.9223	1.286494	0.65672	0.295925	0.0430839	0.00427037	1.193283	4.795349
3894	-2087.919	-2241.775	153.8563	1.545011	0.727348	0.210179	0.0477175	0.0147549	1.273693	4.094876
3900	-2087.18	-2241.799	154.6185	1.163127	0.832637	0.120145	0.0303272	0.0168908	1.355163	3.808913
3906	-2092.141	-2245.422	153.281	1.110474	0.734445	0.168902	0.0817533	0.0148989	1.026489	4.780963
3912	-2088.714	-2241.335	152.6204	1.367857	0.689297	0.213447	0.0904001	0.0068564	1.015242	5.021405
3918	-2089.484	-2241.489	152.0049	1.353844	0.657116	0.235554	0.0997632	0.00756654	1.192559	5.271092
3924	-2083.286	-2235.294	152.0082	1.382426	0.705976	0.179172	0.107181	0.00767104	0.9409882	5.393916
3930	-2075.301	-2229.735	154.4341	1.317499	0.828336	0.0440219	0.119361	0.00828064	1.006169	4.032163
3936	-2074.746	-2227.21	152.4646	1.273845	0.83271	0.0436381	0.118321	0.00533129	1.060788	5.130025
3942	-2081.724	-2235.618	153.8942	1.384322	0.771162	0.0553858	0.164523	0.00892903	1.164886	4.214755
3948	-2088.645	-2244.74	156.095	1.345173	0.629104	0.208249	0.137855	0.0247923	1.346405	2.844623
3954	-2081.525	-2234.065	152.5398	1.345173	0.722729	0.114639	0.135	0.0276324	1.268663	4.936699
3960	-2088.205	-2241.081	152.8765	1.720479	0.824348	0.151179	0.0186311	0.00584123	1.156381	4.632231
3966	-2082.787	-2233.213	150.4262	1.078916	0.786852	0.174053	0.0294299	0.0096645	0.9272597	6.420783
3972	-2084.953	-2238.927	153.9741	1.345655	0.722899	0.237143	0.0247406	0.0152177	1.29651	4.114309
3978	-2093.368	-2247.342	153.974	1.436013	0.698237	0.24095	0.0463547	0.0144577	1.552691	3.922113
3984	-2096.648	-2250.493	153.8445	1.304731	0.670041	0.273498	0.0338057	0.0226555	1.400672	4.149935
3990	-2089.5	-2245.321	155.8211	1.182367	0.664881	0.271392	0.0516509	0.0120755	1.429725	3.050096
3996	-2084.488	-2241.1	156.6117	1.182367	0.696299	0.210701	0.0540916	0.0389081	1.632645	2.442205
4002	-2083.097	-2238.192	155.0947	1.674055	0.711068	0.21517	0.0552389	0.0185225	1.440419	3.217846
4008	-2082.458	-2239.41	156.9522	1.373409	0.749382	0.133251	0.108626	0.00874116	1.440419	2.235906
4014	-2090.582	-2246.364	155.7819	1.368609	0.889719	0.035871	0.0549984	0.0194118	1.344931	3.021487
4020	-2084.258	-2239.823	155.5654	1.388738	0.810936	0.0745187	0.0845172	0.0300276	1.209855	3.220118
4026	-2092.281	-2246.05	153.7691	1.214781	0.740002	0.0878939	0.141074	0.0310302	1.172673	4.369007
4032	-2084	-2239.663	155.6633	1.541898	0.755865	0.118028	0.123262	0.00284438	1.525474	2.893074
4038	-2076.192	-2230.557	154.3651	1.081765	0.768916	0.0685286	0.160599	0.00195701	1.371482	3.989992
4044	-2060.725	-2215.911	155.1856	1.178344	0.865276	0.0386523	0.0949152	0.00115661	1.183944	3.571572
4050	-2067.686	-2221.373	153.6865	1.558399	0.736222	0.119388	0.143406	0.000984107	1.311581	4.163411
4056	-2069.389	-2223.57	154.1814	1.323256	0.791054	0.0938863	0.112774	0.00228586	1.067935	4.137966
4062	-2063.827	-2219.164	155.3372	1.162678	0.791979	0.0939961	0.112906	0.00111891	1.283805	3.433583
4068	-2070.709	-2224.712	154.0035	1.557325	0.781274	0.150358	0.0661823	0.00218612	1.218859	4.03621
4074	-2068.463	-2223.293	154.8301	1.353848	0.642939	0.27603	0.0780172	0.00301381	1.406652	3.554415
4080	-2090.668	-2242.212	151.5442	1.841801	0.722922	0.0785808	0.178145	0.0203528	1.039956	5.383435
4086	-2076.305	-2230.011	153.7061	1.262359	0.722809	0.197578	0.0555203	0.0240929	1.025193	4.462717
4092	-2081.945	-2237.056	155.1109	1.375149	0.71393	0.113698	0.0884154	0.0839567	1.199178	3.500547
4098	-2077.508	-2232.2	154.692	1.309468	0.687186	0.248922	0.0125007	0.0513904	1.419173	3.650646
4104	-2090.718	-2246.397	155.6798	1.024515	0.795826	0.148601	0.0108733	0.0447002	1.239884	3.337278
4110	-2093.54	-2246.148	152.6081	1.707539	0.849937	0.0507416	0.0379115	0.0614101	1.134307	4.800585
4116	-2098.817	-2252.904	154.0878	1.643717	0.809412	0.0758688	0.0776351	0.0370841	1.082934	4.024378
4122	-2095.413	-2247.677	152.2637	1.256518	0.674253	0.265621	0.0446272	0.0154983	0.9558365	5.308023
4128	-2098.63	-2251.905	153.2748	1.256175	0.775099	0.186697	0.0319562	0.00624839	1.124701	4.652273
4134	-2094.883	-2247.121	152.2377	1.494578	0.735799	0.177231	0.0810384	0.00593158	1.127391	5.10963
4140	-2078.629	-2234.997	156.368	1.215452	0.776092	0.133445	0.0836241	0.00683942	1.43528	2.696691
4146	-2082.913	-2239.114	156.2006	1.372028	0.829299	0.0823151	0.0828653	0.00552077	1.459033	2.696691
4152	-2078.922	-2235.209	156.287	1.320527	0.838657	0.090186	0.0655735	0.00558307	1.419126	2.696691
4158	-2075.289	-2232.619	157.3299	1.02462	0.681901	0.295064	0.0212279	0.00180739	1.517671	2.154498
4164	-2064.999	-2222.124	157.1253	1.104736	0.818723	0.131278	0.0475093	0.0024899	1.57955	2.196075
4170	-2068.063	-2223.686	155.6227	1.104736	0.802261	0.14192	0.0513607	0.0044582	1.216966	3.338026
4176	-2074.578	-2230.245	155.6676	1.138972	0.760411	0.145117	0.0801479	0.0143238	1.139066	3.338026
4182	-2065.641	-2220.744	155.1036	1.019861	0.654536	0.262913	0.0572794	0.025271	1.212269	3.692055
4188	-2066.321	-2219.507	153.1861	1.210455	0.49365	0.392223	0.088003	0.0261234	1.051598	4.766665
4194	-2074.414	-2227.714	153.3	1.095172	0.583084	0.274801	0.111259	0.0308561	1.24568	4.656086
4200	-2071.002	-2225.103	154.1006	1.140517	0.615294	0.301657	0.0531234	0.0299254	1.21585	4.196825
4206	-2077.253	-2231.365	154.1122	1.012111	0.605418	0.30923	0.0675207	0.0178309	1.342214	4.18985
4212	-2095.463	-2249.149	153.6855	1.160481	0.836932	0.0935881	0.0614873	0.00799274	1.144802	4.460885
4218	-2085.549	-2239.207	153.6586	1.256552	0.823445	0.12904	0.0364948	0.0110204	1.113638	4.44264
4224	-2083.125	-2235.926	152.8011	1.079677	0.681998	0.278982	0.013617	0.025403	1.073429	5.038687
4230	-2069.197	-2221.992	152.7954	1.079677	0.660343	0.270124	0.0449366	0.0245964	1.24603	4.945959
4236	-2071.564	-2222.915	151.3508	1.669595	0.770847	0.130992	0.0524566	0.0457043	1.09414	5.53606
4242	-2077.2	-2231.311	154.1118	1.207195	0.664984	0.251718	0.0359351	0.0473636	1.214663	4.155135
4248	-2086.665	-2238.33	151.6651	1.261342	0.662652	0.163645	0.0606068	0.113096	1.038643	5.589505
4254	-2089.037	-2240.707	151.6707	1.261342	0.552821	0.120303	0.200479	0.126397	1.256844	5.466485
4260	-2096.048	-2248.788	152.7398	0.9461048	0.722082	0.154197	0.0708934	0.0528282	1.237544	5.055506
4266	-2092.739	-2247.464	154.7254	0.9893252	0.631063	0.203306	0.154247	0.0113836	1.270317	3.893993
4272	-2082.811	-2235.778	152.9669	1.460388	0.731118	0.224946	0.02279	0.0211457	1.359891	4.590001
4278	-2086.336	-2238.57	152.2339	1.236216	0.680851	0.299286	0.00986457	0.00999831	1.187525	5.206876
4284	-2079.385	-2232.468	153.0827	1.236216	0.692321	0.28853	0.00951004	0.00963897	1.130999	4.766565
4290	-2075.366	-2228.442	153.0758	0.9424179	0.649948	0.326741	0.0120894	0.011222	1.165425	4.910897
4296	-2080.263	-2232.301	152.0379	1.228009	0.626009	0.350646	0.0113479	0.0119968	1.392756	5.206019
4302	-2086.92	-2243.179	156.2586	1.327227	0.674161	0.309187	0.00314859	0.0135037	1.607403	2.59441
4308	-2081.28	-2237.922	156.6422	1.473389	0.67992	0.311828	0.000605964	0.00764539	1.362103	2.426982
4314	-2087.632	-2244.347	156.7157	0.8841979	0.650256	0.309572	0.000433243	0.0397387	1.455059	2.67155
4320	-2094.303	-2247.359	153.0561	0.9696556	0.725144	0.0950131	0.165657	0.0141863	0.8585389	5.077051
4326	-2094.395	-2248.535	154.1392	0.7907604	0.519123	0.365773	0.104949	0.0101558	1.040647	4.473296
4332	-2084.325	-2236.796	152.4711	1.479735	0.770035	0.0644759	0.156383	0.00910604	1.050515	5.029928
4338	-2091.694	-2245.4	153.7065	1.429482	0.701619	0.141681	0.148251	0.00844918	1.216347	4.269318
4344	-2080.261	-2235.477	155.2154	1.172154	0.699151	0.1447	0.147729	0.00841946	1.415084	3.422767
4350	-2071.879	-2226.4	154.5214	1.53961	0.697373	0.146876	0.147354	0.00839804	1.391105	3.648129
4356	-2078.986	-2230.418	151.4324	1.385511	0.858958	0.0337651	0.102554	0.00472349	1.092276	5.625851
4362	-2080.99	-2233.111	152.1207	1.058268	0.604702	0.219685	0.161185	0.0144277	1.00034	5.466689
4368	-2086.507	-2238.528	152.0207	1.137691	0.509903	0.363286	0.114646	0.0121658	1.225347	5.355259
4374	-2092.013	-2245.515	153.5023	1.236424	0.648776	0.272889	0.0628558	0.0154792	1.237307	4.471558
4380	-2085.182	-2238.13	152.9478	1.139207	0.733567	0.170778	0.0859684	0.00968712	1.105123	4.907438
4386	-2101.054	-2252.048	150.9935	1.296364	0.574212	0.215192	0.199812	0.010784	0.9393322	5.993728
4392	-2078.29	-2231.414	153.124	1.07944	0.748684	0.185243	0.0629307	0.00314196	0.9370542	4.935189
4398	-2073.815	-2226.804	152.9887	1.164983	0.65718	0.234983	0.0937399	0.0140967	1.242334	4.794402
4404	-2070.811	-2225.412	154.601	1.0772	0.694683	0.178917	0.124233	0.00216644	1.305875	3.895005
4410	-2077.481	-2228.32	150.8385	1.482034	0.6842	0.198985	0.114929	0.00188569	1.217706	5.83597
4416	-2079.505	-2230.469	150.9638	1.37834	0.79097	0.0704561	0.136394	0.00217996	1.041018	5.913963
4422	-2080.605	-2231.896	151.2906	1.213408	0.771693	0.0687389	0.149393	0.0101759	0.8848321	5.90331
4428	-2080.82	-2230.66	149.8399	1.726365	0.739808	0.0655644	0.184922	0.00970596	0.9062968	6.437759
4434	-2076.647	-2226.368	149.7203	1.825328	0.753891	0.0506731	0.187935	0.00750149	0.9469513	6.437759
4440	-2075.563	-2228.292	152.7293	1.39879	0.732448	0.135622	0.103952	0.027978	1.049669	4.926403
4446	-2080.342	-2233.446	153.1041	1.213186	0.655808	0.101845	0.211924	0.0304234	0.8942197	4.898703
4452	-2076.118	-2227.883	151.7649	1.272791	0.746722	0.132159	0.109758	0.0113616	1.031663	5.532711
4458	-2077.573	-2230.391	152.8173	1.027214	0.609723	0.247064	0.120253	0.0229591	1.081986	5.053645
4464	-2085.385	-2240.31	154.9249	1.040742	0.616172	0.227036	0.131033	0.0257591	1.015526	3.896315
4470	-2085.697	-2240.694	154.9973	0.8709664	0.391551	0.460328	0.109822	0.0382986	0.9858616	3.970206
4476	-2084.053	-2238.341	154.2879	1.265525	0.534668	0.26764	0.134373	0.0633192	1.364486	3.938163
4482	-2078.597	-2234.269	155.6721	0.8183369	0.604859	0.288593	0.0370661	0.0694826	1.169483	3.506228
4488	-2076.374	-2231.556	155.1818	1.200054	0.729315	0.142213	0.0446929	0.0837794	1.279463	3.506228
4494	-2078.753	-2232.795	154.0419	1.376191	0.680626	0.119083	0.168539	0.0317518	1.15382	4.141323
4500	-2075.804	-2229.727	153.9228	0.9911012	0.766533	0.116291	0.0967153	0.0204609	1.071828	4.461675
4506	-2071.021	-2226.715	155.6939	1.195165	0.692778	0.0665705	0.219817	0.020834	1.380805	3.147925
4512	-2081.407	-2237.426	156.0185	1.036142	0.648871	0.0529682	0.266923	0.0312381	1.23265	3.134445
4518	-2078.428	-2232.969	154.5415	1.507141	0.739572	0.0115031	0.214922	0.0340031	1.380542	3.658756
4524	-2085.487	-2241.118	155.6308	1.317387	0.76562	0.0120503	0.186232	0.0360968	1.33156	3.147256
4530	-2082.028	-2237.677	155.649	1.264841	0.743139	0.0439073	0.183103	0.0298501	1.20482	3.240194
4536	-2074.228	-2228.978	154.7503	1.331032	0.698784	0.105203	0.162272	0.0337415	1.232804	3.713435
4542	-2079.61	-2234.601	154.9917	1.028802	0.769733	0.0504497	0.153419	0.0263978	1.27828	3.713435
4548	-2094.553	-2249.07	154.5171	1.617608	0.706885	0.0708855	0.215565	0.00666459	1.304764	3.662585
4554	-2086.53	-2242.661	156.1304	1.161955	0.744189	0.127889	0.117052	0.0108708	1.309493	2.948319
4560	-2079.894	-2233.674	153.7802	1.517995	0.770441	0.0791802	0.139124	0.0112543	1.235047	4.173242
4566	-2081.653	-2233.649	151.9963	1.399747	0.730724	0.175908	0.0826944	0.0106741	0.9346193	5.395472
4572	-2093.085	-2244.252	151.1663	1.394818	0.775886	0.18411	0.0345048	0.00549954	0.9834459	5.826689
4578	-2087.973	-2240.026	152.0535	1.072922	0.766483	0.132646	0.0223859	0.0784851	1.000276	5.495782
4584	-2085.458	-2237.945	152.4862	0.8435878	0.498046	0.457627	0.00204527	0.0422817	0.7993714	5.495782
4590	-2109.638	-2261.424	151.7864	2.018397	0.766891	0.192024	0.0228698	0.0182154	0.9606904	5.218894
4596	-2096.573	-2249.252	152.6783	1.589902	0.82722	0.0927312	0.0647569	0.0152921	1.00137	4.889752
4602	-2090.352	-2241.801	151.4485	1.459532	0.744253	0.183726	0.0582621	0.0137584	1.013909	5.624185
4608	-2097.159	-2250.963	153.8045	1.389318	0.677422	0.254265	0.0385312	0.0297821	1.129207	4.283326
4614	-2110.706	-2263.482	152.7764	1.896097	0.805561	0.0525508	0.112849	0.0290388	1.188809	4.592328
4620	-2085.545	-2239.796	154.2516	1.31106	0.774601	0.0969245	0.108512	0.0199632	1.072937	4.101498
4626	-2090.327	-2242.472	152.1452	1.37864	0.787364	0.0985216	0.1103	0.00381431	0.8061704	5.394553
4632	-2089.646	-2244.05	154.4039	1.159546	0.763575	0.100855	0.0330723	0.102497	1.20339	4.020893
4638	-2085.628	-2239.036	153.408	1.624371	0.683331	0.13956	0.085384	0.0917257	1.182827	4.362708
4644	-2085.044	-2237.018	151.9744	1.492744	0.75687	0.110068	0.0314645	0.101597	1.31106	5.154605
4650	-2087.815	-2240.959	153.1446	1.636225	0.734539	0.0738873	0.177528	0.0140457	1.382136	4.393341
4656	-2084.989	-2238.348	153.3597	1.636225	0.709961	0.137104	0.134497	0.018438	1.167001	4.393341
4662	-2076.608	-2231.393	154.785	1.578664	0.677171	0.130771	0.178055	0.0140025	1.455372	3.438001
4668	-2085.064	-2242.094	157.0299	1.450019	0.830302	0.146506	0.00955449	0.0136378	1.473926	2.119687
4674	-2081.285	-2237.606	156.3205	1.450019	0.862372	0.0422975	0.0762656	0.0190644	1.520672	2.541863
4680	-2077.95	-2234.347	156.3968	1.249403	0.734264	0.15243	0.0970741	0.0162323	1.468317	2.63911
4686	-2088.039	-2244.339	156.2996	1.781081	0.745569	0.209725	0.0168637	0.0278421	1.479582	2.407514
4692	-2085.177	-2237.53	152.3533	1.082455	0.560161	0.384022	0.0403974	0.0154197	1.055375	5.295089
4698	-2091.755	-2243.544	151.7893	1.100164	0.796112	0.104904	0.0362227	0.0627613	0.9361156	5.661516
4704	-2084.534	-2239.156	154.6216	1.010221	0.716687	0.208628	0.0105853	0.0640997	1.106743	4.035012
4710	-2098.874	-2256.79	157.9167	1.10421	0.731953	0.198196	0.0570064	0.0128443	1.793638	1.504499
4716	-2100.636	-2258.855	158.2188	0.9886551	0.807399	0.118621	0.0628823	0.0110982	1.942704	1.238803
4722	-2084.426	-2238.96	154.5345	1.425163	0.873736	0.0437592	0.0231817	0.0593229	1.033062	3.904162
4728	-2082.954	-2235.676	152.7219	2.513367	0.894631	0.0264238	0.023736	0.055209	1.115234	4.416172
4734	-2083.227	-2237.596	154.3686	2.136663	0.889553	0.025796	0.0220669	0.0625842	1.240803	3.551791
4740	-2082.358	-2235.997	153.6388	1.263975	0.831071	0.138245	0.00687583	0.0238078	0.9597726	4.536528
4746	-2085.707	-2237.231	151.5237	1.785909	0.79426	0.137902	0.0433106	0.0245277	0.9275022	5.480943
4752	-2087.283	-2239.018	151.7353	1.463714	0.706686	0.26511	0.0156185	0.0125853	0.984136	5.480943
4758	-2078.031	-2231.397	153.3662	1.132433	0.753378	0.18028	0.042621	0.0237209	1.122874	4.667553
4764	-2082.51	-2237.244	154.7341	1.243676	0.777654	0.166243	0.0360435	0.0200602	1.185082	3.7966
4770	-2091.47	-2247.666	156.1964	1.568984	0.793218	0.114531	0.0537468	0.0385036	1.488258	2.575531
4776	-2087.294	-2243.803	156.5088	1.027873	0.674367	0.278054	0.0302578	0.0173216	1.538578	2.65802
4782	-2090.934	-2247.768	156.8341	0.8451917	0.671855	0.277018	0.0301451	0.0209824	1.398986	2.65802
4788	-2091.037	-2245.305	154.2682	1.017397	0.651556	0.21113	0.121323	0.0159917	1.397937	4.066432
4794	-2072.698	-2228.815	156.1166	1.289778	0.753147	0.102939	0.125429	0.0184852	1.466544	2.789082
4800	-2092	-2246.821	154.8214	2.007562	0.882849	0.00924861	0.0955409	0.0123614	1.511551	3.182719
4806	-2100.95	-2254.192	153.2425	2.119645	0.859351	0.00569512	0.122922	0.0120324	1.37071	4.131691
4812	-2102.88	-2256.417	153.5376	2.119645	0.780686	0.0386127	0.145475	0.0352269	1.117176	4.108011
4818	-2108.854	-2263.506	154.6525	1.469939	0.749296	0.0542115	0.148345	0.0481474	1.099665	3.775468
4824	-2077.803	-2230.93	153.1272	1.608176	0.720222	0.206426	0.0689125	0.00443925	1.091943	4.579602
4830	-2076.305	-2232.178	155.8737	1.223281	0.816425	0.104407	0.0748915	0.00427648	1.19813	3.13388
4836	-2076.88	-2233.737	156.857	1.219772	0.756911	0.114983	0.126847	0.00125913	1.639088	2.259952
4842	-2069.73	-2226.619	156.889	1.739207	0.897525	0.0580035	0.0390852	0.00538634	1.534069	2.012847
4848	-2081.14	-2238.51	157.3695	1.334581	0.845174	0.112532	0.0317929	0.0105015	1.750687	1.773866
4854	-2072.075	-2225.926	153.8515	1.114708	0.59424	0.333795	0.0148016	0.0571628	1.007316	4.469599
4860	-2068.07	-2221.753	153.6837	1.209214	0.668892	0.262056	0.00470829	0.0643439	1.084912	4.469599
4866	-2073.609	-2229.383	155.7745	1.123641	0.823398	0.078672	0.0187239	0.0792065	1.243941	3.221788
4872	-2088.588	-2237.74	149.1518	1.293491	0.769118	0.0131125	0.207681	0.0100883	0.8656711	7.032648
4878	-2077.856	-2230.59	152.7338	1.242417	0.891687	0.0172435	0.0793736	0.0116961	0.9802846	5.041539
4884	-2078.754	-2231.541	152.7866	2.038375	0.780631	0.197648	0.00824777	0.0134735	1.054775	4.601318
4890	-2073.809	-2227.934	154.1247	1.640977	0.647344	0.171919	0.169018	0.0117196	1.200587	3.937298
4896	-2073.248	-2227.497	154.2488	1.612503	0.760444	0.0899119	0.130122	0.019522	1.100152	3.937298
4902	-2083.68	-2236.227	152.5473	2.336999	0.641811	0.130594	0.171994	0.0556007	1.095918	4.592418
4908	-2088.545	-2239.679	151.1333	1.546998	0.760929	0.0536115	0.163563	0.0218971	1.009892	5.757846
4914	-2085.561	-2238.487	152.9265	1.290818	0.624298	0.0613146	0.301469	0.0129181	0.8567344	4.978289
4920	-2073.905	-2226.833	152.9281	1.091482	0.738026	0.0723598	0.163404	0.0262103	1.043649	4.978289
4926	-2078.743	-2234.72	155.9771	1.308112	0.703753	0.119916	0.155815	0.0205159	1.241191	2.999478
4932	-2072.141	-2228.419	156.2784	0.8621199	0.669123	0.176147	0.132269	0.0224604	1.375027	2.999478
4938	-2069.926	-2225.401	155.4755	1.599554	0.690888	0.116315	0.136572	0.0562254	1.336992	3.089739
4944	-2080.018	-2234.622	154.6033	1.601781	0.701141	0.198765	0.0341551	0.0659385	1.267889	3.641639
4950	-2087.334	-2241.918	154.5843	1.655666	0.678846	0.192444	0.0660932	0.0626169	1.242147	3.641639
4956	-2080.289	-2234.087	153.7974	1.13098	0.626481	0.254737	0.0609949	0.0577867	1.240336	4.359874
4962	-2068.407	-2223.219	154.8113	1.21234	0.754741	0.129145	0.0730966	0.0430177	1.352041	3.672583
4968	-2073.242	-2228.06	154.8184	1.015107	0.764403	0.110617	0.0721682	0.0528121	1.172489	3.881947
4974	-2083.973	-2236.343	152.3694	1.641401	0.705883	0.195971	0.0169875	0.0811576	1.410252	4.810038
4980	-2073.889	-2228.639	154.7501	1.12757	0.73194	0.192206	0.0067274	0.0691265	1.256194	3.809783
4986	-2082.82	-2237.743	154.9232	1.283816	0.759631	0.160532	0.0229258	0.0569116	1.229637	3.640163
4992	-2076.342	-2232.079	155.7371	1.313669	0.802474	0.118434	0.0254809	0.0536111	1.290609	3.110428
4998	-2072.639	-2228.62	155.9812	1.010467	0.71433	0.174768	0.0874698	0.0234323	1.249571	3.161716
5004	-2078.781	-2233.513	154.732	1.324331	0.847728	0.0956008	0.0525835	0.00408775	1.062698	3.825517
5010	-2087.759	-2238.888	151.1298	1.303433	0.622484	0.272801	0.099195	0.00551994	0.9297524	5.921035
5016	-2084.681	-2238.736	154.0552	1.058954	0.813783	0.0947298	0.084271	0.0072163	1.097233	4.334634
5022	-2075.58	-2231.109	155.5292	1.719471	0.85723	0.0707715	0.0643969	0.00760157	1.341034	2.99611
5028	-2080.527	-2232.81	152.2826	1.581867	0.751739	0.139802	0.106155	0.00230354	1.122012	5.046407
5034	-2095.837	-2248.83	152.9933	1.167322	0.637309	0.178223	0.182515	0.00195289	0.9539846	4.951288
5040	-2096.122	-2250.715	154.5933	1.168837	0.655443	0.168373	0.174833	0.00135097	0.931416	4.062976
5046	-2095.545	-2250.45	154.905	1.100398	0.653465	0.167865	0.174305	0.00436425	1.050417	3.854172
5052	-2108.04	-2262.14	154.0997	1.573312	0.76493	0.0397441	0.175747	0.0195786	1.064099	4.061917
5058	-2106.036	-2260.127	154.0911	1.646316	0.754775	0.0901477	0.144813	0.0102639	1.011679	4.061917
5064	-2091.126	-2242.848	151.7219	1.179007	0.75893	0.165112	0.0434861	0.0324717	1.002092	5.62075
5070	-2085.878	-2239.564	153.6862	1.240826	0.69646	0.20508	0.079598	0.0188616	1.072536	4.458479
5076	-2082.248	-2234.973	152.7253	1.330501	0.630662	0.185705	0.165353	0.0182799	1.195915	4.881354
5082	-2085.564	-2239.274	153.7097	1.257746	0.51576	0.351475	0.114849	0.017917	1.110015	4.415271
5088	-2076.585	-2229.923	153.3385	1.055749	0.666628	0.18804	0.142563	0.00276794	1.074546	4.751898
5094	-2079.768	-2235.326	155.5583	1.03906	0.667061	0.185046	0.144714	0.00317928	1.2135	3.415663
5100	-2085.815	-2239.885	154.0699	1.43013	0.640336	0.162993	0.193124	0.00354772	1.186858	4.079295
5106	-2084.968	-2239.167	154.1991	1.179338	0.763667	0.194386	0.0336447	0.00830261	1.351146	4.042718
5112	-2095.5	-2249.704	154.2038	0.8460997	0.564509	0.367604	0.0575034	0.0103833	1.27509	4.271888
5118	-2097.806	-2251.891	154.0852	0.9810962	0.577384	0.367705	0.0445249	0.0103862	1.2904	4.25219
5124	-2097.475	-2253.525	156.0496	1.230179	0.721341	0.19942	0.0396059	0.039633	1.556794	2.808554
5130	-2094.784	-2248.035	153.2512	1.614567	0.801116	0.123057	0.058939	0.016888	1.284546	4.39843
5136	-2091.861	-2244.036	152.1751	1.614567	0.705449	0.147784	0.0911849	0.0555825	1.077465	5.115511
5142	-2083.454	-2237.396	153.9424	1.564291	0.789224	0.0989623	0.0811819	0.0306315	1.251717	4.048986
5148	-2083.001	-2236.84	153.8393	1.208072	0.789224	0.0989623	0.0811819	0.0306315	1.092232	4.378383
5154	-2078.974	-2232.224	153.2502	1.250319	0.742016	0.141809	0.084712	0.0314631	1.060612	4.70493
5160	-2083.083	-2236.272	153.1889	1.578659	0.68016	0.197389	0.0892882	0.0331628	1.19744	4.499538
5166	-2097.054	-2248.936	151.8814	1.832527	0.80752	0.169432	0.0190434	0.00400405	1.05544	5.192691
5172	-2073.261	-2228.291	155.0308	1.507536	0.791013	0.0683094	0.00884132	0.131836	1.354398	3.388616
5178	-2084.052	-2240.428	156.3759	1.219662	0.793274	0.106965	0.00886658	0.0908941	1.592257	2.592598
5184	-2074.504	-2230.955	156.4514	1.408481	0.738694	0.117055	0.0599927	0.0842585	1.434604	2.536709
5190	-2083.825	-2240.082	156.2569	1.551782	0.707253	0.212442	0.0660236	0.0142811	1.443775	2.574612
5196	-2066.438	-2223.267	156.8288	1.043186	0.641346	0.276793	0.0699453	0.0119154	1.608632	2.405455
5202	-2076.551	-2233.752	157.201	1.271987	0.906401	0.0282566	0.0558311	0.00951102	1.689948	1.969422
5208	-2058.754	-2215.77	157.0156	1.23034	0.791484	0.107229	0.0932306	0.0080564	1.646009	2.146491
5214	-2061.52	-2218.628	157.1075	1.23034	0.685018	0.191856	0.116162	0.00696408	1.554037	2.146491
5220	-2058.203	-2215.47	157.267	1.045604	0.665586	0.132821	0.186681	0.0149109	1.572069	2.146491
5226	-2072.459	-2229.804	157.3449	1.333898	0.672679	0.0493854	0.257378	0.0205576	1.792859	1.762026
5232	-2070.017	-2227.262	157.245	1.068506	0.712479	0.201409	0.0569484	0.0291641	1.657127	2.090511
5238	-2081.94	-2239.717	157.7776	1.360541	0.669858	0.188015	0.10152	0.0406067	1.753126	1.459247
5244	-2092.028	-2248.859	156.8311	1.286734	0.7757	0.155132	0.0590241	0.010144	1.531891	2.305326
5250	-2090.256	-2246.754	156.4984	1.286734	0.77492	0.147756	0.0562175	0.0211067	1.542169	2.508864
5256	-2088.616	-2244.734	156.1177	1.258289	0.776213	0.132133	0.0727786	0.018875	1.33909	2.88343
5262	-2083.413	-2238.973	155.5595	1.582353	0.555315	0.322449	0.118038	0.00419891	1.320277	3.058205
5268	-2070.341	-2224.875	154.5346	1.141121	0.574874	0.308266	0.112846	0.00401422	1.405741	3.840212
5274	-2074.824	-2231.289	156.4652	1.016206	0.614776	0.245671	0.135261	0.00429285	1.424714	2.761655
5280	-2078.31	-2233.351	155.0418	1.120501	0.670442	0.206959	0.118827	0.00377129	1.593191	3.449119
5286	-2089.205	-2245.434	156.2292	1.120501	0.813929	0.125363	0.0544102	0.00629808	1.500842	2.79675
5292	-2085.396	-2237.856	152.4598	1.425181	0.798879	0.150885	0.019178	0.0310579	1.044747	5.065904
5298	-2088.062	-2238.719	150.657	1.255672	0.636643	0.216748	0.123729	0.0228801	0.9022902	6.21758
5304	-2076.04	-2230.053	154.0137	1.224888	0.667178	0.142334	0.125706	0.0647826	1.157551	4.233854
5310	-2084.163	-2235.395	151.232	1.295214	0.638727	0.167617	0.132854	0.0608015	0.9791296	5.842314
5316	-2078.665	-2230.313	151.6487	1.295214	0.729509	0.14183	0.0772136	0.0514475	0.9881055	5.609121
5322	-2071.628	-2223.472	151.8444	1.60021	0.736322	0.155959	0.0816455	0.0260735	1.046586	5.32211
5328	-2068.447	-2220.665	152.2173	1.302933	0.652804	0.208887	0.103131	0.0351781	0.8885631	5.347167
5334	-2066.823	-2219.031	152.2078	1.154874	0.753093	0.0327112	0.194327	0.0198687	0.8529369	5.448315
5340	-2069.395	-2221.227	151.832	1.89728	0.813078	0.016735	0.154652	0.015535	0.7985611	5.334051
5346	-2074.894	-2226.893	151.999	1.196753	0.779028	0.0549749	0.151112	0.0148844	0.8067781	5.566666
5352	-2075.67	-2228.472	152.8025	1.196753	0.752392	0.0906121	0.152729	0.00426763	1.016758	5.006906
5358	-2077.873	-2230.952	153.0795	1.48337	0.773941	0.0541248	0.12846	0.0434743	0.927051	4.758083
5364	-2085.298	-2236.048	150.75	1.123081	0.601471	0.162168	0.218015	0.0183464	0.8472841	6.265149
5370	-2087.381	-2240.626	153.2451	1.504259	0.755947	0.0572474	0.163747	0.0230584	0.9075328	4.666297
5376	-2080.83	-2235.417	154.587	1.375632	0.684534	0.159197	0.148278	0.00799119	1.199545	3.803578
5382	-2077.071	-2231.376	154.3049	1.178816	0.670789	0.11007	0.19083	0.0283102	1.141788	4.102049
5388	-2076.316	-2231.014	154.6982	1.178816	0.621041	0.196182	0.154938	0.0278396	1.24924	3.815404
5394	-2079.193	-2234.866	155.673	1.100492	0.765731	0.146652	0.057115	0.0305026	1.473125	3.159351
5400	-2074.138	-2227.94	153.8022	1.1739	0.620911	0.141299	0.195778	0.0420113	1.209195	4.351535
5406	-2085.774	-2241.074	155.3004	1.470442	0.623711	0.259743	0.0881831	0.0283629	1.391004	3.227156
5412	-2085.848	-2239.881	154.0329	1.470442	0.657642	0.0148449	0.297608	0.0299059	1.31982	4.004415
5418	-2091.193	-2246.419	155.226	1.409365	0.823107	0.0185799	0.150167	0.00814644	1.364314	3.318462
5424	-2086.141	-2238.397	152.2561	1.545939	0.729629	0.130037	0.133113	0.00722127	1.15145	5.061645
5430	-2092.656	-2243.862	151.206	1.487181	0.779982	0.14412	0.0683218	0.00757608	0.8992183	5.806685
5436	-2090.813	-2243.223	152.4101	1.487181	0.497109	0.329412	0.156162	0.0173165	1.007386	5.084139
5442	-2088.674	-2238.568	149.8935	1.414738	0.700108	0.0281273	0.224506	0.0472586	0.777164	6.621333
5448	-2074.908	-2226.006	151.0976	1.414738	0.819496	0.0425686	0.127303	0.0106329	0.9048639	5.897527
5454	-2076.738	-2230.282	153.5433	1.161229	0.663102	0.164721	0.168195	0.00398158	1.138645	4.543897
5460	-2074.609	-2227.183	152.5742	1.165382	0.693997	0.141041	0.109769	0.0551927	0.9715217	5.175093
5466	-2073.668	-2227.413	153.7449	1.112097	0.692789	0.108114	0.141771	0.0573257	1.053073	4.505223
5472	-2074.548	-2228.702	154.1537	1.234186	0.651357	0.150762	0.179425	0.0184566	1.064449	4.202297
5478	-2073.071	-2224.716	151.6443	1.404449	0.760653	0.00826185	0.209532	0.0215536	0.9537511	5.576314
5484	-2070.742	-2223.622	152.8795	1.404449	0.854355	0.00689899	0.123077	0.0156692	1.219511	4.745105
5490	-2083.386	-2237.404	154.0184	1.464314	0.783853	0.020036	0.181508	0.014603	1.094701	4.144051
5496	-2099.351	-2254.332	154.9815	1.181905	0.600666	0.286402	0.104814	0.00811751	1.101555	3.735572
5502	-2104.986	-2258.717	153.731	1.350751	0.75011	0.108861	0.130892	0.0101371	1.252905	4.274442
5508	-2095.327	-2248.498	153.1711	1.221707	0.550772	0.324363	0.116623	0.00824266	1.022015	4.785659
5514	-2082.396	-2236.848	154.4519	1.08141	0.594632	0.271068	0.100379	0.0339217	1.287653	3.988448
5520	-2073.117	-2229.901	156.7839	1.120342	0.671402	0.0985668	0.194267	0.0357641	1.444259	2.489613
5526	-2078.999	-2232.946	153.9479	1.626454	0.848306	0.0520262	0.0942825	0.00538514	1.266799	4.007435
5532	-2081.61	-2235.658	154.0479	2.093215	0.622545	0.291329	0.0631467	0.0229792	1.254044	3.748292
5538	-2077.144	-2232.277	155.1329	1.756899	0.723344	0.201649	0.0689729	0.00603362	1.313296	3.230763
5544	-2074.767	-2229.752	154.9847	1.180178	0.738802	0.228894	0.0227862	0.00951789	1.208338	3.672947
5550	-2089.624	-2244.073	154.4485	1.180178	0.660499	0.183308	0.0563726	0.0998208	1.100648	4.042907
5556	-2081.564	-2236.327	154.7633	1.616412	0.873331	0.0650597	0.0222359	0.0393738	1.2636	3.544128
5562	-2076.608	-2231.097	154.4892	1.442406	0.748229	0.198458	0.0293027	0.0240106	1.361279	3.732618
5568	-2080.447	-2235.962	155.5149	1.093612	0.594973	0.281439	0.0587761	0.0648123	1.322559	3.345687
5574	-2082.17	-2239.602	157.4323	1.025108	0.637119	0.198215	0.119019	0.0456467	1.471713	2.117356
5580	-2078.945	-2234.91	155.9654	1.125172	0.747161	0.152391	0.0569889	0.0434591	1.331922	3.055006
5586	-2079.454	-2233.013	153.5593	1.269773	0.643938	0.215204	0.0833009	0.0575577	1.184742	4.451668
5592	-2077.951	-2230.333	152.3812	1.432877	0.674865	0.281345	0.0233697	0.0204208	1.141776	5.05188
5598	-2089.795	-2242.582	152.7871	0.8980169	0.57448	0.351717	0.0586738	0.0151293	1.101052	5.132185
5604	-2086.968	-2242.232	155.2641	0.8980169	0.576265	0.35281	0.0398572	0.0310682	1.337209	3.597988
5610	-2082.704	-2237.834	155.1304	1.055884	0.588355	0.369596	0.0346662	0.00738278	1.312144	3.597988
5616	-2100.642	-2257.319	156.6771	1.666408	0.793129	0.0319491	0.168222	0.00669953	1.434181	2.255179
5622	-2101.403	-2257.485	156.082	1.21978	0.565087	0.258386	0.159146	0.0173818	1.434181	2.869219
5628	-2096.77	-2252.873	156.1024	1.407305	0.67216	0.252514	0.0583389	0.0169868	1.328135	2.817459
5634	-2095.036	-2250.619	155.5835	1.150679	0.513852	0.402417	0.0754972	0.00823354	1.299821	3.286224
5640	-2093.579	-2249.21	155.6316	1.208429	0.698485	0.288551	0.00810147	0.00486217	1.196949	3.286224
5646	-2092.613	-2248.661	156.0478	1.442125	0.640881	0.281947	0.071848	0.00532391	1.272335	2.865802
5652	-2096.771	-2250.646	153.8746	1.198897	0.621468	0.145119	0.159488	0.0739248	1.053029	4.385453
5658	-2098.121	-2251.121	153.0002	1.417316	0.714756	0.0441532	0.183428	0.0576632	1.122424	4.725566
5664	-2097.138	-2250.371	153.2331	1.202163	0.721119	0.0204605	0.249948	0.00847242	1.080613	4.728541
5670	-2093.882	-2247.246	153.3635	1.089905	0.673387	0.091763	0.22715	0.00769966	1.057853	4.728541
5676	-2094.456	-2248.637	154.1813	1.471423	0.780976	0.131165	0.0794527	0.00840607	1.311575	3.923738
5682	-2102.002	-2256.913	154.9112	1.12631	0.586025	0.36709	0.0372389	0.00964667	1.338312	3.670073
5688	-2099.815	-2255.187	155.3719	1.12631	0.586449	0.202692	0.158527	0.0523326	1.298548	3.425068
5694	-2089.229	-2242.778	153.549	1.490285	0.737256	0.241022	0.0150718	0.00665032	1.038846	4.428595
5700	-2092.927	-2245.681	152.7541	1.061058	0.522469	0.194202	0.231415	0.0519137	1.13092	5.043004
5706	-2089.15	-2241.999	152.8494	0.9058207	0.608767	0.223743	0.107002	0.0604883	1.191513	5.043004
5712	-2090.307	-2245.443	155.1366	1.053745	0.610009	0.237931	0.113575	0.0384847	1.256973	3.627605
5718	-2084.386	-2238.707	154.32	1.163534	0.734727	0.161841	0.077254	0.0261774	1.193826	4.072042
5724	-2085.24	-2239.102	153.8622	1.349332	0.681619	0.0839358	0.221629	0.0128165	1.245264	4.20514
5730	-2099.291	-2253.011	153.7207	1.311583	0.619862	0.139985	0.177952	0.0622015	1.362793	4.238134
5736	-2101.184	-2257.405	156.2211	1.311583	0.563803	0.12113	0.256799	0.0582688	1.500993	2.691893
5742	-2101.197	-2256.401	155.2039	1.311583	0.677879	0.264315	0.0321662	0.0256396	1.352536	3.390064
5748	-2087.172	-2242.675	155.5025	1.118233	0.657457	0.294695	0.0107641	0.0370835	1.433282	3.273725
5754	-2097.259	-2254.629	157.37	1.111631	0.608752	0.320991	0.0117245	0.0585322	1.636278	1.993701
5760	-2096.088	-2253.571	157.4825	0.9852997	0.62396	0.144239	0.205818	0.0259828	1.608925	2.019947
5766	-2081.512	-2239.593	158.0813	1.015915	0.644564	0.279087	0.0677912	0.00855808	1.822683	1.423394
5772	-2086.019	-2241.658	155.6394	1.201399	0.592929	0.361927	0.0307804	0.0143638	1.453973	3.13332
5778	-2093.497	-2249.152	155.6548	0.8513982	0.511811	0.460145	0.0108254	0.017219	1.480078	3.314211
5784	-2085.406	-2240.444	155.0385	1.42566	0.6281	0.356334	0.00480482	0.0107611	1.351161	3.427806
5790	-2084.141	-2238.554	154.4135	1.413631	0.774299	0.176291	0.0305824	0.0188269	1.232326	3.865095
5796	-2077.897	-2229.406	151.5093	1.132561	0.757799	0.193845	0.0299307	0.0184257	1.226868	5.638437
5802	-2079.74	-2231.436	151.6958	1.407053	0.783812	0.15311	0.0124842	0.0505939	1.083709	5.475298
5808	-2085.788	-2237.236	151.4476	1.112198	0.696861	0.255772	0.0274068	0.0199597	1.035646	5.787815
5814	-2078.664	-2233.09	154.4256	1.274323	0.677646	0.208781	0.0979622	0.0156107	1.250543	3.919896
5820	-2071.649	-2223.222	151.5731	1.404358	0.740037	0.159891	0.0912664	0.00880552	0.9396081	5.623222
5826	-2081.617	-2233.927	152.31	1.488867	0.773614	0.109207	0.0678053	0.0493737	1.227597	5.016642
5832	-2085.667	-2238.404	152.7375	1.55767	0.673136	0.158944	0.134701	0.033219	1.130727	4.799768
5838	-2108.341	-2259.445	151.1039	1.794865	0.823087	0.0599459	0.106892	0.0100749	0.945897	5.697466
5844	-2094.823	-2248.497	153.6736	0.9971821	0.799649	0.0973031	0.0841113	0.0189369	1.151387	4.553651
5850	-2086.896	-2239.706	152.8093	1.503861	0.81045	0.034306	0.144093	0.0111515	1.108466	4.797829
5856	-2079.313	-2231.856	152.543	1.403992	0.804376	0.0509881	0.143013	0.00162287	1.142686	4.975702
5862	-2092.124	-2244.682	152.5579	1.618843	0.782491	0.0959884	0.116453	0.00506807	1.008243	4.939478
5868	-2087.642	-2239.987	152.3452	1.167961	0.807918	0.0789413	0.0957712	0.01737	0.9876001	5.291442
5874	-2079.821	-2232.896	153.0747	1.12113	0.775151	0.132031	0.0629358	0.0298816	0.9759072	4.918461
5880	-2070.251	-2222.759	152.5079	1.365071	0.675533	0.293921	0.0154767	0.015069	1.156232	5.007006
5886	-2082.893	-2233.196	150.303	1.365071	0.6992	0.25169	0.0118186	0.0372907	0.8465706	6.385911
5892	-2084.793	-2237.593	152.8001	1.483389	0.794936	0.126193	0.0485336	0.0303368	0.9826176	4.882985
5898	-2079.331	-2232.923	153.5919	1.209371	0.663481	0.208685	0.107191	0.0206429	1.159398	4.479276
5904	-2077.31	-2230.981	153.6713	1.007135	0.55267	0.355763	0.0806481	0.0109189	1.265362	4.485287
5910	-2081.798	-2235.582	153.7834	1.002769	0.535075	0.408381	0.0439135	0.0126308	1.220887	4.44969
5916	-2079.066	-2234.091	155.0259	0.9616003	0.580784	0.38283	0.0245458	0.0118405	1.247536	3.750275
5922	-2093.902	-2248.568	154.6662	1.358015	0.570111	0.327483	0.0317552	0.0706513	1.186658	3.774518
5928	-2103.994	-2258.634	154.6401	1.224841	0.860205	0.0669078	0.03124	0.0416469	1.120852	3.89766
5934	-2092.404	-2246.206	153.8021	2.361338	0.864524	0.0523595	0.00119004	0.0819269	1.223023	3.798135
5940	-2091.456	-2247.516	156.06	1.309161	0.875058	0.0877754	0.00196549	0.0352011	1.415105	2.843996
5946	-2095.501	-2249.605	154.104	1.517818	0.844984	0.12767	0.00846747	0.018879	1.236272	3.988127
5952	-2086.881	-2242.035	155.154	1.068901	0.719885	0.233539	0.0144215	0.0321541	1.236272	3.620862
5958	-2080.221	-2234.187	153.9658	1.068901	0.767277	0.199074	0.0122932	0.0213562	1.137571	4.356828
5964	-2083.91	-2237.84	153.9299	1.75809	0.919157	0.0134415	0.0335234	0.0338779	1.301282	3.936567
5970	-2083.389	-2237.115	153.7256	1.166489	0.590941	0.364187	0.0222129	0.0226591	1.005039	4.513738
5976	-2085.728	-2239.265	153.5379	0.9836376	0.689544	0.258097	0.0259193	0.02644	1.047144	4.69581
5982	-2080.285	-2234.053	153.7675	1.060793	0.656937	0.29202	0.00676279	0.0442799	1.028151	4.534683
5988	-2078.713	-2233.511	154.7979	0.913268	0.751268	0.158183	0.0665633	0.0239858	1.073503	4.009252
5994	-2079.471	-2235.302	155.8314	1.15311	0.876045	0.0714312	0.0389789	0.0135448	1.341736	3.113123
6000	-2086.888	-2243.379	156.4914	1.327321	0.894933	0.040509	0.0319252	0.0326323	1.341858	2.614589
6006	-2091.844	-2244.22	152.3762	1.512837	0.717346	0.116005	0.107914	0.058735	1.289761	4.933839
6012	-2099.188	-2248.792	149.6041	1.271543	0.842656	0.00795397	0.11334	0.0360499	0.8576956	6.804058
6018	-2107.149	-2259.449	152.3004	1.367741	0.742058	0.00224765	0.194015	0.06168	1.148661	5.124973
6024	-2108.986	-2259.124	150.1382	1.170037	0.687168	0.162266	0.090044	0.0605219	0.8955486	6.546391
6030	-2090.146	-2240.73	150.5843	1.170037	0.712775	0.168312	0.0274386	0.0914742	0.9915592	6.25232
6036	-2091.102	-2245.05	153.948	1.109273	0.582806	0.383293	0.0116621	0.0222393	1.099999	4.365872
6042	-2097.535	-2252.421	154.8852	1.229894	0.839035	0.0338725	0.0770525	0.05004	1.193533	3.711977
6048	-2087.721	-2242.843	155.1218	0.9584551	0.636472	0.286186	0.0672209	0.0101212	1.221177	3.711977
6054	-2079.864	-2234.313	154.4493	1.080139	0.743373	0.129978	0.110075	0.0165736	1.569571	3.829044
6060	-2076.099	-2230.773	154.6737	1.007802	0.674534	0.244022	0.0776775	0.00376639	1.450914	3.809276
6066	-2071.603	-2227.565	155.9624	1.300632	0.852989	0.109918	0.0334214	0.00367158	1.594381	2.799108
6072	-2076.163	-2232.355	156.1914	1.347906	0.702714	0.232649	0.0629194	0.00171776	1.482958	2.701015
6078	-2083.46	-2239.957	156.4968	1.295735	0.698199	0.0347633	0.258308	0.00872973	1.525503	2.515081
6084	-2090.618	-2245.093	154.4748	1.691326	0.912456	0.0148533	0.0592779	0.0134131	1.197946	3.713653
6090	-2088.143	-2243.034	154.8906	1.563957	0.73985	0.0434588	0.147683	0.069009	1.351876	3.444013
6096	-2078.775	-2232.505	153.7299	1.361707	0.806443	0.0347778	0.120935	0.0378446	1.032199	4.39425
6102	-2086.187	-2242.418	156.2304	1.386086	0.783134	0.144576	0.0375462	0.0347432	1.311142	2.761304
6108	-2087.477	-2242.798	155.3213	1.618767	0.816988	0.133752	0.0386366	0.0106234	1.225484	3.237989
6114	-2097.079	-2252.61	155.5314	1.019476	0.679774	0.228785	0.0534185	0.0380225	1.219196	3.43943
6120	-2091.925	-2245.312	153.3869	1.075059	0.636812	0.302085	0.0505507	0.0105525	1.004556	4.75332
6126	-2095.331	-2249.087	153.7561	1.135888	0.797727	0.0973312	0.0813064	0.023635	0.9473647	4.545485
6132	-2081.909	-2232.367	150.458	1.166987	0.683558	0.162225	0.135202	0.0190157	0.9506065	6.34478
6138	-2091.037	-2243.175	152.1383	1.581455	0.773005	0.181558	0.0302253	0.0152115	1.06473	5.158368
6144	-2090.464	-2243.274	152.8106	1.550953	0.821483	0.143131	0.0321208	0.00326573	1.087823	4.786132
6150	-2078.935	-2233.906	154.9712	0.9811885	0.795767	0.134642	0.0250776	0.0445137	1.401827	3.681355
6156	-2078.98	-2233.422	154.4419	1.212291	0.739808	0.167353	0.0315633	0.0612756	1.134956	4.009772
6162	-2084.837	-2240.788	155.951	1.367218	0.743659	0.241281	0.00676505	0.00829534	1.287046	2.955491
6168	-2078.873	-2232.084	153.2109	1.367218	0.732223	0.252736	0.0027769	0.0122644	1.139045	4.623246
6174	-2098.075	-2251.052	152.9773	1.521344	0.858178	0.0936155	0.00955426	0.0386527	1.163963	4.664428
6180	-2086.626	-2241.926	155.2995	1.277853	0.721565	0.252527	0.011854	0.0140537	1.155225	3.467672
6186	-2079.763	-2234.073	154.3102	0.9354468	0.554716	0.414411	0.0118258	0.0190472	1.07711	4.271685
6192	-2082.459	-2236.504	154.0449	1.034351	0.553761	0.413697	0.0135279	0.0190144	1.150241	4.324218
6198	-2093.484	-2245.986	152.5021	1.352855	0.62867	0.309173	0.0324824	0.0296746	1.043757	5.07875
6204	-2086.88	-2240.072	153.1921	1.199792	0.637663	0.32026	0.036062	0.00601445	0.9214629	4.841524
6210	-2081.04	-2235.806	154.7662	1.199792	0.73601	0.133973	0.125979	0.00403926	1.289112	3.741858
6216	-2076.548	-2231.774	155.2267	1.205399	0.719238	0.101714	0.125395	0.0536535	1.27236	3.481235
6222	-2078.918	-2234.218	155.3006	1.547216	0.787017	0.159983	0.0342761	0.0187239	1.401626	3.181643
6228	-2075.12	-2230.526	155.406	1.22145	0.701081	0.124567	0.146768	0.0275841	1.313369	3.343306
6234	-2088.688	-2244.27	155.5821	1.22145	0.793753	0.0113199	0.166168	0.0287593	1.344827	3.220882
6240	-2081.572	-2233.974	152.4014	1.54186	0.642004	0.0891253	0.171696	0.0971744	1.087745	5.018296
6246	-2072.939	-2223.911	150.9718	1.75718	0.715873	0.105238	0.162816	0.0160729	1.037971	5.73585
6252	-2081.136	-2234.194	153.0579	1.264955	0.719203	0.105382	0.129541	0.0458739	1.041261	4.8156
6258	-2081.646	-2235.515	153.8688	0.962141	0.612603	0.208534	0.166847	0.0120157	1.121355	4.480605
6264	-2071.102	-2222.9	151.798	1.229522	0.692397	0.235696	0.0558596	0.0160474	1.184804	5.452369
6270	-2082.251	-2236.4	154.1492	1.419718	0.694148	0.223526	0.0602776	0.0220474	1.184804	4.040492
6276	-2086.088	-2238.342	152.2545	1.105652	0.591155	0.349627	0.0516926	0.00752483	1.438907	5.125107
6282	-2090.129	-2244.333	154.2038	1.105652	0.747613	0.0701071	0.168538	0.0137424	1.240724	4.143221
6288	-2087.088	-2239.514	152.4259	1.205332	0.624962	0.160527	0.203394	0.0111181	1.135943	5.145204
6294	-2093.312	-2245.283	151.9713	1.782143	0.744705	0.123939	0.10207	0.0292854	0.8432331	5.282337
6300	-2079.332	-2232.626	153.2942	1.503043	0.848546	0.00230217	0.128083	0.0210696	1.067295	4.549749
6306	-2083.87	-2236.66	152.7907	1.620373	0.900904	0.00154469	0.0803635	0.0171883	1.058571	4.780952
6312	-2084.477	-2238.524	154.0473	1.684273	0.866727	0.00328203	0.107965	0.0220258	1.284933	3.912914
6318	-2075.347	-2230.431	155.084	1.558288	0.778943	0.0109983	0.187952	0.0221073	1.464168	3.267239
6324	-2086.004	-2241.334	155.3298	1.332482	0.7323	0.157702	0.0835096	0.0264887	1.416383	3.267239
6330	-2081.758	-2236.826	155.0684	1.412894	0.84777	0.0835636	0.0431357	0.025531	1.366868	3.4077
6336	-2072.108	-2224.994	152.8863	1.330289	0.724118	0.243143	0.008118	0.0246205	1.237369	4.768512
6342	-2087.313	-2239.699	152.3862	1.185779	0.629072	0.134314	0.231964	0.00464935	1.055305	5.221986
6348	-2074.182	-2229.233	155.0513	1.770819	0.786062	0.125205	0.0877003	0.00103323	1.175269	3.353673
6354	-2087.524	-2242.804	155.2802	1.2996	0.556382	0.189992	0.25199	0.00163588	1.330691	3.364521
6360	-2085.194	-2241.112	155.9179	1.177462	0.535707	0.383516	0.0803997	0.000376906	1.35176	3.041628
6366	-2088.474	-2244.718	156.244	1.703236	0.606738	0.249339	0.143437	0.000485642	1.379179	2.544516
6372	-2086.946	-2243.666	156.72	1.273861	0.687611	0.266991	0.0445444	0.000852989	1.426445	2.449961
6378	-2095.923	-2252.683	156.7596	1.273861	0.627909	0.267253	0.100145	0.00469326	1.430507	2.422478
6384	-2088.957	-2246.06	157.1024	0.9035463	0.562187	0.303645	0.132008	0.00216002	1.448655	2.422478
6390	-2089.31	-2245.472	156.162	1.351432	0.801918	0.120737	0.0763578	0.000987172	1.48892	2.713399
6396	-2091.185	-2247.449	156.2636	1.148266	0.763412	0.0205201	0.214968	0.00110053	1.403063	2.819077
6402	-2094.864	-2251.498	156.6343	1.104207	0.59388	0.233846	0.171284	0.000989138	1.372722	2.636693
6408	-2085.375	-2239.393	154.0187	1.288627	0.710971	0.269273	0.0183915	0.00136474	1.161876	4.195006
6414	-2081.647	-2235.132	153.4852	1.784483	0.642887	0.332703	0.0227239	0.00168622	1.271642	4.195006
6420	-2093.872	-2247.84	153.9677	1.68975	0.693215	0.264314	0.0378976	0.00457368	1.219155	3.993587
6426	-2096.713	-2249.038	152.3246	1.59401	0.738707	0.131061	0.0601477	0.0700834	1.239446	4.952183
6432	-2085.44	-2238.959	153.5185	1.314067	0.687458	0.206694	0.0815487	0.0242986	1.026231	4.540898
6438	-2093.46	-2248.458	154.9981	0.9415551	0.622154	0.348941	0.0208893	0.00801575	1.157226	3.830008
6444	-2089.438	-2244.497	155.0581	1.090075	0.758011	0.0779402	0.155977	0.00807158	1.605679	3.449541
6450	-2085.015	-2240.875	155.8594	1.620238	0.634169	0.0652065	0.241974	0.0586502	1.606876	2.68377
6456	-2077.982	-2235.307	157.3252	0.9129875	0.706334	0.218696	0.0471588	0.0278111	1.706351	2.107829
6462	-2069.54	-2224.741	155.2012	1.042973	0.61352	0.326024	0.0430441	0.0174117	1.45296	3.482199
6468	-2074.95	-2231.693	156.7434	1.145309	0.732632	0.20547	0.0457799	0.0161182	1.493549	2.469056
6474	-2076.903	-2232.331	155.4281	1.069356	0.702948	0.261449	0.0214671	0.0141356	1.630165	3.229474
6480	-2079.937	-2235.366	155.4293	1.154058	0.734299	0.226748	0.0220178	0.0169353	1.546914	3.229474
6486	-2097.227	-2253.621	156.3939	1.146696	0.720234	0.222405	0.0352643	0.022097	1.841205	2.469408
6492	-2091.938	-2243.69	151.752	1.532819	0.745124	0.122867	0.112271	0.0197381	1.084013	5.38388
6498	-2080.267	-2232.277	152.01	1.209729	0.765438	0.16462	0.0640599	0.00588208	1.115676	5.38388
6504	-2079.266	-2231.083	151.8173	1.288562	0.664011	0.26497	0.0615516	0.00946772	0.982944	5.522669
6510	-2073.594	-2224.181	150.587	1.064791	0.687006	0.281144	0.0215632	0.0102872	1.112239	6.240614
6516	-2076.448	-2228.789	152.3415	1.340599	0.700321	0.256975	0.0166869	0.0260172	1.377669	4.988662
6522	-2075.186	-2230.249	155.0633	1.277212	0.705154	0.235786	0.0247771	0.0342828	1.52499	3.389836
6528	-2069.578	-2224.494	154.9158	1.243171	0.631561	0.303229	0.0221913	0.0430184	1.314149	3.61723
6534	-2073.614	-2227.771	154.157	1.161978	0.689501	0.260837	0.0126572	0.0370044	1.323522	4.091905
6540	-2067.238	-2221.364	154.1262	1.580073	0.820572	0.114402	0.0231553	0.04187	1.403179	3.849436
6546	-2072.086	-2226.785	154.6988	1.277847	0.847564	0.116229	0.00354474	0.0326622	1.406601	3.670804
6552	-2085.484	-2238.097	152.6131	1.205197	0.609216	0.319769	0.0152313	0.055784	1.024724	5.103158
6558	-2086.436	-2238.344	151.9073	0.721055	0.437274	0.431687	0.0281051	0.102934	0.9641995	5.793565
6564	-2086.661	-2238.349	151.6884	1.216919	0.614317	0.308849	0.0251769	0.0516568	1.11975	5.554925
6570	-2087.272	-2239.618	152.3452	0.9326133	0.510191	0.389488	0.086519	0.0138017	1.184062	5.311073
6576	-2088.211	-2241.712	153.5012	1.416514	0.718054	0.188934	0.0823	0.0107115	1.159267	4.424035
6582	-2092.71	-2244.157	151.4469	1.256567	0.73207	0.182906	0.0640362	0.0209871	1.41063	5.5074
6588	-2079.106	-2232.463	153.3571	1.152589	0.657638	0.246418	0.0676687	0.0282747	1.101778	4.673675
6594	-2100.291	-2255.187	154.8956	1.509055	0.702846	0.263358	0.0331246	0.000671777	1.294833	3.501766
6600	-2087.121	-2240.292	153.1709	1.091982	0.700672	0.262543	0.0330222	0.00376207	1.349922	4.671712
6606	-2090.083	-2244.844	154.7602	1.045696	0.839402	0.131379	0.0262307	0.00298835	1.163521	3.903115
6612	-2086.654	-2242.212	155.5585	1.145208	0.730443	0.226668	0.0402881	0.00260045	1.474385	3.200964
6618	-2073.523	-2227.056	153.5326	1.356917	0.712557	0.259499	0.0241445	0.00379956	1.508449	4.238918
6624	-2064.464	-2218.541	154.0773	1.214593	0.759699	0.16193	0.076182	0.00218874	1.468736	4.026119
6630	-2067.781	-2219.884	152.1037	1.214593	0.725278	0.213969	0.0577624	0.00299092	1.327832	5.212503
6636	-2068.869	-2223.353	154.4835	1.247111	0.850324	0.0599513	0.0871806	0.00254391	1.369449	3.832881
6642	-2076.227	-2229.398	153.1713	1.115375	0.658924	0.242401	0.0959831	0.00269179	1.318393	4.676473
6648	-2073.911	-2226.077	152.1656	1.278108	0.75418	0.192388	0.0502403	0.00319223	1.199462	5.216568
6654	-2082.112	-2236.773	154.6611	1.672799	0.83389	0.0626593	0.102601	0.000850129	1.452267	3.466472
6660	-2076.68	-2231.223	154.5427	1.0985	0.677803	0.19958	0.121619	0.00099883	1.417578	3.852417
6666	-2083.569	-2238.362	154.7932	1.673257	0.805911	0.114297	0.0796003	0.00019159	1.28339	3.487699
6672	-2093.674	-2247.896	154.223	1.097352	0.814879	0.0512822	0.1336	0.000238809	1.206971	4.156092
6678	-2080.377	-2234.554	154.1772	1.279979	0.801716	0.0979488	0.0995033	0.000831834	1.173299	4.102947
6684	-2088.01	-2242.804	154.7941	1.487601	0.737304	0.197249	0.0645708	0.000876346	1.10698	3.680634
6690	-2090.644	-2242.606	151.9624	1.641935	0.835495	0.09569	0.0677313	0.00108384	1.011646	5.257052
6696	-2093.405	-2245.014	151.6086	1.952486	0.858697	0.0467362	0.092447	0.00211947	1.119131	5.257052
6702	-2087.923	-2241.364	153.4413	1.645609	0.813761	0.0973568	0.0876092	0.00127279	1.232391	4.305955
6708	-2090.63	-2245.524	154.8943	1.956777	0.846207	0.0857756	0.0663331	0.00168469	1.241531	3.321839
6714	-2085.976	-2239.841	153.8651	1.296047	0.82558	0.128146	0.0458183	0.000455108	1.102009	4.312097
6720	-2083.526	-2235.153	151.6264	1.826469	0.668898	0.233259	0.0944817	0.00336136	1.241461	5.233446
6726	-2090.717	-2246.396	155.6783	1.300913	0.813891	0.114915	0.0706884	0.000505505	1.332172	3.127604
6732	-2082.819	-2236.97	154.1507	1.158162	0.776704	0.109609	0.113282	0.000405123	1.275474	4.124889
6738	-2079.454	-2231.003	151.5488	1.464115	0.668536	0.262188	0.0607299	0.0085467	0.9300244	5.612971
6744	-2081.774	-2235.544	153.7695	1.455672	0.591624	0.232767	0.165319	0.0102893	0.9358515	4.37929
6750	-2077.185	-2230.771	153.5864	1.379786	0.699487	0.0928874	0.19546	0.0121653	1.136332	4.407312
6756	-2077.98	-2229.801	151.8214	1.56791	0.847552	0.0873354	0.046744	0.0183689	1.019228	5.364908
6762	-2080.071	-2233.167	153.0961	1.158639	0.68958	0.227325	0.0739154	0.00917968	1.090036	4.822829
6768	-2080.693	-2235.045	154.3527	1.110405	0.652203	0.239685	0.0779341	0.030178	1.2723	4.037763
6774	-2080.048	-2236.495	156.4465	1.391479	0.837497	0.0550968	0.0596163	0.0477898	1.555233	2.473823
6780	-2082.804	-2237.134	154.3293	1.330896	0.752348	0.0892358	0.0898656	0.0685506	1.523858	3.788446
6786	-2088.911	-2242.73	153.8185	1.330896	0.781492	0.0798107	0.0674911	0.0712061	1.018344	4.367753
6792	-2072.171	-2224.472	152.3013	1.292624	0.78697	0.106353	0.0793812	0.0272949	1.003371	5.242611
6798	-2070.924	-2224.647	153.7236	1.325719	0.834676	0.0801989	0.0633447	0.0217808	1.227674	4.30572
6804	-2072.927	-2228.473	155.5455	1.040508	0.75122	0.145358	0.0774944	0.0259277	1.351091	3.341548
6810	-2084.213	-2240.352	156.1392	1.125038	0.678799	0.19107	0.120297	0.00983373	1.507972	2.844456
6816	-2093.049	-2247.076	154.0275	1.435465	0.706967	0.185193	0.0989326	0.00890703	1.350741	4.007306
6822	-2085.123	-2240.318	155.1953	1.258433	0.687648	0.193003	0.0468027	0.0725457	1.332294	3.435587
6828	-2074.96	-2229.657	154.6963	1.107456	0.687477	0.191683	0.0473874	0.073452	1.326372	3.811522
6834	-2076.962	-2232.582	155.6204	1.107456	0.642366	0.321146	0.00712639	0.0293622	1.488916	3.177221
6840	-2068.913	-2223.561	154.6479	1.426282	0.741855	0.174078	0.0457992	0.038268	1.465482	3.588612
6846	-2067.516	-2221.989	154.4732	1.353759	0.706675	0.246181	0.0106905	0.0364533	1.242018	3.855927
6852	-2071.531	-2226.269	154.738	1.353759	0.795072	0.122631	0.0412834	0.0410132	1.306973	3.665779
6858	-2087.227	-2242.657	155.4295	1.264772	0.770458	0.0956181	0.0299689	0.103955	1.140367	3.407371
6864	-2085.653	-2240.178	154.5246	1.202743	0.680556	0.247888	0.0533414	0.0182143	1.382328	3.825693
6870	-2081.601	-2235.839	154.2374	0.9608746	0.603681	0.343013	0.0350036	0.0183025	1.113531	4.277675
6876	-2096.976	-2250.357	153.381	1.053517	0.603681	0.343013	0.0350036	0.0183025	1.194779	4.662076
6882	-2096.345	-2250.311	153.9657	0.916077	0.572764	0.380761	0.0233163	0.0231588	0.8904947	4.582203
6888	-2102.395	-2254.3	151.9048	1.351948	0.62693	0.316032	0.0420039	0.0150337	0.8085491	5.538731
6894	-2104.755	-2257.016	152.2612	0.9571271	0.650774	0.266437	0.0671832	0.0156054	0.9916491	5.449679
6900	-2090.584	-2244.798	154.2146	1.367771	0.62682	0.328487	0.0169751	0.0277184	1.241626	3.997098
6906	-2087.782	-2241.135	153.3526	1.367771	0.616153	0.34113	0.0176285	0.0250882	1.138836	4.543543
6912	-2075.309	-2229.91	154.6004	1.29078	0.839607	0.0824704	0.0240216	0.0539013	1.152703	3.867033
6918	-2068.928	-2221.167	152.2396	1.210308	0.663006	0.238317	0.0179812	0.0806963	1.156978	5.234068
6924	-2066.699	-2221.826	155.1267	1.226912	0.713984	0.227551	0.0483587	0.0101062	1.359171	3.47714
6930	-2083.672	-2237.954	154.2823	1.022062	0.622056	0.287966	0.0567587	0.0332193	1.252628	4.138508
6936	-2078.76	-2233.502	154.7421	0.9788297	0.773577	0.147228	0.0757914	0.00340419	1.076388	4.001464
6942	-2093.108	-2248.624	155.5158	1.055747	0.709958	0.126426	0.161042	0.00257403	1.241542	3.414483
6948	-2084.524	-2240.524	155.9998	1.184704	0.77918	0.0975617	0.120582	0.00267611	1.362171	2.982192
6954	-2089.445	-2244.259	154.8141	1.282396	0.719531	0.246071	0.0299678	0.00442989	1.323007	3.65005
6960	-2098.8	-2250.273	151.4735	1.393965	0.742584	0.135948	0.0914252	0.0300425	1.098832	5.595564
6966	-2106.964	-2259.402	152.4379	1.381352	0.613945	0.271073	0.0849013	0.0300804	0.9439624	5.155459
6972	-2100.593	-2253.399	152.8059	1.379138	0.716383	0.137678	0.0754346	0.0705048	0.9639124	4.941217
6978	-2090.938	-2241.911	150.973	1.506114	0.75909	0.120267	0.0590539	0.0615889	1.036441	5.850134
6984	-2096.097	-2247.816	151.7191	1.43208	0.710328	0.0599975	0.210535	0.0191393	0.9085257	5.546666
6990	-2101.408	-2250.477	149.0694	1.331716	0.738669	0.0193262	0.218935	0.0230691	1.047453	6.960356
6996	-2094.675	-2245.774	151.0984	1.099606	0.713867	0.0159516	0.261892	0.00828848	0.8517196	6.085585
7002	-2091.579	-2243.912	152.3338	1.559056	0.768455	0.0171714	0.21086	0.00351386	1.031721	5.078775
7008	-2096.697	-2249.6	152.9023	0.8953384	0.81151	0.0310217	0.15484	0.00262772	1.084893	5.078775
7014	-2095.452	-2247.579	152.1269	1.10028	0.43882	0.42709	0.113369	0.0207202	1.29385	5.278842
7020	-2099.574	-2253.755	154.1812	1.325278	0.606707	0.245119	0.0650657	0.0831088	1.16396	4.082359
7026	-2085.118	-2238.743	153.6248	1.506711	0.673314	0.182394	0.111112	0.0331797	1.125227	4.32906
7032	-2091.547	-2244.613	153.066	1.880827	0.846307	0.0085361	0.0945467	0.0506104	1.084818	4.494687
7038	-2087.369	-2240.331	152.9625	1.880827	0.817092	0.00820327	0.091283	0.0834215	0.9287396	4.640408
7044	-2082.568	-2235.098	152.5302	1.397635	0.810833	0.0158009	0.0905837	0.0827825	0.9729503	5.080175
7050	-2081.876	-2234.38	152.5037	1.426167	0.791819	0.00900336	0.137297	0.0618803	0.9742187	5.080175
7056	-2099.466	-2252.131	152.6645	1.209576	0.822502	0.00865733	0.113754	0.0550869	1.01069	5.080175
7062	-2100.167	-2252.698	152.5317	1.320239	0.834752	0.00944927	0.124159	0.0316393	1.041118	5.080175
7068	-2104.714	-2259.084	154.37	1.600216	0.848421	0.009604	0.130858	0.0111172	1.153125	3.843255
7074	-2090.325	-2243.229	152.9034	1.474074	0.814412	0.00997699	0.16186	0.0137511	0.9853477	4.828368
7080	-2092.625	-2246.014	153.3888	1.484347	0.732044	0.101894	0.0327995	0.133262	1.188898	4.437184
7086	-2103.021	-2255.602	152.5806	1.484347	0.781336	0.00285804	0.0735709	0.142235	1.661412	4.62587
7092	-2087.406	-2240.501	153.0951	1.894902	0.879547	0.0030802	0.10661	0.0107626	1.450155	4.265876
7098	-2085.458	-2239.479	154.0205	1.494123	0.687175	0.0231507	0.258872	0.0308021	1.127054	4.109695
7104	-2088.168	-2241.974	153.8058	1.174565	0.601292	0.0623039	0.300633	0.035771	1.051013	4.438386
7110	-2078.981	-2232.452	153.4713	1.197844	0.727591	0.0466192	0.145681	0.0801093	1.293139	4.478003
7116	-2088.034	-2240.934	152.9005	0.9485538	0.55783	0.140151	0.190047	0.111972	1.08239	5.051017
7122	-2082.712	-2234.579	151.8667	1.389337	0.689646	0.137096	0.120968	0.0522899	0.9085565	5.486292
7128	-2089.654	-2238.97	149.3159	0.9699251	0.596161	0.224495	0.134142	0.0452018	0.9110196	7.087622
7134	-2084.159	-2236.897	152.7388	1.222626	0.678949	0.186968	0.0727827	0.0613003	0.9862552	5.045702
7140	-2078.467	-2233.275	154.8087	0.9169781	0.672199	0.147046	0.1561	0.0246552	1.15223	3.955906
7146	-2095.39	-2249.415	154.0245	0.8863126	0.667754	0.258391	0.0520577	0.0217975	1.271178	4.351957
7152	-2093.371	-2243.747	150.3758	1.960223	0.805534	0.0321617	0.103698	0.0586068	0.9500586	6.023087
7158	-2092.438	-2242.875	150.4374	1.285527	0.605872	0.300291	0.0497562	0.0440804	1.155169	6.184488
7164	-2087.915	-2241.913	153.9981	1.250896	0.639023	0.283447	0.0424967	0.0350329	1.163502	4.225574
7170	-2089.4	-2245.122	155.7217	0.8631493	0.641646	0.252299	0.0708786	0.0351767	1.237048	3.410519
7176	-2088.713	-2243.873	155.1599	0.9902229	0.66151	0.225546	0.0814979	0.0314467	1.286414	3.633658
7182	-2086.96	-2241.578	154.6181	1.143247	0.680394	0.231984	0.0838245	0.00379668	1.353154	3.821292
7188	-2080.04	-2233.46	153.4207	1.012385	0.665663	0.242105	0.0864524	0.00578021	1.17708	4.672565
7194	-2087.077	-2239.52	152.4424	1.433008	0.746051	0.133918	0.108156	0.011875	1.060027	5.06324
7200	-2090.983	-2242.128	151.1446	1.600453	0.690912	0.257263	0.043428	0.00839721	1.036341	5.712423
7206	-2081.213	-2235.985	154.7721	1.094431	0.725741	0.205947	0.0456172	0.0226948	1.21322	3.840325
7212	-2091.215	-2247.096	155.8805	1.094431	0.636248	0.295445	0.0484108	0.0198963	1.408907	3.077564
7218	-2083.877	-2239.836	155.9598	1.367571	0.83796	0.0681104	0.0847419	0.00918802	1.35769	2.907396
7224	-2071.945	-2226.988	155.0431	1.160411	0.790947	0.123251	0.0771288	0.00867254	1.428997	3.521801
7230	-2081.162	-2235.213	154.0507	1.110357	0.621963	0.298579	0.0606505	0.0188075	1.28312	4.203482
7236	-2078.788	-2233.653	154.8659	1.088872	0.707053	0.202618	0.068948	0.0213805	1.481032	3.634705
7242	-2062.123	-2216.565	154.4418	1.333545	0.714114	0.197396	0.0700605	0.0184291	1.524386	3.721854
7248	-2065.911	-2221.28	155.3693	1.346971	0.778952	0.0783502	0.109655	0.0330435	1.546553	3.158976
7254	-2063.227	-2220.108	156.8803	1.178757	0.836328	0.074933	0.0711411	0.0175976	1.654522	2.259888
7260	-2065.351	-2222.48	157.1295	1.157456	0.708738	0.171135	0.0864561	0.0336709	1.785196	2.025305
7266	-2080.823	-2238.085	157.2622	1.078598	0.620367	0.320708	0.0118339	0.0470907	1.769974	1.997876
7272	-2063.533	-2221.007	157.4736	1.070448	0.818404	0.151495	0.0075492	0.0225518	1.774562	1.85741
7278	-2070.272	-2227.058	156.7866	1.313299	0.731577	0.121921	0.0646855	0.0818165	1.558904	2.300998
7284	-2078.035	-2234.303	156.2675	1.154622	0.662799	0.0891337	0.15678	0.0912869	1.38698	2.822759
7290	-2079.667	-2235.958	156.2915	0.9196913	0.697369	0.13057	0.0383364	0.133725	1.401668	2.939993
7296	-2071.259	-2228.067	156.8079	1.157969	0.733973	0.215047	0.0470558	0.00392501	1.417674	2.468614
7302	-2074.921	-2230.924	156.003	1.157969	0.72173	0.0944336	0.18015	0.00368672	1.292163	3.037461
7308	-2076.712	-2231.543	154.8311	1.157969	0.777632	0.0952608	0.0333993	0.0937076	1.172526	3.794512
7314	-2082.38	-2235.872	153.4917	1.157969	0.754479	0.103872	0.0394699	0.102179	1.268403	4.501729
7320	-2093.394	-2245.751	152.3568	1.809621	0.800057	0.110147	0.0418543	0.0479414	1.133806	4.895365
7326	-2091.539	-2247.914	156.3755	1.371765	0.70301	0.188096	0.0604521	0.0484424	1.327231	2.670356
7332	-2086.569	-2243.103	156.5342	0.8183574	0.572935	0.364549	0.0347056	0.0278109	1.323652	2.903835
7338	-2074.968	-2230.586	155.6187	0.861476	0.568894	0.275861	0.127631	0.0276147	1.380538	3.387763
7344	-2077.27	-2232.789	155.5196	0.861476	0.605269	0.293499	0.048628	0.0526042	1.315485	3.483843
7350	-2087.507	-2242.649	155.1422	1.406255	0.822157	0.0409627	0.0654267	0.071454	1.458554	3.313953
7356	-2090.397	-2246.256	155.8586	1.650954	0.949421	0.003805	0.0338578	0.0129165	1.309954	2.849946
7362	-2098.304	-2255.092	156.7878	0.8206611	0.579946	0.310028	0.0595551	0.0504702	1.625117	2.562551
7368	-2087.7	-2243.204	155.5039	0.9677335	0.69665	0.230959	0.06603	0.00636136	1.248353	3.46875
7374	-2086.545	-2240.696	154.1516	0.9325634	0.688372	0.280145	0.022953	0.00852943	1.283634	4.246216
7380	-2081.848	-2234.302	152.4543	1.291633	0.825289	0.0595523	0.105214	0.00994547	1.248483	5.022556
7386	-2079.514	-2232.113	152.5998	1.372228	0.773427	0.0936709	0.103725	0.0291765	0.9404455	5.072206
7392	-2077.328	-2231.935	154.6071	1.231917	0.696942	0.183856	0.0978522	0.0213497	1.122778	3.911685
7398	-2085.391	-2237.542	152.1512	1.450707	0.737333	0.190807	0.060475	0.0113848	0.9783098	5.26109
7404	-2083.4	-2236.882	153.4824	1.195021	0.789297	0.0949327	0.10301	0.0127604	1.12676	4.566772
7410	-2078.701	-2230.459	151.7578	1.701975	0.71892	0.0696428	0.171249	0.040188	1.10284	5.292489
7416	-2092.059	-2244.493	152.4337	0.9462422	0.530518	0.325578	0.127061	0.016844	1.242999	5.221923
7422	-2074.816	-2228.61	153.7943	1.484042	0.68951	0.23977	0.0409599	0.0297597	1.235692	4.181531
7428	-2072.092	-2226.004	153.9121	1.252481	0.739467	0.223127	0.0110908	0.0263147	1.127389	4.293881
7434	-2077.479	-2232.724	155.2449	1.063657	0.608624	0.345699	0.0379393	0.00773761	1.288964	3.540403
7440	-2092.025	-2247.179	155.1538	1.06783	0.743292	0.228077	0.0230416	0.00558969	1.376054	3.540403
7446	-2090.221	-2245.515	155.294	0.8673805	0.643706	0.325365	0.0252057	0.00572303	1.237498	3.656827
7452	-2095.878	-2247.816	151.9383	1.397848	0.67267	0.293634	0.0324393	0.00125691	1.211967	5.275415
7458	-2081.682	-2234.946	153.2641	0.7473783	0.595604	0.351778	0.0466149	0.00600319	0.9792174	5.02231
7464	-2067.32	-2220.804	153.4835	1.434351	0.811071	0.160653	0.0242906	0.0039849	1.307922	4.341206
7470	-2072.728	-2226.532	153.804	1.295758	0.761305	0.170889	0.0640651	0.0037404	1.111879	4.341206
7476	-2069.428	-2225.038	155.6094	1.125824	0.72787	0.167112	0.0992247	0.00579316	1.335866	3.263811
7482	-2083.452	-2238.431	154.979	1.671623	0.72787	0.167112	0.0992247	0.00579316	1.48036	3.263811
7488	-2090.257	-2245.895	155.6383	0.9691288	0.719826	0.117136	0.161429	0.00160906	1.198156	3.418709
7494	-2078.569	-2233.008	154.4386	1.231213	0.80327	0.0849808	0.109813	0.00193599	1.180112	3.975689
7500	-2078.719	-2233.088	154.3694	1.597322	0.695318	0.108832	0.162823	0.0330269	1.233406	3.798849
7506	-2093.438	-2247.49	154.0515	1.200879	0.688498	0.157818	0.120681	0.033004	1.129812	4.240898
7512	-2076.082	-2230.294	154.2122	1.255223	0.629674	0.282249	0.0578928	0.0301842	1.170499	4.097606
7518	-2081.312	-2233.202	151.8896	1.454963	0.709779	0.132174	0.140784	0.0172641	1.192834	5.285022
7524	-2085.264	-2238.783	153.5195	1.177442	0.739829	0.169138	0.0682013	0.0228321	1.179058	4.525898
7530	-2081.891	-2237.122	155.2313	1.21538	0.803831	0.113325	0.0580372	0.0248073	1.495122	3.342541
7536	-2086.502	-2241.91	155.408	1.206835	0.655357	0.186311	0.11092	0.0474116	1.335884	3.336974
7542	-2085.332	-2241.444	156.1119	1.165808	0.703022	0.160543	0.0955797	0.0408544	1.299629	2.963185
7548	-2089.387	-2245.013	155.6256	1.501945	0.683697	0.247254	0.0334149	0.0356344	1.481142	2.963185
7554	-2088.752	-2241.41	152.6585	1.332433	0.724588	0.128836	0.0412095	0.105366	1.101762	4.969958
7560	-2086.887	-2239.54	152.6523	1.1842	0.54785	0.274979	0.0399561	0.137215	1.014762	5.097943
7566	-2086.689	-2239.394	152.7047	1.180902	0.71649	0.174642	0.021721	0.0871466	1.006565	5.075188
7572	-2088.631	-2243.016	154.385	1.210821	0.387787	0.586673	0.018197	0.00734297	1.098904	4.063593
7578	-2076.26	-2232.213	155.9527	0.9305339	0.481552	0.496598	0.0163094	0.00554082	1.176526	3.269527
7584	-2079.955	-2235.304	155.3494	1.078844	0.788056	0.185364	0.0213396	0.00524113	1.256848	3.489568
7590	-2075.232	-2230.605	155.3722	1.112878	0.663925	0.274482	0.0578258	0.00376758	1.409709	3.367349
7596	-2088.97	-2244.118	155.1474	1.597956	0.615757	0.239162	0.132873	0.012209	1.197245	3.367349
7602	-2094.207	-2247.005	152.7976	2.335897	0.840988	0.0777069	0.0318902	0.0494148	1.034407	4.48677
7608	-2086.086	-2236.1	150.0149	1.862923	0.830771	0.0905831	0.0417255	0.0369208	0.982252	6.242757
7614	-2080.024	-2234.223	154.1987	1.322589	0.767556	0.216062	0.00403126	0.0123505	1.458877	3.905182
7620	-2084.353	-2238.574	154.2209	1.067512	0.691679	0.259673	0.000167761	0.0484796	1.181636	4.188239
7626	-2076.311	-2230.647	154.336	0.9771196	0.718949	0.277636	0.000142571	0.00327219	1.156301	4.188239
7632	-2070.999	-2225.373	154.3747	0.94012	0.607725	0.385897	0.000918783	0.00545887	1.190691	4.168015
7638	-2065.13	-2218.068	152.9384	1.240761	0.768296	0.194127	0.00495423	0.0326229	1.196393	4.808268
7644	-2079.634	-2233.918	154.2835	1.240761	0.673263	0.274921	0.000968507	0.0508477	1.161719	4.069643
7650	-2090.445	-2242.789	152.3433	1.714925	0.65985	0.0307787	0.277682	0.0316888	1.111948	4.957184
7656	-2083.021	-2237.692	154.6718	1.068233	0.724033	0.0650969	0.195792	0.0150781	1.252785	3.889872
7662	-2078.094	-2231.354	153.2606	1.068233	0.774445	0.120052	0.0891737	0.0163296	1.07137	4.790285
7668	-2078.868	-2231.686	152.8177	1.083304	0.805046	0.085282	0.0926973	0.0169749	1.106747	5.00902
7674	-2081.443	-2234.727	153.2836	1.750822	0.719927	0.21735	0.0172739	0.0454496	1.089144	4.427453
7680	-2085.157	-2238.844	153.6867	1.161719	0.730164	0.23533	0.0123347	0.022171	1.264378	4.392126
7686	-2080.738	-2233.51	152.7714	1.694123	0.72727	0.234397	0.0122858	0.0260467	1.307109	4.618634
7692	-2089.89	-2244.183	154.2922	1.419142	0.832057	0.0554207	0.0988439	0.0136788	1.145804	3.981368
7698	-2082.25	-2236.421	154.1709	1.622104	0.868209	0.0653599	0.0344458	0.0319849	1.332788	3.843961
7704	-2071.615	-2225.306	153.6903	1.26559	0.665937	0.244998	0.065441	0.023624	1.158356	4.394874
7710	-2075.489	-2228.643	153.1545	1.01523	0.519958	0.419048	0.0448162	0.0161785	1.056085	4.887216
7716	-2074.199	-2229.478	155.2781	1.414844	0.647873	0.269113	0.0609948	0.022019	1.33134	3.304344
7722	-2082.871	-2236.552	153.6816	1.069515	0.523417	0.431999	0.033519	0.0110642	0.9922411	4.598283
7728	-2083.889	-2236.789	152.9	1.162383	0.576127	0.376483	0.0396966	0.00769265	0.9379031	5.014695
7734	-2077.788	-2231.695	153.9078	1.585796	0.795622	0.169809	0.0310995	0.00346969	1.165805	4.107306
7740	-2084.901	-2239.379	154.4777	1.153032	0.675978	0.19713	0.107393	0.0194997	1.158746	4.007793
7746	-2076.906	-2231.378	154.4724	1.35981	0.657098	0.165234	0.103953	0.0737151	1.24554	3.851201
7752	-2074.649	-2228.759	154.11	1.44389	0.681044	0.262315	0.0236107	0.0330301	1.145954	4.072852
7758	-2085.53	-2240.22	154.6902	1.421481	0.738148	0.218482	0.00782994	0.0355405	1.165635	3.740182
7764	-2077.367	-2231.505	154.1379	2.073586	0.868666	0.0878959	0.00921442	0.0342236	1.192532	3.740182
7770	-2083.56	-2237.519	153.9585	1.668577	0.814117	0.133762	0.0227799	0.0293415	1.300275	3.96235
7776	-2088.616	-2242.981	154.365	1.31982	0.744005	0.170958	0.0297241	0.0553128	1.195357	3.96235
7782	-2100.405	-2253.474	153.0694	1.31982	0.605079	0.322048	0.0254723	0.0474007	1.204274	4.689977
7788	-2092.115	-2246.874	154.7599	1.540355	0.674725	0.255878	0.0512784	0.0181185	1.465926	3.465491
7794	-2083.888	-2239.295	155.4071	1.289762	0.861801	0.0694722	0.0389106	0.0298163	1.379167	3.266588
7800	-2086.527	-2241.32	154.7927	1.779339	0.734574	0.218912	0.0137769	0.0327378	1.209029	3.481364
7806	-2083.194	-2238.393	155.1984	1.161802	0.691586	0.220044	0.0555801	0.0327899	1.3567	3.472624
7812	-2064.493	-2218.96	154.4662	1.451884	0.823797	0.115851	0.0432187	0.0171337	1.466728	3.680181
7818	-2082.109	-2235.901	153.7916	0.9655037	0.625187	0.26056	0.0948675	0.0193855	1.275641	4.435277
7824	-2089.566	-2243.406	153.8408	1.13903	0.651662	0.20341	0.136879	0.0080494	1.190146	4.359322
7830	-2081.666	-2238.973	157.3074	1.13903	0.659102	0.190884	0.138441	0.011573	1.573239	2.059529
7836	-2077.229	-2233.463	156.2336	0.9821122	0.631716	0.330601	0.0289631	0.00872059	1.573239	2.832987
7842	-2078.986	-2235.679	156.6936	0.9821122	0.789534	0.152314	0.0279876	0.0301652	1.667218	2.491828
7848	-2068.091	-2224.258	156.1678	1.030332	0.759915	0.137609	0.0493164	0.0531596	1.631057	2.808567
7854	-2083.406	-2239.519	156.1138	1.163829	0.528742	0.404621	0.031959	0.0346776	1.387591	2.91015
7860	-2091.939	-2247.639	155.7002	1.429279	0.59051	0.275177	0.100683	0.0336293	1.489013	2.951677
7866	-2083.128	-2239.008	155.8793	1.041569	0.720222	0.240388	0.0269218	0.012468	1.317112	3.163814
7872	-2079.787	-2233.366	153.5795	0.9364993	0.640046	0.300186	0.0322147	0.0275527	1.105196	4.666684
7878	-2087.699	-2240.291	152.5915	1.088461	0.700639	0.134339	0.153495	0.0115264	1.222886	5.067285
7884	-2080.185	-2232.547	152.3623	1.113983	0.526915	0.352978	0.112847	0.00726006	1.052695	5.274669
7890	-2089.699	-2243.229	153.5299	1.164431	0.664701	0.143701	0.158686	0.0329116	1.053087	4.597759
7896	-2089.829	-2244.009	154.1793	1.341871	0.639449	0.152168	0.152658	0.0557252	1.082119	4.121498
7902	-2097.371	-2254.427	157.0561	1.206273	0.612991	0.291952	0.0730811	0.0219762	1.493045	2.233949
7908	-2089.761	-2244.663	154.9017	1.578916	0.848777	0.0939417	0.0558694	0.00141174	1.41341	3.394102
7914	-2081.637	-2237.051	155.4136	1.207426	0.799517	0.0884897	0.107454	0.00453889	1.339127	3.331461
7920	-2082.872	-2238.208	155.3362	1.286722	0.754841	0.137195	0.0814206	0.0265432	1.322661	3.343274
7926	-2080.254	-2234.234	153.9808	1.466799	0.805348	0.0624552	0.10744	0.0247566	1.113756	4.153316
7932	-2084.865	-2239.228	154.3633	1.324519	0.796523	0.0619443	0.137186	0.00434608	1.088833	4.02175
7938	-2078.804	-2231.919	153.1151	0.9793621	0.804199	0.103464	0.0895021	0.00283544	1.040688	4.937698
7944	-2077.029	-2230.635	153.6062	1.151169	0.574386	0.298566	0.121524	0.00552357	1.205429	4.476385
7950	-2093.101	-2246.866	153.7646	1.098442	0.679485	0.20634	0.109561	0.00461472	1.097931	4.476385
7956	-2077.376	-2230.902	153.5258	1.372749	0.757432	0.21355	0.023874	0.0051441	1.040148	4.499146
7962	-2078.402	-2233.126	154.7238	1.204011	0.706322	0.265673	0.0230405	0.00496452	1.218519	3.804693
7968	-2080.582	-2235.645	155.063	1.523733	0.706322	0.265673	0.0230405	0.00496452	1.257195	3.418598
7974	-2080.452	-2235.111	154.6585	1.286176	0.644023	0.255648	0.0572101	0.0431185	1.236943	3.787627
7980	-2089.64	-2244.188	154.548	1.203651	0.826121	0.0888134	0.0733863	0.0116793	1.043318	4.006108
7986	-2079.033	-2232.836	153.8023	1.397275	0.706497	0.228969	0.0556742	0.00886044	1.157046	4.264776
7992	-2075.6	-2229.002	153.4021	1.58646	0.719231	0.218016	0.0543163	0.00843659	1.159934	4.39688
7998	-2079.847	-2233.313	153.4662	1.58646	0.87624	0.0730259	0.040748	0.0099857	1.070038	4.411453
8004	-2091.214	-2246.204	154.9897	1.008851	0.836429	0.0641198	0.0520307	0.04742	1.526059	3.582492
8010	-2092.61	-2248.974	156.364	1.5773	0.665409	0.257865	0.0673155	0.00941109	1.471206	2.477297
8016	-2083.001	-2240.192	157.1913	1.088515	0.735511	0.186382	0.0489859	0.0291203	1.471206	2.233665
8022	-2103.772	-2258.915	155.1436	1.172791	0.846772	0.0992638	0.00357477	0.0503896	1.435993	3.452193
8028	-2090.1	-2244.622	154.522	1.095799	0.783741	0.0883717	0.0201565	0.107731	1.224308	3.976557
8034	-2088.129	-2241.988	153.8581	1.941584	0.855611	0.0756802	0.0642776	0.00443078	1.405484	3.835646
8040	-2090.953	-2243.114	152.1613	1.402887	0.861648	0.0833177	0.0308489	0.0241859	1.016192	5.257886
8046	-2093.06	-2243.962	150.902	1.664559	0.820631	0.0464428	0.0494384	0.0834877	1.050602	5.808312
8052	-2090.204	-2245.842	155.6377	1.900955	0.924874	0.0612397	0.00266606	0.0112208	1.362617	2.831011
8058	-2079.717	-2236.035	156.3186	1.619909	0.757761	0.184641	0.0431767	0.0144215	1.596898	2.404354
8064	-2088.095	-2242.789	154.6944	1.358173	0.812202	0.138479	0.0369709	0.0123487	1.487587	3.58396
8070	-2082.487	-2238.168	155.6804	1.253897	0.681865	0.163165	0.121806	0.0331637	1.487587	3.059546
8076	-2089.062	-2245.092	156.0301	1.064437	0.799589	0.0675779	0.104918	0.0279144	1.318825	3.059546
8082	-2082.03	-2236.045	154.0148	1.208892	0.685571	0.212409	0.0973621	0.00465838	1.425202	4.089613
8088	-2083.51	-2239.349	155.839	1.195744	0.752737	0.174564	0.0589992	0.0137	1.301562	3.10835
8094	-2081.523	-2234.793	153.27	1.423592	0.771376	0.0770708	0.105459	0.0460943	1.282075	4.481564
8100	-2076.234	-2231.61	155.3765	1.614156	0.793727	0.125269	0.0800817	0.000921771	1.295582	3.16608
8106	-2072.018	-2228.003	155.9851	1.370646	0.555762	0.320923	0.121911	0.00140324	1.458476	2.829392
8112	-2079.391	-2235.878	156.4876	0.8877285	0.555762	0.320923	0.121911	0.00140324	1.489848	2.787654
8118	-2083.812	-2238.265	154.4528	1.139535	0.62399	0.271635	0.103188	0.00118773	1.270835	3.965379
8124	-2076.162	-2229.583	153.4203	1.858595	0.896875	0.0332869	0.0652209	0.00461729	1.124004	4.282397
8130	-2082.704	-2236.516	153.8126	1.213019	0.803306	0.0357124	0.11946	0.0415214	1.130949	4.36896
8136	-2094.513	-2246.378	151.8646	1.522799	0.672544	0.15918	0.100014	0.068262	0.9973315	5.374346
8142	-2089.934	-2245.912	155.9781	1.697747	0.828421	0.0983396	0.0570615	0.0161782	1.464972	2.658787
8148	-2080.008	-2235.957	155.9498	1.507874	0.781279	0.142995	0.0538144	0.0219117	1.561962	2.714277
8154	-2088.106	-2245.045	156.9391	1.044646	0.614868	0.310582	0.0574046	0.0171455	1.557055	2.367447
8160	-2092.224	-2249.294	157.0694	1.044646	0.663966	0.19767	0.128753	0.00961119	1.426699	2.367447
8166	-2086.55	-2242.111	155.5611	1.570662	0.781294	0.13969	0.058435	0.0205814	1.426699	2.99944
8172	-2082.71	-2236.924	154.2143	1.274413	0.627297	0.205062	0.109622	0.0580181	1.117332	4.116593
8178	-2089.766	-2243.822	154.0553	1.274413	0.697571	0.144078	0.0120197	0.146332	1.06363	4.237417
8184	-2092.731	-2246.058	153.3271	1.440236	0.685391	0.150109	0.0207236	0.143776	1.061257	4.565362
8190	-2089.311	-2244.243	154.9318	1.29984	0.646831	0.214885	0.0429809	0.0953039	1.23035	3.626247
8196	-2081.146	-2235.584	154.4372	1.181347	0.644406	0.214079	0.065925	0.0755897	1.219196	3.980994
8202	-2077.064	-2229.999	152.9352	1.385248	0.804183	0.114879	0.0193498	0.061588	1.225734	4.720033
8208	-2082.664	-2235.768	153.1031	1.21898	0.793645	0.114414	0.073626	0.0183143	1.415879	4.604704
8214	-2085.071	-2239.158	154.0871	1.401237	0.681922	0.19397	0.0931754	0.0309322	1.181095	4.087328
8220	-2094.986	-2248.102	153.1164	1.598468	0.786385	0.0913646	0.0844582	0.0377921	1.177821	4.541982
8226	-2083.402	-2238.659	155.2567	0.9470515	0.58016	0.272856	0.119102	0.0278813	1.239376	3.63005
8232	-2093.579	-2249.683	156.1035	1.199608	0.655152	0.224119	0.0978283	0.0229012	1.368737	2.907263
8238	-2088.363	-2243.158	154.7957	0.9373649	0.756259	0.202195	0.0153296	0.0262164	1.121863	3.968831
8244	-2085.107	-2238.418	153.311	1.499502	0.732191	0.0940968	0.0500533	0.123659	1.252905	4.437578
8250	-2092.676	-2244.08	151.4041	1.552224	0.664235	0.169037	0.0352988	0.131429	0.9405768	5.644941
8256	-2089.492	-2240.772	151.2801	1.268784	0.706607	0.119466	0.161849	0.0120789	0.9405768	5.850392
8262	-2092.304	-2242.569	150.2651	0.9756223	0.742405	0.0748555	0.170049	0.0126908	0.9374483	6.558068
8268	-2083.28	-2236.518	153.2382	1.124722	0.631173	0.28638	0.0808287	0.00161763	1.240104	4.677762
8274	-2099.627	-2254.433	154.806	1.124722	0.614845	0.245462	0.139466	0.000227371	1.279606	3.765646
8280	-2085.176	-2240.384	155.2078	1.012038	0.614766	0.245431	0.139448	0.000355459	1.251843	3.613262
8286	-2095.33	-2249.572	154.2418	0.9274798	0.589263	0.167663	0.234289	0.00878461	1.332957	4.169971
8292	-2081.862	-2237.124	155.2621	0.7585974	0.369305	0.588818	0.0318855	0.00999158	1.180566	3.773801
8298	-2090.144	-2244.88	154.7352	0.6882938	0.416469	0.46174	0.106897	0.0148941	1.404755	3.990204
8304	-2068.554	-2222.815	154.2608	1.408574	0.610876	0.321583	0.0438103	0.0237304	1.103643	4.028737
8310	-2076.703	-2230.113	153.41	0.8992712	0.470859	0.459569	0.04026	0.0293115	1.066463	4.804339
8316	-2076.031	-2227.219	151.188	1.243469	0.643477	0.205036	0.133376	0.0181115	0.9273726	5.920754
8322	-2070.471	-2224.968	154.4966	1.305522	0.766804	0.107389	0.0833524	0.0424551	1.244345	3.866282
8328	-2062.971	-2217.27	154.2988	1.047407	0.680922	0.0864918	0.229519	0.00306723	1.127497	4.185969
8334	-2077.94	-2232.286	154.3463	1.090759	0.712692	0.0783995	0.208547	0.000362155	1.102931	4.148759
8340	-2080.757	-2235.932	155.1741	1.410105	0.710331	0.164421	0.12489	0.00035741	1.300102	3.386305
8346	-2082.076	-2236.454	154.3783	1.16167	0.704364	0.0390262	0.256226	0.000383722	1.140225	4.070389
8352	-2095.622	-2249.788	154.1662	1.267995	0.697637	0.0481763	0.253779	0.000407282	1.252477	4.070389
8358	-2093.216	-2246.213	152.9976	1.20997	0.726138	0.120434	0.15212	0.00130821	0.8949998	4.959238
8364	-2098.554	-2251.887	153.3329	1.179434	0.666248	0.111469	0.117762	0.104521	1.188094	4.624532
8370	-2095.492	-2250.603	155.1113	1.179434	0.574196	0.252535	0.1145	0.0587696	1.308052	3.542014
8376	-2093.764	-2250.701	156.9361	0.9516753	0.812507	0.0913393	0.0508726	0.0452808	1.497528	2.46546
8382	-2096.988	-2252.812	155.8245	1.065298	0.820818	0.0922736	0.0338125	0.0530956	1.269548	3.210614
8388	-2088.736	-2244.78	156.0439	1.354781	0.818922	0.0932501	0.0341703	0.0536575	1.243209	2.932657
8394	-2094.543	-2249.276	154.7326	1.479608	0.65776	0.184935	0.121041	0.0362647	1.145784	3.697752
8400	-2086.364	-2240.388	154.0237	1.297726	0.683031	0.208006	0.0713052	0.0376579	1.189167	4.171952
8406	-2085.164	-2239.209	154.0451	1.100785	0.578624	0.36772	0.0284751	0.0251812	1.04627	4.346051
8412	-2084.947	-2238.963	154.0157	1.096234	0.740687	0.1973	0.0390708	0.0229417	1.110723	4.328742
8418	-2084.811	-2239.222	154.4119	1.004883	0.650653	0.285156	0.0104138	0.0537774	1.109156	4.156104
8424	-2091.716	-2246.768	155.0523	1.596704	0.788351	0.0479226	0.128279	0.0354481	1.163379	3.44356
8430	-2083.346	-2238.353	155.0071	1.374559	0.807419	0.0570281	0.131314	0.00423873	1.210634	3.554652
8436	-2091.029	-2243.156	152.1269	1.052725	0.592696	0.185312	0.10997	0.112022	0.9935495	5.470048
8442	-2089.205	-2241.936	152.7307	1.396481	0.785808	0.0718535	0.08048	0.0618581	1.159301	4.865729
8448	-2092.365	-2245.523	153.1582	1.33117	0.723232	0.145764	0.0740712	0.0569322	1.09568	4.69526
8454	-2110.093	-2264.883	154.7895	0.9959591	0.732719	0.170348	0.0881891	0.00874444	0.9468354	4.038565
8460	-2098.476	-2250.332	151.8554	1.126	0.657748	0.243372	0.0923257	0.00655418	1.040967	5.553959
8466	-2106.929	-2260.873	153.9433	0.9708373	0.618344	0.341203	0.0371494	0.00330363	0.9140288	4.550374
8472	-2090.766	-2244.142	153.3769	0.9708373	0.603557	0.333745	0.0594731	0.00322463	1.058847	4.786462
8478	-2079.588	-2233.667	154.0793	1.058527	0.657441	0.265466	0.0594796	0.0176137	1.187897	4.26997
8484	-2088.269	-2242.472	154.2026	1.067773	0.604657	0.287021	0.099569	0.0087538	1.126238	4.229906
8490	-2069.939	-2223.758	153.8192	1.480088	0.737417	0.212774	0.0405953	0.0092138	1.128949	4.229906
8496	-2071.007	-2226.893	155.886	1.231345	0.689904	0.253906	0.0424535	0.013736	1.453399	2.96938
8502	-2088.729	-2242.643	153.9135	1.141335	0.637764	0.316759	0.0376688	0.00780809	1.220667	4.299734
8508	-2085.834	-2238.011	152.1768	1.271263	0.714299	0.211999	0.0541072	0.0195943	1.03177	5.306536
8514	-2079.924	-2236.185	156.2618	1.140478	0.787054	0.0862294	0.105126	0.0215901	1.431214	2.807587
8520	-2082.147	-2233.694	151.5473	1.119788	0.715589	0.0938331	0.133587	0.056991	1.092999	5.697766
8526	-2094.413	-2243.421	149.0084	1.686312	0.705289	0.0924826	0.131665	0.0705637	0.7201419	7.005079
8532	-2076.961	-2231.238	154.2773	1.145968	0.577143	0.341139	0.0606458	0.0210725	1.232599	4.083843
8538	-2079.61	-2234.79	155.1795	1.267787	0.689924	0.132935	0.141735	0.0354058	1.159881	3.54035
8544	-2083.861	-2239.577	155.7153	1.682061	0.748788	0.0760653	0.157993	0.0171542	1.276416	2.941398
8550	-2079.21	-2231.857	152.6469	1.783788	0.791271	0.130487	0.0670174	0.0112242	1.087907	4.770551
8556	-2087.179	-2237.905	150.7266	1.362715	0.764432	0.100369	0.115804	0.019395	1.112714	6.011917
8562	-2093.329	-2243.876	150.5471	1.442173	0.769002	0.100969	0.116496	0.0135323	0.792356	6.245642
8568	-2084.871	-2235.534	150.6629	1.259696	0.674067	0.217528	0.07173	0.0366751	0.8410395	6.245642
8574	-2083.022	-2236.778	153.756	1.614214	0.773035	0.0780859	0.118421	0.0304588	1.120736	4.205673
8580	-2091.738	-2243.809	152.071	1.614214	0.791969	0.147586	0.0369382	0.0235074	1.226863	5.090614
8586	-2105.496	-2258.6	153.1038	1.101245	0.615773	0.262388	0.104019	0.0178206	1.236707	4.767524
8592	-2077.133	-2232.416	155.2831	1.083063	0.715566	0.155622	0.0899231	0.0388886	1.188548	3.565584
8598	-2089.174	-2240.71	151.5363	0.992008	0.658188	0.151415	0.162768	0.0276283	0.9372592	5.857878
8604	-2085.552	-2240.525	154.9728	1.294118	0.701765	0.162083	0.110889	0.0252633	1.342635	3.540186
8610	-2090.124	-2242.242	152.1179	1.016809	0.565854	0.355738	0.0736256	0.00478273	0.8400711	5.578932
8616	-2075.045	-2227.46	152.4152	1.115496	0.629067	0.300804	0.0622563	0.00787251	0.9693268	5.290669
8622	-2082.865	-2234.586	151.7213	1.153237	0.766412	0.197809	0.0258217	0.00995686	0.962129	5.656483
8628	-2090.788	-2242.857	152.0696	0.9978824	0.427609	0.445986	0.0826441	0.0437611	1.133735	5.454386
8634	-2086.05	-2240.794	154.7448	1.354089	0.667193	0.299654	0.0240061	0.00914717	1.256716	3.690734
8640	-2092.528	-2245.476	152.9489	1.233221	0.769176	0.206094	0.0141846	0.0105454	1.321454	4.73649
8646	-2076.767	-2232.145	155.3784	1.176864	0.736574	0.151258	0.102069	0.0100984	1.321454	3.379487
8652	-2079.377	-2234.208	154.8316	1.432169	0.808171	0.0876157	0.101421	0.00279165	1.303763	3.57284
8658	-2079.431	-2232.209	152.7778	1.647664	0.770036	0.0241785	0.190135	0.0156504	1.053582	4.778271
8664	-2090.002	-2243.983	153.9816	1.422745	0.836185	0.0508481	0.104885	0.00808199	1.319806	4.057562
8670	-2084.843	-2238.417	153.5738	1.388897	0.834	0.035775	0.122301	0.00792428	1.165845	4.393198
8676	-2095.106	-2247.715	152.6089	1.388897	0.818714	0.0234495	0.140981	0.0168553	1.079835	4.981464
8682	-2092.301	-2245.484	153.1834	0.8625166	0.488865	0.387057	0.0819108	0.0421666	1.229274	4.861075
8688	-2088.841	-2240.629	151.7878	1.012731	0.723928	0.187147	0.0587047	0.0302205	0.958834	5.697069
8694	-2090.412	-2242.411	151.9986	1.495593	0.614017	0.227081	0.104901	0.0540017	0.8008801	5.421626
8700	-2096.395	-2249.604	153.209	1.951849	0.831423	0.0569539	0.0604648	0.0511588	1.06213	4.3962
8706	-2083.046	-2236.965	153.9192	1.481968	0.78111	0.107434	0.0568059	0.0546491	1.004649	4.242754
8712	-2088.626	-2241.283	152.6565	1.575211	0.821258	0.0606033	0.0805208	0.0376177	1.0469	4.883421
8718	-2091.766	-2243.833	152.0672	1.575211	0.71565	0.0663115	0.141492	0.0765461	1.467899	4.977041
8724	-2079.49	-2232.578	153.0883	1.373184	0.652833	0.119744	0.199093	0.0283298	1.059564	4.733407
8730	-2085.008	-2238.276	153.2682	1.288078	0.650813	0.195192	0.118593	0.0354022	0.9941374	4.712542
8736	-2082.152	-2235.273	153.1213	1.317122	0.680745	0.216518	0.0740329	0.0287039	1.137076	4.699903
8742	-2085.953	-2239.58	153.6274	1.061036	0.696252	0.267107	0.0124077	0.0242329	1.122382	4.560354
8748	-2096.101	-2250.472	154.3715	1.270188	0.768687	0.192964	0.0169325	0.0214164	1.170872	3.998614
8754	-2092.458	-2243.504	151.0464	1.435466	0.824547	0.104198	0.0352653	0.0359894	0.9697236	5.8801
8760	-2088.61	-2245.859	157.2497	1.342813	0.764581	0.20982	0.0214926	0.00410624	1.510407	2.013591
8766	-2082.962	-2240.168	157.2062	1.267844	0.744236	0.204238	0.0209208	0.0306053	1.57314	2.046264
8772	-2091.225	-2248.172	156.9468	0.8675105	0.614156	0.266364	0.0924704	0.0270096	1.688134	2.392982
8778	-2080.689	-2237.548	156.8584	1.091222	0.576317	0.213432	0.159883	0.0503688	1.487076	2.433726
8784	-2088.875	-2245.847	156.9719	1.104023	0.741677	0.194171	0.018329	0.0458232	1.623009	2.267369
8790	-2087.991	-2243.747	155.7556	1.26014	0.617532	0.344783	0.0104481	0.0272369	1.603198	2.941578
8796	-2085.462	-2243.254	157.7924	1.181462	0.585082	0.294079	0.0749962	0.0458424	1.786481	1.547165
8802	-2082.183	-2238.61	156.4277	1.330276	0.742276	0.20251	0.0397171	0.0154968	1.685521	2.438387
8808	-2073.204	-2229.233	156.0294	1.518038	0.612474	0.325852	0.0467226	0.0149517	1.530218	2.679549
8814	-2078.579	-2233.169	154.5891	1.518038	0.63673	0.338757	0.0047126	0.0198008	1.420165	3.602699
8820	-2089.313	-2244.344	155.0306	1.087682	0.538839	0.306501	0.137903	0.0167566	1.37261	3.602699
8826	-2073.083	-2228.069	154.9863	1.194697	0.629092	0.247261	0.110605	0.0130428	1.215509	3.659908
8832	-2073.751	-2229.296	155.5449	1.118715	0.655302	0.0987263	0.232385	0.0135862	1.352197	3.296274
8838	-2081.093	-2233.696	152.6023	1.155097	0.721329	0.0670811	0.160918	0.0506718	1.064343	5.113533
8844	-2085.2	-2239.925	154.7256	1.198012	0.647954	0.206088	0.1401	0.00585792	1.155522	3.843118
8850	-2084.617	-2238.649	154.0323	1.579302	0.741562	0.16866	0.0834565	0.00632153	1.150765	4.048073
8856	-2085.49	-2239.227	153.7368	1.129977	0.613278	0.211025	0.170504	0.00519298	0.9133274	4.578623
8862	-2075.909	-2231.193	155.284	1.577555	0.824471	0.0730318	0.0835645	0.018933	1.282348	3.246886
8868	-2073.81	-2228.719	154.9089	0.9954131	0.79319	0.0702609	0.118334	0.0182147	1.188982	3.831786
8874	-2069.349	-2224.966	155.6174	1.124887	0.762761	0.105928	0.113795	0.0175159	1.356409	3.247489
8880	-2064.816	-2218.932	154.1161	0.9875473	0.667588	0.219945	0.0995961	0.0128713	1.51374	4.104106
8886	-2073.949	-2230.431	156.4825	1.228613	0.518315	0.357367	0.110091	0.0142275	1.513429	2.570173
8892	-2094.596	-2249.738	155.1416	1.306959	0.771039	0.156879	0.0509173	0.0211647	1.043912	3.608905
8898	-2082.821	-2236.966	154.1459	1.123006	0.712413	0.220986	0.0470457	0.0195554	1.267145	4.15156
8904	-2086.252	-2239.704	153.4519	1.491016	0.786235	0.147248	0.0619101	0.00460664	1.016297	4.495595
8910	-2094.842	-2247.883	153.0412	1.022134	0.804733	0.0953691	0.0891668	0.0107314	1.041687	4.954432
8916	-2085.387	-2238.159	152.7713	1.110033	0.703529	0.126955	0.160134	0.00938181	1.225388	4.954432
8922	-2082.673	-2237.42	154.7473	1.56123	0.776584	0.0284816	0.148037	0.0468975	1.227185	3.601526
8928	-2075.042	-2228.306	153.2635	1.077574	0.694787	0.130811	0.132445	0.0419579	1.139799	4.745374
8934	-2067.644	-2220.222	152.5784	1.686843	0.76689	0.141825	0.0236036	0.0676809	1.114869	4.837406
8940	-2068.82	-2220.322	151.502	1.119013	0.63124	0.157703	0.175069	0.0359874	0.9345548	5.809752
8946	-2077.435	-2231.226	153.7908	1.286909	0.61159	0.186347	0.169711	0.0323531	1.083764	4.369153
8952	-2080.247	-2234.187	153.9407	1.067429	0.602435	0.14398	0.234343	0.0192417	1.142293	4.369153
8958	-2081.325	-2237.376	156.0508	0.9686851	0.715555	0.104328	0.168594	0.0115225	1.401312	3.054818
8964	-2085.195	-2240.751	155.5554	1.377303	0.822869	0.0834996	0.0878252	0.00580607	1.344502	3.152277
8970	-2099.908	-2252.898	152.9901	1.620753	0.648112	0.264069	0.0624058	0.0254133	1.067952	4.664004
8976	-2091.841	-2244.931	153.0894	0.9768981	0.630536	0.297929	0.0704077	0.00112718	1.0663	4.939095
8982	-2105.251	-2259.906	154.6551	1.39436	0.715373	0.126964	0.157197	0.000466888	1.059194	3.835535
8988	-2102.294	-2255.6	153.3067	1.39436	0.793588	0.110371	0.0934603	0.00258068	0.9801404	4.645015
8994	-2075.446	-2228.196	152.7499	1.347372	0.641299	0.269483	0.0885513	0.000666006	1.278186	4.813242
9000	-2073.069	-2228.296	155.2266	1.078396	0.601569	0.273707	0.124575	0.000149025	1.206656	3.590545
9006	-2090.188	-2242.687	152.4985	1.126306	0.601531	0.273689	0.124567	0.000213249	0.9652582	5.241138
9012	-2100.137	-2253.093	152.956	1.014624	0.628316	0.173822	0.196437	0.00142441	1.124615	4.959867
9018	-2102.022	-2255.525	153.5035	1.403415	0.8008	0.11014	0.0884526	0.000607289	1.013824	4.511117
9024	-2105.873	-2256.387	150.5146	1.216649	0.533539	0.32652	0.128584	0.0113575	1.014649	6.253723
9030	-2094.639	-2243.631	148.992	1.299362	0.759084	0.153998	0.0768645	0.0100538	0.9722608	7.05841
9036	-2084.677	-2236.988	152.3112	1.284268	0.649084	0.222986	0.113133	0.0147977	0.9761881	5.2564
9042	-2080.514	-2232.677	152.1631	1.181942	0.758722	0.15208	0.0842043	0.00499388	1.219788	5.2564
9048	-2087.563	-2242.298	154.7353	1.181942	0.682284	0.139205	0.177114	0.00139776	1.135428	3.857846
9054	-2092.959	-2246.881	153.9214	1.114225	0.645929	0.15594	0.196518	0.00161345	1.131238	4.360547
9060	-2099.285	-2250.339	151.0544	1.368997	0.808504	0.103852	0.0773578	0.0102867	0.9431235	5.92248
9066	-2102.249	-2256.371	154.1216	1.216638	0.780592	0.0617838	0.143427	0.0141975	1.051734	4.237037
9072	-2100.433	-2255.779	155.3465	1.216638	0.626191	0.289571	0.0595836	0.0246547	1.400212	3.329884
9078	-2100.489	-2254.571	154.0819	0.890491	0.658624	0.253668	0.0428193	0.0448888	1.1124	4.406766
9084	-2104.903	-2259.796	154.8938	1.746862	0.815797	0.0181641	0.0935674	0.0724713	1.221356	3.430237
9090	-2090.59	-2245.453	154.8639	1.687623	0.89868	0.0114822	0.0678445	0.0219936	1.117847	3.536178
9096	-2089.809	-2244.419	154.6098	2.284855	0.810982	0.00926633	0.0810372	0.098714	1.148072	3.4034
9102	-2099.523	-2250.764	151.241	2.273793	0.789723	0.163044	0.044188	0.00304448	0.7713414	5.522009
9108	-2099.532	-2251.458	151.9266	2.141577	0.780796	0.116934	0.0995021	0.00276802	0.8324224	5.16212
9114	-2103.347	-2255.067	151.7203	2.511367	0.888181	0.0864732	0.0221967	0.00314871	0.9043916	5.09452
9120	-2091.233	-2245.107	153.8736	1.708906	0.869312	0.0479743	0.0560267	0.0266874	1.164352	4.069658
9126	-2092.911	-2247.122	154.2103	1.5038	0.805668	0.0416447	0.129521	0.0231663	1.48234	3.792867
9132	-2103.538	-2258.381	154.8425	1.406665	0.691878	0.139216	0.117361	0.0515455	1.20136	3.639032
9138	-2093.924	-2249.924	156	1.807955	0.649971	0.246098	0.0396651	0.064266	1.430933	2.6117
9144	-2088.493	-2245.032	156.5389	1.261422	0.694883	0.193954	0.0215373	0.0896258	1.359497	2.6117
9150	-2095.829	-2249.292	153.4636	1.395498	0.839983	0.105529	0.0434597	0.0110292	1.173508	4.447684
9156	-2089.634	-2241.985	152.3512	1.384949	0.718846	0.161698	0.104774	0.0146819	1.043092	5.146792
9162	-2086.39	-2243.642	157.2519	0.9624237	0.732237	0.175395	0.0721094	0.0202592	1.408239	2.315363
9168	-2086.633	-2243.8	157.1675	0.9653881	0.503769	0.443111	0.0496103	0.00351	1.387508	2.380276
9174	-2083.355	-2237.826	154.4709	1.522553	0.879801	0.00498706	0.100921	0.0142912	1.208851	3.791034
9180	-2082.825	-2237.619	154.7949	1.143146	0.830692	0.0418581	0.113957	0.0134935	1.243722	3.782512
9186	-2086.322	-2241.496	155.1738	1.371038	0.812305	0.0464039	0.126332	0.0149589	1.243722	3.439917
9192	-2079.194	-2234.627	155.4327	0.9605673	0.600357	0.269747	0.0900407	0.0398559	1.111091	3.594416
9198	-2079.719	-2234.847	155.1274	0.9605673	0.579167	0.21912	0.199108	0.00260501	1.074218	3.792298
9204	-2096.007	-2250.838	154.8307	1.406394	0.585929	0.328663	0.084305	0.001103	1.339929	3.565548
9210	-2086.678	-2243.245	156.5667	0.8605768	0.716524	0.179031	0.103095	0.00134884	1.2845	2.881308
9216	-2074.909	-2227.644	152.735	1.300215	0.70237	0.133101	0.162743	0.00178565	1.104538	4.942181
9222	-2092.837	-2249.87	157.0332	1.0327	0.438709	0.50129	0.0162409	0.0437595	1.559817	2.313369
9228	-2088.63	-2245.968	157.3382	1.17455	0.539137	0.275134	0.153726	0.0320032	1.673365	1.949709
9234	-2091.994	-2246.089	154.0954	1.3668	0.700422	0.225208	0.0587927	0.0155779	1.100171	4.146155
9240	-2091.84	-2244.322	152.4815	1.246445	0.60754	0.308948	0.0685939	0.0149183	0.9330472	5.205441
9246	-2103.027	-2255.233	152.2064	1.506273	0.589736	0.262841	0.10462	0.0428035	0.9755997	5.205441
9252	-2080.153	-2237.264	157.1109	1.037892	0.809305	0.0432603	0.101089	0.0463462	1.629052	2.215767
9258	-2090.222	-2247.28	157.0581	1.204227	0.672057	0.239225	0.0510752	0.0376433	1.635218	2.141777
9264	-2099.064	-2255.256	156.1927	1.414438	0.682632	0.247236	0.0450827	0.0250497	1.580663	2.603344
9270	-2094.007	-2251.443	157.4356	1.202795	0.729486	0.14394	0.0481771	0.0783964	1.596761	1.917677
9276	-2081.069	-2238.026	156.9568	1.16873	0.658442	0.191301	0.0693197	0.080937	1.671307	2.205956
9282	-2078.222	-2234.341	156.1181	0.9476066	0.639838	0.337805	0.00882228	0.0135348	1.570514	2.925604
9288	-2071.537	-2227.385	155.8479	1.279439	0.649524	0.290893	0.0243268	0.0352557	1.472618	2.953893
9294	-2081.954	-2237.47	155.5158	1.32581	0.727944	0.216802	0.0318976	0.023357	1.551763	3.080062
9300	-2080.726	-2235.471	154.7451	1.628458	0.863746	0.107386	0.0166364	0.0122316	1.489455	3.416992
9306	-2079.546	-2236.025	156.4789	0.8898495	0.638208	0.240376	0.0940363	0.0273796	1.382693	2.856698
9312	-2068.575	-2224.799	156.2245	1.320784	0.722106	0.177868	0.0774699	0.0225561	1.346094	2.779489
9318	-2084.707	-2239.112	154.4043	1.434098	0.684052	0.197589	0.102798	0.0155616	1.324346	3.807071
9324	-2071.786	-2226.693	154.9076	0.991126	0.49592	0.337827	0.139647	0.0266063	1.195808	3.831087
9330	-2082.265	-2236.952	154.6875	1.355746	0.709376	0.211836	0.0565979	0.0221893	1.256539	3.72308
9336	-2080.322	-2234.578	154.256	1.399757	0.645712	0.265229	0.070863	0.0181961	1.294525	3.926798
9342	-2075.58	-2230.026	154.4466	1.308656	0.739592	0.12449	0.102035	0.0338818	1.186013	3.926798
9348	-2074.613	-2229.692	155.079	1.308656	0.648002	0.187429	0.137986	0.0265834	1.418566	3.426121
9354	-2072.299	-2227.856	155.5572	1.320795	0.685754	0.170122	0.109986	0.0341376	1.382416	3.158959
9360	-2082.227	-2236.151	153.9235	1.470966	0.761315	0.0786803	0.122105	0.0378992	1.266009	4.097258
9366	-2072.732	-2225.841	153.1091	1.32429	0.74464	0.0893918	0.138729	0.0272399	0.978998	4.791434
9372	-2064.96	-2218.768	153.8078	1.61125	0.863524	0.0158155	0.108624	0.0120366	1.12495	4.17526
9378	-2076.63	-2231.094	154.464	1.545526	0.865463	0.0320421	0.0254064	0.0770888	1.233275	3.769637
9384	-2070.158	-2225.789	155.6311	1.294603	0.845225	0.0599304	0.00929973	0.0855453	1.257067	3.203691
9390	-2073.402	-2227.559	154.1571	1.182886	0.773008	0.170234	0.0449755	0.0117821	1.244004	4.125779
9396	-2076.062	-2229.656	153.594	1.421215	0.766799	0.165968	0.0532768	0.0139567	1.139817	4.380283
9402	-2075.338	-2228.527	153.1892	1.421301	0.749225	0.0315455	0.206868	0.0123619	1.251603	4.545227
9408	-2083.819	-2236.947	153.1276	1.48498	0.841259	0.0484624	0.100935	0.00934373	1.257571	4.545227
9414	-2078.476	-2234.131	155.6549	1.584713	0.76103	0.0936428	0.143726	0.00160122	1.686267	2.778566
9420	-2074.529	-2228.63	154.1014	1.53193	0.878927	0.10815	0.00710425	0.00581906	1.398669	3.889709
9426	-2083.553	-2237.074	153.5201	1.527591	0.619105	0.375544	0.0018476	0.00350369	1.161976	4.357304
9432	-2073.698	-2226.818	153.1196	1.060876	0.697456	0.298888	0.00142727	0.00222896	1.197123	4.802869
9438	-2080.933	-2234.067	153.1336	1.100983	0.654649	0.341948	0.00085277	0.00255008	1.402022	4.658546
9444	-2094.845	-2245.712	150.8666	1.112155	0.598873	0.398555	0.000239271	0.00233281	1.112373	6.063245
9450	-2087.733	-2241.214	153.4809	1.298793	0.672867	0.310986	3.74229e-05	0.0161097	1.116486	4.519153
9456	-2087.644	-2242.033	154.3889	1.064159	0.44448	0.529402	0.000676799	0.0254406	1.073588	4.156053
9462	-2077.146	-2231.169	154.0228	0.8038938	0.566095	0.408685	0.000914127	0.0243059	1.103775	4.495564
9468	-2081.103	-2235.618	154.515	0.8502826	0.548915	0.42514	0.00237615	0.0235683	1.182799	4.145165
9474	-2080.732	-2234.901	154.1689	1.337949	0.634838	0.335157	0.00274809	0.0272574	1.543043	3.866004
9480	-2069.775	-2226.243	156.4686	0.9052168	0.633301	0.343115	0.00274144	0.0208425	1.399676	2.84311
9486	-2073.304	-2229.537	156.2333	0.9835398	0.638495	0.328618	0.0118736	0.0210135	1.525424	2.861331
9492	-2074.955	-2228.939	153.9837	1.03318	0.67177	0.268685	0.0341633	0.0253823	1.3578	4.24204
9498	-2075.397	-2230.068	154.6717	1.558317	0.788362	0.141757	0.0400927	0.0297876	1.361537	3.568841
9504	-2073.101	-2227.596	154.4946	1.405111	0.771808	0.139717	0.0593126	0.0291621	1.336299	3.762927
9510	-2075.866	-2229.146	153.28	1.329774	0.771348	0.159602	0.0592773	0.00977332	1.156442	4.593671
9516	-2083.561	-2235.193	151.6318	1.461793	0.784765	0.162378	0.0429144	0.00994332	1.320884	5.353387
9522	-2075.925	-2230.151	154.2266	1.461793	0.793866	0.177114	0.0189613	0.0100586	1.59917	3.737094
9528	-2071.471	-2223.854	152.3835	0.8957922	0.568422	0.372595	0.0478895	0.0110942	1.164139	5.321661
9534	-2080.175	-2232.426	152.2507	1.019356	0.628356	0.359163	0.00733376	0.00514779	1.329859	5.234504
9540	-2076.647	-2229.718	153.0714	1.237565	0.772206	0.214373	0.00771412	0.00570686	1.105942	4.786196
9546	-2072.884	-2224.143	151.2587	0.6898312	0.512718	0.412118	0.0709966	0.00416696	1.178727	6.048686
9552	-2080.653	-2232.765	152.1118	1.37123	0.708732	0.268744	0.0202729	0.00225133	1.23834	5.17802
9558	-2069.183	-2220.353	151.1698	1.458038	0.770572	0.158244	0.0706559	0.000528206	1.208818	5.670812
9564	-2063.002	-2215.812	152.81	1.042146	0.748874	0.153788	0.0971353	0.00020307	1.150791	5.011271
9570	-2062.424	-2216.154	153.7297	1.063759	0.747072	0.153418	0.0976877	0.00182183	1.240862	4.434604
9576	-2061.869	-2215.148	153.2787	1.451562	0.747072	0.153418	0.0976877	0.00182183	1.230797	4.491685
9582	-2071.563	-2224.611	153.0475	1.545912	0.699923	0.0983234	0.19993	0.00182275	1.492181	4.428845
9588	-2070.836	-2225.103	154.2668	1.162111	0.818354	0.0791418	0.0973438	0.00516009	1.166857	4.118508
9594	-2073.834	-2228.358	154.5245	1.419882	0.823391	0.05151	0.0979429	0.0271563	1.220299	3.804966
9600	-2084.291	-2237.001	152.7097	1.761828	0.724878	0.109409	0.0684677	0.0972458	1.21572	4.673808
9606	-2084.466	-2237.83	153.3631	1.356329	0.81155	0.0337588	0.091491	0.0632005	1.337948	4.431377
9612	-2078.129	-2232.967	154.8384	1.283699	0.792675	0.0640858	0.0847177	0.0585217	1.371958	3.606844
9618	-2078.848	-2234.163	155.3158	0.9912916	0.682213	0.180732	0.0695719	0.0674835	1.324693	3.520165
9624	-2098.517	-2251.964	153.4468	0.826047	0.439014	0.507109	0.0204826	0.0333947	1.174787	4.765626
9630	-2097.019	-2251.527	154.508	1.103359	0.633144	0.319629	0.0441344	0.00309178	1.235828	3.973817
9636	-2100.303	-2255.578	155.2744	1.103359	0.621039	0.313518	0.0563831	0.00905915	1.256916	3.519355
9642	-2095.749	-2248.726	152.9774	1.010981	0.635064	0.273203	0.044384	0.0473484	1.185353	4.916167
9648	-2084.153	-2239.043	154.8903	1.14929	0.706264	0.208909	0.0493601	0.0354669	1.139841	3.784034
9654	-2072.883	-2225.577	152.6938	0.9937432	0.580663	0.293391	0.113981	0.0119659	1.227022	5.060192
9660	-2077.905	-2230.725	152.8197	1.073117	0.696814	0.189689	0.110491	0.00300638	1.400399	4.850041
9666	-2069.769	-2223.747	153.9782	1.223051	0.631555	0.34444	0.0238461	0.000159692	1.368039	4.135455
9672	-2071.112	-2227.977	156.865	1.069896	0.566284	0.405557	0.0280773	8.20915e-05	1.660176	2.333219
9678	-2091.503	-2247.219	155.7161	1.091177	0.490213	0.450642	0.0588665	0.000278513	1.248498	3.272186
9684	-2092.589	-2247.856	155.2675	0.9330324	0.519074	0.427451	0.0528131	0.000662052	1.307785	3.592311
9690	-2081.888	-2235.133	153.2448	1.094736	0.575485	0.234404	0.178883	0.011228	1.153971	4.738509
9696	-2085.394	-2238.361	152.9663	1.404897	0.762343	0.149374	0.08423	0.00405303	1.144126	4.738509
9702	-2086.014	-2236.855	150.8407	1.127976	0.694759	0.224785	0.0767628	0.00369372	0.9931187	6.133966
9708	-2080.752	-2231.686	150.9345	1.127976	0.600656	0.313636	0.0825144	0.00319342	1.077657	6.036806
9714	-2084.344	-2238.9	154.5562	1.420389	0.752237	0.119238	0.120239	0.00828524	1.132131	3.837237
9720	-2078.191	-2230.206	152.015	1.512921	0.686544	0.108825	0.19086	0.0137706	1.04944	5.26726
9726	-2080.328	-2234.662	154.334	1.301286	0.752479	0.042669	0.187864	0.0169881	1.137163	4.022995
9732	-2076.537	-2229.597	153.0605	1.372624	0.813063	0.0969477	0.0797473	0.0102417	1.154988	4.695863
9738	-2093.495	-2247.213	153.7181	1.320391	0.817294	0.0423565	0.136895	0.00345465	1.187225	4.334477
9744	-2087.496	-2243.563	156.0672	1.260749	0.808623	0.042208	0.0915389	0.0576305	1.473105	2.831466
9750	-2078.57	-2234.852	156.2827	1.201217	0.763395	0.141908	0.0762389	0.0184579	1.473105	2.734036
9756	-2080.579	-2237.24	156.6605	1.459113	0.785662	0.129189	0.0781627	0.00698667	1.619695	2.25945
9762	-2089.355	-2245.054	155.6988	0.9054309	0.708682	0.162821	0.123031	0.00546565	1.307616	3.356976
9768	-2082.465	-2238.335	155.8703	1.176268	0.73114	0.204448	0.0630342	0.00137852	1.198636	3.161952
9774	-2101.515	-2257.391	155.8762	1.176268	0.667498	0.286022	0.0453444	0.00113467	1.183923	3.167227
9780	-2087.872	-2244.658	156.7858	0.8080278	0.604214	0.285997	0.105792	0.00399644	1.480899	2.661174
9786	-2088.484	-2244.141	155.6567	1.035375	0.674371	0.263295	0.0574606	0.00487353	1.439093	3.227092
9792	-2096.769	-2253.352	156.5833	1.555853	0.900363	0.0394438	0.058859	0.00133465	1.411428	2.388326
9798	-2100.744	-2256.748	156.0037	1.270301	0.90469	0.00551421	0.0884545	0.00134106	1.310494	2.962733
9804	-2093.669	-2249.142	155.4728	1.12852	0.786221	0.010168	0.200755	0.00285645	1.169416	3.440384
9810	-2076.766	-2233.719	156.953	1.748809	0.835377	0.00415676	0.157836	0.00262989	1.824801	1.766268
9816	-2078.867	-2236.429	157.5617	1.371112	0.80015	0.005044	0.191773	0.00303361	1.754731	1.611181
9822	-2088.933	-2246.614	157.6804	1.153191	0.60049	0.0471317	0.33834	0.0140379	1.837882	1.611181
9828	-2081.306	-2238.314	157.0083	1.506798	0.733955	0.0760246	0.166592	0.023429	1.731957	1.929939
9834	-2085.127	-2242.126	156.9987	1.162056	0.782275	0.0151941	0.177559	0.0249715	1.797883	2.100388
9840	-2068.178	-2224.703	156.5249	1.462259	0.782275	0.0151941	0.177559	0.0249715	1.465222	2.441985
9846	-2066.31	-2222.859	156.5493	1.373215	0.759047	0.160984	0.0533244	0.0266447	1.519503	2.441985
9852	-2063.465	-2220.073	156.6083	1.512941	0.941469	0.0347657	0.0163732	0.0073921	1.527086	2.322274
9858	-2075.67	-2230.655	154.9857	1.321602	0.907905	0.0335263	0.0548033	0.00376581	1.289478	3.549045
9864	-2073.011	-2227.603	154.592	1.035588	0.806098	0.115347	0.0735041	0.00505083	1.265128	3.946961
9870	-2078.55	-2233.668	155.1179	1.73017	0.853387	0.0858343	0.044826	0.0159524	1.21392	3.310917
9876	-2076.912	-2230.402	153.49	1.696128	0.900486	0.0353817	0.0472999	0.0168328	1.29109	4.22163
9882	-2081.641	-2236.198	154.557	1.27731	0.901084	0.0677116	0.0156476	0.0155573	1.239355	3.849323
9888	-2072.862	-2229.448	156.5856	1.181346	0.728101	0.192391	0.039869	0.0396391	1.36221	2.627535
9894	-2086.679	-2240.769	154.09	1.286943	0.803476	0.0947491	0.0510346	0.0507402	1.403564	4.017683
9900	-2092.097	-2248.524	156.4274	1.158045	0.698254	0.231421	0.0262298	0.0440954	1.435073	2.693766
9906	-2086.761	-2243.097	156.336	1.602191	0.724559	0.209325	0.0452262	0.0208901	1.474872	2.479426
9912	-2085.428	-2241.95	156.5218	2.296189	0.720413	0.167765	0.0910509	0.0207706	1.56224	1.960606
9918	-2080.761	-2237.486	156.7254	1.475693	0.811106	0.15833	0.0200784	0.0104858	1.56224	2.245397
9924	-2079.451	-2231.912	152.461	1.241831	0.698128	0.252145	0.029349	0.0203772	1.061976	5.147804
9930	-2079.131	-2232.596	153.4642	1.106408	0.673494	0.293994	0.020231	0.0122811	1.069535	4.656632
9936	-2080.16	-2234.051	153.8906	0.8519194	0.539073	0.376157	0.0639748	0.020795	1.03671	4.579365
9942	-2082.687	-2236.539	153.8517	1.113246	0.612301	0.324784	0.051775	0.0111403	1.260416	4.327484
9948	-2079.202	-2232.433	153.2318	0.9733504	0.66616	0.214129	0.101911	0.0178002	0.9615713	4.920146
9954	-2078.702	-2230.968	152.2659	1.354137	0.658762	0.248351	0.0752844	0.0176026	0.8778917	5.30055
9960	-2076.819	-2230.067	153.2473	1.048918	0.765836	0.139832	0.087521	0.00681127	1.098819	4.793002
9966	-2081.412	-2236.52	155.1082	1.08582	0.699292	0.0982593	0.188908	0.0135406	1.330122	3.583397
9972	-2083.739	-2238.033	154.2943	1.353543	0.694412	0.0464317	0.245711	0.0134461	1.314272	3.917198
9978	-2082.629	-2237.341	154.7114	1.111195	0.744531	0.0603593	0.161793	0.0333168	1.284239	3.825001
9984	-2078.311	-2233.895	155.5849	1.146729	0.779804	0.0732158	0.119474	0.0275057	1.349922	3.258099
9990	-2087.653	-2243.158	155.505	1.259014	0.786072	0.038645	0.130845	0.0444381	1.2714	3.289122
9996	-2096.939	-2251.313	154.3734	1.755134	0.737968	0.0793277	0.140986	0.0417187	1.338445	3.661177
10002	-2071.619	-2222.504	150.8844	1.221846	0.818175	0.0813275	0.0743033	0.0261947	0.9221848	6.100223
10008	-2079.934	-2230.061	150.1267	1.485224	0.755584	0.147209	0.0550161	0.042191	0.9221848	6.383052
10014	-2078.276	-2230.375	152.0992	1.16866	0.701922	0.136754	0.129668	0.0316555	1.030347	5.403195
10020	-2069.858	-2221.113	151.2552	1.16866	0.637685	0.161812	0.149926	0.0505764	1.052423	5.854212
10026	-2073.614	-2224.539	150.9255	1.548406	0.69447	0.133837	0.115459	0.0562341	1.040291	5.854212
10032	-2075.078	-2227.256	152.178	1.249327	0.744811	0.157992	0.078937	0.0182599	1.174798	5.238091
10038	-2076.706	-2231.729	155.0238	1.011159	0.72824	0.137467	0.115356	0.0189369	1.214918	3.741638
10044	-2076.755	-2231	154.2453	1.426108	0.686993	0.142174	0.142461	0.0283724	1.30886	3.911323
10050	-2088.667	-2244.074	155.4069	1.268073	0.765873	0.0951318	0.114564	0.0244313	1.194704	3.386987
10056	-2085.78	-2240.447	154.6673	1.268073	0.78513	0.11084	0.0789848	0.0250455	1.137709	3.849273
10062	-2076.853	-2230.371	153.5183	1.305347	0.675403	0.0953493	0.207703	0.0215453	1.203997	4.445486
10068	-2083.464	-2236.661	153.197	1.294678	0.631474	0.237896	0.110486	0.020144	0.9824918	4.755462
10074	-2078.467	-2229.307	150.8407	1.329731	0.709228	0.0834882	0.174638	0.0326463	0.9821851	6.037095
10080	-2074.97	-2228.851	153.8807	1.154812	0.702997	0.165469	0.0884253	0.0431092	1.19966	4.322862
10086	-2077.878	-2231.357	153.479	1.564596	0.767814	0.047101	0.0909525	0.0941323	1.255457	4.309905
10092	-2072.117	-2227.799	155.6823	1.096023	0.785125	0.025011	0.178415	0.0114495	1.312053	3.251861
10098	-2074.296	-2230.714	156.4176	1.592524	0.737921	0.0281503	0.215234	0.0186941	1.556672	2.381651
10104	-2064.634	-2218.695	154.0605	1.276934	0.749682	0.0126613	0.218665	0.018992	1.277271	4.111768
10110	-2075.848	-2231.259	155.4114	1.030892	0.808601	0.00979109	0.167201	0.014407	1.232173	3.495304
10116	-2079.729	-2234.781	155.0523	1.497503	0.873231	0.016762	0.0289318	0.0810752	1.218942	3.4604
10122	-2073.723	-2228.429	154.7059	1.231027	0.75168	0.095849	0.0350472	0.117424	1.201807	3.809981
10128	-2092.133	-2245.233	153.1	1.473406	0.782834	0.090892	0.0377368	0.0885372	1.120821	4.643081
10134	-2077.761	-2230.474	152.7127	1.369611	0.774237	0.102148	0.0373224	0.0862921	1.038445	4.956372
10140	-2076.144	-2230.123	153.9792	1.833787	0.714929	0.0865523	0.0623505	0.136169	1.233465	3.912782
10146	-2083.869	-2239.45	155.5814	1.33134	0.720045	0.0800155	0.0627967	0.137143	1.42731	3.112137
10152	-2100.916	-2255.932	155.0159	1.704248	0.726147	0.0286255	0.137099	0.108129	1.34629	3.305397
10158	-2092.21	-2248.313	156.1032	1.210417	0.770372	0.0458119	0.122426	0.0613907	1.429512	2.864565
10164	-2080.715	-2236.894	156.1785	1.133818	0.790997	0.0688358	0.0933546	0.046813	1.427029	2.864565
10170	-2091.92	-2248.655	156.7351	1.279056	0.798548	0.0819335	0.0610062	0.0585128	1.467768	2.411399
10176	-2093.433	-2248.765	155.3317	1.279056	0.724533	0.0363732	0.186004	0.0530895	1.502667	3.243946
10182	-2085.031	-2237.037	152.0062	1.367274	0.884023	0.0299547	0.0342107	0.0518119	1.002159	5.368762
10188	-2089.206	-2241.06	151.8543	1.154466	0.804894	0.0272735	0.0692191	0.0986135	1.175736	5.465458
10194	-2080.17	-2235.992	155.8218	1.067542	0.411906	0.484478	0.0628936	0.0407226	1.402276	3.132157
10200	-2086.247	-2237.459	151.212	1.430033	0.706056	0.0454589	0.178688	0.0697972	0.7961357	5.887075
10206	-2083.565	-2235.123	151.5578	1.709836	0.706056	0.0454589	0.178688	0.0697972	0.7298348	5.604405
10212	-2099.711	-2256.374	156.6625	1.290179	0.739796	0.176205	0.0669036	0.0170958	1.56554	2.389072
10218	-2096.96	-2254.166	157.2052	1.144107	0.739796	0.176205	0.0669036	0.0170958	1.615558	2.095776
10224	-2063.052	-2217.56	154.5079	0.9415633	0.637101	0.257073	0.0779208	0.0279054	1.142447	4.118845
10230	-2073.077	-2227.158	154.0809	1.697604	0.600785	0.286976	0.0914783	0.0207615	1.056756	4.018032
10236	-2084.851	-2238.426	153.5757	1.159123	0.593452	0.270194	0.063868	0.0724854	1.095047	4.551321
10242	-2065.074	-2218.321	153.2474	1.470491	0.617538	0.241188	0.129782	0.0114912	1.139494	4.551321
10248	-2069.137	-2222.847	153.7098	1.387643	0.586537	0.250232	0.152147	0.0110846	1.295987	4.243344
10254	-2091.428	-2243.615	152.1869	1.093808	0.752021	0.211561	0.0275408	0.0088778	1.155707	5.32545
10260	-2090.937	-2241.766	150.8287	1.282372	0.766738	0.0790257	0.150388	0.00384911	1.061337	6.024062
10266	-2092.376	-2246.149	153.7731	1.282372	0.693839	0.0715122	0.205424	0.0292246	1.267389	4.277662
10272	-2099.614	-2251.87	152.2562	0.897019	0.547518	0.319419	0.126754	0.00630888	1.104279	5.424179
10278	-2098.246	-2252.025	153.7791	0.9158392	0.734492	0.0805127	0.17004	0.0149556	1.053338	4.595668
10284	-2106.023	-2261.575	155.5515	0.7475528	0.35581	0.555195	0.0481723	0.0408226	1.094375	3.663162
10290	-2082.558	-2236.466	153.9088	0.9659484	0.496072	0.449169	0.0194306	0.0353281	1.011196	4.517928
10296	-2085.417	-2238.902	153.4848	1.150249	0.643674	0.23091	0.106806	0.0186099	1.253904	4.517928
10302	-2084.28	-2238.689	154.4086	1.384559	0.783573	0.159701	0.0393408	0.0173848	1.192933	3.905345
10308	-2085.394	-2239.248	153.8548	1.158972	0.827817	0.0435879	0.107325	0.0212696	0.9376404	4.48301
10314	-2079.477	-2230.584	151.107	1.400193	0.760499	0.0859029	0.145412	0.00818601	0.8397408	5.935032
10320	-2079.759	-2229.683	149.9239	1.688475	0.775155	0.135758	0.0843392	0.00474788	0.7985204	6.467358
10326	-2080.609	-2232.379	151.7703	1.286908	0.728006	0.0995313	0.163051	0.00941117	0.9920918	5.544348
10332	-2093.055	-2245.92	152.8645	1.552214	0.692798	0.0877329	0.216381	0.00308727	1.390196	4.586115
10338	-2087.77	-2242.58	154.8096	1.243255	0.645674	0.152127	0.201663	0.000535954	1.362251	3.650896
10344	-2085.257	-2240.381	155.1237	1.030305	0.645399	0.194227	0.154461	0.00591282	1.331593	3.60527
10350	-2085.315	-2241.973	156.6576	1.304201	0.784646	0.0772657	0.134622	0.00346613	1.424696	2.47272
10356	-2089.015	-2244.29	155.2751	1.097496	0.43126	0.267408	0.252793	0.0485388	1.501221	3.37939
10362	-2074.59	-2229.126	154.537	1.032068	0.657134	0.131592	0.159071	0.0522034	1.352913	3.930231
10368	-2071.524	-2223.892	152.3686	1.103936	0.643038	0.205157	0.116511	0.0352934	1.245817	5.169793
10374	-2067.343	-2221.797	154.4543	1.371638	0.716231	0.126113	0.116842	0.0408149	1.353087	3.793674
10380	-2069.412	-2225.216	155.8036	1.856412	0.811451	0.03565	0.116434	0.0364644	1.516349	2.656721
10386	-2066.184	-2222.321	156.1368	1.492841	0.688135	0.0356147	0.209438	0.0668126	1.587217	2.591465
10392	-2069.544	-2225.707	156.1631	1.265153	0.724783	0.0375114	0.220592	0.0171142	1.453354	2.782645
10398	-2065.583	-2221.384	155.8006	1.265153	0.672628	0.0488875	0.275405	0.00307952	1.425007	3.018772
10404	-2066.537	-2222.657	156.1196	1.260133	0.750983	0.026373	0.22204	0.000603781	1.317225	2.894491
10410	-2080.708	-2234.869	154.1605	1.699383	0.835448	0.10356	0.0564465	0.00454556	1.152515	3.916844
10416	-2092.86	-2246.804	153.9445	1.267043	0.624242	0.296761	0.0729718	0.00602524	1.188773	4.233132
10422	-2069.243	-2223.536	154.2931	1.189982	0.625752	0.210241	0.133448	0.0305581	1.325306	3.998005
10428	-2078.421	-2232.598	154.1776	0.931296	0.512186	0.409485	0.0623239	0.0160052	1.342972	4.198517
10434	-2078.696	-2232.232	153.5361	1.118587	0.500184	0.41956	0.0638573	0.0163989	1.054619	4.618132
10440	-2074.938	-2227.239	152.3005	1.02207	0.600651	0.330262	0.0580468	0.0110409	1.018662	5.37732
10446	-2078.517	-2232.779	154.2622	0.946787	0.596536	0.31862	0.0701494	0.0146946	1.316255	4.156736
10452	-2080.489	-2234.702	154.213	1.161758	0.643513	0.218269	0.121052	0.0171664	1.153742	4.156736
10458	-2080.226	-2232.295	152.0684	1.242646	0.593487	0.296401	0.0964363	0.0136757	1.196132	5.290268
10464	-2084.244	-2237.025	152.7812	0.7911228	0.57927	0.360892	0.0525859	0.00725246	0.965258	5.271983
10470	-2078.187	-2233.89	155.7027	1.139562	0.81269	0.0195448	0.15427	0.0134954	1.29443	3.225343
10476	-2089.685	-2246.33	156.6446	1.141182	0.795064	0.0242716	0.163905	0.0167592	1.354594	2.619493
10482	-2089.111	-2243.913	154.8021	1.497695	0.798709	0.019799	0.164656	0.016836	1.173993	3.632128
10488	-2094.351	-2249.57	155.219	1.280718	0.848201	0.00891389	0.12855	0.014336	1.161596	3.509434
10494	-2091.712	-2245.701	153.989	1.757206	0.74023	0.0962792	0.0976778	0.0658135	1.241732	3.937231
10500	-2094.189	-2249.549	155.3602	1.281006	0.723792	0.0509518	0.20016	0.0250967	1.404017	3.284341
10506	-2092.591	-2248.606	156.0156	1.11933	0.747396	0.0747794	0.143054	0.0347707	1.37801	3.000756
10512	-2084.947	-2241.138	156.1914	1.017631	0.770837	0.147737	0.0649223	0.0165033	1.316242	2.992168
10518	-2080.252	-2235.156	154.9041	1.586279	0.778664	0.136498	0.0681674	0.0166708	1.211334	3.507239
10524	-2085.521	-2240.15	154.6292	1.359559	0.804961	0.126047	0.0534136	0.0155784	1.106779	3.840986
10530	-2091.369	-2244.326	152.9569	1.582826	0.751518	0.136548	0.0942199	0.0177141	1.047697	4.711715
10536	-2087.114	-2241.481	154.3669	1.251985	0.740493	0.22474	0.0289659	0.00580127	1.13965	4.028715
10542	-2099.407	-2253.818	154.4112	1.453693	0.712355	0.115617	0.0621382	0.10989	1.267819	3.825727
10548	-2085.948	-2239.86	153.9121	1.819245	0.682882	0.142623	0.0790846	0.09541	1.293405	3.923437
10554	-2080.066	-2233.288	153.222	1.250678	0.68922	0.165296	0.136935	0.00854907	1.185716	4.650526
10560	-2086.601	-2239.66	153.0587	1.56002	0.675221	0.203504	0.114148	0.00712646	1.187746	4.586994
10566	-2080.278	-2234.477	154.1989	1.696387	0.856862	0.0379141	0.0961803	0.00904355	1.251227	3.839527
10572	-2077.803	-2232.867	155.0636	1.223145	0.681033	0.112423	0.171712	0.0348325	1.344801	3.524385
10578	-2091.505	-2247.895	156.3906	1.603324	0.722921	0.132133	0.112161	0.0327856	1.695051	2.305146
10584	-2097.133	-2251.269	154.1359	1.29577	0.780481	0.0249478	0.169959	0.0246116	1.232919	4.084216
10590	-2089.998	-2242.836	152.8383	1.398064	0.846725	0.00858212	0.126056	0.0186365	1.310839	4.720268
10596	-2090.123	-2242.125	152.0014	1.28829	0.68944	0.0127551	0.275935	0.0218699	1.120138	5.345917
10602	-2081.407	-2236.05	154.6432	1.596829	0.906117	0.00878978	0.0531469	0.031946	1.436062	3.52317
10608	-2085.429	-2241.271	155.8418	1.245332	0.919695	0.00662678	0.049594	0.0240847	1.303459	3.077857
10614	-2082.765	-2238.069	155.3039	1.337472	0.756994	0.0779948	0.117431	0.04758	1.397451	3.290973
10620	-2089.856	-2244.812	154.9563	1.544159	0.698935	0.0206043	0.257182	0.023279	1.427492	3.371092
10626	-2079.719	-2234.902	155.1829	1.586877	0.836684	0.0655131	0.0609916	0.0368113	1.41534	3.223368
10632	-2066.6	-2220.068	153.4671	1.74557	0.786096	0.0818023	0.0761566	0.0559447	1.300231	4.206708
10638	-2074.199	-2229.959	155.7597	1.509662	0.752373	0.103224	0.117097	0.0273074	1.535774	2.84519
10644	-2071.991	-2227.445	155.4536	1.567702	0.828208	0.111235	0.0508467	0.00971074	1.359579	3.105332
10650	-2076.73	-2230.545	153.8152	1.303228	0.815719	0.087447	0.0766822	0.020152	1.086912	4.345116
10656	-2087.924	-2241.039	153.1146	1.451273	0.778578	0.0662633	0.118704	0.036455	1.257719	4.568914
10662	-2087.493	-2242.294	154.801	1.010884	0.717458	0.241224	0.0390638	0.00225397	1.173606	3.893742
10668	-2071.998	-2226.522	154.5239	1.206387	0.638556	0.261077	0.0983611	0.00200609	1.261198	3.893742
10674	-2072.677	-2227.176	154.4993	1.196787	0.686737	0.226275	0.0852496	0.00173868	1.294794	3.893742
10680	-2074.657	-2229.017	154.36	1.244159	0.814564	0.099006	0.0841312	0.00229839	1.470773	3.84721
10686	-2083.008	-2237.1	154.0923	1.562916	0.706477	0.165388	0.0329482	0.0951862	1.286927	3.943878
10692	-2080.034	-2234.924	154.8893	1.478265	0.742683	0.156106	0.0167507	0.0844596	1.222711	3.562968
10698	-2083.594	-2237.913	154.3185	1.515545	0.78376	0.114326	0.014546	0.0873675	1.374178	3.787058
10704	-2088.864	-2241.758	152.8942	1.53607	0.877025	0.0721443	0.00493541	0.0458952	1.05392	4.765418
10710	-2091.142	-2244.455	153.313	2.081374	0.805617	0.100202	0.0468994	0.0472821	1.127582	4.245605
10716	-2086.057	-2239.158	153.1009	1.656298	0.816586	0.0270782	0.0704276	0.0859085	1.112994	4.560072
10722	-2080.349	-2235.735	155.3864	1.24874	0.869363	0.0109871	0.0847927	0.0348576	1.192109	3.411026
10728	-2073.479	-2229.583	156.1038	1.275349	0.795414	0.0816837	0.0275954	0.0953069	1.37713	2.859276
10734	-2080.369	-2236.781	156.412	1.670389	0.828279	0.0469546	0.0473177	0.0774492	1.545862	2.351108
10740	-2090.719	-2244.806	154.0872	1.478043	0.822667	0.0484891	0.048864	0.0799803	1.554541	3.835004
10746	-2083.972	-2239.972	155.9998	1.205185	0.713852	0.0200433	0.164409	0.101696	1.267929	3.027102
10752	-2084.974	-2240.131	155.1565	1.474357	0.768214	0.0638143	0.0694902	0.0984817	1.267929	3.382483
10758	-2089.789	-2243.7	153.9117	1.717664	0.664682	0.0764696	0.171519	0.0873293	1.0676	4.099039
10764	-2090.085	-2242.075	151.9897	1.229188	0.745951	0.107914	0.100227	0.0459082	0.8933176	5.507421
10770	-2082.305	-2236.487	154.1816	1.229188	0.696635	0.209725	0.0655995	0.0280405	1.048656	4.198064
10776	-2081.123	-2235.039	153.9163	1.245253	0.647893	0.284824	0.0439427	0.0233409	1.17311	4.269454
10782	-2076.47	-2230.423	153.9526	1.168016	0.709694	0.264146	0.014577	0.0115829	1.209514	4.269454
10788	-2075.392	-2231.745	156.3525	1.087637	0.678422	0.275653	0.0196767	0.0262486	1.484789	2.75082
10794	-2078.411	-2234.916	156.5056	1.203735	0.722698	0.212375	0.039267	0.0256598	1.55349	2.545474
10800	-2075.786	-2230.734	154.9485	1.074279	0.721841	0.0672407	0.205415	0.00550361	1.121351	3.803007
10806	-2058.566	-2213.49	154.9237	1.033983	0.593435	0.262781	0.127175	0.0166085	1.185866	3.803007
10812	-2074.609	-2227.562	152.9535	1.395759	0.635211	0.281667	0.073533	0.00958889	1.346037	4.637234
10818	-2075.71	-2232.851	157.1406	1.395759	0.832687	0.0904704	0.0612527	0.0155894	1.511705	2.053543
10824	-2082.963	-2240.129	157.1658	0.9503849	0.43032	0.539844	0.0110074	0.0188284	1.520342	2.306583
10830	-2083.769	-2238.241	154.4719	0.9085815	0.393538	0.544217	0.0432635	0.018981	1.2285	4.109503
10836	-2081.806	-2235.663	153.8565	0.6209622	0.504801	0.432153	0.0479175	0.0151278	1.227842	4.627769
10842	-2086.416	-2239.97	153.5545	0.9735677	0.397817	0.402486	0.17372	0.0259762	1.311971	4.543682
10848	-2086.784	-2238.318	151.5336	0.9735677	0.3364	0.57742	0.0440249	0.042155	0.9566271	5.858929
10854	-2084.076	-2238.601	154.5257	1.822115	0.747217	0.0577896	0.124051	0.0709424	1.291864	3.568932
10860	-2088.044	-2242.045	154.0009	1.377861	0.658809	0.191654	0.0675746	0.0819626	1.233113	4.118671
10866	-2081.865	-2235.278	153.4132	1.004223	0.66411	0.167567	0.145091	0.0232324	0.9958332	4.782655
10872	-2077.512	-2233.357	155.8443	1.092829	0.753448	0.126071	0.10916	0.0113209	1.206697	3.220165
10878	-2080.948	-2235.297	154.349	1.401002	0.751694	0.0908908	0.112918	0.0444972	1.157638	3.951276
10884	-2082.647	-2235.854	153.2066	1.66105	0.716582	0.146192	0.0721188	0.0651069	1.158127	4.473102
10890	-2073.213	-2226.16	152.9464	1.123663	0.743305	0.126977	0.0744014	0.0553166	1.208076	4.859231
10896	-2069.959	-2223.09	153.1311	1.123663	0.61122	0.238729	0.0611803	0.0888705	1.023326	4.859231
10902	-2070.474	-2226.558	156.0844	1.322886	0.900472	0.062537	0.0160267	0.0209647	1.396019	2.833205
10908	-2064.768	-2219.993	155.2252	1.347459	0.714786	0.21723	0.0243468	0.0436368	1.227578	3.431727
10914	-2066.788	-2222.35	155.5618	1.212362	0.652484	0.271945	0.0436608	0.0319105	1.336332	3.242955
10920	-2069.635	-2225.658	156.0223	1.109448	0.736266	0.151002	0.0933671	0.0193646	1.289195	3.055647
10926	-2062.968	-2218.011	155.043	1.155021	0.703797	0.163199	0.0989679	0.0340358	1.184577	3.666823
10932	-2103.281	-2253.523	150.2425	1.63001	0.819442	0.0329448	0.135852	0.0117608	0.9791602	6.222479
10938	-2097.062	-2248.868	151.806	1.766731	0.655189	0.028448	0.270423	0.04594	0.8822159	5.358835
10944	-2083.857	-2238.911	155.0545	1.234167	0.640605	0.0943309	0.258403	0.00666094	1.160753	3.630649
10950	-2076.724	-2230.666	153.9429	1.405492	0.747966	0.0784902	0.124808	0.0487357	0.9216415	4.314272
10956	-2071.681	-2225.908	154.2275	1.816359	0.634265	0.144766	0.18383	0.0371383	1.235589	3.776726
10962	-2078.01	-2233.274	155.2648	1.12571	0.789939	0.0932282	0.0682943	0.0485386	1.280373	3.498623
10968	-2077.035	-2229.54	152.5049	1.145971	0.598924	0.342867	0.0517801	0.00642905	1.20429	5.094815
10974	-2070.488	-2225.553	155.0646	1.125043	0.640143	0.190685	0.164637	0.00453557	1.227617	3.646047
10980	-2088.817	-2242.574	153.7568	1.044195	0.526745	0.434453	0.0339016	0.00490007	1.284288	4.405714
10986	-2081.358	-2236.197	154.8393	0.8272144	0.528046	0.442285	0.0197669	0.00990169	1.152333	3.991353
10992	-2085.504	-2242.16	156.6563	1.767581	0.65189	0.309321	0.0338151	0.00497405	1.50948	2.166973
10998	-2075.096	-2231.587	156.4902	1.186087	0.791255	0.128516	0.0683844	0.011845	1.620597	2.523625
11004	-2071.44	-2228.592	157.1522	1.186087	0.731707	0.173855	0.0628309	0.0316071	1.775926	1.998242
11010	-2071.798	-2225.605	153.8074	1.60581	0.828592	0.0547577	0.107805	0.00884486	1.3956	4.023996
11016	-2066.576	-2220.167	153.5911	1.168133	0.773025	0.131261	0.0880618	0.0076529	1.41697	4.356522
11022	-2070.734	-2227.201	156.4669	1.008915	0.801858	0.125388	0.0452451	0.0275088	1.558819	2.6829
11028	-2073.02	-2229.826	156.8066	1.30972	0.847073	0.0806684	0.0711035	0.00115472	1.562791	2.287768
11034	-2072.955	-2228.768	155.8125	1.245213	0.704504	0.147168	0.146222	0.00210609	1.383076	3.047831
11040	-2079.559	-2231.371	151.812	1.25996	0.824387	0.0236595	0.131378	0.0205747	0.9893732	5.536556
11046	-2085.323	-2238.744	153.421	1.778244	0.651822	0.184018	0.141932	0.0222275	1.050041	4.359636
11052	-2080.43	-2235.33	154.9002	1.27922	0.707837	0.245487	0.02241	0.0242664	1.239009	3.650495
11058	-2089.786	-2242.912	153.1262	1.080512	0.635199	0.24526	0.0548754	0.064666	1.122783	4.829902
11064	-2082.353	-2235.104	152.751	1.264641	0.766445	0.16543	0.0288713	0.039254	1.026939	4.994637
11070	-2078.442	-2231.388	152.9456	1.521355	0.873857	0.0709448	0.0391195	0.016079	1.201425	4.66123
11076	-2077.274	-2231.719	154.4453	1.057264	0.658493	0.318266	0.0167541	0.0064869	1.223951	4.042116
11082	-2087.746	-2241.66	153.9135	1.021687	0.64158	0.222112	0.085249	0.0510597	1.207481	4.373249
11088	-2084.311	-2238.043	153.7316	1.021687	0.569677	0.329655	0.0768966	0.0237713	1.207481	4.475778
11094	-2083.471	-2234.666	151.1943	1.137913	0.67184	0.222898	0.0906869	0.0145747	1.361885	5.734302
11100	-2081.995	-2236.279	154.2841	1.440574	0.611432	0.344099	0.0264522	0.0180166	1.281888	3.897254
11106	-2093.005	-2246.21	153.205	0.9330852	0.527765	0.363861	0.0936898	0.0146842	1.120946	4.869021
11112	-2080.534	-2233.958	153.4238	1.028119	0.601555	0.302059	0.0774928	0.0188932	1.256521	4.617569
11118	-2082.401	-2237.601	155.2002	1.206033	0.747595	0.128171	0.0998824	0.024352	1.384514	3.4308
11124	-2080.047	-2232.667	152.6203	1.057005	0.65005	0.173363	0.1351	0.0414876	1.269837	5.042391
11130	-2088.302	-2243.186	154.8837	1.085144	0.62504	0.235778	0.0905007	0.0486807	1.410672	3.667275
11136	-2098.554	-2253.849	155.2947	1.530985	0.739963	0.133746	0.0973177	0.0289731	1.344532	3.227139
11142	-2096.567	-2251.108	154.5407	1.301583	0.801978	0.161763	0.0255582	0.0107003	1.3772	3.766537
11148	-2084.217	-2238.439	154.2217	1.323651	0.721915	0.238055	0.0242824	0.0157468	1.444353	3.899772
11154	-2086.419	-2240.759	154.3402	1.323651	0.692902	0.261272	0.0396023	0.00622344	1.288474	3.921188
11160	-2090.225	-2245.506	155.281	1.164026	0.814372	0.0973238	0.0643837	0.0239205	1.341777	3.431838
11166	-2100.955	-2256.408	155.4531	1.239697	0.762276	0.172275	0.0477193	0.0177292	1.335061	3.292742
11172	-2087.371	-2242.059	154.6887	1.187341	0.730652	0.165128	0.0744748	0.0297446	1.271554	3.803414
11178	-2093.101	-2247.814	154.7134	1.207691	0.554635	0.310567	0.0913617	0.0434362	1.227671	3.803414
11184	-2100.3	-2256.655	156.3558	1.150544	0.523084	0.31483	0.121655	0.0404302	1.288349	2.83143
11190	-2095.346	-2250.871	155.5246	1.735874	0.779039	0.100433	0.0943156	0.0262124	1.616776	2.824371
11196	-2084.09	-2239.57	155.4796	1.639482	0.881288	0.0251268	0.0619161	0.0316695	1.538537	2.946579
11202	-2086.47	-2243.219	156.7493	0.9817378	0.555987	0.334244	0.0724861	0.037283	1.509102	2.555953
11208	-2090.043	-2245.709	155.6665	1.082157	0.588281	0.293256	0.0306996	0.0877635	1.462242	3.180265
11214	-2084.839	-2238.211	153.372	1.25119	0.557336	0.392423	0.0243148	0.0259265	1.280447	4.512875
11220	-2087.648	-2237.619	149.9714	1.460077	0.760788	0.179253	0.0391317	0.0208273	1.073263	6.397189
11226	-2087.766	-2240.66	152.8946	1.460077	0.575683	0.379293	0.0296106	0.0154136	1.198996	4.720786
11232	-2092.667	-2245.924	153.2568	1.152169	0.756675	0.187571	0.0372135	0.0185407	1.047158	4.760518
11238	-2083.401	-2237.775	154.3749	1.152169	0.787558	0.105321	0.090087	0.017034	1.313595	3.978545
11244	-2097.93	-2251.061	153.1309	0.9128451	0.551374	0.334301	0.0815147	0.0328102	1.127691	4.918011
11250	-2091.855	-2245.91	154.0552	1.147222	0.560626	0.35964	0.0703109	0.00942282	1.107252	4.280527
11256	-2088.458	-2243.389	154.9308	1.091311	0.662557	0.214143	0.108728	0.0145714	1.521273	3.57225
11262	-2101.326	-2255.27	153.9441	1.316479	0.754051	0.130512	0.0998965	0.0155401	1.205879	4.197913
11268	-2087.439	-2240.178	152.7387	1.311788	0.731745	0.201973	0.051201	0.0150804	1.234889	4.861626
11274	-2077.238	-2230.657	153.4197	1.130044	0.685971	0.0456742	0.216862	0.0514926	1.278906	4.551341
11280	-2080.91	-2230.06	149.1499	1.347616	0.694811	0.0462628	0.219657	0.0392691	0.8474852	7.016979
11286	-2078.673	-2227.514	148.841	1.425186	0.756058	0.0686154	0.151843	0.0234832	1.087186	7.016979
11292	-2073.069	-2224.358	151.2889	1.530521	0.760689	0.0690358	0.129005	0.0412701	0.8588386	5.763045
11298	-2074.713	-2227.813	153.1006	1.075475	0.60265	0.245398	0.102203	0.0497493	1.244254	4.779156
11304	-2084.531	-2237.271	152.7407	1.49919	0.821746	0.0452728	0.111526	0.0214547	1.214533	4.779156
11310	-2087.876	-2242.569	154.6928	1.742917	0.82449	0.0604108	0.0908409	0.0242582	1.237852	3.539797
11316	-2099.22	-2254.589	155.3685	1.197057	0.706976	0.108938	0.145288	0.0387977	1.353121	3.355501
11322	-2098.235	-2254.1	155.8655	1.368453	0.741208	0.156478	0.0817898	0.0205242	1.225727	3.042886
11328	-2088.747	-2241.05	152.3029	1.462946	0.707335	0.149327	0.078052	0.0652858	1.073512	5.118554
11334	-2087.541	-2241.282	153.7412	0.9606107	0.513437	0.396912	0.0566561	0.0329945	1.146769	4.538952
11340	-2088.664	-2241.454	152.7902	1.031909	0.454048	0.482166	0.0191943	0.0445917	1.20089	5.000058
11346	-2084.08	-2237.739	153.6591	1.001977	0.533723	0.410545	0.0300428	0.0256889	1.155823	4.556619
11352	-2090.198	-2244.642	154.4446	1.167903	0.576513	0.327418	0.0123748	0.0836947	1.293599	3.941485
11358	-2089.525	-2242.759	153.2339	1.193815	0.613132	0.161968	0.0855096	0.139391	1.338935	4.587831
11364	-2089.1	-2246.648	157.5476	1.389116	0.774978	0.0538993	0.12528	0.0458432	2.018274	1.412674
11370	-2096.48	-2254.634	158.1541	1.21762	0.738599	0.0983108	0.119399	0.0436912	1.793524	1.231657
11376	-2092.066	-2249.276	157.2105	1.140244	0.621402	0.274388	0.0837183	0.0204919	1.762922	1.997203
11382	-2096.175	-2251.343	155.1679	1.248522	0.832229	0.111384	0.0403781	0.0160089	1.301899	3.474754
11388	-2085.132	-2240.553	155.421	1.112955	0.808591	0.10822	0.0813825	0.0018064	1.323707	3.389129
11394	-2081.961	-2239.209	157.2484	1.004388	0.719571	0.107268	0.140784	0.0323769	1.630461	2.147254
11400	-2075.37	-2223.947	148.5764	1.193415	0.63282	0.308997	0.0565473	0.00163593	0.8436984	7.403668
11406	-2076.675	-2229.919	153.2439	1.144651	0.551592	0.401982	0.0447055	0.00172034	1.002596	4.796615
11412	-2073.974	-2226.119	152.1451	1.397974	0.735955	0.16633	0.0715017	0.0262133	1.005778	5.274981
11418	-2085.568	-2238.537	152.9689	1.485062	0.83838	0.0557448	0.0819606	0.0239142	0.9931043	4.782174
11424	-2088.506	-2240.26	151.7532	1.679113	0.787816	0.0057388	0.142792	0.0636528	1.078417	5.318809
11430	-2081.611	-2233.267	151.6553	1.502665	0.751686	0.13692	0.0938321	0.0175616	0.925737	5.53844
11436	-2090.715	-2244.031	153.3164	1.029314	0.649253	0.28213	0.0619779	0.0066387	1.097948	4.765753
11442	-2098.83	-2253.61	154.7795	0.9378897	0.759992	0.116592	0.122569	0.000846707	1.262649	3.897137
11448	-2095.303	-2251.275	155.9719	1.210698	0.742546	0.119226	0.134447	0.00378079	1.801823	2.717599
11454	-2078.352	-2233.21	154.8577	1.366927	0.754476	0.0252673	0.212355	0.00790265	1.224897	3.637121
11460	-2088.983	-2244.682	155.6996	1.258398	0.796267	0.0609451	0.128698	0.0140897	1.366654	3.11772
11466	-2094.963	-2251.309	156.3458	1.440893	0.886803	0.0407834	0.0567224	0.0156917	1.358607	2.631588
11472	-2087.737	-2244.143	156.4055	1.381472	0.72684	0.127805	0.113857	0.0314975	1.635904	2.454578
11478	-2083.712	-2240.578	156.8666	1.150879	0.668483	0.232649	0.083559	0.0153087	1.527487	2.366633
11484	-2092.887	-2245.968	153.0808	1.173586	0.675132	0.180347	0.123419	0.0211023	1.013996	4.865858
11490	-2094.938	-2247.53	152.5915	1.555146	0.742701	0.090831	0.137499	0.0289695	1.160336	4.865858
11496	-2092.619	-2245.799	153.1803	1.140208	0.638419	0.232638	0.0973233	0.0316196	0.9808728	4.846638
11502	-2092.19	-2248.479	156.289	1.300499	0.791463	0.167628	0.0338967	0.0070124	1.531314	2.637696
11508	-2104.304	-2258.575	154.271	1.035382	0.746739	0.214664	0.0319812	0.00661614	1.342372	4.08633
11514	-2087.223	-2241.438	154.2148	1.230705	0.58156	0.351724	0.0502905	0.0164256	1.025664	4.191488
11520	-2071.017	-2225.846	154.8281	1.448373	0.706967	0.246312	0.0352184	0.0115028	1.307387	3.564476
11526	-2073.2	-2229.955	156.7551	0.9355693	0.682626	0.266772	0.0381438	0.0124583	1.399703	2.648944
11532	-2080.559	-2235.764	155.205	1.156345	0.776524	0.161398	0.0605942	0.00148367	1.380072	3.458133
11538	-2077.581	-2233.168	155.5869	1.322787	0.862203	0.0938971	0.0435207	0.000379575	1.397162	3.13144
11544	-2073.245	-2228.812	155.5673	1.406487	0.784255	0.176852	0.0387703	0.000122567	1.341675	3.13144
11550	-2078.289	-2234.973	156.6839	1.1357	0.775048	0.155864	0.0689656	0.000122285	1.511249	2.501013
11556	-2080.671	-2237.15	156.479	1.489462	0.783361	0.157536	0.0589835	0.000118914	1.513045	2.425918
11562	-2078.485	-2230.506	152.0203	1.128544	0.735507	0.147913	0.11648	9.97969e-05	1.231453	5.356998
11568	-2075.972	-2229.885	153.9132	1.208485	0.668063	0.267273	0.0636772	0.000987303	1.139868	4.309493
11574	-2077.358	-2230.514	153.1568	1.52012	0.824965	0.0820087	0.0925051	0.000521182	1.127857	4.584669
11580	-2083.795	-2236.716	152.9205	1.283669	0.678316	0.258607	0.0603543	0.00272227	1.082007	4.85986
11586	-2081.27	-2235.26	153.9897	1.151491	0.612597	0.233551	0.151393	0.00245852	1.038697	4.353994
11592	-2089.553	-2242.522	152.9691	1.151491	0.746558	0.065946	0.1845	0.00299614	0.9451933	4.978045
11598	-2080.855	-2232.825	151.9703	1.268935	0.787813	0.0641009	0.146024	0.00206186	0.9283026	5.478561
11604	-2092.213	-2246.995	154.7817	1.057484	0.490131	0.470998	0.0152547	0.0236156	1.307631	3.801271
11610	-2081.484	-2236.568	155.0845	0.8105133	0.561912	0.399378	0.0101065	0.0286034	1.255992	3.801271
11616	-2090.231	-2244.823	154.592	0.3256619	0.367381	0.583927	0.0066077	0.0420844	1.212994	4.375198
11622	-2082.669	-2238.641	155.9712	0.1664952	0.448528	0.510949	0.00372599	0.0367973	1.380862	3.466541
11628	-2090.468	-2246.809	156.3412	0.1664952	0.424451	0.426855	0.0134221	0.135272	1.449665	3.208463
11634	-2085.266	-2240.984	155.7176	0.1683522	0.410462	0.383812	0.0138112	0.191915	1.2492	3.692366
11640	-2092.623	-2250.461	157.8383	0.1424875	0.25942	0.487678	0.0182741	0.234628	1.683658	2.104365
11646	-2087.515	-2242.994	155.4795	0.159605	0.556793	0.329393	0.00822397	0.10559	1.18364	3.857847
11652	-2077.915	-2232.471	154.5552	0.1569453	0.176602	0.417122	0.0286982	0.377577	0.9922282	4.488569
11658	-2074.251	-2228.774	154.5228	0.1733899	0.0585777	0.799295	0.00639472	0.135732	1.055092	4.488569
11664	-2080.111	-2234.582	154.4707	0.2544814	0.160411	0.791301	0.0048848	0.0434028	1.157282	4.488569
11670	-2075.642	-2231.333	155.6914	0.9773091	0.755168	0.130474	0.0802667	0.0340909	1.335021	3.302282
11676	-2065.647	-2218.768	153.1205	1.161115	0.800277	0.0935835	0.0752126	0.0309274	0.9777141	4.870536
11682	-2067.629	-2221.188	153.5591	1.51071	0.664071	0.223024	0.0314613	0.0814432	1.112077	4.371645
11688	-2068.168	-2219.687	151.5183	1.180225	0.70935	0.146019	0.106499	0.0381315	0.9488558	5.760913
11694	-2081.358	-2232.988	151.6302	1.065847	0.769311	0.117651	0.071683	0.0413547	0.9473464	5.760913
11700	-2081.252	-2232.715	151.4634	1.252988	0.61253	0.285495	0.0646676	0.0373075	0.9354918	5.760913
11706	-2077.517	-2229.748	152.231	0.8952071	0.722315	0.144322	0.0935691	0.0397946	0.9674993	5.514337
11712	-2076.682	-2230.976	154.294	1.247064	0.741131	0.10171	0.111542	0.0456178	1.322802	3.968342
11718	-2084.989	-2238.591	153.6021	1.721608	0.737749	0.0945047	0.124654	0.043092	1.338218	4.11938
11724	-2084.779	-2238.164	153.3849	1.580578	0.843909	0.0151353	0.115611	0.025344	1.112136	4.436306
11730	-2075.292	-2225.797	150.5054	1.596515	0.87092	0.0112608	0.0998276	0.0179913	1.035464	6.063953
11736	-2083.952	-2234.433	150.4813	1.7053	0.78104	0.00805946	0.148861	0.0620392	0.9697988	6.063953
11742	-2078.873	-2231.732	152.8594	1.79086	0.851862	0.0191405	0.0974584	0.0315386	1.102232	4.640559
11748	-2085.693	-2236.823	151.1298	1.366107	0.765487	0.118596	0.0875765	0.0283407	1.081679	5.80694
11754	-2089.936	-2240.769	150.833	1.970794	0.757809	0.0880918	0.0808281	0.0732709	0.8805214	5.80694
11760	-2091.317	-2244.651	153.3337	1.65165	0.76	0.0872948	0.0800968	0.072608	1.066486	4.457478
11766	-2090.197	-2243.904	153.707	1.082672	0.863156	0.0743231	0.0394839	0.0230367	0.984026	4.581426
11772	-2078.993	-2233.945	154.9522	1.119117	0.784364	0.159502	0.0352004	0.0209338	1.172258	3.746394
11778	-2077.953	-2230.858	152.9044	1.355218	0.7466	0.198836	0.0284679	0.0260962	1.120192	4.811235
11784	-2085.88	-2237.945	152.0651	1.5303	0.806045	0.157171	0.00861007	0.028174	1.020679	5.247204
11790	-2084.089	-2237.184	153.0953	1.363935	0.734605	0.199951	0.0283218	0.0371224	0.9777168	4.779834
11796	-2083.743	-2233.105	149.3627	1.140312	0.668539	0.248188	0.0463653	0.0369079	0.9479161	6.952214
11802	-2087.185	-2238.628	151.4436	1.140312	0.616856	0.310999	0.0215645	0.0505803	0.7129227	5.951576
11808	-2079.588	-2231.741	152.1539	1.550049	0.840156	0.0904538	0.0158406	0.0535498	0.9321543	5.23774
11814	-2078.737	-2231.452	152.7151	1.35152	0.80414	0.136646	0.0151615	0.0440519	1.045911	4.959941
11820	-2073.98	-2226.383	152.4036	1.79947	0.664998	0.274054	0.0180436	0.0429045	0.9789444	4.959941
11826	-2084.637	-2238.48	153.8427	1.526317	0.74767	0.17341	0.018718	0.060202	1.181816	4.163924
11832	-2078.797	-2234.058	155.2606	1.226639	0.664766	0.211176	0.0705312	0.0535266	1.196722	3.493949
11838	-2080.641	-2235.492	154.8516	1.112466	0.539188	0.35991	0.0691078	0.0317941	1.196552	3.794067
11844	-2073.529	-2228.291	154.7619	1.105241	0.687106	0.240326	0.0565714	0.0159963	1.098482	3.906024
11850	-2086.045	-2238.812	152.7673	1.153073	0.580695	0.300203	0.0991208	0.0199817	1.085763	5.011218
11856	-2073.949	-2228.939	154.99	1.222289	0.706668	0.185632	0.0896316	0.0180688	1.233839	3.632101
11862	-2085.022	-2240.83	155.8077	1.222289	0.734499	0.206733	0.0299104	0.0288576	1.458473	3.018373
11868	-2074.882	-2231.631	156.749	1.083895	0.758024	0.166104	0.0304952	0.0453765	1.504588	2.495874
11874	-2078.338	-2235.942	157.6039	1.202718	0.746398	0.165003	0.0435227	0.0450758	1.686596	1.740041
11880	-2084.19	-2241.86	157.6697	1.1556	0.655448	0.226985	0.0387362	0.078831	1.788846	1.65256
11886	-2082.517	-2239.394	156.8771	1.506749	0.81269	0.115115	0.0417355	0.0304596	1.733935	2.01653
11892	-2075.985	-2233.274	157.2891	1.349917	0.853523	0.0761359	0.0431505	0.0271908	1.749487	1.820817
11898	-2069.204	-2226.776	157.5721	1.134163	0.80956	0.143749	0.0329982	0.0136933	1.749487	1.763927
11904	-2080.947	-2237.965	157.0174	1.345287	0.633524	0.254524	0.0936107	0.0183412	1.894554	1.910191
11910	-2074.96	-2232.177	157.2174	1.270247	0.745025	0.113269	0.103628	0.0380783	1.648207	1.987441
11916	-2086.556	-2244.022	157.4657	1.368628	0.855132	0.119202	0.00584486	0.0198214	1.736637	1.694567
11922	-2102.297	-2256.285	153.9879	1.567703	0.757453	0.182658	0.051525	0.00836352	1.152977	4.077671
11928	-2089.711	-2245.073	155.3622	1.045046	0.750938	0.0678766	0.175474	0.00571064	1.21422	3.526301
11934	-2090.649	-2244.477	153.8276	1.414876	0.706091	0.167047	0.124725	0.00213687	1.106737	4.270088
11940	-2095.528	-2249.913	154.3852	1.333258	0.676759	0.168954	0.148835	0.00545267	1.31024	3.877917
11946	-2088.54	-2244.91	156.3699	1.373485	0.72598	0.181242	0.0869282	0.00584925	1.406581	2.623987
11952	-2090.904	-2245.8	154.8957	0.9359935	0.633439	0.327469	0.0330952	0.00599695	1.225373	3.852951
11958	-2093.31	-2244.873	151.5629	1.206088	0.545795	0.416813	0.0316555	0.00573606	1.389538	5.481182
11964	-2081.631	-2236.006	154.3752	1.286318	0.729926	0.218229	0.0392645	0.0125805	1.104006	4.0262
11970	-2084.872	-2240.18	155.3086	0.99156	0.734436	0.0865295	0.166376	0.0126583	1.204616	3.594058
11976	-2099.928	-2253.004	153.0762	1.584092	0.744875	0.083925	0.168741	0.00245933	1.195274	4.561547
11982	-2083.686	-2237.132	153.4459	1.308832	0.765929	0.0183111	0.215211	0.00054887	1.332569	4.412014
11988	-2082.055	-2232.607	150.5523	1.307179	0.746909	0.00477367	0.247488	0.000829713	0.8208434	6.293008
11994	-2091.392	-2244.627	153.2355	1.082109	0.794478	0.048196	0.156579	0.000747265	0.8396363	4.925885
12000	-2075.127	-2227.375	152.2475	1.405966	0.880244	0.0100282	0.105232	0.00449503	1.107242	5.158333
12006	-2076.603	-2228.466	151.8631	1.405966	0.773988	0.00288298	0.215447	0.00768191	0.8209883	5.528297
12012	-2094.866	-2250.109	155.243	1.552761	0.737251	0.127539	0.0422671	0.092943	1.159727	3.355675
12018	-2084.912	-2239.22	154.3079	1.404864	0.746172	0.142901	0.0168599	0.0940676	1.372419	3.849709
12024	-2075.823	-2231.301	155.4775	1.251081	0.687935	0.241335	0.0182331	0.0524969	1.279675	3.304766
12030	-2074.202	-2229.979	155.7772	1.405366	0.770916	0.115028	0.108252	0.00580439	1.248239	3.062539
12036	-2078.948	-2232.123	153.1747	1.250118	0.748639	0.0473455	0.179862	0.0241536	1.131768	4.707455
12042	-2067.506	-2219.947	152.4411	1.44988	0.816006	0.0159816	0.152059	0.0159539	0.760197	5.221814
12048	-2066.754	-2219.267	152.5132	1.223534	0.790135	0.0926576	0.101759	0.0154481	0.8931331	5.221814
12054	-2075.508	-2227.903	152.3953	1.20886	0.722739	0.112053	0.140718	0.0244903	0.8426032	5.322449
12060	-2083.065	-2235.843	152.7775	1.067379	0.700431	0.108594	0.181291	0.00968405	1.004911	5.096466
12066	-2079.21	-2232.615	153.4044	1.271711	0.752979	0.0332483	0.162685	0.0510874	1.086537	4.592944
12072	-2078.586	-2232.166	153.5797	1.339625	0.680774	0.1035	0.147084	0.0686421	1.210783	4.389438
12078	-2075.204	-2230.022	154.818	1.413791	0.758531	0.115321	0.0496651	0.0764823	1.272156	3.608512
12084	-2086.565	-2240.945	154.3801	1.764627	0.724111	0.154403	0.0292884	0.0921969	1.234847	3.712828
12090	-2082.899	-2236.604	153.7048	1.865257	0.862633	0.0107091	0.0798165	0.0468415	1.093805	4.135154
12096	-2080.048	-2234.957	154.9089	1.36467	0.742798	0.101247	0.0864139	0.069541	1.052664	3.70835
12102	-2089.843	-2245.989	156.1454	1.4497	0.71444	0.0629309	0.188466	0.0341632	1.411951	2.717248
12108	-2084.99	-2241.19	156.2001	1.387802	0.772431	0.027759	0.194591	0.00521926	1.411951	2.717248
12114	-2076.891	-2233.444	156.5524	1.312264	0.75764	0.0336486	0.203259	0.00545177	1.422338	2.535301
12120	-2076.189	-2231.698	155.5085	1.312264	0.706178	0.135479	0.0620133	0.0963298	1.344087	3.215168
12126	-2082.124	-2237.79	155.6665	1.376485	0.845441	0.0793816	0.0137113	0.0614664	1.481759	3.004424
12132	-2081.389	-2236.311	154.9225	1.42569	0.844936	0.0507402	0.00410601	0.100218	1.355181	3.493224
12138	-2077.794	-2233.372	155.5789	1.45578	0.822814	0.0941655	0.00404951	0.0789706	1.408603	3.058725
12144	-2072.771	-2226.682	153.9113	1.428544	0.632812	0.345826	0.00312691	0.0182349	1.240598	4.139791
12150	-2063.075	-2218.123	155.0473	1.304519	0.812108	0.137172	0.00619198	0.0445275	1.387685	3.464908
12156	-2080.185	-2234.789	154.6048	0.9944326	0.793953	0.134106	0.0284097	0.043532	1.159496	4.023493
12162	-2079.212	-2233.936	154.7237	1.064352	0.511905	0.425986	0.0240219	0.0380873	1.151916	3.920142
12168	-2079.289	-2230.172	150.8825	1.28305	0.705965	0.235901	0.0224842	0.0356493	0.9399444	6.060606
12174	-2081.208	-2236.317	155.109	1.149903	0.546985	0.366109	0.0251313	0.061774	1.211841	3.615619
12180	-2072.723	-2226.722	153.9985	1.080825	0.67955	0.280948	0.0280243	0.0114774	1.114634	4.344759
12186	-2086.819	-2238.917	152.0976	0.9409077	0.580661	0.383002	0.0249013	0.011436	1.191556	5.43876
12192	-2073.741	-2226.997	153.2563	1.032026	0.729673	0.225942	0.0312915	0.0130933	1.006615	4.848734
12198	-2089.584	-2245.526	155.9416	1.337396	0.605459	0.344819	0.0271728	0.0225486	1.270066	2.987519
12204	-2081.097	-2238.003	156.9054	0.9602665	0.585975	0.362186	0.0262984	0.0255408	1.490802	2.483502
12210	-2068.906	-2225.358	156.4513	0.9113801	0.661779	0.30753	0.0223298	0.00836107	1.47236	2.805583
12216	-2072.805	-2228.866	156.0611	1.163955	0.662236	0.307742	0.0223452	0.00767664	1.403989	2.931986
12222	-2075.683	-2232.622	156.9384	1.248634	0.712086	0.251757	0.0314682	0.00468894	1.537824	2.255351
12228	-2075.592	-2232.238	156.6463	1.438536	0.766288	0.189199	0.0233733	0.0211391	1.584596	2.302596
12234	-2085.686	-2242.515	156.8283	1.083834	0.844256	0.07834	0.023486	0.053918	1.615969	2.375909
12240	-2079.58	-2236.159	156.5798	1.383437	0.728069	0.146163	0.0792705	0.0464977	1.584589	2.375909
12246	-2079.123	-2236.164	157.0413	1.19262	0.624639	0.234776	0.0882609	0.0523242	1.794196	2.055612
12252	-2064.21	-2221.201	156.9908	1.19262	0.649382	0.254957	0.041264	0.0543968	1.543907	2.25157
12258	-2074.181	-2230.398	156.217	1.148582	0.648719	0.25278	0.0500695	0.048432	1.278836	2.922329
12264	-2073.747	-2229.879	156.132	1.17759	0.770241	0.147663	0.0581886	0.0239071	1.336181	2.922329
12270	-2062.932	-2218.809	155.8767	1.395895	0.669392	0.271506	0.0418913	0.0172113	1.642186	2.769839
12276	-2061.516	-2216.207	154.6903	0.9348849	0.71118	0.209115	0.0754406	0.00426432	1.233935	3.96642
12282	-2061.626	-2217.054	155.4276	1.261807	0.823961	0.0985905	0.0612478	0.016201	1.556859	3.164486
12288	-2067.1	-2221.541	154.4407	1.222233	0.779073	0.10447	0.104703	0.0117539	1.406422	3.849577
12294	-2072.697	-2226.985	154.2885	1.237559	0.819977	0.0693977	0.0982546	0.0123711	1.243067	4.022079
12300	-2075.523	-2230.691	155.1679	1.467671	0.829509	0.0754606	0.0799824	0.0150485	1.44864	3.272838
12306	-2076.942	-2233.928	156.9855	1.067914	0.672499	0.194235	0.125861	0.00740519	1.591131	2.301628
12312	-2069.81	-2226.694	156.8842	1.285922	0.7041	0.207087	0.083242	0.0055706	1.485319	2.301628
12318	-2080.22	-2237.082	156.8617	1.322392	0.8226	0.108774	0.0623724	0.00625397	1.47446	2.301628
12324	-2094.378	-2251.913	157.5354	1.034817	0.772794	0.197872	0.0278853	0.00144884	1.739342	1.86327
12330	-2081.749	-2239.268	157.5191	0.998345	0.728838	0.187438	0.0818648	0.00185975	1.535886	2.035471
12336	-2071.189	-2228.561	157.3711	0.9665121	0.73875	0.226238	0.0258208	0.00919121	1.535886	2.153715
12342	-2075.256	-2231.799	156.543	1.594326	0.755309	0.231309	0.00398479	0.00939723	1.715799	2.198657
12348	-2073.695	-2230.98	157.2847	0.9081824	0.747698	0.244862	0.000202205	0.00723851	1.612356	2.198657
12354	-2072.955	-2230.683	157.7274	1.048541	0.739191	0.242076	0.00103913	0.017694	1.784259	1.688866
12360	-2085.718	-2243.421	157.7037	1.242491	0.78436	0.13634	0.000899718	0.0784003	1.873854	1.505441
12366	-2086.688	-2244.439	157.7511	1.185999	0.705631	0.186117	0.0012282	0.107024	1.780617	1.578645
12372	-2080.722	-2238.212	157.4899	1.083545	0.768286	0.191495	0.00340354	0.0368159	1.814232	1.8101
12378	-2091.209	-2248.444	157.2344	1.350505	0.723805	0.251245	0.00311944	0.0218304	1.68107	1.904561
12384	-2093.806	-2245.994	152.1884	1.387994	0.79762	0.0744553	0.122062	0.00586268	1.286121	5.100813
12390	-2083.268	-2234.87	151.6025	1.621306	0.802696	0.0633272	0.128077	0.00589999	1.083354	5.425475
12396	-2082.833	-2237.187	154.3534	1.246379	0.709234	0.151771	0.127644	0.0113514	1.005923	4.115617
12402	-2081.269	-2233.268	151.9989	1.66043	0.706647	0.0795742	0.19632	0.0174588	1.062061	5.200561
12408	-2084.31	-2237.373	153.0629	1.350978	0.746312	0.0905988	0.144651	0.0184388	1.022251	4.779579
12414	-2080.473	-2232.597	152.1244	1.599222	0.741966	0.0900713	0.143813	0.0241492	0.9452144	5.223889
12420	-2080.173	-2233.56	153.3867	1.287921	0.77077	0.0547474	0.149396	0.0250867	1.043659	4.618558
12426	-2083.938	-2237.758	153.8203	1.35551	0.851089	0.0564347	0.0813678	0.0111083	0.9422216	4.397171
12432	-2073.684	-2226.577	152.8935	1.451309	0.778235	0.149121	0.0402333	0.0324106	0.9881089	4.843448
12438	-2075.156	-2230.471	155.314	1.468587	0.903501	0.0306247	0.0314605	0.034414	1.311373	3.267128
12444	-2074.086	-2227.998	153.9113	1.468623	0.841646	0.0666608	0.0859716	0.00572161	1.383491	4.038396
12450	-2076.482	-2233.815	157.3333	1.117999	0.679196	0.206828	0.0509328	0.0630424	1.758988	1.931842
12456	-2090.641	-2246.447	155.8062	1.39485	0.844943	0.035072	0.0402157	0.0797696	1.661337	2.801655
12462	-2077.727	-2230.79	153.0635	1.529095	0.542779	0.244136	0.209933	0.00315275	1.136905	4.627569
12468	-2085.134	-2239.415	154.2808	1.253564	0.779413	0.0925361	0.126508	0.00154279	1.089113	4.105757
12474	-2088.638	-2242.728	154.0902	1.312602	0.690637	0.137788	0.0337756	0.1378	1.275859	4.077053
12480	-2082.284	-2234.154	151.8703	1.321231	0.683205	0.207866	0.0324577	0.0764707	1.003571	5.465775
12486	-2081.936	-2233.156	151.2203	1.152029	0.631968	0.277312	0.0259697	0.0647507	1.031376	5.893479
12492	-2080.021	-2235.897	155.8763	1.152029	0.659146	0.269575	0.0270866	0.0441929	1.570353	2.94998
12498	-2085.951	-2241.542	155.5902	0.8485139	0.640019	0.282996	0.0384187	0.0385662	1.382721	3.41111
12504	-2082.639	-2239.269	156.6297	0.9221772	0.661956	0.198899	0.113841	0.0253045	1.429929	2.715867
12510	-2083.746	-2239.666	155.9199	0.9632925	0.76869	0.0802366	0.121689	0.0293847	1.511026	3.070743
12516	-2088.913	-2243.344	154.4314	1.623731	0.758129	0.0372431	0.134197	0.0704315	1.099574	3.827475
12522	-2092.685	-2249.543	156.858	1.113909	0.546234	0.291509	0.148221	0.0140359	1.545554	2.383166
12528	-2093.398	-2249.674	156.2754	1.244262	0.621922	0.302817	0.0577364	0.0175243	1.378281	2.771791
12534	-2095.59	-2250.503	154.9133	1.182493	0.653928	0.216577	0.0904536	0.0390421	1.163784	3.738705
12540	-2089.203	-2243.696	154.4931	1.046434	0.604856	0.21446	0.151528	0.0291548	1.226058	4.01973
12546	-2082.96	-2234.93	151.9694	1.237992	0.554594	0.190708	0.229488	0.0252098	1.092934	5.404189
12552	-2090.282	-2241.41	151.1285	1.356955	0.686308	0.207037	0.0666026	0.0400519	0.9369648	5.891275
12558	-2080.324	-2233.507	153.1826	1.356955	0.786688	0.136108	0.0437849	0.0334198	1.079358	4.67773
12564	-2087.956	-2241.082	153.126	1.276711	0.772772	0.120847	0.0603316	0.0460494	1.107463	4.734529
12570	-2091.848	-2245.171	153.3232	1.115275	0.758358	0.139047	0.057405	0.0451904	1.062731	4.734529
12576	-2095.852	-2249.601	153.7488	1.370897	0.669873	0.190027	0.078452	0.0616477	1.105904	4.337273
12582	-2095.671	-2247.816	152.1454	1.379821	0.621283	0.281393	0.0760458	0.021278	1.013328	5.279581
12588	-2103.322	-2253.251	149.9293	1.300608	0.645525	0.30012	0.0100936	0.044261	0.7688606	6.661973
12594	-2087.166	-2241.243	154.0774	1.215934	0.811385	0.0619037	0.117812	0.00889938	1.1694	4.195728
12600	-2073.591	-2224.441	150.8499	0.7649242	0.522528	0.361227	0.103757	0.0124874	0.8492416	6.406866
12606	-2074.436	-2227.444	153.0077	1.036401	0.744932	0.215203	0.0360809	0.0037844	1.058165	4.956027
12612	-2090.398	-2242.141	151.7424	1.166596	0.778555	0.159149	0.0482862	0.0140092	1.056275	5.586269
12618	-2095.368	-2248.748	153.3795	1.163962	0.81242	0.122919	0.0609196	0.00374141	1.030844	4.694747
12624	-2079.446	-2230.255	150.8092	1.604981	0.757936	0.131009	0.105836	0.00521899	0.9853352	5.921709
12630	-2091.908	-2245.869	153.9611	1.451969	0.666284	0.096752	0.230972	0.00599226	1.108025	4.175123
12636	-2084.21	-2236.552	152.342	1.368594	0.769705	0.123643	0.10238	0.00427183	1.018695	5.173486
12642	-2094.082	-2245.393	151.3111	1.549809	0.806227	0.0400438	0.147298	0.0064308	1.003797	5.662423
12648	-2096.324	-2246.176	149.852	1.740689	0.836587	0.0663048	0.0904353	0.00667297	1.019995	6.363275
12654	-2100.171	-2250.383	150.2121	1.330766	0.665006	0.221411	0.105778	0.00780507	1.010115	6.363275
12660	-2087.651	-2240.437	152.7859	1.024361	0.601252	0.296054	0.0956373	0.0070568	0.9976833	5.119344
12666	-2086.271	-2240.607	154.3356	1.210383	0.753655	0.119768	0.116469	0.010108	1.147294	4.064405
12672	-2081.27	-2233.988	152.7185	1.206464	0.717328	0.178517	0.0892888	0.0148659	1.141208	4.979349
12678	-2087.695	-2242.766	155.0706	1.661803	0.778709	0.141974	0.071011	0.00830568	1.271386	3.337785
12684	-2086.292	-2238.139	151.8468	1.520759	0.722879	0.161878	0.090904	0.024339	1.104801	5.325843
12690	-2083.992	-2237.285	153.294	1.609525	0.798995	0.0736274	0.100476	0.0269018	1.226082	4.409659
12696	-2082.012	-2235.963	153.9511	1.394423	0.759938	0.0530719	0.136088	0.0509019	1.129511	4.197457
12702	-2082.816	-2237.34	154.5234	1.847846	0.755636	0.0584327	0.135318	0.0506138	1.297139	3.555439
12708	-2088.509	-2244.288	155.7799	2.190067	0.869573	0.00887535	0.0526797	0.0688715	1.3169	2.640626
12714	-2080.377	-2232.902	152.5256	1.69258	0.922916	0.00583907	0.0360086	0.0352359	1.193477	4.820355
12720	-2080.395	-2236.129	155.7345	1.227117	0.843113	0.00416458	0.131443	0.0212795	1.211395	3.206516
12726	-2090.46	-2246.387	155.9277	1.235715	0.787124	0.00563116	0.160758	0.0464862	1.311064	3.027268
12732	-2098.338	-2251.417	153.0794	1.694811	0.719675	0.0108145	0.244718	0.0247923	1.277655	4.461858
12738	-2080.877	-2235.755	154.8789	1.172205	0.674997	0.0121631	0.291922	0.0209183	1.326085	3.670426
12744	-2061.336	-2214.431	153.0946	1.384694	0.846841	0.0152596	0.098793	0.0391061	1.219544	4.634537
12750	-2073.298	-2226.913	153.6147	1.798923	0.768887	0.0371855	0.178549	0.0153782	1.442519	4.01746
12756	-2062.118	-2219.779	157.6613	1.081089	0.695922	0.238978	0.0527228	0.0123768	1.839281	1.674039
12762	-2075.595	-2233.448	157.8538	1.063818	0.832269	0.0972294	0.0428118	0.0276897	1.988047	1.434711
12768	-2074.538	-2231.962	157.4235	1.086165	0.77864	0.0918983	0.116339	0.0131221	1.622698	1.983595
12774	-2076.293	-2232.676	156.3825	1.43989	0.779983	0.0271327	0.11654	0.076344	1.619857	2.446579
12780	-2083.549	-2240.145	156.5961	1.469733	0.873378	0.0303815	0.0861566	0.0100835	1.531007	2.351335
12786	-2087.909	-2245.441	157.5319	1.085018	0.83071	0.0670324	0.0867309	0.0155271	1.603503	1.924359
12792	-2085.417	-2242.485	157.0679	1.419008	0.820471	0.0662062	0.10799	0.00533248	1.520451	2.082124
12798	-2075.524	-2233.209	157.6848	1.474763	0.901847	0.0173725	0.0743746	0.00640588	1.687777	1.502438
12804	-2082.898	-2239.086	156.1886	1.080167	0.844238	0.0684924	0.0696236	0.0176461	1.396954	2.908144
12810	-2090.784	-2247.405	156.6209	0.9429095	0.760097	0.118185	0.0959003	0.0258175	1.432067	2.706972
12816	-2091.947	-2247.602	155.6545	1.219679	0.76742	0.139735	0.0853936	0.00745079	1.243157	3.239163
12822	-2088.854	-2245.126	156.2713	0.9819488	0.751677	0.170239	0.071817	0.0062662	1.318023	2.964533
12828	-2089.37	-2243.772	154.4023	1.217037	0.595938	0.285156	0.109466	0.00944025	1.272451	3.951226
12834	-2093.535	-2247.587	154.052	0.9549277	0.425358	0.535788	0.0174864	0.0213678	1.104578	4.390915
12840	-2089.131	-2242.716	153.5841	1.009982	0.707721	0.206335	0.0329436	0.053001	0.9935124	4.685192
12846	-2094.376	-2247.642	153.2661	1.478287	0.658601	0.192014	0.0306572	0.118728	1.149133	4.531605
12852	-2099.273	-2253.685	154.4121	1.471974	0.651585	0.189969	0.0276305	0.130816	1.292585	3.801803
12858	-2083.61	-2235.902	152.2926	0.9584144	0.574505	0.349056	0.0404374	0.0360021	1.222957	5.30418
12864	-2081.078	-2237.199	156.1207	0.8624148	0.526772	0.339201	0.0625071	0.0715204	1.272725	3.15451
12870	-2087.279	-2244.462	157.1829	0.9395392	0.560581	0.360971	0.0665189	0.0119291	1.777199	2.13687
12876	-2086.557	-2243.394	156.8367	1.317822	0.598163	0.342683	0.0394144	0.0197398	1.758943	2.13687
12882	-2114.321	-2269.799	155.4779	1.214924	0.531641	0.295464	0.0881369	0.0847583	1.505908	3.190795
12888	-2097.376	-2254.336	156.9599	1.262145	0.602501	0.334844	0.0158236	0.0468311	1.580809	2.205743
12894	-2092.777	-2249.1	156.3225	1.747123	0.675596	0.230278	0.0198126	0.0743142	1.477209	2.41169
12900	-2089.24	-2242.972	153.7312	1.6685	0.672727	0.261512	0.01061	0.0551508	1.171972	4.165167
12906	-2092.109	-2242.449	150.3394	1.242966	0.635464	0.291288	0.011818	0.0614304	0.8407383	6.429885
12912	-2094.872	-2244.917	150.0455	1.262276	0.663973	0.200821	0.0708191	0.0643867	0.9593995	6.515097
12918	-2107.088	-2256.74	149.6519	1.180679	0.622734	0.228929	0.0848995	0.0634379	0.8658819	6.819738
12924	-2111.372	-2261.503	150.1305	1.180679	0.587033	0.185161	0.178177	0.0496283	0.7935602	6.60029
12930	-2102.195	-2254.477	152.2818	0.9914147	0.754942	0.0989303	0.117832	0.0282956	0.886497	5.47723
12936	-2084.381	-2237.152	152.771	1.072493	0.690282	0.176107	0.10774	0.0258721	1.030814	5.08294
12942	-2078.652	-2231.378	152.7264	1.304222	0.743461	0.0632656	0.184679	0.00859472	0.9786995	5.014876
12948	-2083.738	-2235.415	151.6767	1.549999	0.723089	0.0533415	0.213627	0.00994193	0.9100982	5.512995
12954	-2101.032	-2253.746	152.7144	1.202326	0.633042	0.237812	0.12779	0.00135562	1.280771	4.906145
12960	-2088.153	-2242.034	153.8808	1.221436	0.548071	0.322967	0.087645	0.0413169	1.3307	4.212834
12966	-2087.63	-2243.03	155.4	1.459219	0.509094	0.311332	0.122187	0.0573861	1.475411	3.123778
12972	-2076.107	-2231.022	154.9155	1.280473	0.742301	0.110799	0.116327	0.0305729	1.219769	3.652125
12978	-2069.147	-2221.181	152.0344	2.044556	0.816928	0.13572	0.0310138	0.0163385	1.255035	4.907159
12984	-2073.526	-2227.619	154.0922	1.195067	0.790532	0.097324	0.0925777	0.0195662	1.366604	4.086326
12990	-2072.024	-2229.044	157.0204	1.14946	0.715082	0.181939	0.0886531	0.0143264	1.584551	2.23278
12996	-2081.26	-2236.704	155.4439	1.320861	0.784193	0.137807	0.0671491	0.0108514	1.584551	3.106043
13002	-2077.342	-2233.393	156.0503	1.25901	0.746862	0.157094	0.0862707	0.00977271	1.516077	2.816615
13008	-2085.536	-2241.959	156.4227	1.111826	0.64167	0.216299	0.132013	0.0100187	1.290386	2.812188
13014	-2088.494	-2243.716	155.2218	1.470949	0.754114	0.168297	0.0676177	0.0099714	1.296859	3.32882
13020	-2088.416	-2242.541	154.1249	1.433851	0.654092	0.19164	0.140279	0.0139889	1.224046	4.024867
13026	-2077.583	-2231.791	154.2079	1.440762	0.733905	0.0744009	0.157185	0.0345093	1.246659	3.961
13032	-2075.162	-2229.988	154.8262	1.101149	0.726948	0.0340913	0.204778	0.0341822	1.312679	3.748134
13038	-2069.431	-2224.098	154.6665	1.343938	0.692307	0.227248	0.0478913	0.0325533	1.244836	3.748134
13044	-2074.584	-2229.866	155.283	1.086212	0.685747	0.225095	0.0474375	0.0417207	1.244759	3.531144
13050	-2070.196	-2225.233	155.0367	1.296369	0.700213	0.215817	0.0316092	0.0523605	1.52476	3.395242
13056	-2081.894	-2234.629	152.7343	1.969649	0.690805	0.212917	0.0321079	0.0641702	1.367703	4.483874
13062	-2088.775	-2244.443	155.6677	1.580414	0.767696	0.00606615	0.173586	0.0526516	1.54257	2.860325
13068	-2071.691	-2227.656	155.9653	1.400503	0.865816	0.0158934	0.0588637	0.0594264	1.400599	2.860325
13074	-2070.442	-2222.609	152.1667	1.498065	0.828442	0.0104598	0.120338	0.0407599	1.236417	5.08689
13080	-2074.302	-2228.407	154.1043	1.643757	0.790203	0.047851	0.151695	0.010251	1.29317	3.894622
13086	-2083.912	-2238.926	155.0144	1.657746	0.938509	0.0189531	0.0372689	0.00526887	1.468678	3.256549
13092	-2096.114	-2250.269	154.155	2.003463	0.878492	0.017741	0.0988354	0.00493193	1.207364	3.751827
13098	-2082.469	-2236.606	154.1369	1.424975	0.809072	0.0291189	0.138124	0.0236851	1.267329	3.997756
13104	-2087.109	-2243.073	155.964	1.138073	0.760535	0.188427	0.0476854	0.00335277	1.433068	2.987844
13110	-2083.217	-2238.639	155.4215	1.095459	0.801262	0.112495	0.0764756	0.00976754	1.433068	3.334564
13116	-2074.888	-2232.019	157.1311	1.253422	0.808118	0.113457	0.0743276	0.0040969	1.834109	1.930997
13122	-2069.449	-2226.874	157.4248	1.135947	0.700032	0.173505	0.119856	0.00660641	1.809151	1.823528
13128	-2063.644	-2220.149	156.5046	1.034576	0.672858	0.195371	0.123061	0.00871038	1.584816	2.627955
13134	-2075.043	-2230.662	155.6193	1.103037	0.747638	0.138316	0.112222	0.00182469	1.37668	3.246884
13140	-2073.488	-2228.819	155.3311	1.418301	0.807719	0.102263	0.0872931	0.00272483	1.37668	3.244509
13146	-2074.18	-2229.638	155.4581	1.353357	0.707858	0.216939	0.0662511	0.0089524	1.307675	3.244509
13152	-2077.279	-2232.265	154.9863	1.300204	0.826442	0.143899	0.0156834	0.0139762	1.307675	3.549461
13158	-2082.7	-2237.762	155.062	1.3637	0.741217	0.087879	0.140686	0.0302181	1.248263	3.506418
13164	-2077.147	-2231.371	154.2241	1.545472	0.765862	0.0445529	0.156064	0.0335211	1.173226	3.941971
13170	-2085.595	-2238.169	152.5739	1.55078	0.852337	0.00143845	0.12037	0.0258544	1.243017	4.831679
13176	-2089.041	-2241.527	152.4863	1.72832	0.947876	0.00159969	0.0217722	0.0287525	1.183527	4.831679
13182	-2094.103	-2246.651	152.5475	1.684587	0.954892	0.00161153	0.0159741	0.0275219	1.276847	4.765257
13188	-2076	-2228.668	152.6678	1.502611	0.904942	0.00162521	0.076729	0.016704	1.30935	4.765257
13194	-2072.886	-2227.73	154.8442	1.521701	0.806329	0.00399175	0.148652	0.0410274	1.568088	3.365628
13200	-2072.603	-2227.474	154.8714	1.621299	0.83131	0.0481758	0.116472	0.00404193	1.636765	3.259561
13206	-2075.586	-2230.219	154.6328	1.532787	0.795661	0.0864845	0.116693	0.00116141	1.766575	3.367605
13212	-2072.62	-2227.304	154.6842	1.261316	0.746347	0.142544	0.110019	0.00108942	1.417007	3.682067
13218	-2057.706	-2214.164	156.4579	1.55511	0.697381	0.219301	0.0818784	0.00143927	1.52836	2.394079
13224	-2077.034	-2234.897	157.8623	1.05158	0.655572	0.290484	0.050383	0.00356069	1.650839	1.68568
13230	-2077.843	-2235.598	157.7549	0.8847253	0.694031	0.274319	0.0295711	0.00207919	1.691331	1.849681
13236	-2079.118	-2233.618	154.4999	1.119663	0.597504	0.379208	0.0214787	0.00180882	1.355922	3.900621
13242	-2079.579	-2235.56	155.9804	0.9114646	0.796329	0.173838	0.0140821	0.0157512	1.347158	3.163642
13248	-2085.613	-2243.089	157.4763	0.7968747	0.50736	0.414201	0.0606996	0.0177396	1.546209	2.192137
13254	-2097.675	-2249.405	151.7299	1.49626	0.679955	0.201372	0.110565	0.00810803	1.014725	5.451517
13260	-2090.767	-2243.995	153.2276	1.341291	0.718686	0.183434	0.0877819	0.0100984	0.9979483	4.705984
13266	-2083.913	-2237.184	153.271	0.9813971	0.5773	0.322955	0.0902724	0.00947217	1.096919	4.818379
13272	-2081.323	-2235.409	154.086	0.9813971	0.570755	0.322544	0.0831913	0.0235094	1.140422	4.336422
13278	-2086.008	-2239.437	153.4296	1.234261	0.63149	0.257519	0.0597433	0.0512477	1.187458	4.541636
13284	-2092.053	-2246.001	153.9487	1.353585	0.617387	0.206697	0.140195	0.0357215	1.144597	4.211026
13290	-2091.42	-2245.022	153.6022	1.567164	0.680816	0.150494	0.166727	0.00196326	1.321605	4.201415
13296	-2097.822	-2253.527	155.7045	1.203826	0.796805	0.122547	0.0801722	0.000475278	1.196092	3.246272
13302	-2085.38	-2241.942	156.5614	1.170616	0.726877	0.224361	0.0434753	0.00528621	1.503518	2.561331
13308	-2071.735	-2228.228	156.4935	1.186667	0.705367	0.136086	0.157419	0.00112789	1.63898	2.509774
13314	-2082.088	-2237.002	154.9144	1.86331	0.745042	0.038747	0.208955	0.00725577	1.396271	3.261123
13320	-2074.369	-2228.937	154.5675	1.264186	0.804431	0.067979	0.123309	0.00428177	1.10922	3.924915
13326	-2075.076	-2228.797	153.7207	1.471226	0.860629	0.0431331	0.091657	0.0045809	1.35579	4.161416
13332	-2089.244	-2245.526	156.2819	0.7599681	0.425613	0.538663	0.00637009	0.0293539	1.617939	2.915483
13338	-2078.331	-2232.803	154.4721	1.119413	0.663069	0.305349	0.0111316	0.0204511	1.165315	4.025694
13344	-2074.869	-2229.401	154.5323	1.118246	0.682336	0.262685	0.0153749	0.0396048	1.106289	4.025694
13350	-2068.143	-2220.696	152.5524	1.500743	0.637748	0.293429	0.019246	0.0495765	1.176064	4.904806
13356	-2060.759	-2212.453	151.694	1.395164	0.617373	0.283718	0.0709878	0.0279212	1.081994	5.483012
13362	-2071.646	-2224.555	152.9095	0.9712588	0.527059	0.242214	0.199846	0.0308803	1.017073	5.069562
13368	-2077.176	-2230.975	153.7988	0.8436089	0.591719	0.152179	0.218615	0.0374876	1.049526	4.628543
13374	-2077.278	-2233.759	156.4809	1.067296	0.613709	0.176981	0.179329	0.0299803	1.439385	2.712194
13380	-2079.207	-2236.328	157.1208	1.401481	0.745174	0.0483484	0.182824	0.0236537	1.778759	1.884429
13386	-2076.596	-2234.186	157.5906	1.26337	0.837235	0.0308815	0.116775	0.0151083	1.660257	1.728089
13392	-2079.545	-2237.687	158.1424	0.8004204	0.680338	0.155898	0.158172	0.00559237	1.566644	1.728089
13398	-2088.824	-2247.12	158.2955	0.7956816	0.59148	0.245712	0.153301	0.0095075	1.788658	1.458075
13404	-2086.538	-2244.431	157.8935	1.229831	0.721837	0.17739	0.0391747	0.0615978	1.906602	1.343005
13410	-2080.251	-2237.822	157.5704	1.565302	0.639985	0.239462	0.0468642	0.0736888	1.749725	1.483507
13416	-2070.551	-2228.47	157.919	1.150144	0.762368	0.149897	0.0810014	0.00673368	1.774936	1.483507
13422	-2082.016	-2240.032	158.016	1.197251	0.845517	0.0571789	0.089836	0.00746811	1.852636	1.312563
13428	-2071.736	-2229.455	157.7189	1.501157	0.813758	0.0694329	0.109089	0.0077209	1.66865	1.473949
13434	-2087.79	-2244.684	156.8942	1.920875	0.663374	0.215189	0.115143	0.00629407	1.622306	1.853479
13440	-2081.518	-2239.748	158.2301	1.064375	0.721615	0.260138	0.00931071	0.00893629	1.807312	1.279354
13446	-2080.736	-2238.845	158.1092	0.9368539	0.553406	0.393086	0.0428309	0.0106771	1.799799	1.480209
13452	-2093.614	-2251.456	157.842	0.9051179	0.529371	0.378364	0.0890468	0.00321818	1.595937	1.841047
13458	-2074.727	-2232.757	158.0309	0.9984094	0.708808	0.240078	0.0481958	0.00291827	1.679624	1.581527
13464	-2076.614	-2234.553	157.9385	1.037188	0.676709	0.220204	0.10069	0.00239616	1.733445	1.581527
13470	-2083.449	-2241.626	158.1766	0.9206153	0.81192	0.138641	0.0471874	0.00225114	1.644354	1.55815
13476	-2090.307	-2247.214	156.9072	1.034028	0.713191	0.236089	0.0484875	0.0022325	1.416548	2.48266
13482	-2096.117	-2249.566	153.4494	1.269196	0.705005	0.225696	0.065706	0.00359324	1.004825	4.614849
13488	-2101.548	-2254.726	153.178	1.308297	0.642067	0.116221	0.238439	0.00327246	1.056175	4.717945
13494	-2079.495	-2233.168	153.6728	0.8387704	0.657557	0.22921	0.0907293	0.0225046	1.095416	4.676233
13500	-2083.809	-2239.715	155.9059	1.236355	0.885477	0.0857263	0.00747877	0.0213178	1.354526	3.013946
13506	-2080.974	-2233.51	152.5364	1.541323	0.720562	0.146321	0.120112	0.0130046	1.201239	4.880344
13512	-2084.429	-2239.43	155.0005	1.277921	0.895197	0.0366549	0.0670718	0.00107587	1.283833	3.566937
13518	-2085.504	-2241.224	155.7196	1.457512	0.865728	0.069064	0.0648639	0.000343639	1.432836	2.958896
13524	-2084.477	-2240.126	155.6492	1.494607	0.776843	0.0989206	0.122301	0.00193481	1.470985	2.958896
13530	-2092.741	-2247.853	155.112	1.07392	0.652369	0.25887	0.0878562	0.000904775	1.479992	3.500716
13536	-2094.453	-2248.39	153.9364	0.9056801	0.657064	0.260732	0.0812923	0.000911286	0.9178447	4.589268
13542	-2078.418	-2232.325	153.9069	1.041799	0.669697	0.222997	0.102587	0.00471906	0.9595814	4.505388
13548	-2089.34	-2243.196	153.8561	1.041799	0.602107	0.301281	0.0896353	0.00697662	1.004013	4.508994
13554	-2073.906	-2228.008	154.1018	1.621579	0.697684	0.265834	0.0181383	0.0183439	1.176183	3.973603
13560	-2085.672	-2241.284	155.6119	1.009238	0.598253	0.227948	0.155391	0.0184075	1.217933	3.398973
13566	-2081.656	-2236.023	154.3672	1.630483	0.839779	0.00992876	0.142143	0.00814835	1.135943	3.840238
13572	-2079.201	-2232.489	153.2874	1.334624	0.821022	0.00337827	0.138969	0.0366309	1.065905	4.637864
13578	-2068.397	-2220.807	152.4095	1.505835	0.821022	0.00337827	0.138969	0.0366309	1.171181	4.984619
13584	-2078.052	-2232.183	154.1304	1.689064	0.886996	0.00667121	0.0751071	0.0312257	1.156227	3.936811
13590	-2083.942	-2236.078	152.1365	1.636013	0.879403	0.00552238	0.0952534	0.019821	1.013408	5.16249
13596	-2093.897	-2246.659	152.7622	1.807272	0.847893	0.0083705	0.130392	0.0133442	1.115738	4.680104
13602	-2106.585	-2260.879	154.2936	1.154461	0.712519	0.0746069	0.206385	0.00648855	1.327832	4.015615
13608	-2088.321	-2243.566	155.2456	1.502128	0.781828	0.0546102	0.158576	0.00498549	1.485521	3.187382
13614	-2099.459	-2253.515	154.0566	1.644808	0.725398	0.0589206	0.171093	0.044588	1.299996	3.917573
13620	-2092.107	-2242.903	150.7961	1.167074	0.706994	0.0789541	0.210832	0.00321947	0.9139679	6.18093
13626	-2096.441	-2247.676	151.2353	1.113248	0.58565	0.181771	0.227731	0.00484798	1.137153	5.84789
13632	-2090.296	-2246.067	155.7708	1.176904	0.636267	0.109488	0.247414	0.00683105	1.313088	3.152747
13638	-2088.121	-2243.637	155.5165	1.399568	0.845187	0.0624125	0.0833267	0.00907404	1.232119	3.23021
13644	-2104.559	-2259.617	155.0585	1.25167	0.635073	0.183131	0.163943	0.017853	1.181392	3.606896
13650	-2095.393	-2251.32	155.9269	1.336895	0.779423	0.12733	0.0809365	0.012311	1.669502	2.754841
13656	-2091.378	-2247.079	155.7011	1.115263	0.667686	0.211185	0.10071	0.0204186	1.537113	3.096043
13662	-2095.881	-2251.293	155.4114	1.414472	0.84963	0.0503656	0.0988488	0.00115575	1.549844	3.096043
13668	-2098.7	-2252.213	153.5131	1.822953	0.852775	0.00757825	0.136081	0.00356571	1.514028	4.023797
13674	-2086.529	-2241.092	154.5634	1.345891	0.607833	0.0702848	0.288812	0.0330703	1.178862	3.844449
13680	-2095.97	-2251.023	155.0527	0.9213205	0.603085	0.223299	0.133643	0.039973	1.487566	3.619561
13686	-2093.253	-2250.089	156.8358	1.134834	0.660363	0.244507	0.0615976	0.0335322	1.6082	2.34473
13692	-2092.73	-2249.75	157.0205	1.189892	0.78587	0.107559	0.0670062	0.0395644	1.678209	2.147065
13698	-2067.861	-2223.334	155.4732	1.474411	0.898346	0.0615803	0.0274799	0.0125942	1.384143	3.126674
13704	-2072.197	-2227.752	155.5546	1.474411	0.835077	0.0631482	0.0841343	0.017641	1.554882	2.975864
13710	-2075.827	-2232.626	156.7989	1.474411	0.768062	0.0992204	0.132194	0.000523361	1.567118	2.195577
13716	-2074.671	-2231.636	156.9653	1.391412	0.829309	0.0731002	0.0973937	0.000197224	1.567118	2.134855
13722	-2082.963	-2239.301	156.3377	1.353467	0.805919	0.179136	0.0148851	6.01417e-05	1.567118	2.555578
13728	-2080.996	-2237.531	156.5347	1.230869	0.617415	0.38	0.00249124	9.40467e-05	1.482649	2.555578
13734	-2086.923	-2241.4	154.4773	1.461421	0.535646	0.452683	0.0113251	0.000346211	1.3088	3.76021
13740	-2089.055	-2243.338	154.2832	1.145574	0.581952	0.325066	0.0927335	0.00024861	1.222073	4.086724
13746	-2082.311	-2237.255	154.944	1.579554	0.804602	0.0664586	0.128213	0.000726413	1.232894	3.474655
13752	-2090.204	-2243.356	153.1527	1.117588	0.717529	0.146517	0.121178	0.0147753	1.001843	4.862469
13758	-2085.709	-2238.923	153.2139	1.360994	0.703828	0.128607	0.166706	0.000859839	1.335693	4.514269
13764	-2085.224	-2240.613	155.3888	0.8581024	0.709669	0.214213	0.0756865	0.000431395	1.269185	3.589023
13770	-2078.797	-2234.093	155.296	1.241915	0.741346	0.223775	0.0318519	0.00302704	1.34035	3.380852
13776	-2081.342	-2236.735	155.3934	1.091802	0.645926	0.255763	0.0941247	0.00418626	1.248213	3.461533
13782	-2084.451	-2241.672	157.2208	0.9242845	0.626522	0.28238	0.0860505	0.00504761	1.648545	2.205926
13788	-2092.983	-2246.527	153.5441	1.192257	0.626522	0.28238	0.0860505	0.00504761	1.312088	4.429261
13794	-2092.141	-2244.738	152.597	1.330517	0.728758	0.0980391	0.169038	0.00416536	1.031889	5.04388
13800	-2097.089	-2251.181	154.0922	1.327465	0.672958	0.256787	0.0574972	0.012758	1.171827	4.127414
13806	-2094.105	-2249.562	155.4568	1.171926	0.711759	0.137512	0.137235	0.0134936	1.195389	3.410186
13812	-2091.425	-2247.026	155.6003	1.214949	0.56172	0.29158	0.136051	0.0106491	1.317765	3.229732
13818	-2092.297	-2248.003	155.7056	1.289784	0.56172	0.29158	0.136051	0.0106491	1.346753	3.10873
13824	-2098.51	-2249.626	151.1158	1.799707	0.661724	0.173596	0.139228	0.0254519	0.9361832	5.694152
13830	-2088.489	-2245.936	157.4464	0.9632212	0.556536	0.116592	0.318428	0.00844478	1.606531	2.06019
13836	-2084.712	-2241.817	157.1043	0.9826715	0.452379	0.334755	0.203796	0.00907036	1.678529	2.223627
13842	-2083.796	-2240.392	156.5961	1.328028	0.71624	0.2158	0.0532454	0.0147139	1.735564	2.301252
13848	-2078.14	-2234.076	155.9352	1.191267	0.677532	0.204844	0.114801	0.00282284	1.597959	2.875227
13854	-2076.333	-2229.497	153.1644	0.8790926	0.46005	0.441412	0.0902467	0.00829129	1.179363	4.889918
13860	-2078.464	-2233.176	154.7125	1.789631	0.812012	0.151458	0.0348734	0.00165646	1.28937	3.476526
13866	-2100.886	-2252.651	151.7651	2.082776	0.803484	0.0902113	0.10305	0.00325516	1.157069	5.095498
13872	-2089.335	-2242.036	152.701	1.332136	0.582995	0.328577	0.0729634	0.0154648	1.349492	4.808459
13878	-2082.641	-2238.133	155.4926	1.085848	0.520343	0.354181	0.108806	0.0166699	1.271686	3.393094
13884	-2093.709	-2246.574	152.8649	1.370518	0.68602	0.205065	0.0988027	0.0101118	1.275491	4.738927
13890	-2093.875	-2247.577	153.7024	1.370518	0.782717	0.172256	0.0360862	0.00894071	1.232667	4.292054
13896	-2083.734	-2238.018	154.2841	1.131963	0.718623	0.180087	0.0900233	0.0112661	1.065052	4.182943
13902	-2098.128	-2251.812	153.6842	1.723667	0.736427	0.149868	0.0921561	0.0215484	1.16552	4.169962
13908	-2100.534	-2255.587	155.0529	1.578477	0.837468	0.0694484	0.0703037	0.0227799	1.354732	3.339957
13914	-2097.033	-2252.367	155.3342	1.217919	0.67995	0.218595	0.0864535	0.0150011	1.197847	3.455069
13920	-2092.98	-2247.358	154.3774	1.432111	0.743716	0.0836042	0.142897	0.0297822	1.164127	3.915533
13926	-2100.496	-2255.419	154.9237	1.849641	0.735985	0.0522804	0.12434	0.0873948	1.207878	3.372866
13932	-2095.155	-2251.566	156.4106	1.026711	0.737643	0.0440617	0.209059	0.00923665	1.351182	2.833289
13938	-2083.111	-2238.972	155.8611	1.094551	0.721762	0.0394709	0.164025	0.0747421	1.351182	3.123441
13944	-2077.533	-2233.197	155.6643	1.441509	0.807181	0.0640475	0.108335	0.0204367	1.409957	3.014242
13950	-2078.726	-2235.409	156.6833	1.381082	0.820342	0.0962613	0.0626269	0.0207699	1.513469	2.356722
13956	-2082.242	-2238.347	156.1046	1.52054	0.702029	0.231546	0.0502603	0.0161645	1.467043	2.670795
13962	-2091.691	-2247.895	156.2039	1.10583	0.763854	0.164065	0.056508	0.015573	1.265119	2.963316
13968	-2090.749	-2246.078	155.3284	1.311823	0.68057	0.124485	0.16226	0.0326851	1.434904	3.268198
13974	-2095.153	-2250.359	155.2065	1.253551	0.742155	0.12918	0.0973725	0.0312928	1.478154	3.346128
13980	-2078.992	-2234.478	155.4851	1.167024	0.73096	0.197285	0.0656886	0.00606667	1.216639	3.383873
13986	-2083.89	-2236.161	152.2709	1.435026	0.696258	0.110842	0.11306	0.0798395	0.9757899	5.203936
13992	-2092.608	-2246.899	154.2918	1.497655	0.775303	0.0455051	0.137091	0.0421005	1.29525	3.856671
13998	-2087.794	-2239.1	151.3062	1.535739	0.670996	0.0538492	0.245889	0.0292651	1.061513	5.640035
14004	-2085.773	-2238.205	152.4318	1.29973	0.598131	0.28326	0.0717524	0.0468563	1.141736	5.090143
14010	-2080.252	-2233.764	153.5118	0.9766343	0.568569	0.341395	0.0350309	0.0550052	1.158967	4.651717
14016	-2078.537	-2232.624	154.0868	0.8892767	0.543404	0.414704	0.0261373	0.0157548	1.281689	4.30909
14022	-2088.006	-2242.368	154.3616	0.9313701	0.61889	0.291922	0.0655574	0.0236297	1.280713	4.129337
14028	-2102.296	-2254.358	152.0616	1.021385	0.702526	0.220052	0.0569091	0.0205125	1.256467	5.378254
14034	-2072.464	-2226.196	153.7315	1.148557	0.646564	0.202523	0.132035	0.0188785	1.194321	4.413454
14040	-2079.434	-2231.829	152.395	1.30159	0.64122	0.153254	0.18208	0.0234459	1.006023	5.184742
14046	-2093.686	-2246.695	153.0091	1.097412	0.658378	0.0682044	0.242864	0.0305532	0.8812394	5.020312
14052	-2079.22	-2231.714	152.494	1.142016	0.721887	0.173842	0.0707704	0.0335004	1.042122	5.192782
14058	-2076.397	-2231.125	154.7278	1.142016	0.671678	0.192768	0.07583	0.0597245	1.352743	3.759001
14064	-2087.039	-2243.236	156.1978	1.216497	0.650257	0.173812	0.0683732	0.107558	1.402807	2.819872
14070	-2089.881	-2243.569	153.6874	1.179961	0.534858	0.376625	0.0499692	0.0385478	1.118439	4.464212
14076	-2076.556	-2230.443	153.8869	1.32967	0.76302	0.154114	0.0758703	0.00699553	1.118439	4.273111
14082	-2083.894	-2237.844	153.9502	1.385531	0.718175	0.205191	0.0714112	0.00522282	1.004869	4.273111
14088	-2078.366	-2232.219	153.8523	0.928375	0.730227	0.22956	0.0343836	0.00582969	1.175601	4.478643
14094	-2092.797	-2244.109	151.3129	1.105807	0.65794	0.105357	0.184263	0.0524402	0.8948317	5.941829
14100	-2087.224	-2238.933	151.7093	1.248637	0.764422	0.00826901	0.214085	0.013224	0.9043844	5.645408
14106	-2090.764	-2242.072	151.3079	1.462681	0.785731	0.00449619	0.192387	0.0173862	1.069542	5.669284
14112	-2088.466	-2242.874	154.4077	1.278164	0.761371	0.0114551	0.195438	0.031736	1.183883	3.966277
14118	-2080.544	-2235.029	154.4849	1.126079	0.857091	0.0353339	0.0900709	0.0175039	1.208728	3.989935
14124	-2089.17	-2242.303	153.1331	1.655697	0.69145	0.196995	0.103406	0.00814852	1.175226	4.50731
14130	-2079.168	-2232.523	153.3555	0.9968858	0.652882	0.225427	0.115189	0.00650166	1.127976	4.74517
14136	-2077.654	-2232.478	154.824	0.9940505	0.6689	0.0906801	0.219287	0.0211328	1.257607	3.841926
14142	-2085.205	-2239.508	154.3029	1.373448	0.730838	0.0753305	0.174375	0.0194559	1.176006	3.981214
14148	-2096.021	-2250.151	154.1297	1.029293	0.668611	0.135356	0.176357	0.019677	1.216026	4.24185
14154	-2093.14	-2244.819	151.6785	1.347024	0.761819	0.0992765	0.116485	0.0224201	0.9252135	5.601404
14160	-2097.069	-2248.371	151.3019	0.7680781	0.596349	0.296017	0.0726884	0.0349455	0.7660927	6.204773
14166	-2077.576	-2226.448	148.8721	0.888395	0.516654	0.316019	0.137679	0.0296474	0.8807944	7.386795
14172	-2096.797	-2246.724	149.9269	1.059885	0.611901	0.283937	0.0814867	0.0226757	0.6522849	6.849605
14178	-2105.885	-2256.748	150.8632	1.005894	0.645161	0.25009	0.085916	0.0188326	0.7340576	6.327656
14184	-2084.325	-2236.819	152.4937	1.575469	0.705062	0.0624412	0.211496	0.021001	1.048939	4.97273
14190	-2081.615	-2234.16	152.5458	1.165275	0.652079	0.129912	0.19481	0.0231982	0.9575004	5.198623
14196	-2082.627	-2233.276	150.6494	1.165275	0.625097	0.161146	0.191519	0.0222383	0.9386219	6.248219
14202	-2095.13	-2246.237	151.1068	0.8371621	0.656186	0.217293	0.117378	0.00914349	0.8089482	6.248219
14208	-2087.16	-2237.668	150.5078	1.421422	0.703629	0.160702	0.125864	0.00980458	0.845154	6.248219
14214	-2094.443	-2244.649	150.2057	1.4766	0.61716	0.250514	0.124626	0.00770027	1.098955	6.248219
14220	-2093.64	-2247.375	153.7352	0.9669716	0.546455	0.396682	0.0508272	0.00603509	1.162195	4.530066
14226	-2101.178	-2255.151	153.973	1.773159	0.741904	0.0627396	0.0191491	0.176208	1.112421	4.013044
14232	-2112.313	-2265.294	152.9802	2.892376	0.846654	0.00967229	0.0502136	0.09346	1.246714	4.058336
14238	-2092.371	-2245.038	152.6666	1.778201	0.842888	0.0647734	0.0515021	0.0408366	1.030891	4.793892
14244	-2086.755	-2238.591	151.8361	1.218367	0.669042	0.113956	0.201439	0.0155631	0.9149195	5.58553
14250	-2092.607	-2246.115	153.508	1.252941	0.537395	0.322383	0.12671	0.013513	0.9056443	4.646017
14256	-2080.835	-2233.974	153.1389	1.492493	0.638174	0.1984	0.0963803	0.0670454	1.060097	4.646017
14262	-2078.388	-2231.31	152.922	1.75302	0.777176	0.13069	0.0804059	0.0117278	1.060097	4.646017
14268	-2075.344	-2229.803	154.4594	1.083486	0.671302	0.192787	0.11861	0.0173003	1.107296	4.085944
14274	-2079.327	-2233.65	154.3232	1.192178	0.547233	0.255682	0.164005	0.0330801	1.139089	4.085944
14280	-2090.395	-2243.832	153.4373	1.25164	0.564362	0.297755	0.0993594	0.0385236	1.315894	4.455937
14286	-2078.26	-2232.889	154.6298	1.151034	0.620598	0.241567	0.0954735	0.0423623	1.19378	3.901778
14292	-2081.097	-2237.449	156.3515	1.082175	0.780376	0.15471	0.0453261	0.0195874	1.415909	2.796667
14298	-2084.327	-2241.26	156.9326	0.8890358	0.454618	0.425392	0.0890011	0.0309894	1.337575	2.607111
14304	-2088.117	-2242.814	154.6965	1.461506	0.80019	0.112395	0.0641744	0.0232408	1.269967	3.65589
14310	-2087.783	-2243.002	155.2193	1.386909	0.590971	0.300786	0.0862231	0.0220202	1.215741	3.421348
14316	-2091.367	-2246.682	155.3148	0.8409255	0.624313	0.317756	0.0262369	0.0316939	1.27108	3.641184
14322	-2090.224	-2244.857	154.6327	1.025976	0.571148	0.296467	0.0603332	0.0720519	1.043451	4.055853
14328	-2084.718	-2239.424	154.7056	0.7940093	0.590668	0.306599	0.0411021	0.0616307	1.229524	4.043464
14334	-2091.436	-2246.031	154.5954	1.240011	0.631479	0.158988	0.12157	0.0879636	1.261029	3.834685
14340	-2093.626	-2246.081	152.4547	1.369868	0.768607	0.0832578	0.10684	0.0412947	1.175632	5.023351
14346	-2092.14	-2244.52	152.3802	1.369868	0.688278	0.116988	0.143668	0.0510658	1.034382	5.143009
14352	-2086.955	-2241.154	154.1994	1.33053	0.690617	0.114815	0.107871	0.0866981	1.115161	4.097074
14358	-2082.852	-2236.138	153.2862	1.498169	0.669692	0.114532	0.12929	0.086485	1.223031	4.469037
14364	-2070.486	-2227.342	156.8561	1.119529	0.607229	0.269586	0.0980999	0.0250854	1.579826	2.359226
14370	-2079.003	-2235.54	156.5376	1.01928	0.642915	0.271813	0.0687315	0.0165402	1.609284	2.60185
14376	-2083.554	-2238.472	154.9179	1.25523	0.598143	0.252885	0.127919	0.0210534	1.554852	3.469394
14382	-2073.496	-2228.59	155.0939	1.067678	0.709784	0.154792	0.133385	0.00203848	1.411143	3.554896
14388	-2072.291	-2228.126	155.8348	1.111708	0.576745	0.283557	0.137717	0.00198157	1.346118	3.132227
14394	-2071.977	-2227.919	155.9419	1.053977	0.694561	0.204627	0.0993823	0.00142999	1.428697	3.052696
14400	-2063.11	-2219.807	156.6964	1.053977	0.740968	0.159185	0.0986505	0.00119624	1.514721	2.540623
14406	-2080.749	-2237.384	156.6354	1.092841	0.779677	0.152372	0.0675028	0.000447922	1.323142	2.673369
14412	-2097.614	-2250.856	153.2422	1.444487	0.727985	0.0271883	0.211572	0.0332555	0.8377542	4.736014
14418	-2094.216	-2246.547	152.3311	1.612237	0.764333	0.136595	0.0453651	0.053707	0.9736955	5.087682
14424	-2100.054	-2253.231	153.1768	1.647984	0.825649	0.116012	0.0385294	0.0198093	0.9026599	4.639358
14430	-2084.953	-2237.477	152.5241	2.122942	0.881799	0.0454158	0.0683022	0.00448326	1.187246	4.639358
14436	-2075.807	-2229.745	153.9383	1.51111	0.687625	0.294291	0.00829198	0.00979127	1.239294	4.084236
14442	-2086.793	-2240.691	153.8984	1.12455	0.533865	0.44517	0.00982787	0.0111368	1.174906	4.343251
14448	-2090.724	-2244.026	153.302	1.909172	0.665713	0.321537	0.0026703	0.0100792	1.238029	4.262655
14454	-2080.794	-2233.872	153.0783	1.453586	0.879942	0.0681408	0.0352683	0.0166486	0.9961533	4.734639
14460	-2083.086	-2237.764	154.6778	1.159439	0.755912	0.0773508	0.108772	0.0579648	1.117269	3.913517
14466	-2085.328	-2237.446	152.1179	0.7704343	0.626015	0.256371	0.1047	0.0129138	1.055976	5.599246
14472	-2094.005	-2247.582	153.5769	1.186925	0.826708	0.0898168	0.0753154	0.00815977	1.148548	4.505703
14478	-2096.979	-2249.488	152.5095	0.9875238	0.653737	0.200114	0.0710677	0.0750817	1.007458	5.287195
14484	-2099.965	-2252.244	152.2794	1.173093	0.736217	0.118582	0.096211	0.0489895	0.9581443	5.341321
14490	-2084.73	-2238.523	153.7932	1.254743	0.782559	0.126047	0.0803943	0.0109999	1.038336	4.41019
14496	-2087.447	-2242.242	154.7948	1.277499	0.779139	0.181747	0.0281483	0.0109658	1.476425	3.574818
14502	-2091.959	-2244.853	152.8944	1.230776	0.872605	0.101215	0.0194445	0.006736	1.132125	4.873812
14508	-2092.767	-2245.332	152.5651	1.648947	0.731884	0.249428	0.00872563	0.00996251	1.093953	4.873812
14514	-2099.415	-2252.372	152.9569	1.167627	0.719558	0.261353	0.00786487	0.0112245	1.075139	4.903935
14520	-2081.152	-2235.912	154.7603	1.1641	0.844211	0.127516	0.0175085	0.0107654	1.24794	3.788508
14526	-2085.329	-2239.476	154.1464	1.43557	0.759462	0.215103	0.0157508	0.00968464	1.253251	3.994997
14532	-2083.396	-2232.478	149.0822	1.253792	0.685635	0.149201	0.114221	0.0509429	1.038924	6.996579
14538	-2085.678	-2234.04	148.3618	1.253792	0.735323	0.160014	0.0500287	0.0546347	1.099351	7.351294
14544	-2092.24	-2242.828	150.588	1.495977	0.740564	0.0404135	0.206233	0.0127894	0.8116635	6.18746
14550	-2094.114	-2244.515	150.4011	1.623135	0.793968	0.0317598	0.162072	0.0121997	0.8907583	6.18746
14556	-2094.17	-2247.442	153.2718	1.397886	0.780471	0.0334178	0.170534	0.0155773	1.068616	4.613226
14562	-2087.713	-2240.851	153.138	1.516536	0.778567	0.068089	0.147076	0.00626857	1.104143	4.610209
14568	-2088.482	-2241.52	153.0381	1.186166	0.706978	0.142427	0.133552	0.0170423	0.9678466	4.908684
14574	-2089.786	-2244.082	154.2961	1.614999	0.656717	0.261196	0.0585749	0.0235123	1.177152	3.864814
14580	-2089.429	-2242.749	153.32	1.614999	0.700884	0.162107	0.0977655	0.0392436	1.114475	4.455324
14586	-2093.049	-2244.171	151.1222	1.6123	0.680688	0.193151	0.105111	0.0210507	1.003551	5.737224
14592	-2077.809	-2231.272	153.4627	1.110985	0.716712	0.0417565	0.228738	0.0127933	1.003551	4.691944
14598	-2090.017	-2244.602	154.5851	1.250466	0.698488	0.108247	0.147712	0.0455533	1.341623	3.788627
14604	-2068.411	-2221.95	153.5384	1.160009	0.766486	0.0316588	0.171082	0.0307729	1.175402	4.526652
14610	-2080.45	-2231.784	151.334	1.163495	0.808811	0.00636438	0.159927	0.0248976	1.245406	5.708187
14616	-2072.665	-2227.526	154.8608	1.163495	0.720262	0.131648	0.109861	0.0382282	1.333044	3.68169
14622	-2073.054	-2228.834	155.7803	1.23647	0.823893	0.122635	0.0441561	0.00931603	1.553902	2.969625
14628	-2071.102	-2226.716	155.6142	1.269444	0.728834	0.17516	0.0843781	0.0116286	1.248173	3.232648
14634	-2061.291	-2215.729	154.4375	1.269444	0.62005	0.268296	0.106145	0.00550943	1.392354	3.834252
14640	-2068.842	-2222.434	153.5926	1.458953	0.584136	0.353	0.0609568	0.00190703	1.307843	4.267363
14646	-2065.093	-2219.057	153.9642	1.236238	0.738271	0.182204	0.0770413	0.00248439	1.230847	4.214341
14652	-2066.452	-2220.011	153.5589	1.059761	0.736821	0.181846	0.07689	0.00444337	1.083715	4.621178
14658	-2079.361	-2233.567	154.206	1.059295	0.659568	0.238247	0.0963639	0.00582152	1.189505	4.196774
14664	-2081.242	-2236.1	154.8582	1.029422	0.565066	0.306312	0.123894	0.00472811	1.311322	3.771051
14670	-2075.135	-2229.771	154.6361	1.233094	0.660158	0.256345	0.0762337	0.00726299	1.294774	3.795539
14676	-2072.576	-2227.007	154.4311	1.163696	0.684786	0.158465	0.147598	0.00915031	1.406371	3.886869
14682	-2077.344	-2232.191	154.8466	0.9940391	0.672625	0.17757	0.127613	0.0221918	1.156818	3.886869
14688	-2071.78	-2224.618	152.8387	1.095677	0.674801	0.188994	0.124934	0.0112711	1.284119	4.891977
14694	-2080.27	-2236.633	156.3631	1.099152	0.585638	0.262283	0.089003	0.0630767	1.571633	2.684219
14700	-2072.086	-2224.225	152.1386	1.32177	0.771829	0.0911172	0.109371	0.0276829	1.256387	5.177901
14706	-2072.152	-2222.48	150.3282	1.51574	0.763336	0.0955439	0.114684	0.0264357	1.244805	6.083797
14712	-2084.472	-2234.996	150.5235	1.38283	0.787864	0.089604	0.0995784	0.0229537	1.195686	6.067594
14718	-2073.824	-2225.885	152.0608	1.67995	0.746986	0.0877826	0.122281	0.04295	1.157259	5.10471
14724	-2061.336	-2213.736	152.4003	1.397672	0.767559	0.111412	0.0830122	0.0380163	1.241531	5.003199
14730	-2066.271	-2218.6	152.3291	1.230241	0.675263	0.0980151	0.193277	0.0334449	1.157039	5.174144
14736	-2067.719	-2222.033	154.3136	1.313187	0.82266	0.0259285	0.129076	0.0223355	1.492117	3.825014
14742	-2090.476	-2244.293	153.8172	0.196202	0.0265001	0.79745	0.0129798	0.16307	1.107932	4.869576
14748	-2076.9	-2230.372	153.4724	0.1787693	0.019941	0.745525	0.063399	0.171135	0.9787572	5.121886
14754	-2070.558	-2223.336	152.7783	1.50768	0.796727	0.0308354	0.11851	0.0539276	1.263147	4.726871
14760	-2073.147	-2228.735	155.5878	1.586117	0.7695	0.0700137	0.151005	0.00948114	1.521104	2.918713
14766	-2084.946	-2242.179	157.2338	0.909658	0.620826	0.303572	0.0687917	0.00681031	1.60007	2.238453
14772	-2082.216	-2238.198	155.9819	1.024739	0.62983	0.336889	0.0201504	0.0131315	1.1345	3.221144
14778	-2088.617	-2244.62	156.0024	0.9000405	0.561252	0.410039	0.0179563	0.0107526	1.318062	3.174801
14784	-2092.535	-2245.769	153.2335	1.162535	0.839108	0.014623	0.140908	0.00536166	1.42295	4.557553
14790	-2079.086	-2231.289	152.2036	1.627169	0.790986	0.0418938	0.160994	0.00612598	1.060025	5.103616
14796	-2078.365	-2230.997	152.6324	1.374112	0.757515	0.126856	0.0549984	0.06063	1.309508	4.847916
14802	-2082.348	-2232.812	150.4637	1.625537	0.677797	0.0216078	0.27403	0.0265661	1.094437	6.041364
14808	-2073	-2226.665	153.6644	1.17862	0.605732	0.249788	0.116832	0.027648	1.124084	4.474705
14814	-2074.461	-2227.95	153.4889	1.304186	0.703406	0.189552	0.0860616	0.0209807	1.237476	4.443801
14820	-2082.694	-2236.258	153.5641	1.017667	0.576875	0.301223	0.0840243	0.0378776	1.261396	4.541869
14826	-2084.731	-2238.035	153.3039	1.155987	0.708362	0.24196	0.0400153	0.0096626	1.386679	4.541869
14832	-2088.519	-2242.85	154.3311	1.04925	0.655032	0.235217	0.10756	0.00219136	1.278178	4.080818
14838	-2085.247	-2239.075	153.828	1.292846	0.699685	0.16494	0.133591	0.00178404	1.360209	4.188458
14844	-2083.539	-2239.878	156.3389	1.362894	0.762214	0.10981	0.126985	0.000991615	1.438227	2.629429
14850	-2080.347	-2236.521	156.1746	1.703147	0.827536	0.0312392	0.14013	0.00109427	1.445761	2.546327
14856	-2086.987	-2241.608	154.6208	1.422409	0.795483	0.0300292	0.134702	0.0397849	1.433419	3.624949
14862	-2091.962	-2246.71	154.7481	1.513524	0.807674	0.00780016	0.160908	0.023618	1.211388	3.633878
14868	-2093.789	-2247.212	153.423	1.384558	0.832575	0.0217957	0.0997027	0.0459264	1.158985	4.484215
14874	-2093.06	-2245.601	152.5406	1.198698	0.740136	0.0338297	0.154751	0.0712835	1.080559	5.115798
14880	-2091.233	-2242.843	151.6104	1.981982	0.739695	0.0370258	0.152865	0.0704148	1.206596	5.195345
14886	-2090.229	-2244.077	153.8487	1.153023	0.734926	0.11693	0.107013	0.0411309	1.053116	4.424589
14892	-2075.716	-2230.093	154.3761	1.488768	0.694759	0.229664	0.0525125	0.0230645	1.176935	3.880585
14898	-2070.372	-2223.203	152.831	1.72915	0.775215	0.0286531	0.174143	0.0219888	1.260358	4.595509
14904	-2078.22	-2230.848	152.6288	1.824581	0.695643	0.0266183	0.257312	0.0204273	1.274074	4.658522
14910	-2069.548	-2220.862	151.3144	1.62958	0.755765	0.0971589	0.120369	0.0267074	1.08298	5.58036
14916	-2082.6	-2235.322	152.7218	1.55256	0.649074	0.208884	0.119105	0.0229371	1.156915	4.79634
14922	-2067.52	-2221.833	154.3133	1.55256	0.76692	0.111082	0.102297	0.0197003	1.442435	3.732429
14928	-2065.354	-2218.303	152.9483	1.508899	0.859292	0.0382882	0.0803467	0.0220731	1.205625	4.663331
14934	-2075.066	-2228.523	153.457	1.373555	0.634261	0.224736	0.0945219	0.0464809	1.059171	4.52676
14940	-2077.574	-2233.104	155.5305	1.252391	0.631691	0.227878	0.0941389	0.0462926	1.237296	3.29781
14946	-2074.86	-2228.599	153.7397	1.197284	0.698836	0.249687	0.04553	0.00594736	1.224006	4.365953
14952	-2072.66	-2225.437	152.7769	1.220853	0.662689	0.242452	0.0914089	0.00345058	1.575667	4.696996
14958	-2100.123	-2253.268	153.1451	1.292801	0.687396	0.251492	0.0583414	0.00277064	1.510385	4.489576
14964	-2088.153	-2240.022	151.8692	1.503026	0.630559	0.167822	0.17004	0.0315786	1.063732	5.344521
14970	-2084.894	-2240.912	156.0184	1.301745	0.706311	0.197416	0.0854464	0.0108257	1.277042	2.956623
14976	-2077.082	-2231.292	154.2094	1.045387	0.599754	0.302611	0.0206901	0.076945	1.400087	4.082893
14982	-2077.276	-2232.358	155.0824	1.218632	0.630476	0.334622	0.0249602	0.0099417	1.268867	3.560074
14988	-2065.237	-2218.526	153.2893	1.457823	0.725832	0.251249	0.0154545	0.00746467	1.364533	4.407279
14994	-2074.747	-2229.546	154.7992	1.254072	0.78654	0.200736	0.00635582	0.00636768	1.36419	3.649955
15000	-2063.054	-2218.101	155.0475	1.465127	0.796621	0.165738	0.0327721	0.00486813	1.296528	3.434298
15006	-2070.292	-2225.755	155.4628	1.153177	0.64209	0.325036	0.0253771	0.00749697	1.166073	3.434298
15012	-2071.012	-2224.839	153.8269	1.842656	0.782404	0.0861373	0.118573	0.0128851	1.224785	4.000925
15018	-2075.205	-2229.795	154.5901	1.273508	0.712825	0.176801	0.0633943	0.0469794	1.324723	3.783178
15024	-2082.399	-2237.074	154.6747	1.437292	0.693583	0.130204	0.173526	0.00268672	1.181415	3.731973
15030	-2068.185	-2223.766	155.5811	1.185956	0.683524	0.224609	0.0872319	0.00463475	1.392149	3.213233
15036	-2081.739	-2237.592	155.8538	1.215449	0.73929	0.243277	0.0129234	0.00450989	1.326776	3.073444
15042	-2089.253	-2245.13	155.8771	1.11486	0.473467	0.465831	0.0159521	0.04475	1.403372	3.071025
15048	-2091.37	-2247.063	155.6925	0.9881648	0.595711	0.366413	0.00995363	0.0279227	1.248979	3.345847
15054	-2073.144	-2227.868	154.724	1.400623	0.658583	0.299544	0.0110041	0.0308697	1.219871	3.699966
15060	-2085.656	-2241.02	155.3632	1.392488	0.6405	0.32648	0.00299801	0.0300221	1.379029	3.237724
15066	-2086.513	-2241.647	155.1338	0.9830964	0.609066	0.355026	0.00326016	0.0326472	1.161707	3.725066
15072	-2086.635	-2240.117	153.4825	1.18078	0.655864	0.167673	0.174573	0.00188935	1.132757	4.57092
15078	-2085.891	-2238.97	153.0786	0.7163326	0.547002	0.323232	0.126124	0.00364219	0.8693498	5.204164
15084	-2078.319	-2230.753	152.4338	1.122887	0.64568	0.244523	0.0885468	0.0212502	1.069786	5.220931
15090	-2086.348	-2240.116	153.7673	1.242248	0.621233	0.315041	0.0504233	0.0133022	1.143033	4.372273
15096	-2080.714	-2235.974	155.2595	1.008144	0.623426	0.316153	0.0506013	0.00982032	1.351358	3.527582
15102	-2086.609	-2242.539	155.9293	1.151876	0.701193	0.142654	0.147129	0.00902488	1.321043	3.067761
15108	-2081.846	-2237.705	155.859	1.464554	0.746018	0.151773	0.0617665	0.0404428	1.478376	2.84344
15114	-2078.458	-2234.275	155.8167	1.569173	0.68858	0.255395	0.0298086	0.0262168	1.430944	2.84344
15120	-2089.665	-2244.836	155.1714	1.527907	0.500669	0.44443	0.0518718	0.00302956	1.292926	3.331903
15126	-2089.162	-2243.941	154.7794	1.00817	0.561397	0.376	0.0592059	0.00339703	1.234091	3.872942
15132	-2086.753	-2242.423	155.6704	1.032755	0.56331	0.170879	0.260128	0.00568184	1.372583	3.259844
15138	-2085.224	-2241.449	156.2252	1.115428	0.694954	0.0941864	0.20489	0.0059702	1.378972	2.876163
15144	-2099.883	-2255.608	155.7248	1.422319	0.63746	0.110211	0.245343	0.00698597	1.570458	2.891414
15150	-2094.963	-2251.102	156.1384	1.037014	0.753662	0.065281	0.171672	0.0093853	1.349778	2.99231
15156	-2079.436	-2234.592	155.1565	1.177997	0.617047	0.22689	0.136476	0.0195872	1.349778	3.492106
15162	-2079.703	-2235.575	155.8712	1.113777	0.717178	0.227633	0.0355379	0.0196513	1.305744	3.13337
15168	-2084.374	-2239.901	155.5271	1.101378	0.690907	0.272749	0.0327238	0.00362027	1.367814	3.307418
15174	-2089.628	-2244.59	154.962	1.489837	0.596868	0.308713	0.0556159	0.0388024	1.443319	3.385824
15180	-2082.942	-2239.699	156.757	1.11834	0.708395	0.21291	0.0470354	0.0316601	1.597371	2.411557
15186	-2080.657	-2237.674	157.0166	1.214548	0.795624	0.0661129	0.0427971	0.0954665	1.522247	2.235558
15192	-2081.881	-2238.748	156.8668	1.282254	0.771304	0.136245	0.0454932	0.0469572	1.523604	2.290473
15198	-2086.645	-2243.96	157.3158	1.157786	0.704302	0.231954	0.0456649	0.0180793	1.523604	2.074877
15204	-2082.944	-2239.166	156.2216	0.9660541	0.517334	0.340079	0.139274	0.00331273	1.459408	2.918952
15210	-2079.533	-2235.775	156.2419	1.366867	0.661964	0.257013	0.0767524	0.00427138	1.525997	2.632925
15216	-2076.006	-2231.932	155.9263	1.140289	0.785198	0.175983	0.0289171	0.00990139	1.45477	2.996161
15222	-2086.406	-2241.143	154.7378	1.511724	0.737572	0.104823	0.111819	0.0457869	1.501823	3.47175
15228	-2074.097	-2228.709	154.6113	1.011403	0.737572	0.104823	0.111819	0.0457869	1.192522	3.99122
15234	-2087.49	-2241.179	153.6888	1.15061	0.709512	0.121245	0.115345	0.0538978	1.200936	4.432733
15240	-2090.014	-2246.354	156.3399	1.145499	0.758124	0.0681078	0.133736	0.0400321	1.464946	2.736436
15246	-2079.763	-2235.432	155.6692	1.09744	0.745296	0.167499	0.0671153	0.0200901	1.439563	3.183277
15252	-2080.159	-2236.161	156.002	1.09744	0.661528	0.31867	0.0103786	0.00942385	1.398317	3.009445
15258	-2086.817	-2240.283	153.4653	1.09744	0.664599	0.320149	0.0104268	0.00482532	1.172561	4.603182
15264	-2096.771	-2253.356	156.5846	1.176683	0.5758	0.284325	0.0753913	0.064484	1.482496	2.556393
15270	-2082.172	-2238.228	156.0559	1.176683	0.555775	0.297344	0.083904	0.062977	1.464337	2.891374
15276	-2076.941	-2232.504	155.5628	1.280694	0.833266	0.0499049	0.099654	0.0171752	1.308498	3.221213
15282	-2084.093	-2238.965	154.8712	1.268088	0.800287	0.0853151	0.0957099	0.0186876	1.270563	3.654944
15288	-2086.947	-2239.644	152.6973	1.580597	0.787475	0.00977567	0.183284	0.0194657	1.180099	4.78386
15294	-2086.783	-2239.374	152.5914	1.636132	0.767858	0.0913639	0.121797	0.0189808	1.047675	4.890882
15300	-2077.875	-2231.262	153.3869	1.659929	0.681365	0.132348	0.162927	0.0233594	1.171872	4.364208
15306	-2066.294	-2219.9	153.6063	1.382262	0.821508	0.0765974	0.0942951	0.0075997	1.190632	4.364208
15312	-2060.785	-2215.65	154.8651	1.42224	0.862283	0.030928	0.0989754	0.00781304	1.453945	3.470879
15318	-2071.228	-2225.702	154.474	1.277295	0.662279	0.115944	0.200045	0.0217308	1.344996	3.836334
15324	-2087.786	-2242.732	154.9454	1.056217	0.571341	0.269373	0.152868	0.00641891	1.44913	3.625617
15330	-2087.664	-2240.001	152.3373	1.164723	0.742906	0.165193	0.0858724	0.00602878	1.237071	5.159586
15336	-2081.561	-2233.494	151.9323	1.851521	0.823353	0.124713	0.0443154	0.00761793	1.049472	5.159586
15342	-2073.829	-2226.943	153.1138	1.73358	0.823314	0.124707	0.0443132	0.00766585	1.17922	4.480184
15348	-2076.282	-2229.868	153.5858	1.442283	0.733259	0.188269	0.066899	0.011573	1.009356	4.448042
15354	-2072.642	-2227.148	154.5061	1.370962	0.762382	0.142892	0.0853352	0.00939127	1.175742	3.866225
15360	-2073.683	-2227.457	153.7739	1.451507	0.719846	0.151958	0.0961484	0.0320472	1.127465	4.270531
15366	-2087.138	-2241.058	153.9206	1.765285	0.821304	0.0324323	0.1097	0.036564	1.128242	4.037522
15372	-2071.191	-2226.589	155.3973	1.299691	0.754559	0.071806	0.140043	0.0335926	1.483956	3.204985
15378	-2083.127	-2239.406	156.2784	1.066105	0.725232	0.0660438	0.1346	0.0741243	1.599593	2.738809
15384	-2088.773	-2245.72	156.9469	1.449802	0.707414	0.127666	0.107583	0.0573372	1.473912	2.173929
15390	-2080.343	-2237.549	157.2053	1.364358	0.658131	0.191168	0.0973577	0.0533428	1.525482	2.020176
15396	-2079.7	-2237.678	157.9774	1.039177	0.531569	0.365566	0.0513053	0.0515604	1.686044	1.586271
15402	-2094.157	-2251.981	157.8243	1.063476	0.859643	0.0978075	0.0168645	0.0256855	1.815187	1.586271
15408	-2091.231	-2248.255	157.0248	1.283753	0.763348	0.158784	0.0361694	0.0416988	1.680623	2.08535
15414	-2091.082	-2246.114	155.0317	1.3187	0.756309	0.164782	0.0783385	0.00057056	1.206071	3.572333
15420	-2082.502	-2237.659	155.1568	1.016823	0.655999	0.252192	0.0909358	0.00087322	1.368562	3.572333
15426	-2087.147	-2241.26	154.1127	1.248632	0.542343	0.414042	0.0424862	0.0011287	1.448841	3.999072
15432	-2081.382	-2235.552	154.1696	1.633702	0.638136	0.322027	0.038509	0.00132806	1.242528	3.890992
15438	-2084.232	-2239.033	154.8006	1.428684	0.653556	0.32758	0.0178821	0.000982586	1.349587	3.565951
15444	-2090.086	-2243.407	153.3208	1.681456	0.753234	0.215651	0.0246355	0.00647942	1.354095	4.288542
15450	-2101.929	-2256.364	154.4351	2.103003	0.807145	0.138532	0.039633	0.0146906	1.306993	3.488744
15456	-2083.848	-2239.23	155.3817	1.168836	0.680904	0.287409	0.0150503	0.0166362	1.415336	3.326868
15462	-2079.168	-2235.428	156.2593	1.231132	0.63488	0.339508	0.0216715	0.00394038	1.435367	2.754235
15468	-2088.336	-2244.082	155.7462	1.020646	0.737402	0.245296	0.0154971	0.00180478	1.281366	3.275993
15474	-2088.227	-2241.385	153.1578	1.553962	0.746854	0.234554	0.0148185	0.00377302	1.277818	4.483611
15480	-2084.215	-2237.495	153.2808	1.244847	0.709696	0.26027	0.0280157	0.00201852	1.130756	4.651412
15486	-2095.104	-2247.84	152.7353	1.193866	0.865197	0.0652156	0.066807	0.00278043	1.104503	4.997008
15492	-2086.787	-2238.63	151.8434	1.880344	0.856596	0.0645673	0.0661429	0.0126934	1.178204	5.125101
15498	-2080.453	-2234.628	154.1748	1.343674	0.843504	0.0551231	0.0845723	0.0168007	1.401998	3.940536
15504	-2086.95	-2240.44	153.4901	1.343674	0.846669	0.0553299	0.0811377	0.0168638	1.110051	4.494662
15510	-2088.918	-2241.643	152.7247	1.801843	0.831755	0.00967279	0.141495	0.017077	0.9284135	4.808154
15516	-2092.328	-2244.774	152.4467	1.801843	0.839145	0.00958423	0.1402	0.0110706	1.206457	4.808154
15522	-2094.556	-2248.197	153.6408	1.426642	0.845015	0.0844424	0.0685944	0.00194771	1.197481	4.318547
15528	-2100.078	-2254.457	154.3789	1.426642	0.765362	0.0615177	0.170244	0.0028765	1.365485	3.801777
15534	-2092.948	-2249.095	156.1465	1.361224	0.784219	0.000826676	0.185802	0.0291525	1.416009	2.762127
15540	-2101.663	-2257.515	155.8518	1.149282	0.537758	0.404951	0.0519506	0.00534013	1.226988	3.171385
15546	-2089.457	-2244.81	155.3532	0.7836256	0.53077	0.399689	0.0625158	0.00702445	1.305231	3.633853
15552	-2098.572	-2251.344	152.7712	1.343283	0.68826	0.230262	0.0732481	0.00823035	1.000407	4.958179
15558	-2101.639	-2255.387	153.7482	1.988834	0.668439	0.273756	0.0212842	0.0365212	1.318107	3.928318
15564	-2088.817	-2242.72	153.9026	1.630616	0.721618	0.048755	0.147644	0.0819829	0.9994886	4.183533
15570	-2090.976	-2245.605	154.6289	1.368634	0.721618	0.048755	0.147644	0.0819829	1.157742	3.80715
15576	-2107.324	-2260.924	153.5996	1.77035	0.686041	0.0594149	0.174653	0.0798905	1.168323	4.195114
15582	-2105.471	-2258.235	152.7635	0.8561352	0.532572	0.341141	0.114574	0.0117135	0.8349366	5.31622
15588	-2099.741	-2252.267	152.5263	0.8561352	0.59319	0.254744	0.144602	0.00746502	0.963007	5.376462
15594	-2087.95	-2239.416	151.4652	1.147128	0.58246	0.268546	0.139787	0.00920708	1.11104	5.718494
15600	-2088.112	-2238.513	150.4011	1.100896	0.604045	0.196805	0.186843	0.0123064	0.8891234	6.443481
15606	-2084.641	-2238.91	154.2682	1.088092	0.626283	0.19088	0.181804	0.00103282	1.1289	4.179878
15612	-2083.074	-2236.465	153.3905	1.321192	0.608462	0.258446	0.1286	0.00449229	1.245832	4.485756
15618	-2079.241	-2232.826	153.5852	1.302687	0.665278	0.19004	0.140865	0.00381701	1.067981	4.485756
15624	-2076.909	-2230.072	153.1625	1.16187	0.612716	0.225837	0.157931	0.00351544	1.121413	4.766549
15630	-2086.545	-2240.416	153.8712	1.031784	0.650429	0.241605	0.104906	0.00305948	0.9502194	4.536303
15636	-2086.017	-2236.838	150.8209	1.033254	0.640777	0.194917	0.161882	0.00242334	0.9359612	6.226191
15642	-2097.253	-2248.947	151.694	1.575739	0.681971	0.207447	0.108003	0.00257913	0.8791221	5.508545
15648	-2093.937	-2246.066	152.1294	1.422959	0.500555	0.374448	0.123104	0.00189304	0.9022512	5.328609
15654	-2102.146	-2256.333	154.1867	1.41023	0.611591	0.326844	0.0430421	0.0185234	1.026415	4.114158
15660	-2086.242	-2239.368	153.126	2.016227	0.617311	0.2398	0.10039	0.042499	1.025015	4.436506
15666	-2089.566	-2241.934	152.3689	1.261011	0.584154	0.307727	0.0949982	0.0131205	1.288782	5.063236
15672	-2075.746	-2229.844	154.0976	1.357094	0.749406	0.188978	0.0583393	0.00327615	1.138193	4.128247
15678	-2077.533	-2229.115	151.5821	1.236383	0.665177	0.209333	0.118848	0.00664184	1.15746	5.582599
15684	-2108.532	-2261.605	153.0733	1.135943	0.484564	0.409673	0.072064	0.0336991	0.9525505	4.924256
15690	-2092.168	-2246.174	154.0051	1.163485	0.626447	0.206948	0.105899	0.0607057	1.432915	4.115261
15696	-2094.556	-2248.803	154.2465	1.571616	0.737041	0.130729	0.0947165	0.0375135	1.208753	3.896045
15702	-2102.427	-2257.978	155.5503	1.389245	0.759979	0.127234	0.0780629	0.0347242	1.190747	3.240089
15708	-2088.753	-2242.094	153.3407	1.242782	0.643749	0.230055	0.0967828	0.0294135	0.9826267	4.70189
15714	-2086.737	-2240.16	153.4227	1.279543	0.551249	0.391237	0.0397057	0.0178085	1.088194	4.577661
15720	-2087.056	-2241.394	154.3381	1.03716	0.453154	0.485444	0.0443488	0.0170528	1.238501	4.106231
15726	-2080.41	-2235.416	155.0064	1.440822	0.662456	0.298971	0.0273131	0.0112606	1.16532	3.547254
15732	-2074.204	-2228.222	154.0178	0.9186911	0.662456	0.298971	0.0273131	0.0112606	1.142242	4.409797
15738	-2088.92	-2242.522	153.6011	1.110533	0.663716	0.261151	0.0698059	0.00532798	1.021379	4.604648
15744	-2081.687	-2233.929	152.2413	1.380553	0.689582	0.250956	0.0560413	0.00342088	0.9901118	5.239081
15750	-2081.866	-2235.574	153.7079	1.02105	0.600155	0.30597	0.0705836	0.0232913	1.044129	4.581284
15756	-2093.512	-2246.003	152.4907	1.046322	0.671866	0.27453	0.0313308	0.0222736	1.17864	5.17059
15762	-2092.809	-2249.913	157.1041	1.308544	0.836836	0.0775559	0.0750146	0.010593	1.756772	1.967081
15768	-2087.843	-2245.047	157.204	1.308544	0.713869	0.0947418	0.182353	0.00903644	1.747186	1.906216
15774	-2092.994	-2247.964	154.9698	1.5003	0.774546	0.120186	0.0916456	0.0136219	1.084068	3.585699
15780	-2081.567	-2236.239	154.6718	1.346128	0.714804	0.209796	0.0562087	0.0191917	1.155525	3.7954
15786	-2072.807	-2227.854	155.0463	0.9703461	0.723945	0.176506	0.0825906	0.0169583	1.140026	3.7954
15792	-2086.576	-2240.398	153.8215	1.104322	0.807044	0.105542	0.0685094	0.0189049	1.06485	4.459775
15798	-2078.079	-2231.122	153.043	1.273867	0.756554	0.0371497	0.132213	0.0740831	1.27213	4.69034
15804	-2082.278	-2234.899	152.621	1.624125	0.806284	0.0485018	0.0930662	0.0521478	1.073601	4.865491
15810	-2086.64	-2239.054	152.4138	1.399204	0.72414	0.14544	0.0835847	0.046835	0.9446957	5.159597
15816	-2083.316	-2236.674	153.3574	1.173653	0.800318	0.093409	0.0761932	0.0300799	1.051158	4.690552
15822	-2088.22	-2241.493	153.2734	1.268831	0.684343	0.188533	0.06355	0.0635744	1.251508	4.575335
15828	-2095.281	-2247.962	152.6811	1.383154	0.794594	0.105753	0.0258364	0.0738165	1.004086	4.986271
15834	-2085.566	-2237.603	152.0368	1.281034	0.821548	0.0997586	0.014786	0.0639069	1.087134	5.348243
15840	-2096.764	-2253.508	156.7439	1.685885	0.75858	0.129049	0.0501353	0.0622357	1.44527	2.194665
15846	-2074.24	-2229.648	155.4082	1.212323	0.745724	0.0940232	0.143909	0.0163431	1.252138	3.383027
15852	-2079.952	-2230.568	150.616	1.387822	0.711523	0.160143	0.112446	0.0158879	1.114104	6.059195
15858	-2081.238	-2233.164	151.9259	1.243962	0.777398	0.123573	0.0867685	0.0122598	1.008341	5.471659
15864	-2086.923	-2239.934	153.0118	1.581038	0.811169	0.100425	0.0805193	0.00788617	0.9883326	4.715037
15870	-2093.505	-2246.875	153.3698	1.048622	0.815195	0.14638	0.0235229	0.0149015	1.116168	4.715037
15876	-2090.743	-2242.241	151.4982	1.752803	0.889468	0.0430665	0.0512065	0.0162591	1.005419	5.466643
15882	-2086.066	-2237.67	151.6039	1.128732	0.650855	0.249705	0.0960062	0.00343293	1.055936	5.682345
15888	-2097.036	-2248.306	151.2697	1.047777	0.670534	0.237226	0.0902551	0.00198414	1.139879	5.862551
15894	-2085.246	-2239.314	154.0687	1.294926	0.652049	0.316999	0.0303322	0.000619689	1.228522	4.125435
15900	-2094.756	-2249.067	154.3111	1.003085	0.663305	0.274269	0.0500315	0.0123946	1.265718	4.125435
15906	-2084.102	-2236.704	152.6016	1.038013	0.721502	0.219257	0.0474782	0.0117621	0.9130266	5.26069
15912	-2074.831	-2227.495	152.6644	1.193116	0.705344	0.255594	0.0229464	0.0161162	0.8703847	5.166558
15918	-2069.341	-2222.072	152.7311	1.087706	0.678253	0.245777	0.0637276	0.0122426	0.9961521	5.116039
15924	-2086.236	-2238.415	152.1786	0.8892804	0.682605	0.11319	0.135826	0.0683796	0.9289755	5.567668
15930	-2081.04	-2235.374	154.334	1.404325	0.639135	0.224223	0.123643	0.0129985	1.310505	3.870564
15936	-2091.908	-2245.89	153.9823	1.146535	0.645086	0.217789	0.12408	0.0130445	1.222062	4.257119
15942	-2082.812	-2236.757	153.9453	1.22471	0.670743	0.223366	0.0878205	0.01807	1.185067	4.257119
15948	-2096.04	-2251.737	155.697	1.248925	0.748713	0.169109	0.0684975	0.0136806	1.357098	3.130162
15954	-2081.297	-2236.733	155.4358	1.507364	0.805379	0.103147	0.0736818	0.0177922	1.387182	3.130162
15960	-2081.648	-2235.813	154.1659	1.292173	0.704511	0.138818	0.118351	0.038319	1.110809	4.13852
15966	-2079.219	-2233.562	154.3433	1.042863	0.618685	0.252913	0.103933	0.0244695	1.170982	4.13852
15972	-2082.65	-2238.158	155.5084	1.239261	0.685956	0.229863	0.0742776	0.00990328	1.369727	3.239904
15978	-2080.172	-2235.835	155.6628	1.208183	0.725997	0.183401	0.0809766	0.00962606	1.244437	3.239904
15984	-2080.06	-2234.783	154.7228	1.272509	0.725997	0.183401	0.0809766	0.00962606	1.288294	3.728173
15990	-2081.045	-2235.4	154.3553	1.435036	0.580365	0.23425	0.165689	0.0196962	1.152113	3.933621
15996	-2085.472	-2240.569	155.0967	1.352431	0.773906	0.127859	0.0761385	0.0220965	1.224343	3.506069
16002	-2101.759	-2255.238	153.4796	1.352431	0.673731	0.113994	0.151948	0.0603273	1.250653	4.416937
16008	-2086.905	-2241.963	155.0579	1.654468	0.814367	0.0155491	0.163732	0.00635175	1.292627	3.336312
16014	-2091.346	-2246.023	154.6767	1.670558	0.823194	0.0427051	0.0654596	0.0686412	1.27117	3.563993
16020	-2100.723	-2258.142	157.4191	1.314607	0.676038	0.0770427	0.155762	0.0911571	1.597321	1.857969
16026	-2092.409	-2248.811	156.4019	1.31868	0.783358	0.11885	0.0699606	0.0278314	1.575871	2.529803
16032	-2097.239	-2252.639	155.3994	1.360833	0.871738	0.00470676	0.112454	0.0111016	1.505459	3.158115
16038	-2088.248	-2243.179	154.9303	1.917586	0.870987	0.0047027	0.113218	0.011092	1.512396	3.158115
16044	-2084.413	-2239.38	154.9668	1.103111	0.620557	0.109231	0.267639	0.00257312	1.20208	3.729667
16050	-2076.358	-2230.856	154.498	1.288972	0.684234	0.120439	0.192489	0.00283715	1.202807	3.897992
16056	-2088.922	-2243.815	154.8924	1.435767	0.684599	0.120504	0.192592	0.00230556	1.265656	3.557765
16062	-2081.368	-2237.607	156.2394	1.188822	0.662796	0.0714458	0.262614	0.0031438	1.440254	2.787672
16068	-2094.457	-2249.53	155.0725	1.316125	0.661731	0.178167	0.153094	0.00700885	1.133147	3.592376
16074	-2097.063	-2251.239	154.1759	1.65518	0.741772	0.0190855	0.204661	0.0344813	1.22239	3.888716
16080	-2082.819	-2235.468	152.6492	1.360956	0.74699	0.0847721	0.14398	0.0242578	1.00338	5.015455
16086	-2103.503	-2256.583	153.08	1.526793	0.646052	0.178007	0.144727	0.031214	1.125858	4.625613
16092	-2093.115	-2248.839	155.7246	1.174685	0.795195	0.0942749	0.101722	0.00880792	1.320924	3.176776
16098	-2096.309	-2249.871	153.562	1.255016	0.706975	0.0246744	0.260519	0.00783077	1.405745	4.333144
16104	-2089.87	-2242.948	153.078	1.167837	0.671198	0.10489	0.156909	0.0670038	1.124049	4.809078
16110	-2077.341	-2234.792	157.4509	1.269157	0.860651	0.00214102	0.131329	0.0058788	1.57113	1.882644
16116	-2084.317	-2240.84	156.523	1.258325	0.804388	0.0659929	0.124066	0.00555368	1.483502	2.546436
16122	-2080.772	-2236.578	155.8057	1.295071	0.606156	0.137918	0.251526	0.00439942	1.247803	3.105152
16128	-2084.356	-2239.761	155.4056	1.460388	0.620644	0.345426	0.0292014	0.00472833	1.470993	3.122451
16134	-2082.156	-2236.767	154.6115	1.093968	0.653325	0.304753	0.0217953	0.0201271	1.197192	3.941907
16140	-2081.96	-2237.317	155.3572	1.479167	0.71285	0.233792	0.0243085	0.0290499	1.371397	3.200645
16146	-2086.931	-2241.966	155.0352	1.127978	0.705461	0.206467	0.0140108	0.0740615	1.328775	3.602835
16152	-2095.946	-2251.051	155.1054	1.127978	0.766432	0.17104	0.0114082	0.0511201	1.337779	3.556777
16158	-2092.254	-2248.358	156.1034	0.9009407	0.79918	0.106002	0.0865023	0.00831554	1.215498	3.17521
16164	-2093.264	-2247.931	154.6672	0.9846396	0.78874	0.140758	0.0609288	0.00957254	1.217124	3.960486
16170	-2098.684	-2253.18	154.4953	0.9846396	0.520738	0.400388	0.0681644	0.0107093	1.231774	4.050332
16176	-2083.431	-2238.146	154.7149	1.036239	0.501021	0.385228	0.103448	0.0103038	1.303681	3.854025
16182	-2085.918	-2239.095	153.1777	1.135485	0.618322	0.235153	0.126549	0.0199755	1.267824	4.690323
16188	-2090.852	-2245.17	154.318	0.9038672	0.619231	0.187087	0.187053	0.00662906	1.115137	4.264022
16194	-2095.867	-2251.134	155.2665	1.450977	0.735441	0.148352	0.0851885	0.0310177	1.171911	3.386239
16200	-2079.936	-2232.92	152.9848	0.960282	0.67322	0.257451	0.0619752	0.00735363	1.139864	4.965718
16206	-2080.372	-2232.075	151.7028	1.391707	0.79607	0.106469	0.0878251	0.00963608	1.155968	5.439165
16212	-2083.643	-2237.798	154.1556	1.17502	0.67458	0.171323	0.12504	0.029056	1.144457	4.187447
16218	-2081.924	-2236.548	154.6249	1.136286	0.554305	0.389938	0.0408215	0.0149356	1.331782	3.833503
16224	-2085.292	-2241.286	155.9941	1.023391	0.58134	0.334277	0.0686586	0.0157239	1.19364	3.17965
16230	-2103.743	-2257.446	153.7029	1.587101	0.745505	0.136413	0.00991053	0.108172	0.9625715	4.338188
16236	-2095.35	-2249.129	153.7797	1.269613	0.802664	0.130938	0.0347858	0.031612	0.957849	4.455366
16242	-2091.959	-2248.101	156.1421	1.442354	0.695423	0.195991	0.0517885	0.0567978	1.367506	2.750423
16248	-2076.825	-2234.069	157.2439	1.270831	0.69288	0.170362	0.113827	0.0229304	1.472573	2.08591
16254	-2076.038	-2229.013	152.9752	1.58272	0.789145	0.124135	0.0644071	0.0223135	1.357126	4.528015
16260	-2083.853	-2236.222	152.3696	1.58272	0.83619	0.0294093	0.0682468	0.0661536	1.076662	5.022919
16266	-2075.008	-2228.636	153.6275	1.520132	0.85303	0.0300016	0.0926472	0.024321	1.221872	4.266298
16272	-2076.204	-2231.955	155.7508	1.284813	0.826577	0.0268744	0.124763	0.0217859	1.420051	3.040707
16278	-2087.202	-2239.939	152.7375	1.129699	0.681137	0.221369	0.0795417	0.0179526	1.080299	5.043222
16284	-2078.949	-2231.533	152.584	1.334073	0.783514	0.187832	0.0237864	0.00486751	0.9072541	5.118404
16290	-2109.373	-2263.931	154.5581	1.062356	0.736714	0.195862	0.0554577	0.0119665	1.282427	3.941371
16296	-2102.996	-2256.7	153.7034	1.223166	0.650228	0.218037	0.115765	0.01597	1.124292	4.428954
16302	-2100.802	-2253.982	153.1792	1.464361	0.914402	0.0646019	0.0118344	0.00916125	1.067482	4.63298
16308	-2088.152	-2242.986	154.8336	1.01388	0.574325	0.391087	0.00957046	0.0250179	1.098129	3.916582
16314	-2096.712	-2251.153	154.4407	0.9098068	0.442468	0.527963	0.00760499	0.021964	1.202745	4.141191
16320	-2094.085	-2248.056	153.971	1.47147	0.768846	0.191001	0.031873	0.0082799	1.190638	4.112889
16326	-2091.172	-2247.309	156.1365	1.091291	0.674776	0.270148	0.0437188	0.0113572	1.562624	2.832783
16332	-2101.968	-2258.697	156.7289	1.581708	0.676046	0.204081	0.0890584	0.030815	1.312184	2.345053
16338	-2075.685	-2232.167	156.4823	1.244141	0.675268	0.22255	0.0971181	0.00506315	1.857695	2.345053
16344	-2086.653	-2244.442	157.7884	0.892439	0.65555	0.251489	0.0801225	0.012838	1.783622	1.75717
16350	-2095.408	-2253.043	157.6353	1.129387	0.653129	0.20463	0.140307	0.00193421	1.757963	1.716865
16356	-2099.148	-2257.02	157.872	0.9869906	0.781876	0.0505075	0.165446	0.00217081	1.755145	1.650147
16362	-2080.617	-2237.714	157.0968	1.526485	0.765869	0.0494735	0.178526	0.00613151	1.685084	1.890343
16368	-2091.404	-2248.742	157.3382	1.309871	0.719649	0.0787708	0.186018	0.0155626	1.635119	1.890343
16374	-2087.715	-2243.871	156.156	2.122245	0.61851	0.189103	0.138889	0.0534987	1.663974	2.215827
16380	-2095.181	-2250.429	155.2474	1.450485	0.713694	0.161168	0.0529129	0.0722255	1.298448	3.323371
16386	-2094.896	-2250.39	155.4936	1.266026	0.773375	0.144353	0.0347873	0.0474843	1.235411	3.313192
16392	-2062.777	-2219.232	156.4551	1.172022	0.743961	0.166249	0.0564459	0.0333437	1.540468	2.603486
16398	-2070.283	-2225.264	154.9815	1.172022	0.745709	0.102536	0.118333	0.0334221	1.247219	3.656777
16404	-2076.351	-2232.055	155.704	1.28705	0.769364	0.0881892	0.0979216	0.0445257	1.316684	3.129124
16410	-2078.629	-2235.243	156.6137	1.298218	0.641609	0.0753276	0.220236	0.0628277	1.40383	2.516655
16416	-2081.724	-2237.487	155.7627	1.092887	0.729861	0.129936	0.054413	0.0857901	1.414921	3.14502
16422	-2078.078	-2234.787	156.7097	1.092887	0.705152	0.248689	0.0370338	0.00912545	1.561223	2.479526
16428	-2087.493	-2243.894	156.4008	1.092887	0.81439	0.131646	0.0470999	0.00686387	1.531084	2.689725
16434	-2090.944	-2247.498	156.554	1.203823	0.599058	0.283919	0.0867472	0.0302749	1.393998	2.614316
16440	-2079.249	-2234.127	154.8789	1.148996	0.678301	0.253628	0.0619126	0.00615854	1.319283	3.687193
16446	-2068.952	-2222.905	153.9534	1.37523	0.702469	0.234573	0.0572613	0.00569587	1.319283	4.097996
16452	-2070.846	-2225.854	155.0078	1.093507	0.776505	0.169319	0.0294151	0.0247608	1.361459	3.619107
16458	-2075.202	-2229.417	154.2149	1.470849	0.730416	0.172609	0.0717333	0.0252419	1.344951	3.885611
16464	-2079.305	-2233.967	154.6624	1.208686	0.689735	0.191532	0.102305	0.0164289	1.344951	3.764676
16470	-2081.035	-2236.178	155.1429	1.299359	0.712458	0.117741	0.134723	0.0350781	1.226084	3.506174
16476	-2079.545	-2234.72	155.175	0.9661847	0.724584	0.140714	0.0704849	0.0642163	1.26882	3.649071
16482	-2074.532	-2229.584	155.0513	1.06933	0.710644	0.194967	0.0621356	0.0322532	1.289923	3.649071
16488	-2079.782	-2234.748	154.9665	1.401734	0.702625	0.206608	0.0588772	0.0318893	1.3559	3.479498
16494	-2069.881	-2224.578	154.6966	1.363273	0.709156	0.188769	0.0860247	0.0160503	1.385779	3.639105
16500	-2073.118	-2226.171	153.0537	1.749756	0.830098	0.100381	0.0529498	0.0165715	1.034036	4.588253
16506	-2080.071	-2233.253	153.1827	1.773903	0.758567	0.126209	0.0958879	0.0193357	1.202718	4.409926
16512	-2077.613	-2229.157	151.5439	1.28434	0.802701	0.107138	0.0701483	0.0200125	1.113132	5.603485
16518	-2078.657	-2230.132	151.4747	1.450029	0.653249	0.272885	0.065425	0.00844087	1.033653	5.603485
16524	-2097.432	-2250.62	153.1878	1.031691	0.546725	0.393778	0.0473172	0.0121803	1.030993	4.873544
16530	-2079.206	-2231.205	151.9992	0.9999332	0.571553	0.370598	0.0358313	0.0220179	0.9157996	5.61174
16536	-2076.17	-2228.216	152.0456	0.9564216	0.70157	0.239706	0.0189679	0.0397564	0.9131634	5.61174
16542	-2067.66	-2221.368	153.7083	1.22503	0.638516	0.218162	0.118344	0.0249777	1.152056	4.409536
16548	-2074.019	-2229.117	155.0977	0.960828	0.567882	0.10944	0.318951	0.00372757	1.054043	3.820813
16554	-2088.507	-2242.001	153.4942	1.365008	0.836162	0.125235	0.0356977	0.00290568	1.35594	4.342868
16560	-2075.725	-2231.25	155.5248	1.374638	0.834167	0.0733808	0.0423997	0.0500526	1.168539	3.275968
16566	-2088.221	-2242.749	154.5279	1.072119	0.795884	0.0654689	0.086947	0.0517005	1.224553	3.986296
16572	-2076.549	-2231.227	154.6773	1.190415	0.727988	0.125781	0.098941	0.04729	1.229481	3.832499
16578	-2076.04	-2228.481	152.4405	1.337887	0.717797	0.102378	0.114497	0.0653282	1.110444	5.083397
16584	-2080.254	-2233.938	153.6838	1.274852	0.692982	0.174746	0.069203	0.0630698	1.145181	4.401138
16590	-2070.74	-2226.077	155.3362	1.274852	0.750603	0.165527	0.0299535	0.0539166	1.263541	3.384385
16596	-2075.294	-2230.322	155.0272	1.274852	0.788398	0.114433	0.0405374	0.0566315	1.441343	3.461245
16602	-2087.393	-2242.552	155.1586	1.246249	0.778273	0.0900196	0.103075	0.0286329	1.210418	3.534765
16608	-2093.572	-2248.325	154.7529	1.123466	0.483636	0.42157	0.0816173	0.0131771	1.378032	3.74022
16614	-2096.929	-2249.753	152.8242	1.337148	0.591721	0.138783	0.221699	0.0477977	0.8407743	5.020503
16620	-2078.226	-2233.282	155.0562	1.096945	0.641586	0.204634	0.036287	0.117493	1.284476	3.633784
16626	-2088.04	-2243.691	155.6512	1.646372	0.770613	0.086333	0.0263775	0.116677	1.415909	2.913634
16632	-2088.989	-2244.272	155.2829	1.718027	0.633277	0.119392	0.239976	0.00735472	1.463478	3.070923
16638	-2076.044	-2230.685	154.6404	1.12184	0.641578	0.107849	0.243122	0.00745112	1.534162	3.715942
16644	-2084.36	-2239.573	155.2124	1.111865	0.58525	0.132885	0.23876	0.0431049	1.489447	3.414875
16650	-2075.663	-2231.66	155.9966	1.214108	0.704933	0.151349	0.116264	0.0274534	1.498797	2.885037
16656	-2079.661	-2233.159	153.4977	1.651216	0.767408	0.0728368	0.126568	0.0331874	1.16791	4.307915
16662	-2079.066	-2234.167	155.1006	1.145978	0.711192	0.172357	0.0409404	0.0755112	1.265401	3.591608
16668	-2087.789	-2244.247	156.4575	1.497223	0.709703	0.171996	0.042948	0.0753531	1.455426	2.471407
16674	-2099.227	-2255.575	156.3476	1.265923	0.597325	0.238578	0.0595738	0.104523	1.474508	2.656175
16680	-2087.098	-2242.657	155.559	1.158452	0.605644	0.356326	0.0166494	0.0213802	1.457073	3.2034
16686	-2100.943	-2257.075	156.1323	0.7694142	0.437745	0.534551	0.0225974	0.00510746	1.339335	3.165805
16692	-2085.24	-2240.426	155.1859	1.259711	0.480823	0.472913	0.0406656	0.00559879	1.282679	3.469373
16698	-2083.853	-2238.63	154.7763	1.03434	0.534132	0.428649	0.0350858	0.0021332	1.454137	3.733101
16704	-2095.328	-2250.197	154.8691	1.565022	0.531156	0.276682	0.182281	0.00988126	1.556758	3.335971
16710	-2089.769	-2244.758	154.9884	1.075213	0.623604	0.201674	0.132865	0.0418575	1.415995	3.609102
16716	-2075.987	-2229.49	153.5022	1.35765	0.733516	0.0784787	0.154964	0.0330415	1.38592	4.325112
16722	-2077.405	-2231.823	154.4174	1.459312	0.71751	0.0217878	0.239738	0.0209647	1.324729	3.786616
16728	-2074.289	-2230.019	155.7299	1.185105	0.807858	0.0148195	0.163063	0.0142596	1.45728	3.086568
16734	-2081.63	-2236.084	154.4536	1.115845	0.77529	0.0634612	0.148282	0.012967	1.202928	4.016754
16740	-2084.091	-2238.763	154.6716	1.172776	0.697691	0.141151	0.149488	0.0116691	1.263198	3.826002
16746	-2088.721	-2242.693	153.9722	1.158332	0.792869	0.0462242	0.147297	0.0136098	1.209215	4.26373
16752	-2095.821	-2248.644	152.8234	1.333184	0.783402	0.0377122	0.16601	0.0128761	1.150644	4.850523
16758	-2092.405	-2243.554	151.1486	1.433325	0.749954	0.18765	0.0458504	0.0165459	0.988286	5.815099
16764	-2092.113	-2246.389	154.2765	1.18132	0.521106	0.291179	0.171215	0.0165005	1.334208	4.007103
16770	-2078.579	-2230.138	151.5593	1.18435	0.659457	0.0597741	0.27308	0.00768861	1.013952	5.700683
16776	-2074.184	-2228.046	153.8618	1.18435	0.65448	0.059323	0.271019	0.015178	1.190404	4.322842
16782	-2088.957	-2241.142	152.1851	1.147298	0.566129	0.306824	0.101621	0.0254257	1.105705	5.325497
16788	-2085.125	-2238.462	153.3362	1.274611	0.812986	0.113312	0.0658367	0.00786605	1.236032	4.545768
16794	-2085.447	-2240.36	154.9124	0.9840024	0.549504	0.231673	0.20274	0.0160827	1.115663	3.878502
16800	-2086.227	-2240.456	154.2285	1.197698	0.624491	0.172885	0.14275	0.0598741	1.182044	4.112427
16806	-2084.356	-2237.451	153.0953	1.197698	0.743939	0.157866	0.028511	0.0696836	0.9609986	4.874575
16812	-2077.762	-2228.595	150.8332	1.197698	0.641	0.208207	0.0588887	0.0919043	0.9093398	6.147428
16818	-2078.913	-2231.209	152.2959	1.368182	0.724007	0.154729	0.0669272	0.0543367	0.9476369	5.2385
16824	-2069.698	-2222.338	152.6401	1.314965	0.784022	0.0533237	0.0897712	0.0728832	1.16571	4.953423
16830	-2083.012	-2235.082	152.0706	1.421262	0.841882	0.0429963	0.100003	0.0151195	1.099988	5.252681
16836	-2074.344	-2229.361	155.0171	1.440552	0.821104	0.0756532	0.0962375	0.00700544	1.296107	3.464897
16842	-2087.818	-2241.199	153.3809	1.249818	0.748704	0.0690526	0.175849	0.00639422	1.099532	4.610204
16848	-2082.974	-2236.776	153.8025	1.390284	0.836009	0.0771048	0.0619782	0.0249078	1.101543	4.299588
16854	-2074.596	-2224.173	149.5765	1.461785	0.737771	0.206218	0.04346	0.0125505	1.082948	6.605048
16860	-2088.869	-2243.691	154.8219	1.436388	0.819427	0.109582	0.0100487	0.0609427	1.120377	3.682657
16866	-2077.458	-2231.198	153.7398	1.436388	0.760435	0.122197	0.0394572	0.0779108	1.058402	4.336356
16872	-2077.821	-2232.611	154.7903	1.339946	0.676273	0.219348	0.0350903	0.069288	1.153823	3.731247
16878	-2073.619	-2228.113	154.4942	1.339946	0.745704	0.0758722	0.110579	0.0678449	1.450003	3.731247
16884	-2092.431	-2248.763	156.3315	1.21681	0.740416	0.143635	0.0747187	0.0412307	1.551224	2.64704
16890	-2089.024	-2244.319	155.2948	1.21681	0.715048	0.129463	0.0673466	0.0881425	1.313041	3.411327
16896	-2095.961	-2250.457	154.4957	1.419997	0.764074	0.149322	0.0382869	0.0483166	1.298979	3.776195
16902	-2095.521	-2248.953	153.4318	1.147082	0.781709	0.118338	0.062456	0.0374968	1.088188	4.642363
16908	-2089.18	-2241.873	152.6931	1.867147	0.783197	0.133769	0.0558038	0.0272311	1.141327	4.67821
16914	-2102.172	-2257.331	155.1583	1.576641	0.662872	0.125551	0.145236	0.0663417	1.316231	3.301509
16920	-2094.428	-2247.404	152.976	1.413999	0.7649	0.13122	0.0196796	0.0842002	1.19742	4.698754
16926	-2101.07	-2253.503	152.4327	1.247105	0.56466	0.28048	0.0492461	0.105614	0.9772883	5.207581
16932	-2105.081	-2255.309	150.2272	1.238614	0.633855	0.269948	0.0473457	0.0488509	0.9133676	6.453522
16938	-2117.723	-2272.138	154.4144	0.9460548	0.709879	0.182464	0.0783521	0.0293046	1.008317	4.245531
16944	-2104.394	-2258.598	154.2041	0.9725121	0.642325	0.212717	0.124863	0.0200958	1.242678	4.216746
16950	-2098.737	-2251.362	152.6256	1.184954	0.548951	0.291617	0.129168	0.0302637	1.275454	4.967686
16956	-2079.81	-2233.485	153.6746	0.8750637	0.601612	0.30771	0.0526602	0.0380183	0.9993584	4.707934
16962	-2076.735	-2229.817	153.0818	1.379663	0.664039	0.210471	0.0767809	0.0487096	1.096653	4.71303
16968	-2075.036	-2228.236	153.2001	1.379663	0.754717	0.0766364	0.136014	0.0326323	1.167871	4.606896
16974	-2084.032	-2238.183	154.151	1.020179	0.769394	0.0586802	0.138659	0.0332669	1.175169	4.258023
16980	-2078.058	-2231.755	153.6966	1.127462	0.681706	0.0679575	0.201898	0.048439	1.186964	4.44872
16986	-2084.601	-2239.744	155.1429	1.324457	0.676354	0.122504	0.113824	0.0873188	1.255733	3.475561
16992	-2088.302	-2241.003	152.7015	1.513039	0.633426	0.114729	0.206286	0.0455598	1.182565	4.812189
16998	-2080.535	-2234.652	154.1169	1.350517	0.628615	0.113857	0.212313	0.0452138	1.271911	4.044459
17004	-2077.421	-2231.01	153.5896	1.337592	0.674821	0.0915187	0.186031	0.0476294	1.186049	4.398851
17010	-2083.093	-2236.223	153.13	1.054374	0.690005	0.0872965	0.1796	0.0430987	1.049791	4.882773
17016	-2081.476	-2232.279	150.8026	1.259927	0.66522	0.0935296	0.192423	0.048827	1.175604	5.98731
17022	-2074.168	-2228.336	154.1675	1.161612	0.682084	0.119652	0.172388	0.0258756	1.49037	3.990867
17028	-2072.469	-2227.36	154.891	1.002195	0.534265	0.400777	0.0551532	0.00980495	1.263519	3.795309
17034	-2076.602	-2230.041	153.4391	1.144592	0.500668	0.392438	0.0985204	0.00837408	1.317582	4.510878
17040	-2080.518	-2234.965	154.447	1.104772	0.590284	0.39388	0.00743119	0.00840485	1.181328	4.039007
17046	-2078.799	-2234.148	155.3488	1.25357	0.648941	0.328703	0.0125953	0.00976087	1.29446	3.370404
17052	-2088.25	-2239.592	151.3419	1.030172	0.624921	0.238898	0.135161	0.00102016	0.89657	5.965544
17058	-2092.003	-2244.88	152.8771	1.301711	0.705081	0.132979	0.152498	0.00944159	0.9537808	4.94624
17064	-2097.274	-2250.405	153.1309	1.103602	0.649499	0.194309	0.147085	0.00910645	1.149115	4.800014
17070	-2097.845	-2253.743	155.8978	1.181541	0.634616	0.20256	0.153331	0.00949314	1.379046	3.034989
17076	-2091.474	-2248.056	156.5815	1.370261	0.777404	0.12803	0.0937858	0.00077986	1.684807	2.318662
17082	-2087.842	-2244.522	156.6797	1.396206	0.804443	0.0598265	0.134521	0.00120873	1.563409	2.318662
17088	-2085.023	-2237.855	152.8321	1.191596	0.773933	0.0339351	0.173142	0.0189898	1.455714	4.748582
17094	-2080.042	-2233.344	153.3022	1.183124	0.852202	0.0223127	0.113843	0.0116424	1.455714	4.489519
17100	-2093.679	-2247.178	153.4989	1.734735	0.833236	0.0266715	0.137882	0.00221011	1.218063	4.240203
17106	-2079.684	-2233.045	153.3613	1.181296	0.833044	0.0266653	0.13785	0.00244096	1.225463	4.586653
17112	-2079.838	-2231.832	151.9947	1.463332	0.792129	0.0636307	0.138416	0.0058248	1.040298	5.307231
17118	-2064.434	-2216.046	151.6128	1.530138	0.832543	0.0465053	0.11342	0.00753201	1.210127	5.392379
17124	-2077.998	-2230.472	152.4744	1.666197	0.781176	0.104686	0.106422	0.0077161	1.166951	4.875778
17130	-2081.115	-2234.697	153.5825	1.245266	0.695369	0.0858399	0.183786	0.0350048	1.185187	4.451108
17136	-2079.795	-2231.5	151.7045	1.245266	0.695369	0.0858399	0.183786	0.0350048	1.163096	5.507641
17142	-2076.286	-2231.308	155.022	0.9027134	0.635408	0.146277	0.158372	0.0599428	1.208438	3.809612
17148	-2085.287	-2237.893	152.6062	1.490733	0.749232	0.0964236	0.114831	0.0395135	1.132583	4.903901
17154	-2078.255	-2229.174	150.9191	1.43921	0.810987	0.0470226	0.135186	0.00680502	0.8519007	6.012137
17160	-2080.368	-2231.919	151.5509	1.52029	0.719478	0.0736693	0.196048	0.0108052	0.9336143	5.583171
17166	-2078.886	-2231.376	152.49	0.9221573	0.690648	0.0828721	0.220538	0.00594207	1.012788	5.331534
17172	-2081.076	-2232.956	151.8798	1.677111	0.778789	0.0498557	0.145227	0.0261285	1.065313	5.257063
17178	-2090.531	-2242.61	152.0787	1.712904	0.821281	0.0715497	0.104841	0.00232828	1.041227	5.144218
17184	-2092.497	-2245.961	153.4639	1.504554	0.866346	0.0387255	0.0946045	0.000323713	1.229536	4.362041
17190	-2077.383	-2230.117	152.7337	1.372993	0.805229	0.0996399	0.0901181	0.00501264	1.175887	4.866485
17196	-2083.814	-2238.444	154.6297	1.297322	0.763163	0.200935	0.0262068	0.00969588	1.249878	3.790876
17202	-2082.828	-2236.746	153.9182	1.349979	0.700091	0.208778	0.0493145	0.0418169	1.275064	4.15609
17208	-2091.129	-2247.913	156.7836	1.045938	0.736647	0.219679	0.0351447	0.00852939	1.553024	2.46717
17214	-2086.292	-2241.806	155.5138	1.537057	0.794116	0.170616	0.00454494	0.0307231	1.370327	3.078544
17220	-2090.21	-2242.76	152.5494	1.57793	0.774807	0.191095	0.00443443	0.0296632	1.078013	4.924448
17226	-2089.216	-2241.805	152.5886	1.558433	0.681508	0.276865	0.0155352	0.0260913	1.055252	4.924448
17232	-2088.504	-2241.211	152.707	0.8861248	0.521407	0.396386	0.0646581	0.0175488	0.8658121	5.313266
17238	-2087.55	-2238.27	150.7201	1.774705	0.77342	0.117793	0.100394	0.00839303	1.020953	5.875201
17244	-2075.806	-2227.642	151.8356	1.163191	0.724066	0.090621	0.174238	0.0110748	1.118177	5.502816
17250	-2089.117	-2240.077	150.9595	1.889057	0.786161	0.0501582	0.109791	0.0538901	1.083444	5.660742
17256	-2094.648	-2247.057	152.4091	1.43077	0.821684	0.0227909	0.10313	0.0523949	1.197608	5.00642
17262	-2087.027	-2241.306	154.279	1.168976	0.731606	0.130382	0.0842781	0.0537336	1.219531	4.077794
17268	-2078.978	-2234.359	155.3806	1.151913	0.708444	0.160771	0.0962146	0.0345709	1.391803	3.350846
17274	-2082.633	-2237.406	154.773	1.391307	0.73216	0.166153	0.0206334	0.0810543	1.379316	3.583969
17280	-2074.725	-2226.9	152.1751	1.208244	0.816192	0.0876592	0.0690931	0.0270555	1.318395	5.181505
17286	-2083.132	-2237.391	154.2594	1.142174	0.826546	0.0485534	0.0897542	0.035146	1.057338	4.195795
17292	-2075.137	-2229.027	153.8903	1.885881	0.847047	0.0480626	0.0919804	0.0129097	1.227574	3.943842
17298	-2075.901	-2227.448	151.5467	1.446656	0.655161	0.107388	0.175866	0.0615848	0.9834072	5.593194
17304	-2078.304	-2231.034	152.7297	1.403092	0.694511	0.139062	0.135517	0.0309101	1.113592	4.888487
17310	-2071.438	-2225.064	153.6255	1.283067	0.84372	0.012919	0.128721	0.01464	1.177505	4.411496
17316	-2087.771	-2240.493	152.7222	1.179875	0.761526	0.0116605	0.144247	0.082566	1.150669	4.985993
17322	-2073.389	-2226.111	152.7223	1.267877	0.78985	0.0498733	0.136994	0.0232827	0.9659348	5.042778
17328	-2074.697	-2229.787	155.0905	1.055717	0.626574	0.231519	0.105928	0.0359787	1.173387	3.701596
17334	-2082.402	-2237.069	154.6679	1.35709	0.813726	0.132402	0.0421393	0.0117333	1.31362	3.700707
17340	-2078.782	-2232.259	153.4767	1.324303	0.780211	0.0338265	0.175767	0.0101956	1.105975	4.514329
17346	-2080.322	-2233.767	153.4445	1.23675	0.731482	0.116714	0.143481	0.00832282	1.21883	4.514329
17352	-2071.321	-2221.848	150.5271	1.136435	0.576573	0.138969	0.282413	0.00204487	0.9835974	6.305213
17358	-2078.993	-2228.531	149.5387	1.238255	0.841475	0.106147	0.0474071	0.0049709	1.168693	6.688128
17364	-2078.99	-2229.503	150.5123	1.35601	0.80256	0.0931628	0.0743681	0.0299087	0.9108286	6.241791
17370	-2080.542	-2231.568	151.0263	1.39266	0.713066	0.157998	0.0807139	0.048222	1.213132	5.778665
17376	-2080.369	-2234.182	153.8125	1.42143	0.572097	0.37975	0.0293521	0.0188009	1.240914	4.199275
17382	-2086.766	-2240.197	153.4314	1.42143	0.688486	0.230365	0.0157861	0.0653631	1.172248	4.453557
17388	-2086.301	-2241.653	155.3515	1.430663	0.867359	0.11025	0.0179142	0.00447615	1.349387	3.24218
17394	-2079.266	-2236.321	157.0556	1.430663	0.79312	0.163504	0.0324741	0.0109015	1.394831	2.165596
17400	-2054.251	-2211.349	157.0981	0.9867718	0.719366	0.240961	0.0382936	0.00138021	1.509118	2.33345
17406	-2067.382	-2223.575	156.1924	0.9486792	0.644399	0.242598	0.0863128	0.0266909	1.509118	2.917173
17412	-2067.268	-2223.171	155.9032	1.08752	0.648974	0.241436	0.0846206	0.0249691	1.442298	3.048083
17418	-2064.744	-2221.147	156.403	0.747018	0.58766	0.361392	0.0399679	0.0109801	1.329079	3.024578
17424	-2082.514	-2238.298	155.784	1.329593	0.622292	0.213328	0.148101	0.0162791	1.136794	3.165405
17430	-2079.467	-2234.842	155.3746	1.519114	0.609313	0.259515	0.118008	0.0131646	1.317179	3.202039
17436	-2082.969	-2235.759	152.7895	1.182958	0.723888	0.0705046	0.170176	0.0354313	0.8766546	5.099138
17442	-2093.12	-2248.223	155.1031	1.332143	0.866519	0.0191586	0.0824185	0.0319041	1.431804	3.391724
17448	-2087.974	-2243.508	155.5341	1.278929	0.801466	0.051895	0.113041	0.0335975	1.273055	3.260128
17454	-2097.584	-2252.525	154.9403	1.122143	0.719991	0.152099	0.0968587	0.0310514	1.128961	3.776558
17460	-2082.052	-2236.671	154.6182	1.625803	0.843285	0.0367379	0.0836082	0.0363687	1.272815	3.618513
17466	-2085.23	-2239.16	153.9296	1.80089	0.829156	0.0224735	0.0891378	0.0592326	1.616326	3.735977
17472	-2071.875	-2224.044	152.1686	1.181436	0.820992	0.0192534	0.12282	0.0369341	1.226279	5.250078
17478	-2078.29	-2231.819	153.5293	1.554834	0.707019	0.0263298	0.239701	0.0269496	1.182693	4.327285
17484	-2069.489	-2223.229	153.7405	1.302026	0.787573	0.121051	0.0617106	0.0296649	1.194313	4.327285
17490	-2074.297	-2228.664	154.3669	1.439381	0.660426	0.17781	0.110135	0.0516293	1.323146	3.826615
17496	-2074.856	-2230.245	155.3887	1.601665	0.820985	0.0247861	0.113472	0.0407564	1.538919	3.019896
17502	-2076.427	-2232.834	156.4073	0.9978272	0.788806	0.160677	0.0495702	0.000946539	1.356919	2.849308
17508	-2081.556	-2237.687	156.1311	1.16404	0.857816	0.0539461	0.0787442	0.00949361	1.34859	2.923117
17514	-2082.908	-2237.826	154.9179	1.180944	0.781492	0.0733258	0.10536	0.0398219	1.267862	3.676747
17520	-2086.984	-2239.995	153.0113	1.802267	0.60359	0.0808995	0.274902	0.0406087	1.037961	4.586334
17526	-2105.031	-2257.357	152.3259	1.106236	0.470698	0.283257	0.214377	0.0316679	0.9270594	5.368223
17532	-2089.534	-2245.038	155.5033	0.9223435	0.77698	0.133744	0.0843753	0.00490109	1.209037	3.518918
17538	-2075.444	-2229.846	154.4014	1.641878	0.73318	0.149	0.101838	0.0159821	1.23722	3.75678
17544	-2078.538	-2234.299	155.7607	1.074392	0.743018	0.0831579	0.150245	0.023579	1.142392	3.318154
17550	-2076.022	-2228.497	152.4749	1.264514	0.715316	0.181301	0.0903452	0.0130383	1.103832	5.105203
17556	-2087.799	-2239.071	151.272	1.264514	0.753229	0.175174	0.0534415	0.0181552	0.8552342	5.903607
17562	-2082.742	-2234.578	151.8365	1.401297	0.766944	0.115282	0.105826	0.011948	1.049971	5.419186
17568	-2098.276	-2252.397	154.1202	1.41177	0.815928	0.0836942	0.0902234	0.0101547	1.066815	4.128231
17574	-2094.894	-2249.923	155.0293	1.433348	0.752339	0.0981626	0.134375	0.0151239	1.321535	3.446591
17580	-2090.319	-2243.958	153.6384	1.433348	0.641401	0.23755	0.108292	0.0127564	1.06802	4.389695
17586	-2083.949	-2237.806	153.8565	1.2262	0.737194	0.166322	0.0913266	0.00515788	1.037938	4.389695
17592	-2090.702	-2246.116	155.4143	0.9709448	0.716064	0.127527	0.146978	0.0094307	1.258724	3.513132
17598	-2091.547	-2248.15	156.6026	1.104642	0.775384	0.0836934	0.134734	0.00618916	1.657421	2.479164
17604	-2081.864	-2239.191	157.3265	0.9593411	0.743775	0.0540432	0.198346	0.00383606	1.541243	2.183945
17610	-2084.744	-2241.863	157.1187	0.8820492	0.699499	0.186743	0.106784	0.00697354	1.74562	2.237149
17616	-2080.502	-2237.244	156.7417	1.103246	0.764467	0.118374	0.116702	0.000456767	1.356155	2.581092
17622	-2082.671	-2237.782	155.1108	1.044439	0.808267	0.132066	0.0571076	0.00255905	1.326183	3.607732
17628	-2080.152	-2234.774	154.6223	1.044439	0.730118	0.124711	0.143476	0.00169443	1.287138	3.91198
17634	-2090.776	-2244.473	153.6966	1.014363	0.725621	0.0594634	0.172193	0.042722	1.054194	4.585662
17640	-2101.314	-2253.564	152.2502	1.179923	0.74348	0.0609269	0.176431	0.0191615	0.9122635	5.379154
17646	-2111.11	-2262.965	151.8549	1.507125	0.724897	0.0836162	0.161922	0.0295651	1.011755	5.379154
17652	-2101.738	-2255.992	154.2541	0.1834418	0.395526	0.445434	0.0389781	0.120061	1.043488	4.653847
17658	-2100.408	-2254.406	153.998	0.2226849	0.230264	0.499636	0.0338708	0.23623	1.033281	4.819857
17664	-2092.335	-2244.821	152.4857	1.081913	0.824188	0.0521443	0.121853	0.00181457	0.932292	5.290219
17670	-2098.82	-2251.771	152.9508	1.051815	0.809161	0.0759208	0.09272	0.0221982	1.207114	4.896361
17676	-2088.515	-2241.166	152.6503	1.489367	0.701238	0.167248	0.0866829	0.0448318	1.103207	4.896361
17682	-2085.966	-2238.901	152.9348	1.255026	0.744749	0.204955	0.0205173	0.029779	1.028689	4.896361
17688	-2082.351	-2237.274	154.9228	1.255026	0.715005	0.210715	0.0371702	0.0371092	1.321973	3.60223
17694	-2094.366	-2249.807	155.4405	1.658566	0.689234	0.20312	0.0718737	0.0357717	1.358189	3.068751
17700	-2072.411	-2227.332	154.9216	1.344376	0.698714	0.205914	0.0744855	0.0208862	1.287125	3.575691
17706	-2069.304	-2223.074	153.7704	1.486903	0.714034	0.22457	0.0479508	0.0134457	1.20265	4.212432
17712	-2075.993	-2230.271	154.2782	1.486903	0.713665	0.151244	0.128223	0.00686779	1.229141	3.907729
17718	-2076.414	-2227.51	151.0954	1.486903	0.754478	0.147078	0.0967187	0.00172568	1.010582	5.806447
17724	-2092.664	-2245.218	152.5536	1.225714	0.547236	0.217365	0.231273	0.00412643	0.9734206	5.153861
17730	-2086.254	-2239.213	152.9593	1.437037	0.760534	0.0270363	0.181598	0.0308316	1.305573	4.636185
17736	-2082.239	-2235.557	153.3174	1.420028	0.869644	0.0162167	0.108925	0.00521432	0.9624665	4.636185
17742	-2081.913	-2235.089	153.1761	1.395138	0.727274	0.206657	0.0613288	0.00474026	0.9856708	4.714656
17748	-2097.742	-2250.796	153.0534	0.9811868	0.470691	0.417597	0.0428299	0.0688822	1.067129	4.956265
17754	-2115.584	-2270.884	155.3002	0.8705792	0.571288	0.252573	0.100671	0.0754677	1.163372	3.694215
17760	-2101.349	-2256.535	155.1862	0.8705792	0.543969	0.288315	0.0958572	0.0718589	1.158941	3.762564
17766	-2100.131	-2255.093	154.9616	1.060049	0.662395	0.210155	0.0665714	0.0608787	1.158941	3.781859
17772	-2098.027	-2253.799	155.7716	0.9653223	0.668914	0.133589	0.175426	0.0220707	1.156353	3.367289
17778	-2099.286	-2255.068	155.7822	1.159032	0.717965	0.198523	0.0690198	0.0144919	1.438202	3.081565
17784	-2087.222	-2242.246	155.0235	1.786038	0.821082	0.0665593	0.102559	0.00979947	1.438202	3.207782
17790	-2094.217	-2249.948	155.7316	1.15175	0.797792	0.142518	0.000812159	0.058878	1.304617	3.195279
17796	-2099.247	-2254.809	155.5612	1.296096	0.685892	0.225975	0.000273032	0.0878602	1.393447	3.163432
17802	-2082.431	-2236.325	153.8943	1.365211	0.800417	0.156351	0.0237475	0.019485	1.180558	4.215529
17808	-2086.916	-2241.514	154.5979	1.589452	0.791413	0.16384	0.0124683	0.0322787	1.156023	3.715476
17814	-2101.324	-2255.056	153.7324	1.234034	0.529364	0.346778	0.0973772	0.0264814	0.9854014	4.48512
17820	-2090.587	-2245.127	154.5406	1.283056	0.602895	0.261819	0.110649	0.0246364	1.169977	3.895523
17826	-2094.926	-2249.453	154.527	1.180433	0.616302	0.267641	0.11311	0.0029466	1.094924	4.001219
17832	-2099.913	-2254.177	154.2643	1.302412	0.728545	0.181022	0.0866027	0.00383034	1.18286	4.036101
17838	-2094.392	-2249.06	154.6685	0.9535578	0.778972	0.1203	0.0986486	0.00207965	1.053419	4.071182
17844	-2084.091	-2239.729	155.638	1.069324	0.726869	0.209418	0.0623669	0.0013463	1.162117	3.381578
17850	-2091.777	-2246.276	154.4984	1.069324	0.688873	0.208099	0.102067	0.000961562	1.204642	4.016084
17856	-2088.528	-2246.134	157.6059	1.233367	0.785949	0.18851	0.0213197	0.00422076	1.605484	1.775225
17862	-2082.243	-2237.055	154.8122	1.437658	0.765423	0.193177	0.0220007	0.0193991	1.326265	3.568224
17868	-2074.85	-2230.163	155.3132	1.373255	0.78211	0.0867613	0.106326	0.0248024	1.34385	3.298115
17874	-2065.925	-2220.857	154.9312	1.252044	0.842667	0.0829028	0.0711556	0.00327469	1.227819	3.653566
17880	-2075.126	-2230.083	154.9573	1.318093	0.807033	0.128862	0.061297	0.00280789	1.196644	3.621315
17886	-2090.625	-2245.628	155.0037	0.8758554	0.707351	0.0893892	0.200798	0.00246107	1.135977	3.87763
17892	-2088.015	-2241.29	153.2748	1.379546	0.835541	0.0584373	0.100231	0.00579065	1.214369	4.538923
17898	-2082.363	-2237.1	154.7369	1.407035	0.696352	0.204352	0.0873755	0.0119203	1.345448	3.616497
17904	-2080.468	-2234.992	154.5241	1.479008	0.749697	0.112308	0.127189	0.0108053	1.365747	3.691409
17910	-2073.175	-2227.279	154.1039	1.381044	0.764285	0.166535	0.0639415	0.00523837	1.223528	4.063811
17916	-2065.979	-2222.275	156.2958	1.105556	0.725119	0.194311	0.0755998	0.00496993	1.423861	2.811893
17922	-2063.242	-2217.839	154.5976	1.102997	0.763458	0.0839584	0.137882	0.0147014	1.391883	3.833112
17928	-2072.763	-2227.467	154.7043	1.32965	0.740279	0.0683793	0.163044	0.0282978	1.305967	3.698458
17934	-2073.408	-2227.699	154.291	1.555649	0.773389	0.066179	0.147094	0.0133383	1.228765	3.866772
17940	-2068.778	-2224.156	155.3775	1.363558	0.725589	0.0824891	0.183346	0.00857607	1.314172	3.282858
17946	-2076.422	-2230.582	154.1602	1.090903	0.667425	0.248818	0.0528633	0.0308932	1.131755	4.237993
17952	-2084.864	-2238.518	153.6538	1.423829	0.696916	0.212112	0.0457615	0.0452103	1.447934	4.170639
17958	-2081.441	-2236.368	154.9261	1.24776	0.812105	0.119103	0.0276399	0.0411518	1.273097	3.632626
17964	-2082.951	-2239.502	156.5512	1.289506	0.819284	0.120156	0.0190448	0.0415156	1.359843	2.587837
17970	-2068.309	-2221.734	153.4257	1.289506	0.771513	0.107251	0.105433	0.0158038	1.248857	4.480515
17976	-2077.958	-2232.13	154.1712	1.076847	0.844056	0.0738596	0.074446	0.00763813	1.169583	4.218049
17982	-2080.623	-2235.595	154.9719	1.268932	0.820527	0.111692	0.0568047	0.0109757	1.438301	3.498475
17988	-2070.874	-2226.222	155.3479	1.268932	0.836845	0.0951873	0.0399629	0.0280051	1.30138	3.358533
17994	-2077.818	-2231.183	153.365	1.35801	0.898404	0.033613	0.0358409	0.0321424	1.151352	4.534463
18000	-2088.625	-2244.044	155.4188	1.580029	0.896409	0.0125476	0.0517336	0.0393093	1.294671	3.158456
18006	-2071.38	-2224.91	153.5309	1.439549	0.814913	0.00546834	0.160443	0.0191752	1.447619	4.232741
18012	-2076.502	-2230.792	154.2899	1.225601	0.73571	0.00427503	0.245024	0.0149907	1.240375	4.029234
18018	-2069.318	-2222.707	153.389	1.225601	0.729533	0.0759105	0.180759	0.0137968	1.217862	4.551913
18024	-2076.258	-2229.351	153.0927	1.640936	0.781675	0.081336	0.122206	0.0147829	1.126604	4.564209
18030	-2084.466	-2236.72	152.2545	1.354315	0.731763	0.139995	0.114403	0.013839	1.002023	5.238213
18036	-2086.494	-2238.218	151.7245	1.151186	0.619062	0.286617	0.0760725	0.0182486	0.9797544	5.646182
18042	-2101.644	-2254.076	152.4326	1.620306	0.862284	0.0341685	0.0288531	0.0746944	1.029679	4.996516
18048	-2100.918	-2253.569	152.6517	1.490548	0.85688	0.0555628	0.0439372	0.0436198	1.189584	4.846852
18054	-2099.431	-2252.257	152.8261	1.271716	0.704995	0.198769	0.0482924	0.0479436	0.9053564	5.016824
18060	-2092.952	-2246.822	153.8698	1.416073	0.87309	0.0294883	0.0400142	0.0574077	1.256615	4.160546
18066	-2080.672	-2233.363	152.6914	1.416073	0.72683	0.119508	0.0757008	0.0779608	1.041582	4.943483
18072	-2085.533	-2237.591	152.0579	1.837443	0.828346	0.0692599	0.0583395	0.0440544	1.074928	5.081966
18078	-2083.321	-2235.559	152.2381	1.54271	0.698813	0.202695	0.0492166	0.0492759	1.135602	5.081966
18084	-2090.802	-2243.396	152.5933	1.313442	0.787987	0.152128	0.0169343	0.0429507	1.135602	4.996945
18090	-2085.385	-2239.548	154.1631	1.271478	0.7395	0.210375	0.0122118	0.0379131	1.188184	4.106915
18096	-2082.172	-2236.889	154.7165	1.271478	0.64365	0.31609	0.0248051	0.0154551	1.285762	3.733809
18102	-2076.008	-2231.834	155.8262	0.7040682	0.546384	0.421498	0.0189992	0.0131195	1.365773	3.371613
18108	-2087.861	-2243.38	155.5189	0.9375913	0.706816	0.12748	0.151619	0.0140845	1.425734	3.374008
18114	-2086.321	-2242.192	155.8711	0.9157351	0.762109	0.110573	0.115418	0.0118996	1.216499	3.302983
18120	-2080.309	-2235.73	155.4209	1.172277	0.72462	0.105134	0.151934	0.0183122	1.179049	3.440605
18126	-2073.363	-2229.65	156.2874	1.163636	0.866822	0.0817165	0.0372284	0.0142334	1.376747	2.811651
18132	-2089.13	-2246.15	157.0199	1.163636	0.847168	0.0830168	0.0189903	0.0508253	1.519146	2.266457
18138	-2078.222	-2233.538	155.3163	1.219539	0.7649	0.160446	0.0425498	0.0321043	1.548475	3.25871
18144	-2095.851	-2252.169	156.3181	2.604482	0.834057	0.134259	0.0138704	0.0178144	1.628816	1.913118
18150	-2095.386	-2252.992	157.6057	1.18991	0.885131	0.0741222	0.0048988	0.0358481	1.518309	1.863653
18156	-2091.66	-2248.519	156.8589	1.371277	0.724528	0.213439	0.0141725	0.04786	1.518887	2.246692
18162	-2105.122	-2262.205	157.0834	0.9650701	0.717994	0.185793	0.0481162	0.0480975	1.681291	2.246692
18168	-2106.79	-2264.296	157.5068	1.094305	0.811515	0.0795682	0.0996752	0.00924106	1.48021	2.017743
18174	-2107.986	-2262.266	154.2795	1.903442	0.933112	0.016068	0.0479163	0.00290326	1.046087	3.816815
18180	-2094.063	-2248.798	154.7343	1.457505	0.792799	0.0192555	0.174898	0.0130477	1.154641	3.70277
18186	-2084.022	-2237.008	152.9861	1.43915	0.789924	0.0503518	0.156873	0.00285089	1.154641	4.704678
18192	-2080.768	-2233.915	153.1477	1.177005	0.71568	0.146256	0.134523	0.00354044	1.055814	4.803416
18198	-2088.305	-2240.823	152.5188	1.379218	0.616483	0.198893	0.179791	0.00483296	0.8925867	5.140137
18204	-2085.541	-2238.534	152.9932	1.099032	0.635978	0.279717	0.0788712	0.0054338	1.178765	4.862761
18210	-2084.629	-2238.774	154.1453	1.099032	0.769693	0.167483	0.0591364	0.00368715	0.9970339	4.318184
18216	-2083.953	-2236.74	152.7878	1.099032	0.693885	0.223385	0.0778749	0.00485549	1.010341	5.070605
18222	-2089.734	-2242.271	152.5369	1.282179	0.797373	0.0715552	0.122911	0.00816146	1.088014	5.070605
18228	-2083.923	-2237.227	153.3037	1.282179	0.82959	0.0744463	0.0874722	0.00849122	1.221852	4.568058
18234	-2086.439	-2238.246	151.8073	1.220509	0.628746	0.192887	0.0723849	0.105982	1.022546	5.541155
18240	-2101.312	-2253.175	151.863	1.969315	0.64151	0.200521	0.0607142	0.0972553	0.9837647	5.184183
18246	-2096.183	-2247.233	151.0496	1.54471	0.72695	0.166341	0.0685503	0.0381591	1.135859	5.73574
18252	-2096.199	-2250.007	153.8076	1.54471	0.639415	0.221226	0.104064	0.035295	1.01892	4.267348
18258	-2100.174	-2250.848	150.6739	1.659696	0.789808	0.0585455	0.146013	0.0056335	1.092094	5.912492
18264	-2089.869	-2242.351	152.4817	1.306232	0.677292	0.192665	0.125212	0.00483096	1.027158	5.122685
18270	-2084.983	-2237.045	152.0618	1.306232	0.689584	0.183963	0.120845	0.00560723	1.074873	5.328486
18276	-2089.823	-2242.913	153.09	1.306232	0.715782	0.141623	0.136775	0.00582026	1.17573	4.701358
18282	-2081.177	-2233.076	151.8995	1.434848	0.812745	0.0960902	0.0796532	0.0115114	1.163439	5.305525
18288	-2069.751	-2223.843	154.0916	1.194465	0.681017	0.178043	0.123144	0.0177966	1.174196	4.19642
18294	-2092.898	-2245.375	152.4762	1.383604	0.624574	0.312311	0.0331692	0.0299456	1.173871	5.005607
18300	-2090.867	-2240.893	150.026	1.383604	0.794968	0.120599	0.0752783	0.00915535	1.011455	6.43772
18306	-2084.127	-2237.395	153.2678	1.16507	0.705169	0.106976	0.179734	0.00812117	1.162887	4.682772
18312	-2079.809	-2233.809	154.0005	1.16507	0.798755	0.0182288	0.181009	0.00200752	1.024205	4.348748
18318	-2084.501	-2237.704	153.2027	1.3255	0.816965	0.0186443	0.162338	0.00205329	0.8926394	4.786748
18324	-2083.465	-2236.332	152.867	1.43979	0.845871	0.0363209	0.115682	0.00212594	1.116822	4.792045
18330	-2081.483	-2237.091	155.6082	1.270359	0.739625	0.053128	0.202523	0.00472371	1.266103	3.225096
18336	-2071.008	-2226.612	155.6048	1.224177	0.617455	0.230154	0.128942	0.0234492	1.312484	3.225096
18342	-2074.66	-2229.178	154.5184	1.375553	0.784994	0.0420679	0.158134	0.0148039	1.307084	3.781218
18348	-2060.49	-2212.781	152.2909	1.443389	0.820278	0.0308905	0.133362	0.0154693	1.142398	5.096538
18354	-2078.136	-2233.129	154.993	1.322372	0.730339	0.172631	0.0803792	0.0166508	1.392498	3.484339
18360	-2071.835	-2228.466	156.6301	1.005707	0.829676	0.038006	0.111621	0.0206968	1.566996	2.579106
18366	-2067.95	-2224.213	156.2626	1.015563	0.696305	0.196304	0.0856568	0.021734	1.437751	2.877264
18372	-2060.995	-2215.051	154.056	1.399156	0.751568	0.117576	0.092455	0.0384008	1.222789	4.082336
18378	-2070.995	-2223.239	152.2442	1.399156	0.765326	0.0815358	0.0953419	0.0577964	1.229717	5.095665
18384	-2075.577	-2231.431	155.8539	1.347054	0.76441	0.111396	0.114536	0.00965811	1.401063	2.956218
18390	-2091.972	-2247.127	155.1558	0.9871226	0.66797	0.257866	0.0716401	0.00252314	1.114322	3.737375
18396	-2090.826	-2243.71	152.884	1.436888	0.794169	0.122311	0.070524	0.0129963	1.222917	4.724662
18402	-2084.815	-2238.544	153.7289	1.131352	0.747209	0.132028	0.119222	0.00154087	0.9753923	4.547428
18408	-2074.495	-2228.994	154.4991	1.060813	0.59507	0.268912	0.128496	0.00752298	1.0803	4.091397
18414	-2081.305	-2235.878	154.5735	0.9896041	0.735242	0.203064	0.0421353	0.0195587	1.076528	4.091397
18420	-2072.316	-2224.836	152.5198	1.372357	0.647918	0.23966	0.0974234	0.0149984	1.076528	5.040991
18426	-2064.846	-2215.769	150.9225	1.703598	0.72807	0.12912	0.115547	0.027263	1.18604	5.70546
18432	-2079.561	-2235.521	155.96	1.095088	0.716536	0.0706601	0.140837	0.071967	1.496116	2.97735
18438	-2064.157	-2217.132	152.9746	1.148272	0.645246	0.173183	0.136547	0.0450233	0.9879463	4.952888
18444	-2080.893	-2234.293	153.4002	1.229831	0.568409	0.26526	0.157785	0.00854656	1.145041	4.584283
18450	-2083.084	-2237.049	153.9655	0.8251642	0.537429	0.304904	0.147713	0.00995437	0.9808947	4.584283
18456	-2079.419	-2234.033	154.6139	0.8251642	0.504285	0.351525	0.134709	0.00948067	1.134498	4.131298
18462	-2075.343	-2227.275	151.9317	0.93907	0.628125	0.262803	0.0965073	0.0125648	1.107509	5.57722
18468	-2070.715	-2224.078	153.3626	1.045632	0.665843	0.302235	0.0275588	0.00436279	1.15024	4.701658
18474	-2069.412	-2221.626	152.2143	1.246292	0.608307	0.319561	0.0678685	0.00426348	1.046017	5.290727
18480	-2069.783	-2222.095	152.3121	1.246292	0.746241	0.0923312	0.120651	0.0407769	0.9481992	5.290727
18486	-2074.427	-2223.689	149.2623	1.678675	0.729765	0.151009	0.0781134	0.0411134	0.9481992	6.748616
18492	-2081.475	-2232.12	150.6446	1.260906	0.63872	0.132169	0.158306	0.0708049	0.8972218	6.224457
18498	-2073.146	-2226.627	153.4811	1.383187	0.781304	0.0952046	0.0854953	0.0379958	1.239415	4.406842
18504	-2073.811	-2226.828	153.0167	1.973688	0.809518	0.12964	0.0362085	0.0246334	1.235293	4.397636
18510	-2076.755	-2229.643	152.8875	1.107203	0.649442	0.238423	0.026511	0.0856244	1.328554	4.83376
18516	-2083.86	-2240.052	156.1916	0.9262208	0.558498	0.222	0.127346	0.0921559	1.297886	3.058219
18522	-2087.352	-2242.106	154.7546	1.468068	0.761514	0.117788	0.0615586	0.0591386	1.237038	3.638034
18528	-2090.399	-2243.335	152.936	1.305314	0.767271	0.118679	0.0913437	0.0227067	1.527504	4.591025
18534	-2091.263	-2246.089	154.8263	1.145465	0.697193	0.114174	0.155486	0.0331465	1.269191	3.748455
18540	-2068.847	-2221.225	152.378	1.37338	0.749701	0.122773	0.0921761	0.0353501	0.9721636	5.176941
18546	-2077.402	-2231.81	154.4076	1.213145	0.836635	0.0794517	0.0610371	0.0228766	1.214877	3.983192
18552	-2079.84	-2233.321	153.4809	1.061783	0.560798	0.282285	0.101079	0.0558382	1.132851	4.636249
18558	-2083.563	-2238.773	155.2099	1.061544	0.657469	0.299982	0.0264603	0.0160886	1.211498	3.607025
18564	-2077.418	-2231.182	153.7637	1.164656	0.482309	0.432981	0.0468762	0.0378334	1.195245	4.386096
18570	-2087.407	-2240.057	152.65	1.164656	0.649968	0.240498	0.0911328	0.0184004	0.878736	5.184869
18576	-2080.416	-2233.597	153.1812	1.353283	0.749058	0.172416	0.0653342	0.0131915	1.165474	4.632131
18582	-2079.662	-2233.971	154.3095	1.631012	0.811417	0.0956391	0.0665464	0.0263979	1.260533	3.801529
18588	-2091.396	-2247.339	155.9425	1.172346	0.701833	0.0827228	0.20581	0.00963371	1.321648	3.047836
18594	-2086.448	-2243.014	156.5665	1.362488	0.828364	0.0198121	0.126649	0.0251754	1.461665	2.473541
18600	-2092.892	-2249.629	156.7369	1.362488	0.800468	0.0528209	0.122384	0.0243275	1.602111	2.276631
18606	-2095.325	-2252.641	157.3168	1.274851	0.740315	0.0375649	0.19962	0.0224994	1.774815	1.831434
18612	-2086.787	-2244.262	157.4753	1.058915	0.725319	0.16128	0.0619759	0.0514249	1.758311	1.87507
18618	-2080.152	-2237.662	157.5106	1.092902	0.739859	0.170924	0.0372009	0.0520165	1.833834	1.775839
18624	-2082.684	-2240.034	157.3498	1.034888	0.726833	0.20725	0.0365459	0.0293713	1.743546	1.985772
18630	-2085.922	-2242.856	156.9336	1.537293	0.544341	0.40967	0.0399057	0.00608317	1.635745	2.026844
18636	-2090.718	-2247.664	156.9461	1.563909	0.71129	0.25598	0.0299976	0.00273262	1.60061	2.026844
18642	-2089.441	-2241.535	152.0933	1.570132	0.713341	0.186389	0.0716929	0.0285775	1.209224	5.108531
18648	-2084.765	-2241.132	156.3675	1.474399	0.852463	0.022189	0.0794007	0.0459474	1.512921	2.504127
18654	-2081.81	-2237.815	156.0051	1.824609	0.850786	0.0135708	0.117539	0.0181045	1.480578	2.569632
18660	-2079.659	-2234.494	154.8343	1.843417	0.735712	0.0656592	0.165195	0.0334339	1.414413	3.306849
18666	-2074.259	-2229.999	155.7392	1.521385	0.712866	0.0946734	0.160065	0.0323957	1.45629	2.899623
18672	-2078.008	-2234.099	156.0907	1.222374	0.89648	0.0338394	0.0462027	0.0234774	1.372822	2.899623
18678	-2081.055	-2235.826	154.7709	1.632298	0.787148	0.116217	0.0476623	0.0489728	1.388329	3.459218
18684	-2079.616	-2234.729	155.1135	1.32102	0.790176	0.130977	0.031014	0.0478334	1.316145	3.459218
18690	-2077.223	-2231.598	154.3748	1.099143	0.651284	0.262121	0.0326065	0.0539893	1.371727	3.974614
18696	-2083.315	-2237.361	154.0462	1.515025	0.718932	0.230664	0.0359933	0.0144113	1.320086	3.974614
18702	-2086.83	-2240.835	154.0043	1.372302	0.606868	0.374527	0.00134582	0.0172596	1.28932	4.087547
18708	-2078.687	-2233.743	155.0553	1.448827	0.880012	0.0596142	0.00522908	0.0551443	1.314349	3.427609
18714	-2073.714	-2229.385	155.6707	1.096759	0.742452	0.142267	0.0754519	0.039829	1.270097	3.28304
18720	-2079.199	-2236.02	156.821	1.343657	0.729653	0.139815	0.0913903	0.0391424	1.433014	2.341695
18726	-2080.365	-2238.03	157.6655	1.5113	0.692658	0.230718	0.04935	0.027274	1.637095	1.531081
18732	-2088.282	-2243.915	155.6326	1.204878	0.765818	0.0590305	0.140202	0.0349493	1.235417	3.264895
18738	-2093.082	-2246.661	153.5797	1.730333	0.817027	0.0639247	0.0646858	0.0543626	1.194917	4.209544
18744	-2084.087	-2241.864	157.7774	1.566439	0.884404	0.00314961	0.0791169	0.0333298	1.964732	1.140652
18750	-2073.475	-2231.026	157.5509	1.718424	0.87723	0.00523221	0.0784752	0.0390624	1.839917	1.330302
18756	-2087.585	-2244.211	156.6253	1.923792	0.874105	0.00714582	0.0654007	0.0533489	1.723196	1.965758
18762	-2090.131	-2246.789	156.6575	1.781581	0.919084	0.00270739	0.0518204	0.0263882	1.802081	1.965758
18768	-2081.682	-2237.247	155.5658	1.411382	0.881923	0.030588	0.0754628	0.0120261	1.496196	3.037539
18774	-2085.645	-2240.836	155.1908	1.575603	0.708014	0.0499539	0.108628	0.133404	1.329379	3.275091
18780	-2082.764	-2237.507	154.7431	1.210332	0.679393	0.255206	0.0372638	0.0281374	1.286889	3.750705
18786	-2081.247	-2233.666	152.4189	1.14925	0.781682	0.0991065	0.109332	0.00987895	1.245911	5.117687
18792	-2082.841	-2237.487	154.6453	1.125704	0.726768	0.191653	0.0590846	0.0224942	1.221631	3.890886
18798	-2085.277	-2241.441	156.1642	1.272806	0.747241	0.151954	0.0730093	0.0277955	1.410419	2.803806
18804	-2090.451	-2246.351	155.8996	1.611905	0.723539	0.226518	0.0258848	0.0240578	1.38802	2.79729
18810	-2095.344	-2251.207	155.8632	1.057158	0.69007	0.175569	0.0839803	0.0503804	1.315221	3.165369
18816	-2089.405	-2245.415	156.0105	1.057158	0.491395	0.402618	0.0525571	0.0534305	1.318515	3.07569
18822	-2080.254	-2237.15	156.8958	1.16956	0.698309	0.166238	0.0746876	0.0607653	1.535037	2.331934
18828	-2085.135	-2241.85	156.715	1.268187	0.763633	0.118254	0.0854121	0.0327016	1.568896	2.366556
18834	-2076.318	-2232.163	155.8449	1.634819	0.773036	0.108294	0.0840576	0.0346127	1.469793	2.769172
18840	-2085.469	-2241.448	155.9792	1.420457	0.717953	0.112336	0.148296	0.0214144	1.519009	2.769172
18846	-2078.354	-2234.663	156.3094	1.131946	0.739179	0.115657	0.118548	0.026616	1.454818	2.769172
18852	-2080.344	-2235.645	155.3006	1.243471	0.713179	0.136858	0.124283	0.0256798	1.569694	3.24218
18858	-2088.207	-2243.542	155.3353	1.529462	0.713729	0.136963	0.123608	0.0256996	1.329388	3.212867
18864	-2092.999	-2247.506	154.5066	1.455078	0.819509	0.0505305	0.100452	0.0295085	1.367055	3.712817
18870	-2089.27	-2240.921	151.6513	1.455078	0.724694	0.181008	0.0888295	0.00546842	1.051853	5.494022
18876	-2088.732	-2241.29	152.5578	0.9694746	0.765316	0.176361	0.0205838	0.0377391	0.9826066	5.284298
18882	-2088.728	-2242.776	154.0475	1.696847	0.823875	0.135076	0.01438	0.0266683	1.330489	3.880784
18888	-2088.188	-2242.444	154.2559	1.882625	0.885279	0.028308	0.0601602	0.0262529	1.410915	3.629007
18894	-2084.487	-2236.338	151.8515	1.937413	0.795024	0.103219	0.0708429	0.0309147	1.140785	5.117019
18900	-2083.935	-2237.023	153.0883	1.226473	0.801688	0.0980303	0.0714367	0.0288452	1.185126	4.738298
18906	-2083.514	-2235.412	151.8982	1.388748	0.811343	0.0607143	0.0932595	0.0346828	1.031005	5.401818
18912	-2104.469	-2259.492	155.0232	0.2465956	0.368398	0.494617	0.102689	0.0342952	1.065435	4.228369
18918	-2101.797	-2255.391	153.594	0.2270485	0.196311	0.670764	0.102978	0.0299474	1.065463	5.027668
18924	-2086.787	-2240.946	154.1599	1.020385	0.72956	0.214564	0.0443836	0.0114918	1.234185	4.219451
18930	-2085.019	-2238.801	153.7819	1.027171	0.607407	0.340637	0.0389213	0.0130353	1.198031	4.449679
18936	-2085.388	-2237.273	151.8843	1.245656	0.687585	0.178678	0.119447	0.0142908	1.245979	5.362837
18942	-2088.305	-2241.967	153.662	1.268858	0.756981	0.0313791	0.210139	0.00150082	1.189124	4.391762
18948	-2092.318	-2249.338	157.0203	1.252043	0.748969	0.0421752	0.202603	0.00625319	1.519318	2.212466
18954	-2096.017	-2253.529	157.5123	1.23206	0.51116	0.231263	0.234825	0.0227521	1.840774	1.676332
18960	-2093.887	-2247.98	154.0934	0.1648032	0.10038	0.186423	0.0310353	0.682162	1.118154	4.685961
18966	-2093.505	-2247.835	154.3299	0.1756559	0.180168	0.23516	0.0254424	0.55923	0.8996606	4.685961
18972	-2083.344	-2237.637	154.293	0.1691112	0.104768	0.542103	0.0740364	0.279093	0.9262142	4.685961
18978	-2085.131	-2242.087	156.9557	0.1624058	0.381482	0.536495	0.0433214	0.0387012	1.267365	2.945811
18984	-2072.541	-2230.293	157.7515	0.1600424	0.284228	0.643422	0.0313479	0.0410017	1.631908	2.222368
18990	-2079.266	-2237.172	157.906	0.1798577	0.537437	0.395215	0.0139022	0.0534463	1.577238	2.179369
18996	-2092.839	-2249.538	156.6988	0.1798577	0.324262	0.431245	0.044423	0.200071	1.577238	2.931151
19002	-2090.813	-2245.943	155.1294	1.238839	0.613256	0.149077	0.232742	0.00492499	1.060399	3.642849
19008	-2087.534	-2240.986	153.4515	1.108768	0.717897	0.0850883	0.191249	0.00576535	1.137688	4.624267
19014	-2092.768	-2245.123	152.3545	1.107899	0.744739	0.0679034	0.176974	0.0103837	1.078462	5.267973
19020	-2079.545	-2232.341	152.7965	1.313799	0.624394	0.17421	0.19269	0.00870579	0.9533935	4.98512
19026	-2090.765	-2244.341	153.5759	1.323486	0.645114	0.0712943	0.256721	0.0268708	1.165909	4.425197
19032	-2103.935	-2260.113	156.1781	0.1500754	0.150978	0.710911	0.107038	0.0310735	1.395246	3.316244
19038	-2087.274	-2243.583	156.3091	0.2151251	0.148445	0.831053	0.0172798	0.00322219	1.352033	3.316244
19044	-2087.244	-2244.725	157.4812	0.2393235	0.00440807	0.97809	0.0162243	0.0012774	1.408468	2.580552
19050	-2091.655	-2249.758	158.1033	0.2030691	0.0859307	0.861914	0.042953	0.00920192	1.467393	2.138174
19056	-2087.876	-2246.397	158.5201	0.2026515	0.343699	0.587043	0.0656751	0.00358342	1.607923	1.762797
19062	-2083.635	-2241.558	157.9231	0.252696	0.221214	0.758242	0.0186966	0.00184733	1.537593	2.220324
19068	-2072.415	-2228.824	156.4089	0.207468	0.198677	0.770038	0.0274466	0.00383844	1.258759	3.309682
19074	-2077.304	-2231.853	154.5489	0.1690019	0.536107	0.41129	0.0377634	0.01484	1.033563	4.481991
19080	-2070.735	-2225.231	154.4958	0.1693691	0.488315	0.488606	0.00436666	0.0187129	1.057294	4.498843
19086	-2072.092	-2228.607	156.5148	0.1757215	0.266175	0.658949	0.0085019	0.0663749	1.257838	3.228149
19092	-2079.192	-2233.517	154.3249	0.1869719	0.147125	0.546473	0.0143563	0.292046	1.146858	4.558521
19098	-2091.02	-2244.24	153.2202	0.1869719	0.230665	0.568153	0.0488953	0.152286	1.016601	5.24622
19104	-2086.026	-2239.413	153.3868	0.190719	0.198893	0.580131	0.172006	0.0489711	0.9857912	5.173406
19110	-2088.165	-2239.529	151.3637	0.2181563	0.0442222	0.838278	0.0914608	0.0260394	1.013318	6.27818
19116	-2087.723	-2240.031	152.3077	0.2181563	0.0468297	0.872266	0.0562989	0.0246057	1.016297	5.76177
19122	-2083.687	-2237.893	154.2055	0.2124764	0.0771523	0.736789	0.0744666	0.111592	1.069725	4.680818
19128	-2086.746	-2239.55	152.8046	0.2697773	0.173382	0.706548	0.0389773	0.0810925	1.251448	5.362638
19134	-2073.361	-2228.924	155.5629	0.1565255	0.287526	0.635689	0.0437629	0.0330223	1.202191	3.795403
19140	-2077.2	-2233.716	156.5155	0.1818122	0.390937	0.471808	0.055558	0.0816969	1.356683	3.174162
19146	-2081.812	-2237.738	155.9265	0.172038	0.20596	0.566111	0.0666628	0.161266	1.282406	3.555502
19152	-2088.62	-2243.886	155.2664	0.1783233	0.143672	0.394904	0.0416499	0.419774	1.348838	3.903743
19158	-2089.163	-2243.695	154.5319	0.1783233	0.0849994	0.598079	0.0245003	0.292421	1.135541	4.442236
19164	-2081.805	-2236.375	154.5694	0.1815348	0.0114614	0.877488	0.0144768	0.0965737	1.102414	4.442236
19170	-2090.665	-2247.333	156.6681	0.2034605	0.0190317	0.841869	0.0346053	0.104494	1.238093	3.166998
19176	-2069.731	-2226.28	156.5494	0.2162375	0.0255419	0.909222	0.0219981	0.0432376	1.3648	3.166998
19182	-2085.31	-2242.517	157.2072	0.1838699	0.0716814	0.856482	0.0405306	0.0313057	1.312889	2.786393
19188	-2079.009	-2235.879	156.8702	0.1565268	0.086383	0.806017	0.0799326	0.0276669	1.349977	2.94025
19194	-2070.965	-2227.35	156.3851	0.152511	0.307827	0.578622	0.0573819	0.0561686	1.278437	3.266591
19200	-2087.471	-2244.993	157.5226	0.1998007	0.472394	0.483852	0.032038	0.0117165	1.274337	2.626628
19206	-2076.252	-2233.831	157.5789	0.157416	0.0604274	0.778491	0.117947	0.0431341	1.40273	2.474179
19212	-2096.79	-2255.543	158.7529	0.1881602	0.159776	0.700857	0.0876908	0.0516756	1.469187	1.686972
19218	-2096.581	-2255.097	158.5159	0.1916455	0.37016	0.553657	0.0479346	0.0282476	1.641544	1.735335
19224	-2093.281	-2249.951	156.6705	0.1544926	0.319002	0.63449	0.0168376	0.0296708	1.410664	3.020999
19230	-2083.326	-2239.662	156.3364	0.2397483	0.113818	0.80971	0.00997451	0.066498	1.252861	3.363234
19236	-2083.791	-2239.716	155.9243	0.1713975	0.161914	0.697218	0.0628379	0.0780295	1.252861	3.573325
19242	-2088.445	-2245.178	156.7336	1.377039	0.792222	0.0906207	0.10855	0.00860713	1.550967	2.303123
19248	-2093.022	-2249.757	156.7351	1.411618	0.740471	0.130094	0.120621	0.00881426	1.5187	2.303123
19254	-2084.314	-2241.32	157.0054	1.270298	0.764167	0.101098	0.124481	0.010255	1.702075	2.092153
19260	-2082.049	-2239.093	157.0441	1.270298	0.857502	0.0233082	0.11381	0.00537964	1.516187	2.188192
19266	-2082.356	-2239.186	156.8304	1.28343	0.820493	0.0191054	0.108898	0.0515035	1.559159	2.290319
19272	-2098.455	-2254.227	155.7715	0.8243882	0.42972	0.482562	0.0840978	0.00362014	1.273232	3.38368
19278	-2090.254	-2245.511	155.2568	1.095897	0.576843	0.316708	0.0974668	0.00898221	1.265456	3.528855
19284	-2083.563	-2238.03	154.4664	0.9515231	0.539307	0.34577	0.106411	0.00851171	0.9855998	4.22577
19290	-2091.667	-2244.495	152.8281	1.120611	0.708815	0.221041	0.0649484	0.00519517	1.262235	4.896581
19296	-2097.311	-2252.027	154.7157	1.319681	0.717146	0.211886	0.0657118	0.00525623	1.140181	3.792761
19302	-2085.918	-2241.943	156.0244	1.190492	0.724339	0.205976	0.0663709	0.00331347	1.248848	3.03208
19308	-2061.955	-2218.491	156.5367	1.040418	0.539536	0.322357	0.125763	0.0123436	1.44276	2.692141
19314	-2062.276	-2219.178	156.9026	1.15314	0.604066	0.322636	0.0463486	0.0269496	1.382513	2.434069
19320	-2072.533	-2229.601	157.0674	1.15314	0.656198	0.250056	0.0503486	0.043398	1.601074	2.189477
19326	-2080.641	-2238.072	157.4315	1.15314	0.462825	0.417269	0.0912061	0.0286993	1.607572	1.944946
19332	-2077.264	-2234.767	157.5022	1.09101	0.613847	0.340598	0.0294864	0.0160692	1.630337	1.922389
19338	-2078.052	-2235.158	157.1059	1.178174	0.599018	0.373015	0.0163973	0.0115695	1.59118	2.155396
19344	-2082.49	-2239.054	156.5632	1.430085	0.750451	0.157583	0.0687208	0.0232448	1.383888	2.486642
19350	-2089.243	-2240.892	151.649	1.313227	0.696475	0.176522	0.0844695	0.0425335	1.027924	5.578024
19356	-2089.582	-2244.168	154.5861	1.106723	0.60917	0.276158	0.0731363	0.0415364	1.058977	4.028383
19362	-2092.031	-2247.228	155.1973	0.8968215	0.685012	0.282056	0.0282616	0.00466979	1.362547	3.622768
19368	-2086.372	-2243.575	157.2034	1.118451	0.729244	0.231709	0.0351593	0.00388766	1.400962	2.252321
19374	-2091.745	-2248.129	156.384	0.9640631	0.582478	0.350021	0.0607801	0.00672063	1.409755	2.851939
19380	-2077.343	-2231.663	154.3194	0.9104613	0.600169	0.350795	0.0423004	0.00673549	1.354979	4.123209
19386	-2095	-2246.243	151.243	1.236588	0.737552	0.188895	0.0671429	0.00641095	1.039033	5.833227
19392	-2082.141	-2234.198	152.0564	1.311091	0.776721	0.117766	0.0982209	0.00729259	0.9201683	5.414276
19398	-2072.636	-2225.053	152.4173	1.17714	0.819475	0.136062	0.0300406	0.0144222	1.117135	5.175162
19404	-2077.71	-2231.644	153.9341	1.149689	0.658284	0.162612	0.175885	0.00321924	1.005838	4.40488
19410	-2099.356	-2253.51	154.1542	0.191428	0.599337	0.397278	0.00227727	0.00110783	0.9318166	4.777219
19416	-2095.08	-2249.669	154.5883	0.191428	0.581597	0.41419	0.00181305	0.0023999	1.255269	4.351848
19422	-2088.391	-2244.131	155.7401	0.2193095	0.197474	0.792801	0.00413464	0.00559082	1.151897	3.765361
19428	-2078.834	-2234.265	155.4311	0.2263884	0.071543	0.917846	0.00413851	0.00647264	1.275379	3.873668
19434	-2085.458	-2240.364	154.9061	0.2129487	0.113212	0.875156	0.0013891	0.0102425	1.0816	4.27992
19440	-2087.407	-2240.39	152.9827	1.235581	0.588972	0.245524	0.151341	0.0141624	1.065663	4.859185
19446	-2085.856	-2239.507	153.6506	1.580752	0.764177	0.028116	0.183422	0.024285	0.9061071	4.402603
19452	-2083.549	-2235.414	151.8654	1.644107	0.664662	0.189757	0.117482	0.0280981	1.010603	5.310205
19458	-2096.011	-2248.292	152.2815	0.999675	0.57752	0.117631	0.281362	0.0234873	1.006057	5.407016
19464	-2105.053	-2258.17	153.1163	1.562701	0.591037	0.13148	0.25123	0.0262527	1.119534	4.591689
19470	-2091.467	-2244.342	152.8753	1.562701	0.72981	0.151145	0.0962966	0.0227486	1.018874	4.782922
19476	-2097.226	-2250.376	153.1502	1.15298	0.746109	0.154521	0.0761131	0.0232567	1.112842	4.782922
19482	-2084.387	-2237.852	153.4652	1.275901	0.647242	0.191992	0.142632	0.0181336	1.095237	4.551761
19488	-2092.876	-2244.141	151.265	1.275901	0.57582	0.293858	0.115549	0.0147726	0.9365379	5.857266
19494	-2109.836	-2263.22	153.3847	1.275901	0.661827	0.252203	0.0843873	0.00158234	0.8477917	4.735475
19500	-2098.027	-2251.556	153.5287	1.55018	0.689709	0.2207	0.0879423	0.001649	1.266276	4.282577
19506	-2100.693	-2257.269	156.576	1.59562	0.60516	0.137614	0.241676	0.0155495	1.458887	2.341557
19512	-2101.303	-2256.168	154.8652	0.1736996	0.185959	0.780143	0.0188851	0.0150129	1.030868	4.30938
19518	-2103.985	-2260.385	156.4004	0.1736996	0.431348	0.461254	0.0205305	0.086868	1.285634	3.277533
19524	-2101.348	-2256.058	154.7108	0.1736996	0.700907	0.2662	0.0133202	0.0195729	1.138174	4.336006
19530	-2086.33	-2239.099	152.7695	1.702525	0.760747	0.187473	0.0260896	0.0256908	1.110938	4.725735
19536	-2092.772	-2247.171	154.399	1.088506	0.694572	0.249481	0.034719	0.0212273	1.230671	4.047288
19542	-2089.773	-2245.195	155.4219	1.088506	0.7167	0.187579	0.0670146	0.0287058	1.289311	3.42266
19548	-2087.123	-2242.116	154.9931	1.088506	0.634451	0.175231	0.164907	0.0254115	1.116397	3.772161
19554	-2086.397	-2240.512	154.1149	1.088506	0.656073	0.16534	0.171518	0.00706929	1.123007	4.26992
19560	-2090.309	-2244.715	154.4062	1.344194	0.60015	0.355328	0.039027	0.00549516	1.077556	3.993519
19566	-2094.383	-2247.847	153.4643	1.425495	0.661416	0.330175	0.00267882	0.00573009	1.235047	4.397625
19572	-2076.723	-2230.616	153.8933	1.185319	0.70817	0.211093	0.0573288	0.023408	1.12209	4.34314
19578	-2075.363	-2228.282	152.9189	1.268376	0.743885	0.179522	0.0520038	0.0245885	1.083989	4.867524
19584	-2069.465	-2222.7	153.2349	1.46425	0.794019	0.08788	0.0918554	0.0262457	1.121958	4.571232
19590	-2073.886	-2226.135	152.249	1.687332	0.814319	0.0645606	0.0942038	0.0269167	1.202882	4.971563
19596	-2069.383	-2223.241	153.858	1.713791	0.807638	0.0723549	0.105577	0.0144302	1.184124	4.065
19602	-2074.394	-2229.742	155.3476	1.159597	0.76217	0.0965904	0.134933	0.00630656	1.278105	3.432605
19608	-2078.714	-2231.28	152.5661	1.140485	0.734309	0.119363	0.13	0.0163274	1.192338	5.070425
19614	-2072.999	-2227.415	154.4159	1.466461	0.739629	0.125294	0.115345	0.0197329	1.164979	3.875741
19620	-2092.761	-2249.811	157.0504	1.450418	0.828435	0.0926738	0.0579493	0.0209417	1.585361	2.032581
19626	-2087.745	-2243.451	155.7059	1.510856	0.740351	0.173513	0.0539597	0.032176	1.559262	2.862955
19632	-2075.508	-2233.508	158.0005	1.194716	0.771272	0.18076	0.0347417	0.0132265	1.757815	1.401837
19638	-2084.542	-2241.777	157.2354	1.194716	0.72072	0.244995	0.0130922	0.0211929	1.793747	1.92497
19644	-2090.34	-2246.123	155.7826	1.416105	0.702568	0.196463	0.0884645	0.0125043	1.482664	2.912834
19650	-2089.385	-2241.936	152.551	1.084768	0.741711	0.203714	0.0367285	0.0178468	1.086036	5.167581
19656	-2093.445	-2246.383	152.9383	1.595427	0.858486	0.102979	0.010794	0.0277409	1.038984	4.721059
19662	-2092.399	-2247.259	154.8601	1.949159	0.801582	0.115193	0.0489651	0.0342596	1.565032	3.154202
19668	-2085.97	-2241.956	155.9858	1.436592	0.833523	0.0714368	0.0863657	0.00867422	1.297285	2.891175
19674	-2082.139	-2237.211	155.0716	1.429739	0.736815	0.0422721	0.170909	0.0500042	1.29105	3.441524
19680	-2081.439	-2235.347	153.9078	1.251877	0.78051	0.0388304	0.167468	0.0131908	1.236188	4.235034
19686	-2074.526	-2230.321	155.7951	1.230084	0.714555	0.247887	0.0276912	0.00986751	1.319247	3.104779
19692	-2080.468	-2234.691	154.2225	1.193678	0.750147	0.210423	0.0290705	0.010359	1.234359	4.08819
19698	-2078.678	-2231.598	152.9196	1.187204	0.603821	0.335852	0.0463988	0.0139277	1.114637	4.892364
19704	-2075.54	-2228.69	153.1501	1.499708	0.741103	0.210421	0.0372844	0.0111918	1.134753	4.594413
19710	-2073.725	-2227.778	154.0536	0.9109742	0.658718	0.301766	0.0346559	0.00485997	1.273494	4.319908
19716	-2093.867	-2247.449	153.5818	1.007333	0.762435	0.180824	0.0538289	0.00291219	1.052166	4.655138
19722	-2073.858	-2226.812	152.9549	1.614806	0.84278	0.104363	0.049704	0.00315313	1.123929	4.655138
19728	-2092.478	-2245.425	152.9468	1.501255	0.866667	0.107321	0.0227695	0.0032425	1.228397	4.655138
19734	-2083.172	-2236.56	153.3887	1.263904	0.802338	0.142777	0.0383993	0.0164848	0.998486	4.655138
19740	-2083.716	-2238.487	154.7711	1.019067	0.740297	0.111731	0.133982	0.0139897	1.212619	3.883825
19746	-2083.155	-2236.438	153.2828	1.302156	0.760269	0.114745	0.112155	0.0128309	1.09783	4.639066
19752	-2081.492	-2234.446	152.9548	1.47522	0.733662	0.123477	0.120689	0.0221716	0.9791118	4.802621
19758	-2075.188	-2227.002	151.8148	1.329316	0.820727	0.093191	0.0612791	0.0248027	1.034525	5.475222
19764	-2073.706	-2227.865	154.1585	1.214429	0.740942	0.0332379	0.203429	0.0223916	1.198377	4.13401
19770	-2078.762	-2234.641	155.8788	1.464708	0.794526	0.100897	0.0469261	0.0576507	1.555853	2.78424
19776	-2078.532	-2233.385	154.8534	0.984237	0.727751	0.0924173	0.170687	0.00914486	1.295653	3.808798
19782	-2084.399	-2238.716	154.317	1.144634	0.76059	0.0514638	0.178389	0.00955751	1.263327	4.04443
19788	-2092.477	-2246.536	154.0595	1.314429	0.790716	0.0556355	0.143316	0.0103322	1.153425	4.163235
19794	-2090.336	-2244.283	153.9466	1.012045	0.678209	0.122647	0.182353	0.0167905	1.066319	4.4396
19800	-2091.408	-2243.976	152.568	1.20621	0.679641	0.122906	0.180627	0.0168259	1.172223	5.045868
19806	-2085.01	-2239.511	154.5018	1.054941	0.708999	0.256146	0.0197998	0.0150545	1.21656	4.015441
19812	-2086.97	-2238.422	151.4518	1.211873	0.55774	0.275233	0.155383	0.011645	1.271506	5.604091
19818	-2084.011	-2235.73	151.7197	1.043762	0.595916	0.312848	0.0850294	0.00620658	1.165663	5.604091
19824	-2093.446	-2245.255	151.8085	1.179369	0.802016	0.10932	0.0845485	0.00411558	0.9358863	5.609399
19830	-2091.478	-2242.654	151.1761	0.885098	0.481185	0.415575	0.0795169	0.0237227	0.8921345	6.138282
19836	-2076.497	-2228.779	152.2816	0.885098	0.633497	0.230585	0.104687	0.0312317	0.9031583	5.527591
19842	-2073.068	-2227.138	154.0698	1.039601	0.622108	0.22644	0.11563	0.0358221	1.243901	4.254193
19848	-2074.231	-2229.002	154.7712	1.293081	0.730672	0.128354	0.113291	0.0276827	1.258652	3.70643
19854	-2083.692	-2239.537	155.8452	1.300942	0.650376	0.243431	0.0782544	0.0279382	1.470795	2.944719
19860	-2076.716	-2233.068	156.3525	0.9153824	0.700144	0.267832	0.0181546	0.0138694	1.296538	2.9692
19866	-2096.2	-2252.715	156.5158	0.9923093	0.70597	0.231663	0.0483818	0.0139848	1.506388	2.695317
19872	-2076.678	-2232.864	156.1864	1.028767	0.487997	0.412075	0.08606	0.0138679	1.395749	2.940733
19878	-2079.79	-2236.622	156.8324	1.244087	0.691229	0.170499	0.119083	0.0191892	1.571837	2.304173
19884	-2089.064	-2245.4	156.3356	1.173183	0.797792	0.138626	0.0193075	0.0442737	1.594081	2.643493
19890	-2082.864	-2238.9	156.036	1.109632	0.579264	0.198977	0.178159	0.0435997	1.509229	2.915175
19896	-2087.354	-2243.254	155.9003	1.35089	0.728593	0.0740458	0.154321	0.0430396	1.419361	2.915175
19902	-2085.343	-2242.366	157.0234	1.255736	0.78969	0.0781899	0.0854712	0.0466488	1.498522	2.221709
19908	-2085.11	-2240.465	155.3558	1.552703	0.805147	0.123547	0.0662354	0.00507009	1.270824	3.223679
19914	-2077.927	-2233.31	155.3825	1.639737	0.705088	0.216579	0.073893	0.00444001	1.192376	3.211094
19920	-2080.163	-2233.069	152.9065	1.628395	0.741472	0.227755	0.0132706	0.0175023	1.02303	4.732357
19926	-2087.988	-2241.127	153.1394	1.250097	0.707419	0.217295	0.0585875	0.0166985	1.050138	4.772864
19932	-2084.037	-2238.812	154.7755	0.9538233	0.554796	0.330522	0.108171	0.00651101	1.06424	4.003761
19938	-2088.329	-2243.194	154.8649	0.9349214	0.455548	0.433257	0.0938304	0.017365	0.9940197	4.003761
19944	-2077.448	-2231.25	153.8014	1.086133	0.74421	0.190162	0.0553787	0.0102488	1.04108	4.494428
19950	-2089.23	-2243.054	153.8239	1.198242	0.478617	0.341902	0.109377	0.0701039	1.16025	4.353869
19956	-2082.458	-2235.642	153.1833	1.198242	0.713196	0.0688032	0.186124	0.0318769	1.04317	4.779352
19962	-2076.892	-2230.668	153.7759	0.9168864	0.652749	0.218021	0.0890818	0.0401478	1.145192	4.545305
19968	-2078.673	-2232.511	153.8383	1.377313	0.772635	0.150124	0.0337033	0.0435374	1.138705	4.264874
19974	-2067.48	-2221.579	154.0985	1.164952	0.745504	0.138454	0.0938534	0.0221887	1.318593	4.126369
19980	-2076.095	-2227.635	151.5397	1.088678	0.609642	0.312458	0.059187	0.0187127	1.108756	5.70986
19986	-2072.955	-2225.865	152.91	0.9132335	0.643918	0.293382	0.0532184	0.00948154	1.141899	5.032713
19992	-2091.778	-2245.599	153.8212	1.460157	0.823891	0.159321	0.0108444	0.00594347	1.107487	4.250785
19998	-2079.793	-2232.39	152.5967	1.317633	0.724481	0.195419	0.0695827	0.0105175	1.256276	4.925828
20004	-2084.076	-2236.632	152.5565	1.667919	0.836532	0.113909	0.0405595	0.00899917	0.9562877	4.946563
20010	-2094.921	-2247.241	152.3203	1.023165	0.542097	0.349017	0.0745413	0.0343449	0.9823554	5.385805
20016	-2101.605	-2255.782	154.1779	0.9595308	0.533369	0.359497	0.0733412	0.033792	1.270188	4.223409
20022	-2092.09	-2245.728	153.6381	1.307364	0.735356	0.205752	0.0507509	0.00814064	1.005827	4.488558
20028	-2081.234	-2235.048	153.8135	1.059935	0.725444	0.111645	0.14754	0.0153715	1.065068	4.488558
20034	-2078.051	-2232.923	154.8721	0.8613621	0.500788	0.354155	0.0821716	0.0628855	1.094435	3.985408
20040	-2094.321	-2245.828	151.5073	0.8613621	0.72199	0.199027	0.0367812	0.042201	0.8064204	6.01788
20046	-2077.487	-2230.605	153.1184	0.9291328	0.660813	0.232421	0.084542	0.0222236	0.9547747	5.011881
20052	-2103.419	-2255.38	151.961	1.182296	0.705985	0.139617	0.150781	0.00361795	0.895254	5.546427
20058	-2096.818	-2248.749	151.9311	1.136721	0.71182	0.140771	0.143761	0.00364786	0.8876218	5.590942
20064	-2077.854	-2229.715	151.8606	1.136721	0.730344	0.118411	0.147502	0.00374278	0.9581422	5.590942
20070	-2082.198	-2234.703	152.5048	1.224793	0.694538	0.0918515	0.209101	0.00450924	0.9458469	5.196612
20076	-2081.088	-2234.703	153.6152	1.07052	0.724907	0.174433	0.0966158	0.00404353	0.884837	4.695085
20082	-2078.663	-2232.226	153.5631	1.091244	0.59355	0.303252	0.0977162	0.00548161	0.9167289	4.695085
20088	-2066.031	-2219.329	153.2979	1.276635	0.672287	0.280993	0.0416357	0.00508418	1.120165	4.631257
20094	-2067.488	-2218.936	151.4476	1.276635	0.697328	0.248584	0.0495902	0.00449779	0.9631887	5.742415
20100	-2077.408	-2229.031	151.6234	1.298685	0.61576	0.178301	0.194813	0.0111264	0.8158128	5.715751
20106	-2077.18	-2230.241	153.0609	1.230616	0.70601	0.136422	0.149055	0.00851306	0.9222756	4.898067
20112	-2075.507	-2229.418	153.9109	1.190498	0.778932	0.170659	0.0395274	0.0108814	1.211716	4.279734
20118	-2078.775	-2231.58	152.8045	1.490796	0.709399	0.249668	0.0274113	0.0135218	1.130557	4.794471
20124	-2079.26	-2232.96	153.6992	1.161066	0.700035	0.218824	0.0793123	0.00182826	1.059064	4.501089
20130	-2087.573	-2242.732	155.1589	1.248387	0.843627	0.0479705	0.10732	0.00108247	1.179605	3.551352
20136	-2085.098	-2238.159	153.0614	1.461459	0.70336	0.224548	0.0712926	0.000799595	1.009542	4.732786
20142	-2096.246	-2249.333	153.0867	1.178947	0.694202	0.274904	0.0298142	0.00108001	0.9968607	4.86925
20148	-2086.036	-2240.346	154.31	1.462419	0.792785	0.202881	0.00386556	0.000468635	1.244886	3.892687
20154	-2081.459	-2235.835	154.3751	1.3974	0.580754	0.413018	0.00347487	0.00275237	1.23697	3.892687
20160	-2083.669	-2235.007	151.3378	1.249313	0.765563	0.228188	0.00389088	0.002358	0.9601459	5.818036
20166	-2088.198	-2239.477	151.2786	2.378306	0.883975	0.108933	0.00441524	0.00267579	0.9479839	5.364215
20172	-2071.103	-2225.17	154.067	1.234973	0.764898	0.129736	0.0804317	0.0249345	1.283476	4.126679
20178	-2080.349	-2233.657	153.3076	1.135951	0.846116	0.0305692	0.0903837	0.0329307	1.033421	4.748505
20184	-2082.026	-2235.918	153.8917	1.124963	0.798624	0.0157481	0.175872	0.00975638	1.286162	4.28391
20190	-2085.183	-2238.792	153.6089	1.174223	0.658381	0.0680771	0.264429	0.00911346	1.219777	4.454393
20196	-2086.617	-2239.941	153.3237	1.147726	0.673393	0.0427615	0.270459	0.0133866	0.9701243	4.768571
20202	-2095.328	-2246.628	151.3	1.325358	0.784311	0.0949944	0.102342	0.0183524	1.087906	5.730492
20208	-2088.291	-2241.155	152.8635	1.20713	0.614911	0.256912	0.113789	0.0143886	1.209011	4.860568
20214	-2083.161	-2235.865	152.7035	1.331007	0.761412	0.103439	0.0690377	0.0661117	0.9927884	5.006226
20220	-2085.326	-2237.648	152.3222	1.559737	0.761412	0.103439	0.0690377	0.0661117	1.173477	5.006226
20226	-2086.788	-2240.554	153.7655	1.559737	0.781154	0.0810702	0.0708278	0.0669475	1.16273	4.202431
20232	-2077.719	-2232.071	154.3522	1.045439	0.741467	0.0769514	0.118035	0.0635462	1.047031	4.202431
20238	-2091.122	-2242.732	151.6099	2.377024	0.803654	0.0834053	0.0854549	0.0274854	1.267667	5.004414
20244	-2091.173	-2244.746	153.5732	1.363394	0.650278	0.153282	0.166392	0.030049	1.254382	4.356445
20250	-2086.198	-2241.965	155.7671	1.008178	0.587129	0.256667	0.150233	0.00597037	1.205885	3.315489
20256	-2087.296	-2240.651	153.3554	1.137326	0.580347	0.35998	0.049828	0.009845	1.285403	4.57987
20262	-2082.731	-2236.122	153.3907	1.18343	0.667876	0.307668	0.0181659	0.00629035	1.237883	4.562054
20268	-2085.463	-2240.622	155.1592	0.8879821	0.378749	0.505377	0.111159	0.004715	1.293162	3.690311
20274	-2090.003	-2244.562	154.5587	0.7711089	0.379901	0.506913	0.111497	0.0016899	1.288553	4.107262
20280	-2087.733	-2241.764	154.0305	1.358818	0.570836	0.319243	0.107995	0.00192657	1.240604	4.107262
20286	-2085.64	-2238.323	152.6828	1.39604	0.641623	0.333278	0.0239183	0.00118033	0.9000755	5.036731
20292	-2089.285	-2243.641	154.3561	1.031945	0.594633	0.291694	0.10754	0.00613308	0.9132987	4.283548
20298	-2090.875	-2244.782	153.9068	1.280231	0.535224	0.239004	0.18185	0.0439216	1.125324	4.283548
20304	-2083.138	-2236.272	153.1341	0.9427054	0.523604	0.243329	0.219725	0.0133422	0.9517138	4.997195
20310	-2081.26	-2234.734	153.4749	1.027914	0.67104	0.199569	0.118406	0.0109845	1.218679	4.61024
20316	-2079.728	-2233.986	154.2578	1.21899	0.804654	0.107104	0.08075	0.00749114	1.241011	4.050692
20322	-2076.077	-2230.57	154.4931	1.057782	0.726397	0.0598266	0.16616	0.047617	1.254333	3.997206
20328	-2087.53	-2242.633	155.1029	1.175335	0.714065	0.0759891	0.163182	0.0467636	1.294607	3.556953
20334	-2080.986	-2234.68	153.6934	1.253617	0.710498	0.153259	0.128299	0.00794429	1.161174	4.397778
20340	-2086.212	-2239.139	152.9277	1.249253	0.674603	0.189153	0.121817	0.0144272	1.170452	4.82428
20346	-2081.127	-2233.861	152.734	1.447464	0.686828	0.19258	0.118945	0.00164638	0.9766717	4.940527
20352	-2074.786	-2227.618	152.8324	1.41141	0.8625	0.0483119	0.0839585	0.00522991	1.159576	4.801438
20358	-2067.968	-2222.309	154.341	1.41141	0.821444	0.0785972	0.0968566	0.00310207	1.294571	3.872069
20364	-2065.545	-2218.626	153.0808	1.0485	0.686411	0.165059	0.132503	0.0160263	1.244145	4.805085
20370	-2079.606	-2232.402	152.7966	1.314189	0.763941	0.10959	0.0951517	0.0313169	1.060627	4.925232
20376	-2074.561	-2226.634	152.0733	1.265872	0.729148	0.243588	0.0160551	0.011209	1.160157	5.295514
20382	-2072.769	-2227.391	154.6225	1.106292	0.78913	0.190872	0.0105013	0.00949733	1.32465	3.855623
20388	-2084.192	-2237.487	153.2949	1.222095	0.77032	0.186322	0.00225826	0.0410998	1.321216	4.54855
20394	-2087.736	-2242.648	154.9124	1.403045	0.685413	0.298356	0.00150458	0.0147272	1.244193	3.575427
20400	-2085.773	-2241.567	155.7938	1.237389	0.653389	0.328229	0.00181204	0.0165697	1.248346	3.143695
20406	-2079.729	-2235.261	155.5327	0.8440784	0.664767	0.284655	0.00262564	0.0479531	1.275675	3.509929
20412	-2081.277	-2235.299	154.0212	1.215714	0.463543	0.515935	0.0101741	0.0103477	1.273439	4.168669
20418	-2080.009	-2232.211	152.2014	1.229172	0.760454	0.223269	0.00607431	0.0102022	0.8752893	5.400842
20424	-2083.041	-2235.587	152.5459	1.323241	0.666945	0.299778	0.00842651	0.0248511	1.194462	4.985615
20430	-2087.618	-2241.717	154.0993	1.586482	0.828456	0.119996	0.00356966	0.0479783	1.099648	4.035528
20436	-2090.999	-2244.897	153.898	1.494435	0.779447	0.17017	0.00274341	0.04764	1.224476	4.123821
20442	-2114.627	-2268.689	154.0624	1.418151	0.730841	0.137071	0.0985977	0.03349	1.035735	4.175529
20448	-2110.153	-2263.657	153.5038	1.630258	0.817059	0.0815882	0.0662288	0.0351243	1.118683	4.342063
20454	-2097.411	-2248.896	151.4855	1.745779	0.752205	0.157008	0.00251433	0.0882724	1.066023	5.443367
20460	-2079.159	-2232.01	152.8511	1.501204	0.727597	0.186116	0.000902141	0.0853846	1.242617	4.700768
20466	-2078.784	-2232.774	153.9896	1.501204	0.802232	0.19343	0.000428858	0.00390897	1.128851	4.12282
20472	-2085.77	-2239.982	154.2116	1.296649	0.911137	0.0667769	0.0024337	0.0196525	1.088582	4.12282
20478	-2088.028	-2242.478	154.4499	1.519939	0.834048	0.127786	0.0201769	0.0179898	1.165717	3.829198
20484	-2080.362	-2236.469	156.1067	1.107538	0.53442	0.351334	0.108815	0.0054307	1.487604	2.886756
20490	-2082.484	-2236.537	154.0531	1.242338	0.576831	0.337336	0.084096	0.00173716	1.344775	4.095809
20496	-2079.927	-2234.019	154.0917	1.182855	0.55595	0.316347	0.119466	0.00823745	1.362073	4.095809
20502	-2080.528	-2234.305	153.777	0.9239581	0.692175	0.186276	0.101812	0.0197372	1.096906	4.567729
20508	-2072.855	-2227.498	154.6429	1.15111	0.596477	0.287549	0.113793	0.0021805	1.185755	3.898848
20514	-2091.57	-2247.026	155.456	1.15111	0.69929	0.174128	0.0836208	0.0429614	1.462861	3.265061
20520	-2095.615	-2250.631	155.0156	1.124658	0.565045	0.309013	0.00111673	0.124826	1.18591	3.698812
20526	-2092.805	-2247.11	154.3057	1.043892	0.415352	0.576251	0.000820886	0.00757637	1.144184	4.174548
20532	-2090.758	-2244.942	154.184	1.474802	0.70046	0.287834	0.000721895	0.0109834	1.103537	4.039439
20538	-2084.808	-2239.098	154.2894	1.524655	0.825407	0.170326	0.000605644	0.00366094	1.257642	3.866287
20544	-2077.94	-2230.774	152.8333	1.604811	0.789794	0.19727	0.00123265	0.0117031	1.246374	4.659332
20550	-2084.552	-2237.647	153.0949	1.604811	0.672321	0.304655	0.0111293	0.0118946	1.099599	4.594972
20556	-2080.565	-2234.006	153.4418	1.10438	0.512982	0.453361	0.0165617	0.0170947	1.046285	4.683339
20562	-2080.296	-2233.532	153.2358	0.9529168	0.564866	0.403202	0.0147293	0.0172023	1.24602	4.770843
20568	-2082.369	-2238.061	155.692	1.482861	0.738569	0.233655	0.0114657	0.0163097	1.495484	2.924527
20574	-2073.476	-2228.238	154.762	1.363798	0.778208	0.192525	0.0120811	0.0171851	1.249841	3.679682
20580	-2095.345	-2247.573	152.2287	1.423899	0.696326	0.204594	0.0809883	0.0180918	0.9760238	5.23256
20586	-2089.323	-2243.454	154.1314	1.103706	0.756808	0.0329842	0.200698	0.00950923	1.08078	4.276141
20592	-2101.254	-2255.036	153.7818	1.153453	0.662205	0.212237	0.103549	0.0220095	1.172384	4.394845
20598	-2094.179	-2247.549	153.3703	1.130191	0.618626	0.31942	0.041393	0.0205611	0.8933628	4.794797
20604	-2091.19	-2244.06	152.8706	1.108188	0.52328	0.340632	0.116387	0.0197012	1.11425	4.962011
20610	-2085.126	-2237.53	152.4046	1.346264	0.804413	0.0905414	0.088404	0.0166418	1.021713	5.148299
20616	-2084.288	-2237.951	153.6626	1.526312	0.805348	0.0901085	0.0879813	0.0165622	1.014751	4.360622
20622	-2091.41	-2244.696	153.2867	1.243645	0.857258	0.0681029	0.0688509	0.00578796	1.086053	4.67377
20628	-2093.531	-2248.044	154.5133	1.001555	0.875628	0.0660346	0.0546434	0.00369374	1.232274	4.030137
20634	-2082.849	-2236.181	153.3324	1.256558	0.692717	0.104891	0.168187	0.0342048	1.333331	4.502615
20640	-2097.961	-2249.447	151.4853	1.22927	0.741137	0.177121	0.0609878	0.0207537	1.226801	5.601326
20646	-2096.87	-2247.004	150.1346	1.590545	0.790621	0.140016	0.0650598	0.00430352	0.9816452	6.297692
20652	-2093.749	-2247.59	153.841	0.9534761	0.571736	0.314479	0.110674	0.00311208	1.069788	4.530154
20658	-2083.321	-2236.748	153.4263	1.214485	0.771578	0.168204	0.0591956	0.00102236	1.22971	4.530154
20664	-2080.54	-2234.476	153.9364	1.056168	0.704318	0.0967562	0.197565	0.00136053	1.101083	4.40108
20670	-2084.667	-2238.224	153.5577	1.115961	0.561809	0.119967	0.305423	0.0128007	1.057242	4.605932
20676	-2068.696	-2220.892	152.1956	1.527896	0.820812	0.0498881	0.12568	0.00362022	1.270893	5.037482
20682	-2074.831	-2227.449	152.6181	1.20782	0.774707	0.0913015	0.130574	0.00341687	1.237486	4.98095
20688	-2079.532	-2232.726	153.1943	0.890469	0.487943	0.401911	0.106684	0.00346248	0.9741067	4.98095
20694	-2074.248	-2228.761	154.5122	1.185962	0.672144	0.289266	0.0377709	0.000819047	1.153064	3.973397
20700	-2079.806	-2233.668	153.8616	1.248202	0.709299	0.12312	0.1505	0.0170812	1.40427	4.167769
20706	-2082.79	-2231.608	148.818	1.509321	0.600486	0.247574	0.117593	0.0343474	1.017833	7.027262
20712	-2069.174	-2221.043	151.8688	1.30727	0.77342	0.224914	0.00147517	0.000190927	1.135765	5.400773
20718	-2077.827	-2231.295	153.4675	1.406229	0.788786	0.203333	0.00691239	0.000968186	1.127144	4.466199
20724	-2084.326	-2234.662	150.3358	1.172421	0.694009	0.291215	0.0141615	0.000614851	0.9686783	6.398431
20730	-2080.627	-2231.318	150.6906	0.8820783	0.398051	0.578969	0.0218236	0.00115649	0.832862	6.435876
20736	-2079.365	-2229.991	150.6256	0.912713	0.452239	0.381372	0.163861	0.00252821	0.8663852	6.435876
20742	-2091.204	-2242.816	151.6122	0.9761096	0.550636	0.380242	0.0676154	0.0015067	0.8640354	5.865143
20748	-2088.172	-2239.576	151.4041	1.066434	0.63917	0.309419	0.0502902	0.00112064	0.9407056	5.88794
20754	-2095.21	-2246.433	151.2226	1.333341	0.676349	0.214769	0.107696	0.00118583	1.032096	5.79946
20760	-2089.273	-2242.255	152.9823	1.166707	0.68645	0.242176	0.0618766	0.00949746	0.9350284	4.968234
20766	-2081.959	-2233.042	151.0832	1.041554	0.683972	0.241302	0.0616532	0.0130735	0.8815253	6.108606
20772	-2089.461	-2242.466	153.005	1.628451	0.699561	0.264514	0.0214815	0.0144438	1.244788	4.552893
20778	-2085.059	-2240.512	155.4528	1.222762	0.608866	0.265027	0.101277	0.0248306	1.490715	3.21034
20784	-2096.503	-2251.41	154.9063	1.123782	0.536158	0.367873	0.0891826	0.00678655	1.27477	3.711103
20790	-2094.949	-2250.324	155.3753	1.058679	0.739155	0.189659	0.068188	0.00299827	1.308525	3.455826
20796	-2093.696	-2249.042	155.3461	1.08105	0.625626	0.307467	0.065183	0.0017241	1.267435	3.484064
20802	-2088.416	-2243.583	155.1677	1.235832	0.638382	0.235561	0.124095	0.00196205	1.09192	3.604022
20808	-2084.416	-2239.536	155.12	0.9408245	0.712354	0.113623	0.173593	0.000430037	1.258333	3.70186
20814	-2083.407	-2238.267	154.8597	0.8099871	0.576017	0.389831	0.033044	0.00110826	1.150145	3.991234
20820	-2084.983	-2238.524	153.541	1.421843	0.788554	0.187489	0.0237355	0.000221639	1.053305	4.458633
20826	-2074.51	-2228.988	154.4787	1.148825	0.562156	0.375018	0.0582147	0.00461176	1.169994	4.003138
20832	-2087.924	-2242.973	155.0488	0.9032431	0.688779	0.253513	0.0529613	0.00474732	1.231714	3.780471
20838	-2084.026	-2238.867	154.8408	1.053238	0.600333	0.32842	0.0627323	0.00851487	1.28885	3.780471
20844	-2080.107	-2234.188	154.0814	0.9381404	0.823949	0.094016	0.0700814	0.0119532	1.047928	4.415915
20850	-2067.61	-2221.267	153.6565	1.198581	0.735373	0.125729	0.105648	0.0332503	1.40596	4.309469
20856	-2068.855	-2222.577	153.7224	1.283635	0.749222	0.105619	0.130413	0.0147456	1.173638	4.358739
20862	-2085.824	-2238.658	152.8346	1.412695	0.753563	0.0276245	0.196411	0.0224018	1.168658	4.794505
20868	-2093.418	-2248.528	155.1093	1.784991	0.784645	0.0781934	0.112225	0.0249366	1.23484	3.27777
20874	-2089.482	-2245.484	156.0026	1.360332	0.885713	0.0390931	0.047045	0.0281486	1.297516	2.921781
20880	-2102.72	-2259.34	156.6198	1.369814	0.772245	0.134142	0.0780779	0.0155355	1.526867	2.394804
20886	-2086.984	-2242.382	155.3978	1.235332	0.834264	0.0356253	0.0832815	0.0468294	1.394367	3.292818
20892	-2079.823	-2233.587	153.7636	1.176878	0.632828	0.187507	0.095259	0.0844061	1.263526	4.341064
20898	-2097.024	-2250.781	153.7577	1.375272	0.631033	0.258422	0.0373335	0.0732115	1.150398	4.304885
20904	-2082.162	-2236.139	153.9764	1.166386	0.624712	0.204581	0.111958	0.0587494	1.124606	4.304885
20910	-2082.094	-2233.463	151.3693	1.301872	0.658066	0.215504	0.0867315	0.0396984	1.047442	5.726435
20916	-2080.223	-2234.237	154.0144	1.290997	0.71258	0.135243	0.125122	0.0270553	1.170395	4.191372
20922	-2103.941	-2259.626	155.6846	1.290997	0.749144	0.123116	0.109716	0.0180238	1.245567	3.180706
20928	-2096.099	-2249.383	153.2839	1.204477	0.657062	0.17154	0.152869	0.0185286	1.263729	4.596327
20934	-2095.524	-2248.842	153.3177	1.382574	0.656963	0.102525	0.231649	0.00886246	1.119535	4.566574
20940	-2086.163	-2240.031	153.8682	0.9703234	0.610844	0.123615	0.254856	0.0106855	1.194867	4.434917
20946	-2078.083	-2230.654	152.5706	1.108621	0.788966	0.00631127	0.196848	0.00787481	1.089608	5.141914
20952	-2075.356	-2227.828	152.4717	1.158207	0.737846	0.0448311	0.211096	0.00622719	1.082828	5.173978
20958	-2084.451	-2235.692	151.241	0.9385691	0.672559	0.172575	0.137829	0.0170373	0.8972502	6.070315
20964	-2083.341	-2234.945	151.6041	1.214647	0.589276	0.116956	0.243071	0.0506973	0.8987604	5.723597
20970	-2087.734	-2241.781	154.0467	1.263827	0.767146	0.10545	0.065815	0.0615889	1.369376	4.074052
20976	-2085.249	-2238.927	153.6782	1.384682	0.681205	0.154859	0.0869598	0.0769767	1.323176	4.247325
20982	-2081.851	-2237.712	155.8616	1.091711	0.612495	0.160173	0.137032	0.0903	1.368886	3.114248
20988	-2086.159	-2240.694	154.5356	1.37967	0.699623	0.0834886	0.16982	0.0470681	1.213748	3.822952
20994	-2084.954	-2239.173	154.2192	1.57944	0.73381	0.0426026	0.192289	0.031299	1.255975	3.88084
21000	-2076.533	-2231.882	155.349	1.172946	0.75501	0.0322713	0.197844	0.0148749	1.407199	3.348558
21006	-2084.184	-2240.698	156.514	0.9562654	0.759475	0.0265487	0.199014	0.0149629	1.262308	2.867287
21012	-2085.391	-2242.657	157.2658	1.21419	0.595819	0.165225	0.230184	0.00877222	1.541414	2.060892
21018	-2074.75	-2232.232	157.4813	1.234324	0.762254	0.140775	0.0912248	0.00574644	1.62666	1.846041
21024	-2077.539	-2234.698	157.1584	1.503225	0.623202	0.253593	0.115905	0.00730106	1.708298	1.846041
21030	-2080.832	-2238.147	157.3149	1.278643	0.62649	0.221254	0.086297	0.0659591	1.621156	1.934972
21036	-2074.423	-2232.012	157.5885	1.106027	0.663429	0.208779	0.108107	0.0196854	1.645519	1.843304
21042	-2082.255	-2239.411	157.1565	1.608951	0.751759	0.172934	0.014489	0.0608178	1.875111	1.668076
21048	-2076.821	-2234.541	157.7203	1.615293	0.849982	0.120739	0.00563326	0.0236456	1.568884	1.475148
21054	-2091.652	-2248.161	156.5096	1.914711	0.853365	0.0794658	0.0396401	0.0275295	1.411809	2.250403
21060	-2089.233	-2246.143	156.9093	1.546861	0.80478	0.0565056	0.0913763	0.0473379	1.486638	2.135598
21066	-2097.443	-2254.491	157.0473	1.925234	0.854253	0.0890904	0.0373221	0.0193349	1.643067	1.730605
21072	-2090.955	-2247.555	156.6003	2.736278	0.919143	0.0517747	0.0147692	0.0143134	1.599537	1.679194
21078	-2087.265	-2243.284	156.0185	2.105991	0.869629	0.0489856	0.0411702	0.0402155	1.553886	2.381582
21084	-2098.548	-2254.971	156.4231	1.768198	0.914801	0.0640423	0.0188666	0.00228965	1.40743	2.381582
21090	-2084.349	-2240.929	156.5799	1.518565	0.872441	0.0566192	0.0634376	0.00750178	1.457284	2.381582
21096	-2080.852	-2237.505	156.6527	1.518565	0.825847	0.121287	0.0457645	0.00710113	1.506499	2.304004
21102	-2083.605	-2239.005	155.4003	1.295924	0.871994	0.0809114	0.0395966	0.00749793	1.452779	3.223742
21108	-2074.778	-2229.205	154.4268	1.383259	0.833242	0.090882	0.0343638	0.0415118	1.280943	3.845001
21114	-2085.52	-2239.017	153.4975	1.611601	0.813569	0.136264	0.0397181	0.0104486	1.152564	4.3353
21120	-2097.571	-2250.185	152.614	1.520577	0.759211	0.078056	0.151215	0.0115177	1.324967	4.777934
21126	-2089.151	-2244.493	155.3419	1.243796	0.731206	0.169023	0.0963697	0.00340115	1.351712	3.346169
21132	-2086.882	-2243.328	156.4455	0.8886774	0.710206	0.148946	0.138743	0.00210541	1.591745	2.750531
21138	-2084.687	-2241.011	156.3239	1.096838	0.75955	0.159294	0.0686424	0.0125134	1.504873	2.750531
21144	-2086.695	-2244.535	157.8395	1.1193	0.796253	0.0673634	0.122437	0.0139468	1.771023	1.567641
21150	-2087.73	-2245.665	157.9353	1.053689	0.709222	0.201697	0.0766584	0.0124224	1.621166	1.653291
21156	-2081.491	-2239.351	157.8594	1.026775	0.685673	0.195	0.074113	0.0452142	1.727633	1.650431
21162	-2088.468	-2246.334	157.8659	1.064537	0.731814	0.157591	0.0586204	0.0519742	1.749966	1.602712
21168	-2082.872	-2240.806	157.9344	1.064537	0.640249	0.213664	0.145305	0.000781985	1.84556	1.481311
21174	-2088.598	-2246.239	157.6417	1.058771	0.682447	0.227746	0.0889945	0.000812224	1.838824	1.703776
21180	-2083.666	-2240.696	157.0299	1.103902	0.707773	0.188522	0.101785	0.00192012	1.748129	2.149096
21186	-2088.031	-2244.527	156.4955	0.919462	0.670174	0.118527	0.209515	0.00178363	1.617367	2.684852
21192	-2070.41	-2225.009	154.5991	0.919462	0.576774	0.22305	0.189881	0.0102956	1.302253	3.988526
21198	-2083.156	-2236.344	153.1884	1.37537	0.631019	0.140657	0.223567	0.00475785	1.239453	4.575418
21204	-2076.57	-2228.179	151.6093	1.491753	0.796055	0.0762802	0.121244	0.00642142	1.16922	5.435022
21210	-2075.355	-2228.647	153.2918	1.499154	0.685896	0.138404	0.161838	0.0138628	1.101037	4.534044
21216	-2090.365	-2245.784	155.4187	0.9238536	0.599232	0.211421	0.141389	0.0479573	1.219795	3.561046
21222	-2092.412	-2247.044	154.6326	0.9090988	0.531513	0.3007	0.140804	0.0269828	1.201694	4.032869
21228	-2085.426	-2239.68	154.2533	1.149383	0.591916	0.365544	0.0129619	0.0295783	1.128274	4.155037
21234	-2081.893	-2233.934	152.0407	1.039132	0.669297	0.296229	0.0105041	0.0239696	1.06094	5.487755
21240	-2088.512	-2238.453	149.9415	1.927281	0.859012	0.0031386	0.0932429	0.044607	0.9724712	6.260916
21246	-2095.357	-2246.067	150.7092	2.005541	0.8375	0.00306	0.11595	0.0434899	0.8432214	5.880742
21252	-2086.815	-2241.21	154.3951	1.606794	0.908967	0.00534583	0.0577128	0.0279742	1.18176	3.809202
21258	-2081.58	-2234.31	152.73	1.606794	0.825635	0.00485574	0.137879	0.0316301	1.056662	4.822194
21264	-2085.055	-2237.842	152.787	1.606794	0.690947	0.0513346	0.195274	0.0624442	1.134564	4.74686
21270	-2081.166	-2234.064	152.8977	1.606794	0.772694	0.0730492	0.0653984	0.0888581	1.023902	4.74686
21276	-2075.502	-2227.697	152.1955	1.45053	0.785597	0.074269	0.123292	0.0168416	0.9058763	5.27674
21282	-2083.378	-2236.631	153.253	1.59159	0.691487	0.137856	0.130808	0.0398493	1.018874	4.557794
21288	-2088.91	-2241.681	152.7711	1.112648	0.694459	0.191209	0.0713927	0.0429391	0.9627053	5.098951
21294	-2082.978	-2235.006	152.0278	2.173089	0.8514	0.0773183	0.0271738	0.0441076	0.9997187	5.000607
21300	-2085.189	-2237.75	152.5611	1.649512	0.813229	0.11031	0.0407903	0.0356707	1.002557	4.926656
21306	-2083.758	-2237.294	153.5369	1.334596	0.702671	0.200028	0.0402131	0.0570878	0.9869126	4.542161
21312	-2086.496	-2240.448	153.9523	1.39177	0.783758	0.0645587	0.121718	0.0299648	1.097818	4.216101
21318	-2098.473	-2251.588	153.1148	1.059432	0.582952	0.262368	0.124123	0.0305568	1.251295	4.776074
21324	-2095.047	-2248.165	153.1177	1.23272	0.738302	0.135657	0.124096	0.00194486	1.082267	4.776074
21330	-2089.592	-2242.679	153.0874	1.189346	0.695081	0.202211	0.0954251	0.00728239	1.153378	4.776074
21336	-2091.263	-2243.03	151.767	1.189346	0.572083	0.145855	0.223517	0.0585451	1.050928	5.563817
21342	-2078.508	-2232.657	154.1497	1.282571	0.933267	0.0116709	0.0528154	0.00224682	1.276579	4.058379
21348	-2072.137	-2227.601	155.4648	1.22407	0.868208	0.0252354	0.104174	0.00238285	1.414928	3.247361
21354	-2075.832	-2231.212	155.3802	1.421361	0.862982	0.0250835	0.100887	0.0110473	1.320085	3.247361
21360	-2080.774	-2236.161	155.3874	1.452555	0.929861	0.0196976	0.0350834	0.0153582	1.285497	3.247361
21366	-2087.576	-2242.427	154.8507	1.452555	0.906921	0.0349156	0.0342179	0.0239451	1.074853	3.684107
21372	-2089.261	-2243.907	154.6463	1.641193	0.845807	0.0994928	0.0323691	0.0223315	1.200098	3.637009
21378	-2095.692	-2248.333	152.6402	1.567387	0.795885	0.133289	0.0587498	0.0120762	1.043623	4.897989
21384	-2080.548	-2235.334	154.7865	1.263501	0.728925	0.0839508	0.1713	0.0158244	1.334576	3.66939
21390	-2095.227	-2248.863	153.6359	1.199502	0.697636	0.199551	0.0804012	0.0224113	1.228353	4.420863
21396	-2100.629	-2256.74	156.1104	1.221009	0.69398	0.198506	0.0799797	0.0275352	1.327026	2.916131
21402	-2085.298	-2241.833	156.5356	1.315164	0.663787	0.214447	0.0976353	0.0241305	1.455247	2.523611
21408	-2091.22	-2248.234	157.0145	1.095229	0.582441	0.289237	0.0856703	0.0426507	1.394103	2.39145
21414	-2091.322	-2245.339	154.0176	1.968243	0.767398	0.0851083	0.057073	0.0904204	1.117802	3.89767
21420	-2088.889	-2243.329	154.4406	1.537403	0.817203	0.0531412	0.0900243	0.0396319	1.148199	3.836053
21426	-2086.244	-2241.457	155.2136	1.438215	0.813458	0.0566196	0.0515693	0.078353	1.257884	3.373397
21432	-2076.436	-2231.165	154.7289	1.255934	0.798268	0.161321	0.0360623	0.0043489	1.374816	3.683526
21438	-2078.498	-2233.693	155.195	1.255934	0.870166	0.105011	0.022657	0.00216635	1.301486	3.455116
21444	-2079.48	-2233.113	153.6322	0.8676681	0.714753	0.175202	0.0984326	0.0116126	1.288579	4.573915
21450	-2094.298	-2250.958	156.6597	0.8561038	0.471763	0.42243	0.0758914	0.0299154	1.699859	2.572835
21456	-2090.683	-2247.499	156.8156	1.074757	0.739451	0.0582767	0.155382	0.0468901	1.434986	2.503283
21462	-2079.323	-2234.804	155.481	1.52533	0.800853	0.125099	0.0677105	0.00633702	1.454974	3.053564
21468	-2073.843	-2230.192	156.3486	1.336053	0.781412	0.155486	0.042352	0.0207501	1.310117	2.717176
21474	-2073.601	-2227.803	154.202	1.321252	0.735689	0.146939	0.0787761	0.0385959	1.248875	4.024139
21480	-2070.292	-2225.018	154.7263	0.9909216	0.68826	0.137466	0.11951	0.0547641	1.074597	4.004614
21486	-2083.646	-2239.252	155.6056	0.995409	0.767059	0.124324	0.102295	0.00632243	1.214161	3.412978
21492	-2087.301	-2240.741	153.4398	1.272513	0.741569	0.171247	0.0851873	0.00199722	1.209557	4.503491
21498	-2088.16	-2243.757	155.5972	0.9023331	0.6891	0.230447	0.07916	0.00129302	1.159207	3.505188
21504	-2077.141	-2231.555	154.4139	0.9800672	0.638991	0.312681	0.0417795	0.00654846	1.088564	4.1808
21510	-2078.941	-2233.342	154.4014	0.9800672	0.681006	0.129792	0.185105	0.00409616	1.022097	4.22562
21516	-2078.194	-2229.336	151.1424	1.065411	0.603492	0.159557	0.227555	0.00939671	0.99031	6.004243
21522	-2075.255	-2228.341	153.0859	1.015747	0.629745	0.166464	0.200943	0.00284841	0.8218158	5.05526
21528	-2074.736	-2227.279	152.5426	1.076242	0.713405	0.166627	0.116711	0.003257	0.9295546	5.263398
21534	-2080.43	-2232.369	151.938	1.110084	0.639736	0.116154	0.239294	0.00481693	1.066436	5.503009
21540	-2087.478	-2240.807	153.3289	1.211315	0.747925	0.0756624	0.170597	0.00581619	0.905265	4.768176
21546	-2079.153	-2232.176	153.0238	1.178655	0.707282	0.0883219	0.197657	0.00673877	1.241217	4.768176
21552	-2068.57	-2223.172	154.6024	1.240269	0.842942	0.0241012	0.131499	0.00145777	1.41294	3.743007
21558	-2066.57	-2220.26	153.6893	1.251314	0.647211	0.136335	0.212426	0.00402853	1.339975	4.300284
21564	-2079.296	-2230.791	151.4949	1.189733	0.625813	0.222543	0.0968708	0.0547728	1.012284	5.734049
21570	-2081.321	-2232.127	150.8064	1.189733	0.59765	0.34163	0.00336676	0.0573528	0.7175119	6.270397
21576	-2099.806	-2252.92	153.1144	1.230391	0.605615	0.33739	0.000355028	0.0566409	0.8218293	4.924301
21582	-2088.598	-2242.198	153.6009	0.9852541	0.525244	0.433162	0.000251516	0.0413425	0.9848029	4.694507
21588	-2091.383	-2245.275	153.8912	0.8286687	0.415721	0.501811	0.00252267	0.0799455	1.106154	4.553628
21594	-2089.064	-2242.468	153.4035	1.296093	0.535825	0.397618	0.00185631	0.064701	1.31284	4.453599
21600	-2088.184	-2243.419	155.2359	1.161827	0.56203	0.413485	0.00145993	0.0230253	1.192912	3.546251
21606	-2087.347	-2240.729	153.3815	1.830383	0.587674	0.372474	0.0212829	0.0185694	1.409691	4.154853
21612	-2084.863	-2237.804	152.9408	1.658052	0.850976	0.0347317	0.087403	0.0268893	1.201766	4.599319
21618	-2082.166	-2235.173	153.0068	1.002796	0.765282	0.0562133	0.140783	0.0377221	0.917225	5.053395
21624	-2088.166	-2239.988	151.8222	1.002796	0.547807	0.271577	0.147457	0.0331596	1.090592	5.611365
21630	-2075.443	-2228.937	153.4933	0.9902188	0.720827	0.0837139	0.151826	0.0436328	0.938174	4.777934
21636	-2074.55	-2227.194	152.6448	0.9581777	0.637903	0.221034	0.111571	0.0294914	0.9514025	5.25976
21642	-2077.317	-2231.558	154.241	0.8580278	0.681537	0.208282	0.0994939	0.0106864	0.9351236	4.435887
21648	-2071.148	-2226.962	155.8148	1.247313	0.73086	0.152679	0.105562	0.0108997	1.231349	3.135798
21654	-2073.513	-2228.953	155.44	1.393231	0.789528	0.103027	0.0830523	0.024392	1.254589	3.265445
21660	-2066.843	-2222.29	155.4473	1.232099	0.675462	0.185263	0.112764	0.0265102	1.341099	3.296792
21666	-2070.147	-2224.372	154.2249	1.223145	0.761494	0.100369	0.102957	0.03518	1.347923	4.006232
21672	-2089.343	-2244.122	154.7786	1.307246	0.745921	0.0296768	0.189942	0.0344606	1.192502	3.732878
21678	-2083.166	-2238.474	155.3085	1.146531	0.704593	0.19297	0.0870069	0.0154298	1.357281	3.416422
21684	-2080.175	-2235.87	155.695	1.146531	0.623832	0.260382	0.0949664	0.02082	1.416518	3.153503
21690	-2082.061	-2237.961	155.9001	0.9361036	0.664515	0.210658	0.108261	0.016566	1.348823	3.195409
21696	-2074.967	-2229.791	154.8241	1.288494	0.751204	0.124268	0.122384	0.00214462	1.657205	3.446399
21702	-2073.754	-2228.721	154.9665	1.054669	0.854664	0.0448931	0.0980025	0.00243999	1.413143	3.635157
21708	-2065.102	-2219.868	154.7654	1.068247	0.704401	0.228759	0.065216	0.0016237	1.292046	3.813551
21714	-2070.568	-2224.121	153.5534	1.068247	0.583904	0.328131	0.0867069	0.00125772	0.990126	4.672037
21720	-2073.003	-2228.632	155.6286	0.9221386	0.420751	0.503727	0.0730091	0.00251359	1.101847	3.508475
21726	-2076.528	-2232.047	155.5188	0.816268	0.533589	0.349826	0.0931858	0.023399	1.168356	3.597365
21732	-2084.069	-2239.443	155.3735	1.085409	0.594029	0.107034	0.272887	0.0260494	1.306911	3.44246
21738	-2077.581	-2232.662	155.0804	1.165626	0.709545	0.0732226	0.204945	0.0122872	1.285242	3.580911
21744	-2084.261	-2239.588	155.327	0.9254553	0.754417	0.0778533	0.146663	0.0210666	1.275676	3.580911
21750	-2086.976	-2241.606	154.6298	0.9957792	0.714768	0.0904227	0.170341	0.0244678	1.159436	4.008466
21756	-2095.721	-2249.813	154.0918	1.228704	0.792497	0.0891931	0.0911811	0.0271286	1.110607	4.214159
21762	-2094.296	-2247.372	153.0767	1.119745	0.66194	0.235775	0.0837097	0.0185748	1.055727	4.873616
21768	-2088.258	-2239.77	151.5117	1.135345	0.674483	0.228037	0.076155	0.0213245	0.9934864	5.763592
21774	-2093.296	-2247.679	154.3831	1.063125	0.647494	0.270764	0.0504736	0.0312687	1.117401	4.135011
21780	-2085.936	-2241.765	155.8284	1.255712	0.560873	0.308267	0.0952604	0.0355997	1.377129	3.036026
21786	-2082.784	-2237.978	155.1944	0.9737616	0.533286	0.378274	0.0447561	0.0436844	1.289262	3.621571
21792	-2080.79	-2236.35	155.5599	1.25152	0.808501	0.155824	0.0208798	0.0147955	1.261187	3.26684
21798	-2091.178	-2246.639	155.4614	1.123321	0.631994	0.301761	0.0552364	0.0110093	1.29017	3.379206
21804	-2110.728	-2266.621	155.8929	1.641553	0.697248	0.204045	0.0113927	0.0873137	1.517686	2.707093
21810	-2093.568	-2250.26	156.6915	1.037141	0.550418	0.383778	0.057562	0.00824215	1.443426	2.598297
21816	-2089.4	-2243.869	154.4694	1.037141	0.58696	0.354738	0.0420799	0.0162223	1.170861	4.069988
21822	-2091.854	-2247.171	155.3164	1.030856	0.64141	0.220751	0.090054	0.0477856	1.2317	3.550964
21828	-2095.205	-2247.017	151.8119	1.41711	0.574738	0.302896	0.0548908	0.0674753	1.127792	5.382149
21834	-2067.428	-2221.85	154.4219	1.128193	0.732523	0.13853	0.112291	0.0166558	1.201692	4.028777
21840	-2085.223	-2238.426	153.2027	1.535211	0.741066	0.11057	0.129408	0.0189567	1.152002	4.53805
21846	-2082.832	-2236.09	153.2576	1.140889	0.80775	0.0953539	0.0211022	0.0757933	1.12912	4.720324
21852	-2078.832	-2231.851	153.0191	1.373803	0.571666	0.319721	0.0125483	0.0960645	1.15158	4.720324
21858	-2076.918	-2230.076	153.1582	1.005219	0.658287	0.186864	0.116892	0.0379568	1.043992	4.897409
21864	-2078.638	-2232.662	154.0236	1.057059	0.733045	0.107165	0.140892	0.0188982	0.9976767	4.409728
21870	-2077.906	-2232.443	154.5369	1.055638	0.709794	0.169062	0.113849	0.00729446	1.249247	3.976283
21876	-2079.393	-2233.745	154.3524	0.9676478	0.757073	0.208937	0.0245136	0.00947593	1.277166	4.115634
21882	-2072.726	-2226.482	153.7558	1.047892	0.484918	0.500454	0.00926123	0.00536723	1.265345	4.414935
21888	-2079.882	-2233.704	153.8224	1.422273	0.7704	0.087476	0.139735	0.00238851	1.16466	4.236521
21894	-2074.922	-2226.685	151.7634	1.583584	0.65847	0.194854	0.119434	0.0272427	1.217511	5.280213
21900	-2095.692	-2249.115	153.4226	1.190996	0.522008	0.224363	0.201651	0.0519785	0.8808487	4.740178
21906	-2096.491	-2247.235	150.7439	1.273096	0.706161	0.0191559	0.272789	0.00189374	0.9542094	6.133296
21912	-2078.316	-2233.693	155.377	1.508861	0.819065	0.00454314	0.17594	0.000451439	1.136254	3.312706
21918	-2091.179	-2245.204	154.0245	1.914876	0.875787	0.0031189	0.120784	0.000309917	1.143027	3.902547
21924	-2099.399	-2252.896	153.4972	1.358406	0.68546	0.14744	0.167008	9.2072e-05	1.047335	4.518454
21930	-2089.711	-2243.963	154.2523	1.291732	0.673178	0.319937	0.00661273	0.000273021	1.131479	4.077821
21936	-2086.906	-2241.987	155.0806	1.119666	0.685793	0.309985	0.00405459	0.000167403	1.237417	3.634136
21942	-2088.399	-2242.359	153.9603	1.47046	0.833103	0.0698452	0.0970036	4.84551e-05	1.231227	4.096334
21948	-2088.666	-2242.536	153.8704	1.662327	0.694295	0.120267	0.185339	9.91329e-05	1.158763	4.096334
21954	-2075.957	-2230.457	154.4999	1.14968	0.772995	0.107443	0.119143	0.000418791	1.122247	4.017796
21960	-2072.627	-2227.121	154.4939	1.14968	0.621518	0.165252	0.212746	0.000484129	1.128268	4.017796
21966	-2077.601	-2230.985	153.3843	1.421674	0.890336	0.0242211	0.0594946	0.0259485	1.089911	4.52628
21972	-2085.29	-2240.257	154.9679	1.221617	0.65054	0.316296	0.0261231	0.00704166	1.063807	3.743586
21978	-2083.502	-2239.597	156.0945	1.139747	0.76349	0.212033	0.0191508	0.00532577	1.50032	2.867616
21984	-2080.735	-2237.952	157.2169	1.39413	0.769766	0.201548	0.0182038	0.0104817	1.636478	1.920158
21990	-2079.019	-2235.686	156.6672	0.9312116	0.611276	0.306099	0.0760938	0.00653135	1.624314	2.567164
21996	-2079.112	-2235.644	156.5324	1.28182	0.67766	0.238205	0.0719551	0.0121805	1.539932	2.491825
22002	-2080.006	-2235.487	155.4815	1.096579	0.628335	0.29004	0.0553912	0.0262339	1.379035	3.33044
22008	-2085.941	-2240.099	154.1572	0.8847695	0.494382	0.466685	0.0333642	0.00556893	1.329151	4.245
22014	-2084.614	-2237.814	153.2002	0.90129	0.425029	0.509605	0.0585371	0.00682945	1.122394	4.888987
22020	-2094.683	-2248.032	153.3491	1.515392	0.825363	0.0614608	0.0930856	0.0200908	1.191764	4.442856
22026	-2090.129	-2245.336	155.2078	1.265946	0.70566	0.198284	0.0911552	0.00490048	1.383917	3.393939
22032	-2093.713	-2247.475	153.7622	1.54977	0.613341	0.324869	0.0508013	0.0109882	1.171849	4.203951
22038	-2098.373	-2250.347	151.9738	1.306934	0.69344	0.283856	0.00758688	0.0151172	0.8630402	5.493331
22044	-2098.929	-2252.913	153.9838	0.8666251	0.59291	0.354853	0.0394697	0.0127676	1.074057	4.497479
22050	-2092.104	-2246.183	154.0798	1.431138	0.59455	0.353068	0.0395789	0.0128029	1.007879	4.17501
22056	-2082.959	-2238.189	155.2301	1.287613	0.750687	0.183175	0.0499729	0.0161651	1.261518	3.440838
22062	-2088.904	-2243.705	154.8007	1.442485	0.778502	0.0538951	0.152674	0.0149287	1.181269	3.656591
22068	-2083.67	-2236.88	153.2102	1.534132	0.889372	0.0501443	0.04206	0.0184234	1.044509	4.594751
22074	-2082.166	-2235.183	153.0171	1.409446	0.800684	0.112624	0.0450208	0.0416711	1.144789	4.707505
22080	-2076.251	-2227.93	151.6786	1.343612	0.662293	0.222163	0.0577065	0.0578375	1.003138	5.560273
22086	-2078.987	-2232.045	153.058	1.056623	0.635884	0.179964	0.157375	0.0267775	1.184433	4.846615
22092	-2081.916	-2236.919	155.0034	0.9339452	0.719553	0.183868	0.082018	0.0145611	1.124246	3.850366
22098	-2085.099	-2238.986	153.8879	1.293477	0.780405	0.105629	0.0957652	0.0182012	1.120942	4.289841
22104	-2085.308	-2237.797	152.4889	1.07097	0.635434	0.228729	0.134258	0.00157803	0.9355986	5.292548
22110	-2085.464	-2240.629	155.165	1.355406	0.832004	0.0857365	0.079757	0.00250225	1.228496	3.462179
22116	-2090.3	-2245.119	154.8191	1.773114	0.811885	0.0557204	0.129953	0.00244174	1.376871	3.370532
22122	-2094.969	-2245.432	150.4629	1.85493	0.782074	0.06056	0.155014	0.00235208	1.106755	5.934283
22128	-2067.437	-2219.222	151.7851	1.077014	0.584113	0.345607	0.0656409	0.00463844	1.043181	5.617471
22134	-2075.095	-2228.629	153.5333	0.9662493	0.623605	0.164687	0.196945	0.0147627	1.070654	4.695
22140	-2078.272	-2232.558	154.2862	1.35486	0.861518	0.0602477	0.0525748	0.0256596	1.095915	4.046056
22146	-2067.055	-2222.272	155.217	0.9562636	0.856698	0.109916	0.0216759	0.0117108	1.222152	3.657601
22152	-2066.531	-2222.015	155.4835	1.416404	0.882927	0.0222366	0.0829684	0.0118678	1.38665	3.149284
22158	-2080.103	-2234.626	154.5228	1.416404	0.898244	0.0361682	0.0348329	0.0307547	1.328508	3.745356
22164	-2082.428	-2237.889	155.4609	1.416404	0.821706	0.126879	0.0378764	0.0135389	1.242747	3.247932
22170	-2072.663	-2230.005	157.3419	0.8725454	0.455813	0.441245	0.0798289	0.0231131	1.608808	2.187634
22176	-2073.063	-2229.953	156.8902	0.9877613	0.627052	0.317267	0.0116825	0.0439986	1.519537	2.457668
22182	-2073.574	-2230.81	157.2357	1.463194	0.750173	0.221011	0.00984485	0.0189709	1.746579	1.790279
22188	-2077.981	-2235.483	157.5019	1.242252	0.537492	0.447679	0.00506636	0.00976281	1.760145	1.734005
22194	-2084.274	-2241.667	157.393	1.380141	0.758258	0.228521	0.00714729	0.00607319	1.771313	1.714215
22200	-2102.954	-2260.399	157.4452	1.540979	0.664612	0.25909	0.0640934	0.012204	1.869552	1.503069
22206	-2094.856	-2252.409	157.5528	1.381084	0.812183	0.137794	0.0340874	0.0159356	1.556532	1.752218
22212	-2079.857	-2237.13	157.2726	1.160057	0.690394	0.265544	0.0305163	0.013546	1.696632	1.987369
22218	-2071.195	-2228.346	157.1514	1.1299	0.80169	0.085261	0.103149	0.00989927	1.646667	2.119587
22224	-2078.552	-2235.495	156.9435	1.292805	0.890018	0.0119885	0.0789932	0.0190003	1.701408	2.119587
22230	-2074.504	-2232.075	157.5712	1.271498	0.787179	0.0590042	0.146981	0.00683618	1.729328	1.687601
22236	-2078.211	-2235.68	157.4689	1.440058	0.770058	0.0794707	0.143784	0.00668749	1.90364	1.525095
22242	-2081.588	-2239.769	158.1809	0.8770339	0.753391	0.0869445	0.140672	0.0189929	1.92404	1.3766
22248	-2087.86	-2245.85	157.9899	1.147441	0.595885	0.313883	0.0770067	0.013226	1.845651	1.3766
22254	-2084.302	-2241.434	157.1316	1.353913	0.774483	0.178874	0.0317259	0.0149167	1.656911	1.987921
22260	-2081.124	-2238.855	157.7312	1.074035	0.756803	0.110144	0.0890421	0.0440109	1.646518	1.765479
22266	-2085.234	-2242.745	157.511	1.206318	0.719126	0.10466	0.134394	0.0418198	1.861009	1.680031
22272	-2088.395	-2245.687	157.2923	1.290767	0.765942	0.111474	0.0780412	0.0445423	1.664447	1.913427
22278	-2086.493	-2243.911	157.4177	1.073296	0.627343	0.0913024	0.244873	0.0364823	1.769987	1.896701
22284	-2080.063	-2236.628	156.5649	1.370291	0.812195	0.118206	0.0270489	0.0425506	1.805275	2.252152
22290	-2080.736	-2233.362	152.6266	1.180974	0.802017	0.115696	0.0514859	0.0308009	1.443173	4.875855
22296	-2075.489	-2230.199	154.7097	1.170381	0.654024	0.278873	0.0419855	0.0251173	1.186641	3.849416
22302	-2087.4	-2242.25	154.85	1.100996	0.624323	0.34779	0.00562125	0.0222665	1.113075	3.849416
22308	-2085.294	-2239.722	154.4281	0.9296721	0.690485	0.293767	0.0029465	0.0128011	1.023371	4.238681
22314	-2088.599	-2241.576	152.9767	1.184657	0.722612	0.16436	0.0762112	0.0368167	1.216503	4.80508
22320	-2080.693	-2233.837	153.143	1.223572	0.730935	0.200488	0.0552608	0.0133163	1.266474	4.663668
22326	-2087.406	-2240.684	153.2779	1.290543	0.707019	0.232904	0.0534527	0.00662364	1.069482	4.663668
22332	-2096.591	-2250.768	154.1766	1.264872	0.861604	0.124321	0.000426509	0.0136483	1.075423	4.166851
22338	-2085.664	-2238.905	153.2413	1.410443	0.690803	0.305177	0.000453774	0.00356579	1.168553	4.568002
22344	-2092.558	-2244.946	152.3877	1.296427	0.479836	0.507439	0.0102479	0.00247682	1.058595	5.162332
22350	-2085.587	-2240.695	155.1084	0.98595	0.676959	0.137163	0.181265	0.00461341	1.331634	3.639786
22356	-2085.816	-2241.09	155.2745	0.9815865	0.605114	0.234153	0.120588	0.0401444	1.377155	3.519311
22362	-2083.944	-2237.637	153.6926	1.551132	0.704756	0.264631	0.0203459	0.0102672	1.072209	4.299181
22368	-2082.407	-2236.992	154.5848	1.252487	0.757126	0.0834956	0.147931	0.0114477	1.130131	3.909262
22374	-2091.005	-2244.699	153.6942	1.392101	0.667307	0.198342	0.117017	0.0173333	1.311726	4.240982
22380	-2091.845	-2245.71	153.8654	0.8109273	0.541281	0.335268	0.107524	0.0159271	1.098366	4.582879
22386	-2097.445	-2254.066	156.6213	1.03125	0.606778	0.253011	0.120534	0.0196768	1.346422	2.70491
22392	-2087.644	-2242.058	154.4143	1.296622	0.604904	0.264276	0.125901	0.00491908	1.19201	3.948122
22398	-2091.203	-2246.88	155.6777	1.326803	0.707901	0.176565	0.111329	0.00420527	1.284083	3.142524
22404	-2085.459	-2240.871	155.4115	1.11386	0.759329	0.131541	0.0224493	0.0866809	1.342308	3.383251
22410	-2078.32	-2233.102	154.7829	1.803296	0.777625	0.210083	0.00791501	0.00437703	1.36744	3.383251
22416	-2080.971	-2236.826	155.8548	1.113084	0.798671	0.174651	0.024888	0.00178971	1.447401	3.059071
22422	-2083.602	-2237.453	153.8513	1.676888	0.79381	0.191864	0.0134093	0.000917533	1.247578	4.049802
22428	-2071.819	-2225.923	154.1044	1.676888	0.79381	0.191864	0.0134093	0.000917533	1.274878	3.889369
22434	-2077.847	-2231.868	154.0208	1.235828	0.789934	0.168283	0.0407632	0.00101907	1.036639	4.292506
22440	-2102.183	-2255.13	152.9472	1.420295	0.621388	0.30734	0.0176079	0.0536637	0.9876788	4.828916
22446	-2086.049	-2240.164	154.1153	0.9613737	0.537255	0.429914	0.00341087	0.0294204	1.052197	4.381088
22452	-2083.024	-2236.555	153.5319	0.9613737	0.467517	0.499577	0.00653668	0.0263697	1.266553	4.588764
22458	-2080.925	-2236.464	155.5391	1.073943	0.54161	0.428775	0.00719077	0.0224244	1.510434	3.231962
22464	-2089.834	-2245.009	155.1755	1.078102	0.701103	0.250416	0.0155723	0.0329089	1.115455	3.673193
22470	-2084.017	-2237.249	153.232	1.173476	0.641985	0.303824	0.00475047	0.0494401	1.076963	4.746393
22476	-2081.973	-2234.263	152.29	1.173476	0.747713	0.230926	0.011521	0.0098404	1.091646	5.261553
22482	-2079.321	-2232.607	153.286	1.196387	0.710073	0.241179	0.0366868	0.0120615	1.147151	4.664746
22488	-2075.617	-2226.877	151.2598	1.196387	0.575287	0.320063	0.0906924	0.0139577	0.8900233	5.926085
22494	-2081.617	-2234.87	153.253	1.433326	0.802275	0.138483	0.0296326	0.0296097	1.073668	4.603363
22500	-2092.251	-2244.548	152.2964	1.562817	0.698839	0.21159	0.0781692	0.0114025	1.036225	5.09529
22506	-2090.04	-2239.885	149.8452	1.291002	0.661533	0.238281	0.0873451	0.0128409	0.9681813	6.604423
22512	-2094.953	-2249.217	154.2637	1.18872	0.677435	0.276929	0.00778804	0.0378479	1.150264	4.115304
22518	-2077.493	-2229.494	152.0012	1.499133	0.800112	0.130617	0.0142604	0.0550108	1.156421	5.222301
22524	-2076.476	-2231.854	155.3784	1.155573	0.777652	0.0501947	0.140607	0.0315465	1.129231	3.503817
22530	-2071.488	-2225.024	153.5365	1.029846	0.722512	0.0573769	0.180411	0.0396997	0.9570767	4.721163
22536	-2076.373	-2230.321	153.9481	1.131852	0.737982	0.041114	0.182884	0.0380206	1.057845	4.377342
22542	-2076.525	-2230.491	153.9664	1.455175	0.766693	0.0365247	0.163006	0.0337765	0.9614564	4.253689
22548	-2071.329	-2225.543	154.2135	1.115758	0.741197	0.0685644	0.157585	0.0326533	1.095622	4.214558
22554	-2082.217	-2238.714	156.4972	1.014937	0.719489	0.0665563	0.15297	0.0609846	1.328269	2.801689
22560	-2098.54	-2255.397	156.857	1.050826	0.713835	0.15436	0.112963	0.0188416	1.514056	2.442551
22566	-2103.572	-2261.005	157.4329	0.975715	0.652991	0.22978	0.103335	0.0138933	1.643769	2.036137
22572	-2099.677	-2256.712	157.0354	1.047904	0.641128	0.225606	0.101458	0.0318078	1.634177	2.254709
22578	-2091.847	-2248.999	157.1511	1.010407	0.569774	0.262764	0.1391	0.0283618	1.555709	2.254709
22584	-2086.563	-2243.529	156.9657	0.8846179	0.743381	0.122303	0.104217	0.0301	1.581583	2.437137
22590	-2089.055	-2246.151	157.0963	1.368996	0.827266	0.0823236	0.0701498	0.0202607	1.629135	2.020926
22596	-2081.707	-2238.367	156.6595	1.350565	0.73285	0.0754654	0.136269	0.0554156	1.653142	2.300376
22602	-2085.117	-2242.685	157.5679	1.168797	0.705885	0.116989	0.166534	0.0105924	1.625086	1.830041
22608	-2095.007	-2252.362	157.3548	1.295416	0.616784	0.17664	0.195039	0.0115373	1.625086	1.894863
22614	-2099.808	-2257.32	157.5123	1.195542	0.637465	0.24455	0.0965842	0.0214001	1.597199	1.86992
22620	-2095.155	-2251.508	156.3528	1.413802	0.766704	0.112076	0.116166	0.00505434	1.678996	2.442539
22626	-2078.563	-2235.102	156.5393	1.465214	0.733025	0.125002	0.125815	0.0161583	1.447409	2.442539
22632	-2083.51	-2239.562	156.0515	1.74718	0.812988	0.0683606	0.107931	0.0107206	1.560305	2.529491
22638	-2078.283	-2231.893	153.6098	1.42393	0.835843	0.0702824	0.0828526	0.011022	1.275154	4.293533
22644	-2078.096	-2229.242	151.1458	1.475672	0.727008	0.159633	0.0565926	0.0567668	0.9732959	5.804554
22650	-2077.703	-2232.928	155.2241	1.109722	0.63669	0.194366	0.0989474	0.0699969	1.080608	3.647396
22656	-2069.401	-2223.805	154.4038	1.571054	0.788085	0.0836367	0.122476	0.00580235	1.259516	3.776739
22662	-2071.087	-2222.434	151.347	1.571054	0.793989	0.0726963	0.123393	0.0099212	1.159078	5.547571
22668	-2067.177	-2222.331	155.1535	1.105939	0.55103	0.396788	0.0439295	0.00825321	1.342795	3.538286
22674	-2082.358	-2235.583	153.2259	1.061712	0.692995	0.267083	0.0168663	0.0230557	1.011971	4.846379
22680	-2088.574	-2245.077	156.5028	1.124854	0.791162	0.169563	0.0145212	0.0247533	1.443898	2.661575
22686	-2079.896	-2233.208	153.3123	1.454187	0.800944	0.171659	0.00233721	0.0250594	1.163285	4.509434
22692	-2079.076	-2231.939	152.863	1.512368	0.844941	0.119304	0.00317407	0.032581	1.267482	4.674784
22698	-2078.544	-2232.814	154.2702	1.193551	0.731086	0.236785	0.00780883	0.0243203	1.378759	3.978663
22704	-2095.349	-2250.349	154.9995	1.275157	0.773457	0.00689442	0.211796	0.007853	1.344415	3.533795
22710	-2082.355	-2234.832	152.4769	1.22895	0.609107	0.270398	0.0641014	0.0563936	1.308309	5.009046
22716	-2080.346	-2234.175	153.8291	1.288711	0.712285	0.1725	0.0922012	0.0230137	1.348442	4.196678
22722	-2100.99	-2255.357	154.3662	1.514729	0.770292	0.0478765	0.156943	0.024888	1.255746	3.828176
22728	-2082.994	-2235.738	152.744	1.434203	0.799993	0.0497225	0.124437	0.0258476	1.095001	4.875514
22734	-2073.29	-2226.5	153.2103	1.345426	0.788379	0.141563	0.0601167	0.00994138	1.272747	4.559593
22740	-2078.867	-2234.062	155.1954	1.345426	0.74241	0.170058	0.0527828	0.0347491	1.344073	3.381997
22746	-2066.245	-2221.338	155.0937	1.592438	0.730056	0.131191	0.130401	0.00835241	1.339179	3.318202
22752	-2081.146	-2238.183	157.0372	1.280109	0.774254	0.109711	0.10905	0.00698488	1.814743	1.990467
22758	-2081.037	-2237.22	156.1823	1.358612	0.801825	0.0780075	0.112933	0.00723361	1.396484	2.753614
22764	-2086.612	-2242.123	155.5111	1.37497	0.778178	0.0720885	0.141751	0.00798247	1.313875	3.197972
22770	-2086.8	-2241.459	154.6594	1.354651	0.743303	0.0688578	0.174022	0.0138174	1.452543	3.626504
22776	-2081.683	-2236.092	154.4086	1.810128	0.801718	0.0531797	0.120304	0.0247991	1.23034	3.678035
22782	-2087.082	-2241.296	154.2134	1.782251	0.892196	0.0677365	0.0300134	0.0100539	1.23034	3.803429
22788	-2100.376	-2253.63	153.2541	1.402251	0.767819	0.197995	0.0252433	0.00894317	1.181322	4.557719
22794	-2094.972	-2248.775	153.8035	1.04559	0.706518	0.279832	0.00236151	0.0112884	1.121423	4.470424
22800	-2090.665	-2242.209	151.5442	1.358051	0.694805	0.225062	0.00864296	0.0714897	0.9472088	5.65758
22806	-2092.912	-2246.394	153.4822	1.327178	0.719248	0.23298	0.0243709	0.0234014	1.131318	4.495528
22812	-2088.16	-2239.769	151.6086	2.588134	0.903841	0.0611271	0.0183604	0.016671	1.044238	5.050857
22818	-2094.08	-2246.579	152.4995	1.408273	0.740786	0.106005	0.125655	0.0275532	1.047115	5.050857
22824	-2103.921	-2255.561	151.64	1.330054	0.748126	0.0844221	0.130894	0.0365582	1.200039	5.479961
22830	-2083.968	-2234.571	150.6025	1.330054	0.672258	0.2176	0.0762988	0.0338434	1.011289	6.150813
22836	-2097.55	-2248.22	150.6702	1.228187	0.801713	0.149966	0.0342005	0.0141203	1.03749	6.150813
22842	-2082.099	-2236.638	154.5384	1.204439	0.765095	0.194097	0.0225325	0.0182755	1.290784	3.869459
22848	-2086.393	-2241.431	155.0376	1.26321	0.656917	0.27453	0.0554757	0.0130772	1.388338	3.492376
22854	-2082.562	-2238.381	155.819	1.087356	0.530275	0.358534	0.044781	0.0664098	1.320533	3.170854
22860	-2083.375	-2239.515	156.14	0.8177857	0.592107	0.334362	0.0543534	0.0191781	1.231105	3.195316
22866	-2088.185	-2243.229	155.0439	1.010711	0.399957	0.550374	0.0367147	0.0129545	1.353307	3.650224
22872	-2082.021	-2237.611	155.5896	1.15689	0.576295	0.320663	0.0898059	0.0132361	1.380831	3.231314
22878	-2076.956	-2231.232	154.276	1.15689	0.789385	0.105279	0.0852864	0.0200497	1.41113	3.976758
22884	-2069.931	-2223.133	153.2019	1.254277	0.786216	0.102827	0.082099	0.0288579	1.132148	4.689896
22890	-2071.928	-2227.291	155.3623	1.449935	0.759537	0.163383	0.0584879	0.0185923	1.317144	3.244804
22896	-2073.873	-2227.546	153.6726	1.493203	0.729827	0.160978	0.099025	0.0101696	1.204359	4.263835
22902	-2071.316	-2225.104	153.7882	1.493203	0.721269	0.260648	0.0103407	0.00774214	1.088754	4.263835
22908	-2078.128	-2231.992	153.8637	1.162881	0.678327	0.229322	0.0885708	0.00378094	1.120743	4.372702
22914	-2084.234	-2237.588	153.3534	1.172307	0.672412	0.190358	0.103412	0.0338185	1.122931	4.653366
22920	-2091.988	-2246.323	154.3347	1.128211	0.583368	0.323436	0.0766388	0.0165571	1.001934	4.192139
22926	-2077.77	-2230.999	153.2281	1.660388	0.830438	0.0672308	0.0837362	0.0185949	1.045758	4.524524
22932	-2081.427	-2234.328	152.9012	1.690875	0.792431	0.159832	0.0229396	0.0247979	1.079825	4.674782
22938	-2079.834	-2232.2	152.3663	1.535177	0.88031	0.0317496	0.0267397	0.0612007	1.041588	5.066552
22944	-2085.007	-2236.595	151.5877	1.507913	0.791604	0.113997	0.0327986	0.0616002	1.043704	5.508294
22950	-2087.207	-2241.782	154.5751	1.493856	0.790853	0.113889	0.0740432	0.0212152	1.07499	3.822289
22956	-2077.748	-2231.89	154.1419	1.404099	0.707454	0.16142	0.104945	0.0261812	1.149728	4.072558
22962	-2087.031	-2240.026	152.9949	1.514327	0.73006	0.17277	0.0812464	0.0159233	0.9946147	4.752702
22968	-2093.217	-2246.397	153.1798	2.13727	0.536296	0.307056	0.130978	0.0256701	1.106257	4.309986
22974	-2096.013	-2248.969	152.9556	1.586762	0.742031	0.107597	0.126507	0.0238645	1.088747	4.687606
22980	-2097.23	-2248.906	151.676	1.339032	0.797258	0.0236252	0.153476	0.0256407	0.9833118	5.574845
22986	-2096.745	-2250.256	153.511	1.666296	0.719672	0.0940133	0.166401	0.0199136	1.221367	4.263083
22992	-2098.025	-2252.117	154.0924	1.379299	0.811514	0.106336	0.066428	0.0157218	1.0075	4.194161
22998	-2099.259	-2250.777	151.5181	1.567133	0.597513	0.270579	0.129997	0.00191096	1.097701	5.489093
23004	-2094.119	-2248.955	154.8357	1.219756	0.704171	0.199925	0.0936523	0.00225207	1.196245	3.744503
23010	-2095.174	-2250.149	154.9757	1.087906	0.830517	0.0955053	0.0713216	0.00265615	1.182357	3.744503
23016	-2101.452	-2253.259	151.8077	1.275968	0.595794	0.340844	0.0610866	0.00227498	1.08974	5.475613
23022	-2093.168	-2246.249	153.0814	1.174976	0.605652	0.20595	0.165458	0.0229391	1.129334	4.800435
23028	-2089.817	-2241.206	151.3894	1.17992	0.758404	0.1942	0.0388698	0.0085265	1.10846	5.7443
23034	-2087.864	-2241.017	153.1521	1.17992	0.809384	0.158084	0.0300261	0.00250582	1.116023	4.765745
23040	-2088.917	-2242.159	153.2417	1.17992	0.706946	0.179255	0.103127	0.0106721	1.026507	4.765745
23046	-2073.686	-2225.92	152.2338	1.265307	0.661432	0.25846	0.0647204	0.0153877	0.8903579	5.356157
23052	-2082.41	-2232.68	150.2701	1.40407	0.718105	0.175044	0.0851333	0.0217169	0.8493102	6.383358
23058	-2076.483	-2226.823	150.3404	1.116755	0.623475	0.319862	0.0377706	0.0188931	1.045326	6.383358
23064	-2075.269	-2228.182	152.9135	1.211552	0.702004	0.25971	0.0166885	0.0215975	1.177792	4.847803
23070	-2098.087	-2252.109	154.0225	0.9688897	0.5104	0.481991	0.00410231	0.00350674	1.101747	4.401224
23076	-2096.177	-2247.588	151.4112	0.8733656	0.605786	0.226499	0.161971	0.00574496	0.9843001	5.966519
23082	-2086.034	-2238.764	152.7302	1.24688	0.659132	0.200074	0.136511	0.00428283	1.184112	4.927961
23088	-2097.552	-2249.603	152.0509	1.24688	0.716498	0.152168	0.106611	0.0247228	0.9436954	5.436933
23094	-2100.722	-2254.003	153.281	1.439265	0.686278	0.143878	0.168157	0.00168683	1.18878	4.520071
23100	-2103.011	-2256.891	153.88	1.657406	0.719369	0.150816	0.128047	0.00176817	1.236382	4.048963
23106	-2095.299	-2248.215	152.9161	1.489458	0.863385	0.0505065	0.07753	0.00857794	1.208285	4.689257
23112	-2091.83	-2244.838	153.0076	1.437586	0.806201	0.0337957	0.131936	0.0280672	1.042878	4.755881
23118	-2099.767	-2253.172	153.4051	1.225751	0.726828	0.0675146	0.169582	0.0360758	1.193958	4.556191
23124	-2088.06	-2241.364	153.3037	0.9878522	0.60658	0.212619	0.147393	0.0334085	1.051478	4.821835
23130	-2089.88	-2243.41	153.5302	1.0643	0.671393	0.13987	0.163142	0.0255953	1.33039	4.496274
23136	-2085.063	-2239.429	154.3656	0.909107	0.722525	0.0514461	0.180017	0.0460121	1.202623	4.184322
23142	-2081.826	-2236.939	155.1127	0.9846845	0.763622	0.17059	0.031764	0.0340235	1.260412	3.679248
23148	-2094.035	-2245.632	151.5968	1.097201	0.760297	0.169847	0.0359808	0.0338753	1.199001	5.624493
23154	-2081.122	-2235.312	154.1899	1.118949	0.647052	0.144549	0.141841	0.0665588	1.152569	4.19389
23160	-2088.65	-2243.582	154.9325	1.148167	0.707187	0.0388917	0.185562	0.0683589	1.486003	3.55984
23166	-2093.515	-2249.928	156.4134	1.108901	0.781007	0.0262863	0.117213	0.0754945	1.370817	2.77056
23172	-2090.706	-2246.898	156.1918	1.238398	0.743615	0.12242	0.0735382	0.0604258	1.416675	2.802646
23178	-2080.587	-2237.355	156.7678	0.9775878	0.75819	0.105284	0.109516	0.0270107	1.435591	2.592664
23184	-2081.405	-2235.256	153.8515	1.320267	0.860001	0.0377392	0.100038	0.00222106	1.291278	4.200024
23190	-2083.461	-2237.736	154.2743	1.133036	0.755247	0.0480061	0.151776	0.0449715	1.166208	4.130443
23196	-2075.869	-2227.997	152.1285	1.169489	0.712274	0.168766	0.0962747	0.022685	1.029946	5.386819
23202	-2073.93	-2226.041	152.1111	1.132969	0.620778	0.244745	0.115088	0.0193891	1.087043	5.384176
23208	-2069.368	-2222.803	153.4351	1.132969	0.634191	0.250034	0.096958	0.0188175	1.247624	4.558677
23214	-2078.574	-2230.394	151.8196	1.132969	0.55478	0.308632	0.131039	0.00554912	1.078416	5.549379
23220	-2075.688	-2228.352	152.6644	0.9757924	0.527507	0.3512	0.111805	0.00948822	1.114308	5.148945
23226	-2083.604	-2237.372	153.7679	1.068585	0.652759	0.206269	0.132891	0.00808163	1.070975	4.506115
23232	-2092.135	-2244.867	152.7325	1.221756	0.568753	0.280161	0.142424	0.0086614	1.104125	4.984206
23238	-2082.415	-2235.27	152.8542	1.146224	0.624762	0.143346	0.219239	0.012653	1.053969	4.984206
23244	-2076.421	-2229.626	153.2044	1.220474	0.712886	0.0417547	0.203864	0.0414957	1.057376	4.747913
23250	-2088.322	-2242.915	154.5936	1.229256	0.801401	0.0245084	0.172155	0.00193546	1.243182	3.85171
23256	-2086.637	-2240.134	153.498	1.356099	0.716204	0.126428	0.153854	0.00351363	1.147903	4.462606
23262	-2083.413	-2236.142	152.7296	1.409892	0.69164	0.157345	0.148577	0.00243866	1.019326	4.93764
23268	-2084.962	-2236.577	151.6145	1.11002	0.674056	0.235618	0.0886197	0.00170578	1.004026	5.714892
23274	-2082.201	-2233.996	151.7951	0.8873955	0.71696	0.0878887	0.19291	0.00224136	1.008247	5.735582
23280	-2066.687	-2219.252	152.565	1.166966	0.707015	0.0922686	0.1992	0.00151687	0.8859831	5.226631
23286	-2080.477	-2233.204	152.7265	1.122836	0.677508	0.12845	0.190887	0.00315495	1.059228	5.06468
23292	-2083.564	-2235.941	152.3767	1.1311	0.676816	0.127044	0.192987	0.00315173	1.063776	5.251436
23298	-2082.405	-2237.35	154.9445	1.463897	0.803624	0.0773743	0.114284	0.00471713	1.186482	3.559205
23304	-2095.674	-2251.803	156.1294	1.017155	0.735297	0.104296	0.154049	0.00635842	1.334937	3.018422
23310	-2096.947	-2252.735	155.7884	1.307651	0.655349	0.130609	0.20507	0.0089716	1.398718	3.018422
23316	-2084.651	-2240.748	156.097	0.9872095	0.519128	0.24597	0.225056	0.00984595	1.397292	3.018422
23322	-2087.506	-2239.729	152.2226	1.194212	0.697719	0.128309	0.161779	0.0121939	0.9677549	5.356266
23328	-2099.23	-2251.973	152.7436	0.8809524	0.652455	0.134452	0.20169	0.0114028	0.9542465	5.247179
23334	-2090.862	-2242.696	151.834	1.129904	0.666644	0.241622	0.0802789	0.0114555	0.9235074	5.628124
23340	-2083.271	-2234.89	151.6184	0.9535468	0.628516	0.19439	0.162753	0.0143412	0.8852462	5.862629
23346	-2074.464	-2225.531	151.0662	1.305958	0.698179	0.215936	0.0311322	0.0547536	1.097971	5.862629
23352	-2084.19	-2234.673	150.4834	1.059763	0.519946	0.307387	0.0469487	0.125719	0.7986023	6.469728
23358	-2094.903	-2247.781	152.8777	1.059763	0.595739	0.240889	0.0193261	0.144045	0.8559362	5.127673
23364	-2081.59	-2232.796	151.2062	1.597728	0.703968	0.136553	0.121997	0.0374829	1.13275	5.62701
23370	-2103.684	-2256.491	152.8074	1.449228	0.651736	0.216174	0.0969666	0.0351234	1.236459	4.753906
23376	-2091.409	-2244.924	153.5153	1.21427	0.702781	0.0832531	0.170881	0.0430855	1.016438	4.600067
23382	-2075.92	-2229.473	153.5532	1.062265	0.702752	0.218736	0.0649202	0.013592	1.124585	4.600067
23388	-2078.023	-2229.997	151.9737	1.462246	0.682909	0.282231	0.0216523	0.0132083	0.9360231	5.376833
23394	-2079.874	-2233.385	153.5114	1.50097	0.602351	0.228088	0.137043	0.0325182	1.133121	4.391433
23400	-2082.427	-2234.819	152.3918	1.234765	0.675672	0.257249	0.0425647	0.024514	1.186713	5.120669
23406	-2084.65	-2237.308	152.658	1.121992	0.685515	0.21672	0.0783052	0.0194602	1.027565	5.120669
23412	-2078.988	-2230.016	151.028	1.127827	0.644536	0.204816	0.132257	0.0183912	1.122105	5.961647
23418	-2082.125	-2236.042	153.917	1.26077	0.687551	0.17209	0.0977421	0.0426165	1.455265	4.100626
23424	-2088.902	-2243.499	154.5964	0.9487017	0.632956	0.254183	0.069755	0.0431066	1.03711	4.124314
23430	-2082.697	-2234.835	152.1372	1.137541	0.52337	0.348175	0.0928119	0.0356434	1.020855	5.403891
23436	-2083.868	-2235.689	151.8212	1.410103	0.727154	0.23219	0.0289959	0.011661	1.085276	5.403891
23442	-2091.933	-2242.935	151.0019	1.991606	0.862962	0.108471	0.0259889	0.00257798	1.090647	5.590588
23448	-2077.722	-2228.401	150.6794	1.280261	0.646367	0.279915	0.0670655	0.0066526	1.013518	6.132521
23454	-2076.595	-2227.625	151.0303	1.038481	0.647309	0.271014	0.0752355	0.00644106	0.8935395	6.132521
23460	-2108.01	-2263.206	155.1962	1.346277	0.702799	0.0832251	0.20823	0.0057463	1.190954	3.470713
23466	-2113.401	-2263.984	150.5829	1.368796	0.621368	0.101231	0.253281	0.02412	0.9941343	6.151804
23472	-2089.18	-2239.97	150.7905	1.110297	0.742164	0.13272	0.0934937	0.0316227	0.893073	6.225009
23478	-2085.163	-2236.286	151.1229	1.569948	0.620855	0.305808	0.0488401	0.0244969	0.90185	5.812
23484	-2078.227	-2230.175	151.948	1.047195	0.656907	0.275163	0.00832604	0.0596044	0.8477869	5.651385
23490	-2071.973	-2225.581	153.6082	1.087682	0.624547	0.261608	0.057176	0.0566683	1.231727	4.494978
23496	-2085.34	-2236.741	151.401	1.227731	0.735212	0.0986078	0.0616865	0.104494	1.022042	5.760556
23502	-2081.421	-2235.211	153.7907	1.470727	0.72482	0.198785	0.038818	0.0375767	1.278673	4.165689
23508	-2084.897	-2237.928	153.0317	1.349544	0.706738	0.158087	0.105292	0.0298834	1.112536	4.747299
23514	-2083.555	-2234.645	151.0909	1.109089	0.641149	0.225707	0.11974	0.0134038	0.8346631	6.093939
23520	-2091.054	-2243.981	152.9275	1.292228	0.792753	0.0835203	0.108601	0.0151249	1.213157	4.778393
23526	-2074.803	-2227.905	153.1018	1.292228	0.808527	0.0851822	0.0699983	0.036292	1.111681	4.737714
23532	-2085.43	-2238.633	153.2031	1.531156	0.783537	0.0831874	0.0195929	0.113683	0.9727099	4.640396
23538	-2086.158	-2240.866	154.7078	1.257436	0.75623	0.050128	0.0839219	0.109721	1.247799	3.768225
23544	-2085.069	-2239.644	154.5748	1.401168	0.806161	0.0224328	0.0714466	0.0999592	1.250364	3.768225
23550	-2075.724	-2231.873	156.1494	1.053942	0.770145	0.0471288	0.102733	0.0799932	1.314146	2.997063
23556	-2083.864	-2239.314	155.4497	1.047472	0.687293	0.190562	0.0507578	0.0713875	1.337447	3.401805
23562	-2070.191	-2222.838	152.6466	1.410271	0.704053	0.167622	0.0238115	0.104513	1.018229	4.984199
23568	-2073.716	-2226.644	152.9277	1.393471	0.555863	0.322597	0.0798295	0.0417098	1.18607	4.742307
23574	-2082.879	-2239.736	156.8569	1.125065	0.753632	0.125348	0.0931641	0.0278562	1.632685	2.321678
23580	-2086.661	-2243.887	157.226	1.117285	0.605708	0.357115	0.0147885	0.0223885	1.489954	2.181047
23586	-2082.187	-2239.287	157.0999	1.382881	0.662075	0.248507	0.0445129	0.0449053	1.678891	1.977092
23592	-2086.282	-2243.804	157.5224	1.085754	0.816136	0.105568	0.0614309	0.0168646	1.678891	1.879218
23598	-2090.451	-2247.898	157.4469	1.400325	0.767008	0.107302	0.0862911	0.0393987	1.662169	1.74045
23604	-2097.163	-2254.392	157.2294	1.648382	0.845663	0.118306	0.0292448	0.00678663	1.746447	1.684433
23610	-2081.806	-2237.741	155.9342	1.368214	0.717737	0.130129	0.0654367	0.0866975	1.746711	2.685755
23616	-2083.119	-2239.288	156.1687	1.473519	0.664393	0.162629	0.0458964	0.127082	1.588366	2.581347
23622	-2079.546	-2235.647	156.1006	1.202635	0.737501	0.098032	0.0878631	0.0766044	1.441322	2.863403
23628	-2080.648	-2235.896	155.2482	1.770917	0.772063	0.102626	0.0359771	0.0893341	1.282383	3.174111
23634	-2075.006	-2229.658	154.652	1.311718	0.7996	0.139137	0.0378998	0.0233635	1.051277	3.884651
23640	-2061.07	-2216.658	155.5877	1.271885	0.773079	0.0660096	0.149827	0.0110842	1.351346	3.185901
23646	-2088.313	-2243.133	154.82	1.271885	0.686044	0.135466	0.149806	0.0286853	1.109004	3.775846
23652	-2079.504	-2233.726	154.2219	1.212337	0.587972	0.321892	0.0655513	0.0245847	1.202577	4.096661
23658	-2064.781	-2218.537	153.7559	1.168084	0.745873	0.194335	0.0449499	0.0148424	1.23914	4.363868
23664	-2073.851	-2226.726	152.8758	1.614788	0.780552	0.161007	0.0461443	0.012297	1.181737	4.667063
23670	-2075.164	-2227.301	152.1365	1.377222	0.789355	0.160773	0.0393783	0.0104939	1.292174	5.131566
23676	-2072.85	-2225.67	152.8209	1.10899	0.777967	0.158453	0.055934	0.00764582	0.9460986	5.082543
23682	-2086.056	-2238.035	151.9781	1.453327	0.788281	0.0895992	0.10932	0.0128003	1.155362	5.257662
23688	-2084.204	-2238.232	154.0279	1.450968	0.738868	0.198388	0.0527286	0.0100156	1.206989	4.081325
23694	-2088.184	-2240.15	151.9658	1.551319	0.836451	0.0925176	0.0596926	0.0113384	0.9889834	5.309701
23700	-2080.567	-2232.755	152.1878	1.598219	0.936838	0.0449519	0.0157734	0.00243691	1.222633	5.035539
23706	-2084.123	-2233.926	149.8023	1.945957	0.767096	0.161355	0.0626332	0.00891559	1.008141	6.309443
23712	-2076.661	-2227.4	150.739	1.365955	0.705989	0.173585	0.113576	0.00684997	1.008141	6.060562
23718	-2080.939	-2235.601	154.6625	1.444721	0.759901	0.0658285	0.169861	0.00440902	1.356907	3.633719
23724	-2063.974	-2219.699	155.7251	1.72528	0.759901	0.0658285	0.169861	0.00440902	1.523463	2.764344
23730	-2074.728	-2230.711	155.9827	1.559274	0.736417	0.0922192	0.164612	0.00675198	1.631508	2.624229
23736	-2068.8	-2226.457	157.6573	0.9905518	0.726907	0.101557	0.160763	0.0107732	1.786959	1.776813
23742	-2068.685	-2226.476	157.7909	0.9603974	0.728099	0.0930513	0.173371	0.00547861	1.683657	1.776813
23748	-2075.585	-2233.04	157.4547	1.184508	0.740957	0.081255	0.160923	0.016865	1.687718	1.854529
23754	-2087.32	-2244.453	157.1334	1.615718	0.839355	0.0321187	0.117043	0.0114835	1.665076	1.827438
23760	-2073.712	-2231.33	157.6176	1.00039	0.698432	0.203424	0.0926197	0.00552386	1.686079	1.866883
23766	-2073.725	-2229.14	155.4145	1.297888	0.712201	0.111865	0.172052	0.00388258	1.488087	3.193353
23772	-2082.678	-2240.612	157.934	0.9479921	0.71683	0.20275	0.0643479	0.0160715	1.800665	1.600961
23778	-2081.681	-2239.692	158.0108	0.9711735	0.640306	0.181106	0.133574	0.045014	2.0139	1.364166
23784	-2075.387	-2233.379	157.9917	0.9958036	0.623043	0.213376	0.123969	0.0396124	1.725222	1.578736
23790	-2080.154	-2237.75	157.5956	1.008651	0.594483	0.208551	0.121166	0.0758006	1.910926	1.720517
23796	-2081.574	-2238.041	156.4671	1.28655	0.789358	0.114433	0.0156175	0.0805911	1.485539	2.563678
23802	-2076.944	-2233.476	156.5325	1.037907	0.7496	0.127914	0.0889528	0.0335328	1.351417	2.752183
23808	-2080.193	-2234.546	154.3537	1.811694	0.825562	0.0753479	0.0621595	0.0369309	1.375661	3.624927
23814	-2077.64	-2231.382	153.7423	2.152129	0.845835	0.0813306	0.0582914	0.0145427	1.224454	3.916333
23820	-2078.786	-2231.363	152.5769	1.334728	0.744059	0.175223	0.0646016	0.016117	1.278026	4.916092
23826	-2077.5	-2233.369	155.8689	1.277516	0.860829	0.0323566	0.0845098	0.022305	1.545544	2.898293
23832	-2066.278	-2222.626	156.348	1.374406	0.901549	0.0208937	0.0545706	0.0229863	1.589777	2.523334
23838	-2065.419	-2222.208	156.7889	1.166656	0.727936	0.109917	0.121327	0.0408198	1.62401	2.345134
23844	-2072.108	-2228.748	156.6401	0.9638274	0.825458	0.0747623	0.0825021	0.0172772	1.672984	2.533162
23850	-2082.951	-2236.917	153.9659	1.056352	0.733788	0.0518928	0.193781	0.0205387	1.222925	4.315531
23856	-2082.946	-2235.976	153.0302	1.567101	0.832706	0.0823564	0.0797114	0.0052261	1.388666	4.486721
23862	-2080.348	-2232.779	152.4306	1.026317	0.784261	0.151128	0.047273	0.0173376	1.256255	5.171858
23868	-2077.198	-2230.18	152.9814	1.238891	0.746806	0.151116	0.0803613	0.0217167	1.264973	4.746938
23874	-2075.47	-2227.753	152.2835	1.238891	0.6752	0.164479	0.132425	0.0278952	1.037594	5.26097
23880	-2076.447	-2229.486	153.0392	1.432474	0.574038	0.202108	0.204204	0.0196496	1.176989	4.665716
23886	-2079.963	-2231.505	151.5421	1.141951	0.695936	0.0454226	0.248759	0.00988263	0.8665458	5.812919
23892	-2090.842	-2241.611	150.7688	1.740703	0.709562	0.0555508	0.222801	0.0120862	1.113446	5.812919
23898	-2080.574	-2231.668	151.0943	1.421314	0.816529	0.0613133	0.113813	0.0083445	1.057099	5.812919
23904	-2079.395	-2231.546	152.1508	1.210444	0.75983	0.0265014	0.176703	0.0369651	1.051359	5.341335
23910	-2088.337	-2241.474	153.1379	1.376851	0.724899	0.0187954	0.16858	0.0877262	1.095755	4.683578
23916	-2091.763	-2246.136	154.3733	1.298049	0.82991	0.0215182	0.0754706	0.0731015	1.154345	3.992402
23922	-2091.56	-2247.212	155.6512	1.361515	0.751081	0.0823692	0.138813	0.0277369	1.215802	3.180217
23928	-2098.649	-2253.415	154.7659	1.109584	0.722983	0.112117	0.128527	0.0363731	1.251073	3.813651
23934	-2085.774	-2240.902	155.1281	1.350602	0.757325	0.117442	0.0713802	0.0538526	1.297453	3.445985
23940	-2096.427	-2251.851	155.4234	1.350602	0.79398	0.0476255	0.0740946	0.0842996	1.240494	3.306065
23946	-2096.672	-2253.782	157.1107	0.9484554	0.621171	0.284378	0.0352817	0.05917	1.537918	2.331756
23952	-2098.711	-2253.712	155.0007	1.215626	0.722201	0.184142	0.0442244	0.0494319	1.280632	3.602398
23958	-2089.027	-2242.376	153.3497	1.574861	0.824332	0.0780721	0.0565627	0.0410334	1.158769	4.432577
23964	-2105.952	-2263.721	157.7687	1.166527	0.578297	0.0981847	0.268687	0.0548318	1.89423	1.495126
23970	-2087.755	-2244.772	157.0166	1.068309	0.569469	0.318205	0.0486112	0.0637151	1.596037	2.278384
23976	-2087.798	-2245.589	157.7911	0.8848543	0.579655	0.286879	0.111257	0.0222088	1.730661	1.797601
23982	-2085.223	-2242.791	157.5686	1.109148	0.574607	0.33097	0.0601432	0.03428	1.816657	1.736281
23988	-2089.072	-2247.165	158.0929	1.109148	0.706161	0.245788	0.0300015	0.0180496	1.865488	1.308129
23994	-2096.695	-2254.117	157.4224	0.9112153	0.739679	0.10171	0.139704	0.0189063	1.815953	1.972055
24000	-2080.767	-2238.141	157.3737	1.19619	0.675625	0.11715	0.176979	0.030246	1.761363	1.851995
24006	-2088.243	-2244.877	156.6343	1.19619	0.676296	0.203274	0.115902	0.00452907	1.528731	2.485008
24012	-2097.58	-2252.908	155.3276	1.506632	0.913919	0.0128382	0.0550964	0.0181469	1.307074	3.242187
24018	-2091.173	-2247.3	156.1271	1.279862	0.797836	0.0271194	0.136711	0.0383335	1.379541	2.841177
24024	-2090.739	-2245.283	154.5441	1.636339	0.67062	0.132575	0.164317	0.0324878	1.386973	3.59021
24030	-2095.726	-2250.855	155.1292	1.35061	0.623216	0.0933385	0.215268	0.0681776	1.183466	3.5119
24036	-2096.328	-2252.507	156.1787	1.404504	0.742791	0.160825	0.0481235	0.0482597	1.430473	2.70993
24042	-2099.25	-2255.272	156.0229	0.8703584	0.745892	0.0297059	0.219861	0.00454098	1.495775	3.075018
24048	-2091.787	-2247.902	156.1151	1.105676	0.664422	0.0322352	0.266775	0.0365675	1.498426	2.876201
24054	-2091.024	-2246.313	155.2891	1.424025	0.723309	0.0407374	0.20207	0.0338832	1.50303	3.191594
24060	-2087.286	-2243.196	155.9097	1.396156	0.61857	0.0381617	0.311527	0.0317409	1.417042	2.886353
24066	-2092.555	-2248.464	155.9087	1.085711	0.60407	0.0607086	0.304224	0.0309968	1.418198	3.060244
24072	-2081.621	-2236.467	154.8467	1.384858	0.672587	0.0184121	0.224913	0.084088	1.323362	3.57701
24078	-2087.724	-2242.862	155.1386	1.048545	0.609093	0.213766	0.109829	0.0673125	1.360881	3.56909
24084	-2077.295	-2232.024	154.7285	1.185638	0.661115	0.153802	0.112022	0.0730615	1.440658	3.683765
24090	-2084.523	-2239.475	154.9515	1.185638	0.731343	0.129525	0.09434	0.0447918	1.294434	3.639334
24096	-2084.925	-2238.842	153.9164	1.167841	0.677662	0.191264	0.0633656	0.067708	1.244875	4.270031
24102	-2078.701	-2233.246	154.5456	0.9785666	0.636252	0.256943	0.0727322	0.0340729	1.099108	4.100768
24108	-2079.95	-2234.507	154.5575	1.076277	0.726523	0.164481	0.0700894	0.0389072	1.288591	3.930381
24114	-2083.78	-2238.762	154.9824	1.209325	0.670715	0.151846	0.171024	0.00641488	1.414094	3.538874
24120	-2068.84	-2223.617	154.7763	1.447913	0.795546	0.0923433	0.104006	0.00810395	1.403526	3.538874
24126	-2071.994	-2226.78	154.7861	1.210532	0.630449	0.243737	0.123028	0.00278565	1.403948	3.658087
24132	-2086.127	-2241.79	155.6634	0.8449142	0.678228	0.173837	0.145124	0.00281151	1.275445	3.433219
24138	-2080.321	-2235.254	154.9327	1.003027	0.715704	0.153591	0.128222	0.00248406	1.152663	3.834622
24144	-2081.866	-2233.895	152.0282	1.15603	0.719066	0.103662	0.170289	0.00698383	1.293389	5.303911
24150	-2072.874	-2227.154	154.2802	1.074431	0.654144	0.269968	0.0745116	0.00137649	1.116226	4.18783
24156	-2074.127	-2226.408	152.2807	1.004253	0.607623	0.318587	0.0724519	0.00133844	1.090417	5.35846
24162	-2074.059	-2226.36	152.3007	1.075953	0.607502	0.276072	0.113071	0.0033545	0.9994804	5.35846
24168	-2076.238	-2229.014	152.7768	0.9980674	0.599526	0.270035	0.127328	0.00310976	0.9896671	5.143353
24174	-2085.999	-2239.493	153.4943	1.361382	0.690488	0.192252	0.113678	0.00358158	1.128632	4.472861
24180	-2070.676	-2225.233	154.5566	1.311479	0.886281	0.0649099	0.032678	0.0161306	1.25318	3.823592
24186	-2076.047	-2229.247	153.1994	1.188259	0.721033	0.225979	0.0393719	0.0136161	1.091666	4.748536
24192	-2076.112	-2229.991	153.8793	1.755478	0.621183	0.354896	0.0207273	0.00319339	1.112352	4.074638
24198	-2068.521	-2222.921	154.3997	1.441869	0.753665	0.233705	0.0116646	0.0009661	1.194712	3.880281
24204	-2070.484	-2226.998	156.5139	1.259032	0.820562	0.123838	0.0548546	0.000745593	1.411964	2.596092
24210	-2081.389	-2238.006	156.6165	1.359156	0.605694	0.338713	0.0554145	0.000178751	1.513798	2.411229
24216	-2077.629	-2231.031	153.4022	1.335117	0.791164	0.146874	0.0618222	0.000139404	1.005363	4.607159
24222	-2079.213	-2231.089	151.8766	0.8833425	0.65688	0.276877	0.0654851	0.000757634	1.156137	5.612125
24228	-2092.136	-2247.305	155.1681	0.8673847	0.594063	0.356946	0.0480147	0.00097673	1.140298	3.785651
24234	-2088.286	-2241.67	153.3841	1.347451	0.544901	0.441408	0.0092811	0.00441003	1.057999	4.581561
24240	-2092.561	-2244.388	151.8271	1.285833	0.704923	0.283867	0.0075992	0.00361086	1.030578	5.492478
24246	-2087.494	-2240.94	153.4466	1.200862	0.67341	0.321297	0.00326123	0.00203142	1.176377	4.555917
24252	-2094.032	-2247.891	153.8588	0.9359579	0.65248	0.32176	0.00883771	0.016923	1.002673	4.567852
24258	-2091.322	-2244.42	153.0982	1.454055	0.835312	0.124437	0.0204443	0.0198058	1.129932	4.648437
24264	-2080.566	-2235.633	155.0671	1.120762	0.668075	0.267886	0.0437898	0.0202488	1.304285	3.602533
24270	-2074.717	-2230.544	155.8268	1.244206	0.723269	0.236373	0.0273952	0.0129622	1.461217	2.993002
24276	-2076.518	-2231.247	154.7291	1.438891	0.699772	0.202564	0.0865557	0.0111082	1.29793	3.63229
24282	-2073.977	-2228.595	154.6179	0.9836659	0.6325	0.144248	0.194245	0.0290058	1.16344	4.019926
24288	-2078.106	-2230.927	152.8209	1.131164	0.783245	0.0919182	0.123777	0.00105954	1.291679	4.878559
24294	-2086.542	-2239.987	153.4451	0.6862699	0.564804	0.184552	0.248518	0.00212732	1.121315	4.878559
24300	-2084.312	-2235.179	150.8669	1.339316	0.824118	0.139929	0.0333961	0.00255742	1.250968	5.871345
24306	-2084.687	-2237.207	152.5197	1.339316	0.640028	0.0918434	0.265457	0.00267175	0.959459	5.122457
24312	-2086.398	-2240.564	154.1663	1.542257	0.713114	0.260138	0.0144676	0.0122805	1.464363	3.809587
24318	-2093.9	-2248.678	154.7781	1.487846	0.669973	0.267167	0.036027	0.0268329	1.285263	3.586418
24324	-2092.851	-2242.527	149.6758	1.162367	0.704564	0.1962	0.0557082	0.0435287	0.8944863	6.80083
24330	-2080	-2235.383	155.3834	1.474845	0.723668	0.154323	0.0730063	0.0490035	1.540593	3.086744
24336	-2080.693	-2236.517	155.8248	1.85342	0.730983	0.188364	0.0363871	0.0442658	1.49337	2.659239
24342	-2082.161	-2236.572	154.4103	1.644893	0.794104	0.118278	0.0395292	0.0480882	1.503263	3.596222
24348	-2097.778	-2251.647	153.8695	1.213306	0.585722	0.305753	0.0291563	0.0793682	1.26903	4.258562
24354	-2096.825	-2250.738	153.9128	1.225876	0.701767	0.241514	0.0296083	0.0271109	1.213871	4.258562
24360	-2087.411	-2242.604	155.1928	1.306078	0.766756	0.161243	0.0421635	0.0298368	1.306811	3.426295
24366	-2089.122	-2244.527	155.4047	1.181993	0.607252	0.277671	0.0550507	0.0600259	1.288821	3.380327
24372	-2095.045	-2250.957	155.9119	1.086928	0.614215	0.293947	0.0461148	0.045723	1.379276	3.08086
24378	-2088.758	-2242.609	153.8515	1.069429	0.703514	0.15782	0.0852622	0.0534035	1.057518	4.466141
24384	-2082.759	-2237.579	154.8207	1.396851	0.650326	0.160467	0.143558	0.0456488	1.248841	3.629198
24390	-2082.536	-2236.073	153.5365	1.61003	0.76594	0.164324	0.0503394	0.0193969	1.17776	4.299698
24396	-2070.153	-2224.816	154.663	1.307899	0.681444	0.202682	0.10794	0.00793437	1.194462	3.798038
24402	-2087.857	-2240.667	152.8098	1.626936	0.862488	0.0736856	0.0608451	0.00298156	0.9537538	4.825713
24408	-2094.885	-2246.496	151.6116	1.452572	0.682649	0.170052	0.140418	0.00688085	0.9882373	5.552034
24414	-2106.592	-2258.904	152.312	1.234419	0.643541	0.24764	0.102471	0.0063484	1.006364	5.264767
24420	-2102.755	-2259.407	156.6527	1.414842	0.775245	0.0152052	0.205923	0.00362626	1.698567	2.23881
24426	-2096.517	-2253.135	156.6185	1.27884	0.83381	0.054129	0.108161	0.0039002	1.590336	2.407778
24432	-2081.588	-2236.903	155.3153	1.360042	0.819567	0.0542826	0.12176	0.00439056	1.32602	3.314378
24438	-2072.874	-2228.026	155.1516	1.288649	0.875712	0.081856	0.032411	0.0100213	1.339882	3.440366
24444	-2075.095	-2230.878	155.7834	1.288649	0.697166	0.138137	0.155056	0.00964143	1.506688	2.967074
24450	-2067.38	-2222.875	155.4949	1.130277	0.698858	0.199436	0.0922394	0.00946632	1.39668	3.292958
24456	-2077.524	-2234.067	156.5431	0.9553291	0.641962	0.138851	0.213925	0.00526195	1.39668	2.768519
24462	-2074.154	-2229.642	155.4879	1.096317	0.725252	0.195622	0.046369	0.0327574	1.304197	3.370775
24468	-2077.327	-2231.434	154.1066	1.560742	0.768994	0.21048	0.0141918	0.00633431	1.127021	4.028163
24474	-2094.717	-2249.944	155.2271	1.039479	0.838511	0.0854087	0.0556154	0.0204644	1.187203	3.623733
24480	-2090.356	-2244.851	154.4948	1.316932	0.758289	0.193178	0.0130018	0.035531	1.257507	3.853792
24486	-2078.371	-2233.248	154.877	1.239557	0.690296	0.251091	0.0124302	0.0461828	1.364162	3.612723
24492	-2081.566	-2235.618	154.0524	1.104662	0.763759	0.183491	0.0121462	0.0406036	1.105337	4.306424
24498	-2073.304	-2227.529	154.2244	1.024263	0.782853	0.0852273	0.126127	0.00579264	1.105337	4.253738
24504	-2096.187	-2248.342	152.1546	1.375276	0.700765	0.075468	0.216809	0.00695767	0.9098112	5.333916
24510	-2093.862	-2241.771	147.9093	1.323077	0.752421	0.0991234	0.148023	0.000432138	1.062513	7.579441
24516	-2088.632	-2238.944	150.3124	1.110111	0.447249	0.486401	0.057526	0.00882385	0.8888437	6.486824
24522	-2090.847	-2242.177	151.3303	0.8839567	0.393524	0.564722	0.0348349	0.00691958	1.018865	5.985813
24528	-2092.268	-2244.657	152.3894	1.207431	0.55711	0.334997	0.100104	0.00778907	1.214651	5.120707
24534	-2097.18	-2249.698	152.5174	1.24394	0.724974	0.132762	0.130266	0.011997	1.052521	5.120707
24540	-2084.438	-2237.073	152.6347	1.287173	0.615748	0.28511	0.0886879	0.010454	1.213756	4.943858
24546	-2085.375	-2239.627	154.2517	1.133815	0.895594	0.0737368	0.0293319	0.00133691	1.172631	4.13921
24552	-2089.056	-2244.545	155.4888	1.272342	0.842701	0.0496692	0.0840935	0.0235364	1.487662	3.163459
24558	-2094.996	-2250.728	155.7321	1.330903	0.742318	0.0252607	0.20997	0.0224513	1.291225	3.103712
24564	-2087.778	-2241.924	154.1453	1.106333	0.549788	0.18007	0.253514	0.0166283	1.065074	4.27568
24570	-2077.768	-2230.839	153.0712	1.245181	0.73914	0.112029	0.134489	0.0143414	1.135499	4.765803
24576	-2084.547	-2238.127	153.5801	1.245181	0.636841	0.12099	0.221932	0.0202362	1.257674	4.411647
24582	-2084.103	-2238.796	154.6928	1.245181	0.782619	0.114123	0.0733795	0.0298789	1.438672	3.673228
24588	-2086.176	-2240.977	154.8014	1.349701	0.782619	0.114123	0.0733795	0.0298789	1.284124	3.64437
24594	-2081.558	-2238.464	156.9055	0.9258314	0.585749	0.284573	0.109425	0.0202537	1.651279	2.404524
24600	-2086.286	-2242.678	156.3917	1.428351	0.717712	0.143067	0.117477	0.0217441	1.726511	2.379943
24606	-2082.301	-2238.73	156.4293	1.122561	0.8431	0.0576877	0.0837168	0.0154953	1.748287	2.519871
24612	-2079.17	-2235.601	156.431	1.040035	0.769008	0.052618	0.164241	0.0141336	1.773328	2.553432
24618	-2080.901	-2236.536	155.6352	1.506273	0.821933	0.0915932	0.0713671	0.0151063	1.733149	2.802665
24624	-2068.759	-2225.443	156.6842	1.397039	0.88834	0.0910795	0.00555899	0.0150215	1.596941	2.29393
24630	-2078.946	-2234.723	155.7762	1.574125	0.662706	0.279848	0.0415328	0.0159135	1.545234	2.796019
24636	-2095.484	-2252.303	156.8189	1.262264	0.72306	0.199521	0.0733523	0.00406655	1.73397	2.19778
24642	-2074.138	-2231.178	157.0403	1.42508	0.769598	0.212363	0.01371	0.00432828	1.690758	1.983987
24648	-2082.654	-2239.94	157.2857	0.9722839	0.695307	0.29086	0.00934314	0.00449007	1.532	2.207842
24654	-2074.073	-2230.486	156.4134	0.8998939	0.531507	0.454872	0.00919929	0.00442094	1.479309	2.83156
24660	-2080.47	-2236.402	155.9312	1.459272	0.765028	0.0986857	0.127102	0.00918445	1.430388	2.83156
24666	-2089.804	-2244.163	154.3584	1.199004	0.710233	0.0432406	0.217317	0.0292096	1.326383	3.955168
24672	-2086.582	-2241.317	154.7356	1.484693	0.776037	0.0541715	0.135951	0.0338407	1.162924	3.68354
24678	-2076.827	-2232.423	155.5965	1.115501	0.792152	0.0355427	0.157117	0.0151887	1.396679	3.241385
24684	-2072.314	-2228.23	155.9155	1.59884	0.900675	0.031629	0.0592978	0.00839788	1.502305	2.724472
24690	-2075.211	-2230.272	155.0609	1.369873	0.777424	0.111127	0.0847907	0.0266585	1.323616	3.45983
24696	-2084.024	-2239.208	155.1842	1.235132	0.771296	0.164437	0.0521537	0.0121124	1.323616	3.45983
24702	-2084.372	-2237.969	153.5969	1.197024	0.669772	0.281774	0.0452888	0.00316531	1.213372	4.452619
24708	-2086.201	-2241.185	154.9842	1.539128	0.709895	0.110122	0.028169	0.151814	1.318762	3.420951
24714	-2077.24	-2233.785	156.5455	1.278529	0.769956	0.100088	0.0877698	0.0421857	1.43104	2.553424
24720	-2089.778	-2243.302	153.5237	1.129885	0.797794	0.0505424	0.107953	0.0437109	1.203273	4.535524
24726	-2083.623	-2237.334	153.7105	0.9868449	0.739851	0.137514	0.100112	0.022523	1.157175	4.535524
24732	-2089.047	-2242.216	153.1688	1.480237	0.735062	0.170096	0.0774235	0.0174185	1.060661	4.634914
24738	-2098.275	-2250.416	152.1418	1.966236	0.713929	0.230932	0.0288147	0.0263237	1.088974	4.97251
24744	-2082.125	-2236.308	154.1827	1.758522	0.561001	0.357734	0.0495948	0.0316697	1.227962	3.833357
24750	-2083.984	-2240.334	156.3497	1.399041	0.831956	0.128621	0.0226282	0.0167947	1.530802	2.545341
24756	-2092.848	-2248.815	155.9668	1.133234	0.784523	0.0781838	0.0987246	0.0385686	1.530802	2.930126
24762	-2083.614	-2239.347	155.7325	1.564338	0.796947	0.102563	0.0458564	0.0546337	1.375893	2.930126
24768	-2089.985	-2245.519	155.5345	1.780623	0.836081	0.0473185	0.0411445	0.0754565	1.270493	3.005778
24774	-2089.582	-2244.097	154.5149	1.777008	0.728518	0.119367	0.0972967	0.054818	1.201116	3.648615
24780	-2084.326	-2237.41	153.0841	1.307615	0.699837	0.232706	0.0428967	0.0245612	1.166432	4.709153
24786	-2086.707	-2239.741	153.0337	1.545736	0.802825	0.0589618	0.110037	0.0281756	1.128902	4.640807
24792	-2073.885	-2228.106	154.2211	1.108804	0.758146	0.139967	0.0781909	0.0236969	1.282745	4.107721
24798	-2071.905	-2226.667	154.7622	1.240575	0.811565	0.0335516	0.118861	0.0360225	1.226848	3.757997
24804	-2069.493	-2223.878	154.3844	1.378061	0.741547	0.189477	0.0676984	0.00127808	1.341584	3.837185
24810	-2073.408	-2228.333	154.9247	1.083229	0.771115	0.197032	0.0305238	0.00132904	1.076965	3.837185
24816	-2071.182	-2226.143	154.9612	1.299116	0.737846	0.175621	0.0847362	0.00179734	1.295651	3.571644
24822	-2071.128	-2226.727	155.5988	1.580726	0.894641	0.0301457	0.0744353	0.000778117	1.479226	2.940085
24828	-2072.994	-2228.888	155.8939	1.528007	0.952951	0.0213189	0.024456	0.00127405	1.560846	2.738581
24834	-2079.503	-2235.554	156.051	1.366384	0.870872	0.0315688	0.0901199	0.0074393	1.367316	2.846998
24840	-2086.688	-2242.933	156.2449	1.366384	0.810409	0.0750124	0.111739	0.00283985	1.522314	2.633609
24846	-2091.117	-2246.144	155.0274	0.9196646	0.685518	0.121158	0.191135	0.00218787	1.140272	3.835743
24852	-2099.289	-2254	154.7113	1.15451	0.760988	0.16188	0.0750132	0.00211899	1.223982	3.835743
24858	-2094.542	-2249.242	154.6997	1.18374	0.696841	0.20855	0.086145	0.00846377	1.34524	3.756589
24864	-2090.875	-2246.342	155.4667	0.837601	0.667415	0.196725	0.107911	0.0279485	1.280589	3.549425
24870	-2083.945	-2237.891	153.9454	1.139646	0.679475	0.225317	0.0667544	0.0284536	1.179805	4.305695
24876	-2077.742	-2232.37	154.6279	1.25142	0.768329	0.0696572	0.0843764	0.0776374	0.9551884	3.985299
24882	-2076.948	-2228.675	151.7277	1.293683	0.817589	0.0796406	0.0710587	0.031712	0.8798671	5.625937
24888	-2084.9	-2234.655	149.7556	1.74646	0.805885	0.0872522	0.0700414	0.0368217	0.9124691	6.471302
24894	-2092.346	-2241.989	149.6429	1.74646	0.910442	0.0195176	0.0459066	0.0241337	0.9444123	6.515065
24900	-2084.224	-2236.502	152.2788	1.428436	0.834594	0.0379287	0.109947	0.0175298	1.038327	5.168147
24906	-2088.463	-2240.127	151.6638	1.612969	0.832846	0.0378493	0.109717	0.0195876	1.270948	5.29206
24912	-2083.065	-2235.071	152.0055	1.260104	0.714013	0.173679	0.0947207	0.0175869	1.163925	5.333839
24918	-2093.871	-2246.33	152.4592	1.056455	0.632252	0.268829	0.0813224	0.0175968	0.9047742	5.333839
24924	-2081.393	-2234.093	152.701	1.148965	0.650193	0.293052	0.032982	0.0237728	1.009172	5.092702
24930	-2094.791	-2248.474	153.6835	0.9537282	0.454661	0.32199	0.219031	0.00431888	1.02422	4.643977
24936	-2085.515	-2239.128	153.6131	1.064107	0.575639	0.389002	0.0301411	0.00521772	0.9845013	4.643977
24942	-2094.299	-2247.089	152.7896	0.9777063	0.526267	0.355638	0.0322817	0.0858132	1.076497	5.099482
24948	-2088.829	-2241.556	152.7269	1.23534	0.590366	0.363022	0.0248054	0.0218061	0.8893334	5.099482
24954	-2090.701	-2244.229	153.5284	1.03142	0.633589	0.286887	0.0684125	0.0111115	1.150941	4.616291
24960	-2087.26	-2239.981	152.7209	0.9619854	0.590829	0.248243	0.151314	0.00961474	1.003169	5.186933
24966	-2084.039	-2237.357	153.318	1.392591	0.61671	0.235846	0.143758	0.00368566	1.030693	4.611239
24972	-2080.01	-2235.114	155.1035	0.9365621	0.703128	0.268895	0.0260135	0.00196373	1.277253	3.702955
24978	-2073.068	-2228.705	155.6373	1.192372	0.626008	0.32087	0.041702	0.0114192	1.319085	3.219662
24984	-2070.584	-2225.916	155.3311	1.262451	0.760182	0.184087	0.0339194	0.0218113	1.310172	3.366739
24990	-2073.485	-2225.653	152.1673	1.135455	0.69877	0.04203	0.246046	0.0131548	1.103758	5.342678
24996	-2080.527	-2232.214	151.6865	1.635617	0.749966	0.0206	0.222987	0.00644748	1.137717	5.342678
25002	-2085.096	-2237.391	152.2946	1.077724	0.652192	0.285841	0.0527808	0.00918637	1.032448	5.342678
25008	-2086.455	-2237.58	151.1249	1.118908	0.501018	0.468687	0.0253143	0.00498052	0.9818833	5.989981
25014	-2070.475	-2226.115	155.6396	0.921027	0.49888	0.466687	0.0304574	0.0039754	1.334825	3.366412
25020	-2078.011	-2233.364	155.3526	1.344149	0.647091	0.28368	0.0428859	0.0263424	1.261152	3.339013
25026	-2077.153	-2232.166	155.0131	0.9690101	0.649174	0.284593	0.0638496	0.00238293	1.101235	3.837578
25032	-2083.34	-2237.61	154.2704	0.9836321	0.571028	0.250335	0.176648	0.00198966	1.134061	4.234357
25038	-2078.388	-2232.56	154.1724	0.9836321	0.576481	0.294549	0.126629	0.00234107	1.16331	4.273327
25044	-2085.98	-2242.154	156.1737	1.187211	0.593953	0.342045	0.0600731	0.0039291	1.41618	2.843157
25050	-2088.828	-2243.735	154.9071	0.9224878	0.638842	0.26331	0.0646132	0.0332347	1.173652	3.884021
25056	-2096.113	-2251.496	155.3827	0.9224878	0.435013	0.414741	0.109278	0.0409672	1.292491	3.540477
25062	-2096.613	-2251.784	155.1705	0.9463479	0.441433	0.398935	0.105114	0.0545176	1.180704	3.714272
25068	-2076.679	-2229.805	153.1264	1.543969	0.552451	0.288728	0.0790802	0.0797405	1.151902	4.57677
25074	-2070.879	-2224.98	154.101	1.822372	0.764614	0.140569	0.075146	0.0196712	1.151705	3.894951
25080	-2078.372	-2232.654	154.2824	1.45607	0.848199	0.0700126	0.0577567	0.0240314	1.274079	3.894951
25086	-2095.261	-2249.218	153.9575	1.460466	0.861437	0.0554988	0.0586581	0.0244064	1.294835	4.06667
25092	-2087.857	-2241.918	154.0615	1.276692	0.731804	0.0785692	0.160456	0.029171	1.249677	4.127013
25098	-2075.041	-2229.133	154.0925	1.36927	0.718746	0.222266	0.0314143	0.0275737	1.145605	4.120688
25104	-2083.077	-2236.632	153.5548	1.36927	0.559887	0.302501	0.0990021	0.0386101	1.232126	4.376405
25110	-2089.06	-2242.687	153.6278	1.365347	0.809452	0.176829	0.00324508	0.0104739	1.087208	4.418934
25116	-2097.679	-2251.094	153.4151	1.284308	0.46358	0.415527	0.0623807	0.0585117	1.163759	4.537064
25122	-2092.908	-2245.707	152.7996	1.239741	0.598479	0.267161	0.0973279	0.0370319	0.9124946	5.044024
25128	-2087.769	-2239.507	151.7378	1.244475	0.752318	0.100342	0.100789	0.0465509	0.8467045	5.663549
25134	-2086.038	-2237.691	151.6537	2.548384	0.762353	0.120208	0.102133	0.0153048	0.9670254	5.083166
25140	-2083.327	-2236.184	152.8563	2.0458	0.75988	0.122062	0.0759968	0.0420614	1.143446	4.509268
25146	-2087.979	-2243.103	155.1235	1.533744	0.859559	0.0524394	0.0404228	0.0475789	1.335133	3.332326
25152	-2084.958	-2240.994	156.0364	1.363055	0.837329	0.0558163	0.0770451	0.0298094	1.411077	2.83113
25158	-2076.437	-2231.566	155.1299	1.752626	0.837936	0.0502716	0.0849437	0.0268482	1.383646	3.192905
25164	-2069.637	-2224.984	155.3477	1.330037	0.846894	0.0958752	0.0424869	0.0147444	1.238634	3.362656
25170	-2071.741	-2228.084	156.3431	1.53924	0.839486	0.0874113	0.0634495	0.00965298	1.421497	2.541508
25176	-2073.686	-2230.174	156.4879	1.291349	0.861684	0.0753231	0.054675	0.00831806	1.526118	2.522776
25182	-2087.741	-2242.411	154.6695	1.284123	0.794523	0.123166	0.0635685	0.0187426	1.466121	3.649961
25188	-2096.092	-2251.489	155.3971	1.482246	0.564898	0.293476	0.119865	0.0217606	1.405024	3.155474
25194	-2082.493	-2237.826	155.3336	1.391718	0.608627	0.300559	0.0252341	0.0655796	1.26496	3.322868
25200	-2082.215	-2236.239	154.024	1.722662	0.782691	0.0890866	0.0371982	0.0910243	1.149236	3.986031
25206	-2083.334	-2237.555	154.2211	1.236055	0.804456	0.0327062	0.160195	0.00264334	1.375012	3.986031
25212	-2070.662	-2224.135	153.4737	1.41082	0.63842	0.289736	0.0661558	0.00568808	1.102652	4.474231
25218	-2074.952	-2229.289	154.3374	1.400578	0.522974	0.454496	0.0181776	0.00435184	1.271269	3.893052
25224	-2081.936	-2234.754	152.8177	0.9871171	0.562286	0.410768	0.0214397	0.00550675	0.9138944	5.168739
25230	-2079.614	-2234.699	155.085	1.419182	0.869987	0.0815308	0.0389693	0.00951345	1.126826	3.535007
25236	-2095.233	-2249.634	154.401	1.644944	0.633601	0.265053	0.0920572	0.00928927	1.264076	3.740096
25242	-2090.691	-2244.949	154.2581	1.644944	0.825211	0.0831426	0.0849172	0.00672883	1.044055	3.948667
25248	-2084.807	-2238.098	153.2909	1.199476	0.651021	0.259813	0.0280959	0.0610697	1.044055	4.718044
25254	-2087.126	-2240.923	153.7961	1.528482	0.705965	0.251972	0.0304671	0.0115962	1.160872	4.201225
25260	-2087.754	-2241.58	153.8265	1.576427	0.764164	0.156862	0.0625393	0.0164351	1.023582	4.23878
25266	-2083.817	-2238.667	154.8491	1.497681	0.759182	0.0806032	0.116379	0.0438358	1.175803	3.603798
25272	-2084.08	-2238.946	154.8659	1.101539	0.650498	0.245148	0.0997182	0.00463556	1.184902	3.798681
25278	-2077.921	-2232.78	154.8596	1.590638	0.809317	0.0648182	0.124064	0.00179997	1.226515	3.522152
25284	-2084.214	-2237.462	153.248	1.527079	0.733043	0.0612335	0.202709	0.00301443	1.061231	4.567521
25290	-2082.631	-2235.588	152.9573	1.178769	0.736274	0.0489209	0.21215	0.00265525	1.342827	4.748473
25296	-2072.851	-2227.535	154.6842	1.178769	0.810876	0.0993781	0.0879166	0.00182889	1.16643	3.871108
25302	-2080.951	-2235.174	154.223	1.575001	0.81903	0.13126	0.042382	0.00732816	1.227058	3.897393
25308	-2101.467	-2254.691	153.2241	1.575001	0.915369	0.0251954	0.0473671	0.0120684	1.21081	4.473946
25314	-2091.475	-2246.606	155.1314	1.234637	0.70059	0.256287	0.0371845	0.00593815	1.145104	3.594834
25320	-2089.579	-2243.86	154.281	1.387101	0.839523	0.0757104	0.0733524	0.0114145	1.218965	3.962209
25326	-2091.471	-2245.558	154.0866	1.176162	0.708408	0.171131	0.111372	0.00908956	1.185846	4.202531
25332	-2094.214	-2245.117	150.9029	1.447099	0.761678	0.214347	0.0117014	0.0122735	1.035261	5.917084
25338	-2095.329	-2244.858	149.5294	1.405462	0.792263	0.119454	0.0814426	0.00683994	0.7456968	6.839439
25344	-2097.403	-2253.005	155.6023	1.445721	0.716306	0.142474	0.14007	0.00115044	1.306891	3.11072
25350	-2091.859	-2246.42	154.5605	1.23467	0.704315	0.223329	0.0691205	0.00323536	1.261782	3.857162
25356	-2082.486	-2237.871	155.3849	1.122588	0.753251	0.169366	0.0739229	0.00346015	1.20963	3.471579
25362	-2077.954	-2231.233	153.2787	1.277638	0.731017	0.184627	0.0805838	0.00377192	1.071827	4.668562
25368	-2078.562	-2231.556	152.9943	1.277638	0.681207	0.237243	0.0619333	0.0196174	1.126281	4.797103
25374	-2089.082	-2242.221	153.1393	1.227817	0.787041	0.173279	0.0258658	0.0138136	1.027549	4.797103
25380	-2087.432	-2239.182	151.7492	1.414998	0.647582	0.316052	0.0212826	0.0150829	1.032553	5.470148
25386	-2086.968	-2239.029	152.0607	1.37195	0.725572	0.241535	0.0238457	0.00904674	1.06377	5.302424
25392	-2076.748	-2229.476	152.7276	0.9459663	0.535778	0.418072	0.039469	0.00668031	1.097471	5.139963
25398	-2088.741	-2240.434	151.6936	1.878093	0.920554	0.0221075	0.0289752	0.0283633	1.018547	5.29723
25404	-2091.399	-2244.188	152.7891	1.906081	0.869877	0.0759408	0.0273801	0.0268019	1.078359	4.642819
25410	-2087.899	-2240.567	152.6684	1.338399	0.671574	0.188567	0.135698	0.00416059	1.087974	4.969071
25416	-2081.843	-2234.477	152.6332	1.380531	0.610517	0.239268	0.144765	0.00545124	1.085272	4.969071
25422	-2077.629	-2230.232	152.6029	1.380531	0.772754	0.210828	0.0139904	0.00242726	1.1156	4.969071
25428	-2072.651	-2227.976	155.3245	1.230485	0.688325	0.297051	0.0124618	0.00216207	1.177768	3.465599
25434	-2072.588	-2227.032	154.4449	1.512556	0.795256	0.193995	0.0100134	0.000735911	1.206537	3.812245
25440	-2076.056	-2231.346	155.2897	1.300636	0.792674	0.181049	0.00758331	0.0186931	1.254648	3.403019
25446	-2077.091	-2232.545	155.4545	1.045339	0.678538	0.217069	0.0993321	0.00506085	1.258699	3.44632
25452	-2081.05	-2236.68	155.6301	1.176914	0.885613	0.0605766	0.0467179	0.00709281	1.225145	3.288066
25458	-2083.008	-2237.584	154.5762	1.285306	0.80169	0.0548362	0.137053	0.00642068	1.250727	3.827509
25464	-2076.178	-2228.789	152.611	1.235866	0.690647	0.205491	0.0871199	0.0167416	1.083446	5.055831
25470	-2090.102	-2242.094	151.9922	1.108674	0.601514	0.261876	0.126545	0.0100651	1.175365	5.414006
25476	-2084.322	-2238.455	154.1327	1.650696	0.738712	0.105821	0.147448	0.00801841	1.48873	3.762514
25482	-2095.36	-2249.172	153.8122	1.13815	0.612039	0.35271	0.0274709	0.00777994	1.047521	4.456327
25488	-2073.104	-2226.912	153.8087	1.427689	0.772513	0.206652	0.019564	0.00127149	1.225394	4.207118
25494	-2081.715	-2235.64	153.9244	1.201201	0.696738	0.292209	0.0107142	0.000339265	1.316183	4.207118
25500	-2076.303	-2228.794	152.4912	1.404797	0.773577	0.125713	0.100434	0.000275719	1.18536	4.980407
25506	-2083.973	-2235.645	151.6718	1.232261	0.517051	0.31015	0.172549	0.000250592	1.159605	5.534232
25512	-2088.056	-2240.162	152.1056	1.186818	0.563821	0.320676	0.115243	0.000259097	1.205956	5.29326
25518	-2081.621	-2234.941	153.3201	1.669296	0.77963	0.150864	0.0666906	0.00281569	1.108827	4.433139
25524	-2078.554	-2233.067	154.5131	1.158183	0.425671	0.451076	0.118422	0.00483073	1.375019	3.860837
25530	-2094.579	-2248.411	153.8313	0.9243164	0.420856	0.503261	0.070493	0.00538959	1.463046	4.330693
25536	-2088.49	-2241.996	153.5066	0.9243164	0.784265	0.105572	0.102083	0.00807952	1.290937	4.610378
25542	-2073.396	-2228.808	155.4123	1.007928	0.625283	0.277076	0.0955289	0.00211206	1.653528	3.260889
25548	-2074.35	-2230.214	155.8644	1.255236	0.829724	0.128859	0.0408852	0.000531803	1.560911	2.904179
25554	-2073.445	-2229.111	155.6662	1.290788	0.716765	0.19647	0.0864585	0.000305926	1.549129	3.010806
25560	-2071.153	-2226.657	155.5049	1.113826	0.600983	0.261485	0.136301	0.00123122	1.678642	3.12943
25566	-2079.887	-2236.472	156.5853	1.065129	0.773091	0.104796	0.120916	0.00119617	1.820201	2.41202
25572	-2079.544	-2235.447	155.9027	1.026442	0.747969	0.127812	0.12148	0.00273919	1.610854	2.983358
25578	-2082.974	-2239.007	156.0333	1.026442	0.774672	0.150892	0.0680921	0.00634462	1.298359	3.092223
25584	-2081.017	-2237.45	156.4337	1.124686	0.69623	0.236871	0.0611972	0.00570217	1.682125	2.557072
25590	-2077.005	-2232.121	155.1158	1.131594	0.66086	0.263712	0.0681317	0.00729633	1.452736	3.481682
25596	-2075.559	-2231.441	155.8818	1.327566	0.749654	0.203597	0.0422476	0.00450098	1.605642	2.826347
25602	-2078.204	-2234.831	156.6272	1.255868	0.745977	0.200419	0.0494559	0.00414858	1.605642	2.40605
25608	-2078.815	-2235.092	156.2767	1.210531	0.723491	0.237838	0.0344451	0.0042262	1.59509	2.657404
25614	-2073.44	-2230.828	157.3882	1.425264	0.861844	0.0485693	0.0867619	0.00282439	1.724894	1.722089
25620	-2070.41	-2227.61	157.2008	1.001557	0.677152	0.14454	0.161581	0.0167268	1.724894	2.118523
25626	-2079.781	-2237.117	157.336	1.069628	0.733973	0.156669	0.0963174	0.0130406	1.612728	2.059054
25632	-2077.407	-2234.871	157.4642	1.398224	0.801616	0.170477	0.0151244	0.012783	1.767308	1.654968
25638	-2075.326	-2232.697	157.3711	1.256603	0.741616	0.157717	0.0852777	0.0153898	1.79147	1.794079
25644	-2079.674	-2236.531	156.8573	1.355406	0.608424	0.226509	0.152441	0.0126259	1.691684	2.145082
25650	-2073.021	-2230.117	157.0956	1.512349	0.768169	0.122403	0.103883	0.00554556	1.676455	1.905236
25656	-2077.18	-2234.144	156.9639	1.064103	0.624188	0.272193	0.094379	0.00923961	1.711526	2.240728
25662	-2073.84	-2230.778	156.9377	1.242093	0.76152	0.162378	0.0697947	0.00630787	1.711526	2.147411
25668	-2073.11	-2229.393	156.2824	1.460993	0.659964	0.276857	0.0579429	0.00523673	1.668305	2.467402
25674	-2084.333	-2241.052	156.7192	1.248946	0.72388	0.180709	0.0865428	0.0088684	1.780434	2.240124
25680	-2093.143	-2245.106	151.9632	1.55974	0.787683	0.0253165	0.168206	0.0187943	1.213941	5.182863
25686	-2093.783	-2247.718	153.9353	1.362684	0.748059	0.0762613	0.120033	0.0556467	1.062237	4.260634
25692	-2096.974	-2252.545	155.5715	1.151064	0.687712	0.156774	0.142157	0.0133574	1.546156	3.147326
25698	-2070.366	-2226.556	156.1901	1.151064	0.714658	0.159774	0.105635	0.0199329	1.648029	2.712782
25704	-2071.566	-2227.84	156.2741	1.205596	0.764627	0.170945	0.0431014	0.0213266	1.458375	2.745772
25710	-2072.432	-2227.854	155.4225	1.092763	0.664965	0.262294	0.0374836	0.0352575	1.253941	3.440582
25716	-2077.207	-2230.399	153.192	1.092763	0.745624	0.1099	0.11599	0.0284853	1.155527	4.76822
25722	-2095.197	-2250.915	155.7179	1.092763	0.805059	0.115122	0.0499805	0.0298388	1.370936	3.197826
25728	-2087.857	-2243.942	156.0852	1.017446	0.78228	0.107641	0.0417304	0.0683482	1.28537	3.074356
25734	-2086.236	-2241.726	155.4906	1.067159	0.716205	0.179027	0.0733485	0.0314193	1.093165	3.509353
25740	-2079.143	-2232.22	153.0763	1.318311	0.741428	0.128961	0.0856513	0.0439589	1.079881	4.756429
25746	-2088.76	-2241.37	152.6102	1.356425	0.608134	0.119529	0.179527	0.0928098	1.105271	4.982754
25752	-2080.878	-2233.32	152.442	1.512561	0.730476	0.0504152	0.138638	0.0804714	1.123345	4.989901
25758	-2103.478	-2257.607	154.1296	0.9672967	0.60328	0.214287	0.129962	0.0524709	1.21061	4.280084
25764	-2105.34	-2258.153	152.8135	1.349883	0.692038	0.118156	0.164235	0.0255711	1.181644	4.830358
25770	-2101.614	-2256.982	155.3684	0.9205984	0.764776	0.226923	0.00625912	0.00204216	1.303791	3.543359
25776	-2103.834	-2258.036	154.2013	1.557836	0.586879	0.397307	0.0109588	0.00485505	1.27988	3.88786
25782	-2098.648	-2253.808	155.1601	1.218371	0.653848	0.293908	0.0267682	0.0254756	1.219478	3.543783
25788	-2104.431	-2258.499	154.068	1.028691	0.691252	0.215308	0.0722019	0.0212375	1.349141	4.201687
25794	-2095.79	-2250.465	154.6755	1.238864	0.767488	0.159494	0.0498456	0.0231724	1.28468	3.775554
25800	-2093.279	-2249.262	155.9825	0.9970073	0.559401	0.303269	0.0764658	0.0608645	1.483629	3.029379
25806	-2088.849	-2244.251	155.4019	1.483671	0.565461	0.295721	0.0772941	0.0615239	1.355895	3.181053
25812	-2095.671	-2251.804	156.1328	1.216218	0.768712	0.068204	0.0594233	0.103661	1.545903	2.77249
25818	-2096.751	-2252.582	155.8306	1.281238	0.76323	0.0377551	0.0980139	0.101001	1.448864	2.977549
25824	-2102.676	-2255.742	153.0662	1.451256	0.604289	0.3045	0.0747526	0.0164577	1.156352	4.652933
25830	-2094.496	-2247.892	153.3957	1.18268	0.617862	0.31134	0.0539709	0.0168274	1.071556	4.652933
25836	-2090.843	-2244.583	153.7402	1.18268	0.581484	0.333568	0.0702824	0.0146652	1.283245	4.340012
25842	-2098.297	-2252.68	154.3832	1.261651	0.757978	0.131291	0.0916147	0.0191164	1.208875	3.974751
25848	-2091.812	-2247.259	155.4471	1.507302	0.703417	0.0963487	0.169981	0.0302538	1.218883	3.22337
25854	-2098.997	-2255.122	156.1247	1.387033	0.615305	0.116723	0.208725	0.059247	1.410931	2.764422
25860	-2083.416	-2238.53	155.1145	1.482175	0.657524	0.134004	0.191855	0.0166169	1.374183	3.340749
25866	-2084.841	-2240.723	155.8817	1.061856	0.674849	0.111186	0.19691	0.0170547	1.209773	3.214159
25872	-2094.895	-2251.959	157.0643	1.029382	0.715356	0.165877	0.0950954	0.0236712	1.454914	2.362367
25878	-2098.653	-2254.661	156.008	1.307656	0.670683	0.244077	0.0638688	0.021371	1.3312	2.927005
25884	-2084.636	-2241.46	156.8245	1.335283	0.761055	0.110496	0.114083	0.0143664	1.655165	2.201916
25890	-2072.576	-2229.385	156.8092	1.335283	0.728424	0.105759	0.157303	0.00851497	1.575163	2.263304
25896	-2082.326	-2238.559	156.2328	1.335283	0.701035	0.137206	0.0603616	0.101397	1.397602	2.734907
25902	-2079.146	-2235.81	156.664	1.758931	0.887489	0.00527866	0.0361174	0.0711147	1.427439	2.21962
25908	-2080.254	-2234.115	153.8618	1.670548	0.887489	0.00527866	0.0361174	0.0711147	1.101022	4.130278
25914	-2077.122	-2231.661	154.5388	1.644611	0.839476	0.0171306	0.116554	0.0268397	1.292017	3.644407
25920	-2080.733	-2236.019	155.2866	1.688788	0.839962	0.0190148	0.114168	0.0268553	1.309233	3.174719
25926	-2076.597	-2230.663	154.0663	1.255674	0.788455	0.0942004	0.107167	0.0101782	1.325803	4.092003
25932	-2083.903	-2240.128	156.2251	1.413878	0.744042	0.214002	0.01701	0.0249469	1.332085	2.736684
25938	-2079.696	-2234.268	154.5716	1.427762	0.70564	0.252022	0.0306132	0.0117245	1.241088	3.761898
25944	-2082.794	-2238.121	155.3269	1.330019	0.672012	0.277346	0.0412633	0.00937788	1.2481	3.369311
25950	-2090.884	-2247.466	156.5823	1.036929	0.63126	0.309385	0.04603	0.0133248	1.496645	2.633015
25956	-2104.032	-2259.634	155.6027	2.174692	0.694512	0.128562	0.159287	0.0176387	1.517396	2.633015
25962	-2093.774	-2248.014	154.2392	2.17937	0.750294	0.114648	0.116143	0.0189151	1.496665	3.460035
25968	-2088.51	-2242.954	154.4441	1.365787	0.799038	0.0860572	0.1046	0.0103051	1.495584	3.720394
25974	-2090.578	-2248.155	157.5772	1.088389	0.669685	0.240674	0.0805801	0.00906054	1.626419	1.87586
25980	-2084.68	-2240.015	155.335	1.493701	0.57179	0.111927	0.269138	0.047145	1.387067	3.197084
25986	-2090.183	-2247.11	156.9261	1.131711	0.655854	0.183644	0.0831497	0.0773527	1.551693	2.325127
25992	-2092.823	-2246.267	153.4443	1.374239	0.671288	0.157114	0.170151	0.00144781	1.16391	4.474652
25998	-2094.336	-2247.517	153.1808	1.651336	0.815254	0.0851081	0.0935534	0.00608464	1.189121	4.474652
26004	-2092.74	-2250.064	157.3244	1.646757	0.639174	0.263137	0.0745878	0.0231011	1.71242	1.641816
26010	-2086.989	-2244.676	157.6865	0.9795694	0.539049	0.302652	0.138647	0.0196523	1.728486	1.80473
26016	-2088.547	-2246.047	157.5003	1.412201	0.775182	0.145227	0.0191841	0.0604073	1.712181	1.659692
26022	-2088.319	-2245.817	157.4988	1.301306	0.82094	0.135728	0.0203165	0.0230153	1.621208	1.795038
26028	-2084.84	-2241.34	156.4994	1.121891	0.661295	0.318003	0.00216279	0.0185396	1.32683	2.737212
26034	-2083.951	-2238.821	154.8703	1.592284	0.726186	0.223518	0.00487345	0.0454226	1.427051	3.39788
26040	-2075.516	-2231.328	155.8129	1.055061	0.675145	0.257747	0.0192903	0.0478179	1.181412	3.275576
26046	-2072.149	-2226.774	154.6248	1.426148	0.65934	0.251713	0.0422486	0.0466985	1.384368	3.649102
26052	-2074.539	-2229.29	154.7513	1.738718	0.667818	0.210607	0.0571165	0.0644588	1.578687	3.307963
26058	-2083.9	-2237.408	153.5086	1.409489	0.843826	0.0862571	0.0275929	0.0423243	1.357748	4.311277
26064	-2089.991	-2246.53	156.5393	1.287857	0.686693	0.254194	0.0218101	0.0373034	1.408657	2.56584
26070	-2089.574	-2246.096	156.5222	1.57213	0.658617	0.281702	0.0239033	0.0357782	1.610181	2.292013
26076	-2085.797	-2243.352	157.5557	0.9952752	0.694112	0.11012	0.169436	0.0263311	1.467667	2.05841
26082	-2094.26	-2247.194	152.9336	1.130828	0.448621	0.535957	0.00455243	0.0108689	1.31431	4.803276
26088	-2087.221	-2242.089	154.868	0.9807796	0.667732	0.325469	0.00276454	0.00403477	1.160702	3.879998
26094	-2093.942	-2247.456	153.5137	0.9748288	0.542102	0.441453	0.00238625	0.0140593	1.138752	4.662997
26100	-2091.944	-2245.187	153.243	1.226957	0.717396	0.206465	0.0320303	0.044109	1.182453	4.65296
26106	-2096.724	-2250.785	154.0607	1.225295	0.653331	0.142876	0.157596	0.046197	1.293064	4.12999
26112	-2085.122	-2239.001	153.8786	1.192171	0.739736	0.0982162	0.111679	0.0503691	1.038849	4.394789
26118	-2075.849	-2229.068	153.219	1.197706	0.763459	0.102495	0.108509	0.0255374	1.050791	4.755413
26124	-2078.633	-2231.842	153.2093	1.097485	0.753903	0.117392	0.112164	0.0165413	1.156557	4.755413
26130	-2073.266	-2225.582	152.3158	1.352521	0.721425	0.0614743	0.209584	0.00751635	1.073967	5.165372
26136	-2075.407	-2230.521	155.1136	1.549825	0.79944	0.078711	0.0885041	0.0333445	1.238923	3.386566
26142	-2074.674	-2229.938	155.2639	1.427408	0.842586	0.11008	0.0227431	0.0245904	1.34304	3.299289
26148	-2069.689	-2224.1	154.4116	1.543322	0.843857	0.138406	0.00541607	0.0123214	1.483063	3.656671
26154	-2067.558	-2218.065	150.5073	1.537407	0.797566	0.18567	0.00511897	0.0116455	1.098312	6.055967
26160	-2079.993	-2231.563	151.5709	1.243175	0.636754	0.223331	0.0969931	0.0429219	1.038648	5.650482
26166	-2083.124	-2234.537	151.413	1.149129	0.772949	0.12845	0.0835804	0.0150205	1.285293	5.650482
26172	-2097.865	-2247.973	150.1078	1.658816	0.847337	0.0813299	0.0702393	0.00109407	1.061248	6.238166
26178	-2093.855	-2245.494	151.6393	1.658816	0.586086	0.398398	0.0147705	0.000745972	1.008677	5.429256
26184	-2091.698	-2245.075	153.3776	1.329533	0.728322	0.253688	0.0167176	0.00127311	1.081855	4.580906
26190	-2079.971	-2233.107	153.1358	0.9393229	0.627572	0.300793	0.0714621	0.000172409	1.226675	4.8451
26196	-2077.489	-2229.625	152.1355	1.756113	0.827158	0.0784259	0.0941891	0.00022724	1.219763	4.994291
26202	-2081.538	-2235.932	154.3941	1.352317	0.748211	0.135031	0.116329	0.000430009	1.178188	3.938638
26208	-2075.277	-2231.521	156.2446	1.038157	0.69668	0.165747	0.137173	0.000400393	1.303569	2.955588
26214	-2091.442	-2246.542	155.1004	1.108648	0.806033	0.0941025	0.098785	0.00107978	1.563264	3.439068
26220	-2090.793	-2246.182	155.3889	1.42533	0.68387	0.210422	0.105255	0.000452972	1.403039	3.191004
26226	-2081.744	-2237.285	155.5416	1.522393	0.682938	0.210136	0.105112	0.00181418	1.379412	3.064003
26232	-2089.611	-2245.271	155.6602	1.522393	0.852738	0.0969172	0.0490886	0.00125652	1.250206	3.070341
26238	-2085.172	-2240.446	155.2741	1.226544	0.761976	0.180286	0.0564115	0.00132684	1.246581	3.457008
26244	-2084.999	-2236.851	151.8523	1.195962	0.696091	0.103731	0.185554	0.0146239	1.010339	5.535798
26250	-2075.865	-2228.903	153.0384	1.659183	0.649522	0.240802	0.0971156	0.0125601	1.291129	4.493749
26256	-2076.051	-2228.376	152.3246	1.205717	0.717864	0.2074	0.0593501	0.0153867	1.184407	5.174224
26262	-2072.345	-2226.69	154.3455	1.750843	0.775733	0.161894	0.0552118	0.00716108	1.22664	3.743932
26268	-2071.365	-2225.111	153.7465	1.398556	0.600002	0.337457	0.0427044	0.0198365	1.004861	4.381727
26274	-2085.261	-2239.258	153.9964	1.141703	0.771948	0.0906675	0.111864	0.0255212	1.235539	4.244128
26280	-2080.146	-2232.062	151.916	1.45059	0.694203	0.232238	0.0690007	0.00455809	1.168241	5.286138
26286	-2081.462	-2235.374	153.9124	1.038685	0.635612	0.237668	0.0942854	0.0324345	1.088838	4.431262
26292	-2089.404	-2242.478	153.0739	1.148469	0.709815	0.148672	0.105292	0.036221	1.031092	4.873504
26298	-2089.201	-2242.611	153.4103	1.290413	0.761827	0.0186592	0.140416	0.0790975	0.9264829	4.66969
26304	-2093.234	-2244.898	151.6643	1.638644	0.722333	0.108552	0.0777376	0.0913769	1.100668	5.373964
26310	-2088.334	-2240.942	152.6081	0.9250819	0.770181	0.18672	0.00856898	0.0345298	0.8327994	5.364027
26316	-2088.25	-2240.776	152.5257	1.521622	0.861307	0.0422597	0.0676154	0.028818	0.9445277	5.038403
26322	-2080.852	-2234.011	153.1582	1.473213	0.75034	0.156012	0.0464051	0.0472433	1.034227	4.659038
26328	-2085.64	-2239.18	153.5402	1.298633	0.707564	0.245192	0.00302203	0.0442213	1.172038	4.454632
26334	-2078.766	-2232.221	153.4549	1.136493	0.560182	0.308408	0.0943649	0.037045	1.181551	4.582753
26340	-2087.233	-2239.269	152.0357	1.136493	0.668214	0.275124	0.0236152	0.0330471	1.020439	5.460536
26346	-2088.61	-2242.23	153.6202	1.190696	0.719212	0.219178	0.0260407	0.0355692	1.33858	4.372231
26352	-2092.678	-2246.501	153.8221	1.635683	0.586648	0.370684	0.038095	0.00457292	1.12448	4.155847
26358	-2092.556	-2245.554	152.9983	1.083648	0.708291	0.22677	0.0579788	0.00695978	1.052439	4.93862
26364	-2095.037	-2246.183	151.1463	0.9780664	0.585756	0.237007	0.110245	0.0669917	0.9651388	6.063181
26370	-2086.796	-2237.582	150.786	1.233519	0.466046	0.384103	0.0965509	0.0533007	1.005996	6.10222
26376	-2087.493	-2240.155	152.6618	1.648312	0.840144	0.100686	0.00925791	0.0499126	1.00643	4.868992
26382	-2095.403	-2247.769	152.3667	1.944582	0.782312	0.148424	0.0167092	0.0525549	1.066516	4.868992
26388	-2094.763	-2247.769	153.0058	1.757233	0.795432	0.106102	0.052478	0.0459876	1.1072	4.570676
26394	-2085.644	-2238.813	153.1687	1.472816	0.761352	0.110225	0.0546998	0.0737229	1.18174	4.570676
26400	-2085.777	-2239.232	153.4559	1.472816	0.776518	0.0405687	0.15339	0.029523	1.103537	4.453154
26406	-2081.654	-2236.243	154.5896	1.403638	0.584834	0.246421	0.115526	0.0532191	1.19673	3.78937
26412	-2072.4	-2224.698	152.2974	1.386549	0.740978	0.093533	0.135058	0.0304309	1.059873	5.166467
26418	-2068.494	-2220.707	152.2132	1.519178	0.771644	0.032406	0.140648	0.0553017	1.087518	5.133549
26424	-2081.051	-2232.075	151.0241	1.519178	0.864005	0.015143	0.0950101	0.0258419	1.018185	5.826072
26430	-2077.021	-2229.714	152.6933	1.210634	0.854879	0.00370559	0.13701	0.00440594	1.088775	5.020294
26436	-2096.498	-2250.932	154.4342	1.513189	0.686772	0.00230576	0.205655	0.105267	1.172062	3.837924
26442	-2085.644	-2238.034	152.3904	1.002868	0.70283	0.0978861	0.197704	0.00157955	0.9027685	5.402169
26448	-2073.134	-2225.077	151.9427	1.251509	0.808892	0.0167084	0.169723	0.004676	0.8651928	5.537302
26454	-2069.515	-2223.212	153.6968	1.412056	0.679026	0.249477	0.0498228	0.021675	1.132255	4.331057
26460	-2078.043	-2233.883	155.8406	1.210012	0.72555	0.176636	0.0746548	0.0231601	1.26916	3.118728
26466	-2079.248	-2233.591	154.3433	1.332879	0.669358	0.131269	0.195409	0.00396401	1.163248	3.986341
26472	-2075.655	-2230.085	154.4295	1.075605	0.823546	0.0876006	0.0737618	0.0150913	1.11576	4.102546
26478	-2081.515	-2235.754	154.2392	1.107324	0.61754	0.224499	0.111989	0.045972	1.210005	4.139635
26484	-2080.023	-2234.742	154.7192	1.300991	0.676295	0.236178	0.038178	0.0493487	1.194003	3.769534
26490	-2087.768	-2241.954	154.1854	1.853045	0.816069	0.0624437	0.0529913	0.0684962	1.261361	3.769534
26496	-2097.098	-2251.711	154.6127	1.416558	0.782384	0.0610254	0.0804231	0.0761672	1.196611	3.769534
26502	-2096.29	-2250.673	154.3828	1.416558	0.671175	0.0821703	0.203335	0.0433198	1.196611	3.90169
26508	-2089.245	-2243.213	153.968	1.944321	0.796561	0.0232733	0.156773	0.0233923	1.14558	3.920553
26514	-2093.659	-2250.124	156.4648	1.011759	0.827269	0.0259281	0.13748	0.00932265	1.306489	2.836548
26520	-2092.034	-2247.074	155.0399	1.576257	0.785953	0.0321299	0.170365	0.0115526	1.303189	3.379001
26526	-2100.481	-2255.849	155.3688	1.047679	0.758341	0.0310011	0.164379	0.0462787	1.497569	3.355185
26532	-2089.844	-2243.168	153.3235	0.885619	0.523452	0.306678	0.16235	0.00751991	1.146647	4.815707
26538	-2085.343	-2238.359	153.0163	0.948927	0.510484	0.311658	0.170164	0.00769449	1.037049	5.011739
26544	-2082.482	-2234.564	152.0812	1.134108	0.551353	0.285638	0.155957	0.00705208	1.056765	5.416781
26550	-2087.211	-2244.651	157.44	1.471044	0.805602	0.0519259	0.114036	0.028436	1.714711	1.66412
26556	-2079.629	-2237.095	157.4656	1.539834	0.753246	0.0784748	0.160911	0.00736839	1.873176	1.485769
26562	-2081.278	-2238.892	157.6136	1.081864	0.710039	0.100575	0.162079	0.0273072	1.873176	1.683292
26568	-2074.383	-2230.364	155.9806	1.629429	0.720529	0.0798709	0.154534	0.0450666	1.807018	2.479788
26574	-2071.226	-2228.339	157.1132	1.097931	0.746473	0.0699371	0.160098	0.0234922	1.81319	2.055567
26580	-2072.45	-2229.199	156.7492	1.400232	0.821707	0.0654729	0.0869603	0.0258598	1.626725	2.23128
26586	-2076.658	-2234.085	157.4275	1.283844	0.750778	0.105771	0.132263	0.011188	1.812055	1.722754
26592	-2080.146	-2237.495	157.349	1.309344	0.779136	0.0719939	0.137259	0.0116106	1.706532	1.834477
26598	-2076.594	-2234.047	157.4523	1.262743	0.767717	0.0911216	0.12404	0.0171214	1.788592	1.735475
26604	-2076.037	-2233.745	157.7071	1.069656	0.744514	0.165459	0.0672301	0.022797	1.788592	1.685503
26610	-2089.209	-2246.502	157.2931	1.395038	0.732938	0.134792	0.11121	0.0210603	1.805733	1.7509
26616	-2083.59	-2241.613	158.0238	0.9539279	0.689126	0.249369	0.0582039	0.00330167	1.824179	1.513055
26622	-2082.332	-2238.22	155.8875	1.58221	0.820369	0.079162	0.0692888	0.0311801	1.466688	2.771918
26628	-2087.435	-2244.815	157.3805	1.354782	0.785027	0.067867	0.0864537	0.0606525	1.627252	1.838995
26634	-2083.32	-2239.926	156.6066	1.217734	0.738888	0.154773	0.0988563	0.00748265	1.560478	2.469795
26640	-2092.043	-2248.01	155.9668	1.599741	0.717837	0.224031	0.047774	0.010358	1.60557	2.628961
26646	-2084.714	-2240.772	156.0579	1.193417	0.848862	0.0769582	0.0485448	0.0256345	1.515075	2.849877
26652	-2106.83	-2260.274	153.4438	1.057317	0.657102	0.198524	0.123048	0.0213269	0.9343393	4.770486
26658	-2096.923	-2249.43	152.5072	1.132316	0.621882	0.327458	0.0258995	0.02476	0.8854383	5.277254
26664	-2096.825	-2251.162	154.337	1.512583	0.714852	0.207171	0.042246	0.035731	1.026533	3.97743
26670	-2090.283	-2244.119	153.8369	0.9347508	0.486185	0.43688	0.0371408	0.039794	1.11627	4.517055
26676	-2096.397	-2248.779	152.3818	1.032159	0.504437	0.377671	0.0895922	0.0282999	0.9650323	5.356539
26682	-2097.058	-2249.728	152.6692	1.447499	0.585184	0.359105	0.0216711	0.0340403	0.9921257	4.967949
26688	-2095.425	-2248.79	153.3649	1.12438	0.694359	0.251404	0.0308951	0.0233423	1.149969	4.657466
26694	-2092.446	-2250.218	157.7722	1.074657	0.592779	0.307665	0.037758	0.0617981	1.620496	1.754615
26700	-2082.528	-2237.283	154.7558	1.150412	0.689986	0.19444	0.0907619	0.0248123	1.248119	3.79849
26706	-2080.764	-2234.723	153.9593	1.243233	0.849947	0.100499	0.0374752	0.0120794	1.255076	4.199673
26712	-2078.062	-2229.731	151.6685	1.43126	0.807214	0.14565	0.0402796	0.00685549	1.038232	5.503547
26718	-2075.68	-2228.884	153.2034	1.482167	0.792841	0.143057	0.0573684	0.00673342	1.102117	4.5913
26724	-2076.72	-2229.906	153.1864	1.358545	0.714625	0.0933751	0.185184	0.00681647	1.228265	4.5913
26730	-2075.971	-2229.623	153.6512	1.536558	0.774417	0.101188	0.123977	0.000419109	1.053154	4.340367
26736	-2080.7	-2236.841	156.1417	1.053901	0.800864	0.0857637	0.105079	0.00829316	1.558459	2.854401
26742	-2081.388	-2236.194	154.8053	1.133751	0.828753	0.0451249	0.108738	0.0173844	1.276104	3.763074
26748	-2071.605	-2225.85	154.2445	1.28479	0.726409	0.142419	0.0953099	0.0358625	1.114598	4.095488
26754	-2076.645	-2230.857	154.2125	0.8828465	0.734634	0.144031	0.096389	0.024946	0.9725484	4.416386
26760	-2071.23	-2224.783	153.5532	1.183866	0.702341	0.203195	0.0736429	0.0208211	1.039291	4.582036
26766	-2070.417	-2221.887	151.4695	1.420956	0.838879	0.102406	0.0555378	0.00317753	1.026501	5.624294
26772	-2075.32	-2229.513	154.1933	1.263416	0.695321	0.247776	0.0534351	0.00346768	1.126283	4.129199
26778	-2077.788	-2232.473	154.6854	1.110678	0.761108	0.119382	0.113235	0.00627566	1.126818	3.930588
26784	-2069.232	-2224.212	154.9799	1.132885	0.737802	0.152387	0.10293	0.00688156	1.242703	3.682035
26790	-2069.848	-2224.52	154.6724	1.133731	0.694774	0.251331	0.0474155	0.00648023	1.126164	3.925655
26796	-2080.427	-2234.886	154.4591	1.329236	0.706815	0.262077	0.0243508	0.00675732	1.315688	3.834444
26802	-2071.922	-2228.012	156.0899	0.8849843	0.598041	0.358925	0.0385819	0.00445192	1.427586	3.066715
26808	-2074.052	-2230.373	156.3204	1.224861	0.775211	0.202199	0.021735	0.000855201	1.433393	2.721629
26814	-2069.342	-2222.61	153.268	1.358258	0.917343	0.0442424	0.037403	0.001012	1.299105	4.50584
26820	-2065.211	-2220.931	155.7204	1.174496	0.945369	0.0150427	0.0385457	0.00104292	1.249851	3.221453
26826	-2074.118	-2228.309	154.1915	1.318599	0.720257	0.218417	0.0589659	0.00236021	1.180022	4.070825
26832	-2089.939	-2244.909	154.9706	1.526588	0.867761	0.0291644	0.0529053	0.0501688	1.465996	3.348866
26838	-2091.265	-2246.495	155.2305	1.320053	0.89357	0.0109135	0.0617208	0.0337957	1.388359	3.348866
26844	-2090.468	-2242.837	152.3686	1.464062	0.629232	0.132596	0.184183	0.0539897	1.040009	5.100189
26850	-2080.134	-2232.875	152.7407	1.589088	0.784833	0.124133	0.0255151	0.065519	1.055296	4.825269
26856	-2082.712	-2235.522	152.81	1.589088	0.811189	0.128301	0.0263719	0.0341385	1.08276	4.771265
26862	-2067.458	-2221.092	153.6345	1.157587	0.689403	0.28147	0.00890926	0.0202176	1.18785	4.466887
26868	-2084.756	-2240.47	155.7137	1.307872	0.594177	0.266021	0.0268078	0.112994	1.402639	3.060686
26874	-2084.372	-2240.994	156.6221	1.004026	0.669677	0.29863	9.61487e-05	0.0315966	1.416435	2.678025
26880	-2074.129	-2230.233	156.1036	1.021205	0.879946	0.0974124	0.000187293	0.0224547	1.383262	3.002512
26886	-2078.343	-2234.545	156.2013	1.390063	0.72079	0.225818	0.00133746	0.0520539	1.646431	2.570706
26892	-2085.147	-2241.56	156.4133	1.390063	0.748536	0.212307	0.0016903	0.0374674	1.434363	2.570706
26898	-2082.702	-2238.802	156.0993	1.195423	0.807601	0.16238	0.0018398	0.0281796	1.36687	2.913299
26904	-2084.377	-2239.666	155.2894	1.096081	0.634886	0.318808	0.00375838	0.0425475	1.338012	3.467391
26910	-2099.048	-2252.962	153.9146	1.248059	0.712382	0.241868	0.00121599	0.0445341	1.379245	4.15198
26916	-2102.566	-2257.534	154.9683	1.244707	0.761988	0.201321	0.00192153	0.0347695	1.203928	3.649882
26922	-2095.747	-2249.723	153.9754	1.244707	0.658517	0.310271	0.00105695	0.0301551	1.206312	4.217418
26928	-2080.485	-2234.698	154.2127	1.244707	0.728961	0.24528	0.0132388	0.0125206	1.290163	4.034699
26934	-2076.249	-2230.186	153.9364	1.133238	0.714843	0.25551	0.0152367	0.0144101	1.234819	4.283136
26940	-2074.118	-2229.092	154.9735	1.109772	0.698903	0.293155	0.00382581	0.00411581	1.173914	3.738333
26946	-2079.596	-2234.469	154.8726	1.196638	0.805975	0.134503	0.00078639	0.0587354	1.21747	3.72349
26952	-2091.007	-2245.306	154.299	1.203916	0.738464	0.0426523	0.197621	0.0212619	1.059973	4.138444
26958	-2070.264	-2224.114	153.8501	1.339438	0.757752	0.0877623	0.110737	0.0437489	1.233648	4.223664
26964	-2088.154	-2244.403	156.2485	1.218037	0.807602	0.0843372	0.0716882	0.0363729	1.430536	2.771274
26970	-2083.52	-2239.816	156.2954	1.041522	0.725571	0.154546	0.102436	0.0174465	1.446287	2.836584
26976	-2080.293	-2236.845	156.5516	1.245292	0.718016	0.20168	0.0769075	0.00339687	1.50023	2.525738
26982	-2094.075	-2249.535	155.4598	1.153833	0.64295	0.347989	0.00495768	0.00410374	1.286946	3.364869
26988	-2101.035	-2257.162	156.1271	1.037549	0.510738	0.47731	0.00911851	0.00283341	1.348779	2.999376
26994	-2098.742	-2256.625	157.8831	0.7151239	0.602316	0.387197	0.00935108	0.00113548	1.473905	2.029461
27000	-2086.846	-2240.527	153.6807	1.523603	0.836367	0.0232343	0.065496	0.074903	1.068698	4.321218
27006	-2081.124	-2234.717	153.5925	1.523603	0.823213	0.0161638	0.120459	0.0401644	1.090195	4.358888
27012	-2079.088	-2236.245	157.1572	1.194763	0.761809	0.211347	0.0217406	0.00510417	1.518736	2.158905
27018	-2087.037	-2243.926	156.8889	1.350615	0.907974	0.0506971	0.0259119	0.0154165	1.518688	2.239488
27024	-2077.768	-2234.71	156.9425	1.55553	0.80679	0.130343	0.039956	0.0229103	1.488943	2.107587
27030	-2084.206	-2241.343	157.1368	1.107332	0.835457	0.0892724	0.074437	0.000834053	1.488943	2.245514
27036	-2105.578	-2262.581	157.0029	1.058	0.805468	0.147443	0.0457517	0.00133738	1.523027	2.340153
27042	-2096.159	-2252.552	156.3935	1.058	0.579719	0.306418	0.108033	0.00582949	1.523027	2.720078
27048	-2087.919	-2242.84	154.9206	0.908805	0.649032	0.306917	0.0382119	0.00583898	1.158187	3.893181
27054	-2081.921	-2234.887	152.9653	1.190524	0.667997	0.162527	0.121842	0.0476334	1.282745	4.771376
27060	-2088.461	-2244.08	155.6183	1.099439	0.65881	0.146076	0.165917	0.0291973	1.251541	3.323319
27066	-2099.833	-2251.77	151.9375	1.572529	0.738206	0.151183	0.074546	0.0360647	1.0358	5.289554
27072	-2091.36	-2243.225	151.8654	1.430533	0.686912	0.0673467	0.188455	0.0572865	1.008242	5.41203
27078	-2086.483	-2239.337	152.8544	1.228386	0.812902	0.0796992	0.0396045	0.0677938	1.021429	4.958964
27084	-2077.298	-2230.093	152.7949	1.228386	0.722393	0.169486	0.0351949	0.0729265	1.11386	4.940648
27090	-2072.715	-2225.269	152.5543	1.449572	0.732448	0.143602	0.0874281	0.0365224	1.154278	4.940648
27096	-2091.627	-2245.347	153.7202	1.126067	0.769344	0.119225	0.102399	0.00903141	0.9612781	4.563129
27102	-2081.806	-2234.688	152.8821	1.422882	0.63331	0.211809	0.131807	0.0230735	1.244365	4.720645
27108	-2078.516	-2230.334	151.8184	1.654774	0.622437	0.24655	0.092736	0.0382776	0.9949453	5.339948
27114	-2078.965	-2231.956	152.9917	1.084747	0.643717	0.296591	0.0201059	0.0395862	1.093605	4.918801
27120	-2072.019	-2226.716	154.6972	1.077276	0.684084	0.23741	0.0468186	0.0316874	1.035609	3.994644
27126	-2068.013	-2220.07	152.0577	0.980434	0.6853	0.219799	0.0744345	0.0204661	0.8728517	5.61395
27132	-2074.397	-2227.672	153.2759	1.113333	0.694594	0.182064	0.117424	0.00591823	1.066467	4.759955
27138	-2077.92	-2229.172	151.2522	0.9576173	0.478266	0.452997	0.0646618	0.00407503	1.19217	5.892752
27144	-2084.109	-2239.584	155.475	0.7165938	0.34039	0.570504	0.074746	0.01436	1.230397	3.647636
27150	-2080.888	-2233.01	152.1221	0.9985019	0.505774	0.232151	0.25202	0.0100551	1.237549	5.367913
27156	-2072.63	-2225.977	153.3473	1.253649	0.690104	0.260461	0.0403854	0.00904898	1.367141	4.476726
27162	-2076.091	-2229.565	153.4746	1.01514	0.657733	0.284083	0.0302832	0.0279002	1.276032	4.585367
27168	-2076.371	-2228.424	152.053	1.193755	0.707674	0.221059	0.0653814	0.00588523	1.348248	5.240113
27174	-2077.815	-2230.633	152.8184	1.188545	0.698253	0.222297	0.0729648	0.00648534	1.132395	4.938129
27180	-2082.038	-2234.575	152.5369	1.109081	0.553564	0.38752	0.0476102	0.0113056	1.067803	5.172414
27186	-2080.513	-2234.444	153.9303	1.532042	0.695895	0.125068	0.167421	0.0116161	1.280171	4.055283
27192	-2070.303	-2224.94	154.637	1.175143	0.691912	0.11504	0.18113	0.0119183	1.289464	3.829499
27198	-2085.673	-2238.57	152.8971	1.230656	0.631912	0.214538	0.140796	0.0127539	1.296287	4.780814
27204	-2080.556	-2233.522	152.9661	0.8215426	0.614013	0.236786	0.136808	0.0123926	1.276253	4.979583
27210	-2075.359	-2227.814	152.4555	1.180099	0.531433	0.326551	0.129787	0.0122284	1.210917	5.10045
27216	-2076.585	-2230.051	153.4657	1.164588	0.716294	0.237501	0.0411829	0.00502184	1.149281	4.579725
27222	-2070.438	-2220.869	150.4316	1.164588	0.618182	0.105043	0.261301	0.0154731	0.9775969	6.345694
27228	-2091.24	-2241.377	150.1376	1.368937	0.707827	0.0493773	0.21051	0.0322854	1.082567	6.345694
27234	-2102.793	-2257.483	154.6896	1.368937	0.687211	0.0479391	0.168304	0.0965469	1.182598	3.757702
27240	-2088.233	-2244.694	156.4614	1.311867	0.721378	0.118908	0.121691	0.038023	1.43475	2.584388
27246	-2071.85	-2226.496	154.6461	0.9727956	0.622438	0.120484	0.254009	0.00306915	1.352146	3.902052
27252	-2067.869	-2220.664	152.7951	0.9727956	0.685393	0.111824	0.201261	0.00152196	1.287686	4.981966
27258	-2063.522	-2217.74	154.2181	0.9050474	0.61747	0.217997	0.163162	0.00137113	1.591895	4.049119
27264	-2059.393	-2215.231	155.8379	0.9050474	0.482769	0.348204	0.168528	0.000499375	1.322529	3.266522
27270	-2076.698	-2231.335	154.637	1.344547	0.557543	0.32423	0.117493	0.000733915	1.519306	3.606039
27276	-2067.689	-2222.88	155.1908	0.994861	0.623873	0.320853	0.0543831	0.000890582	1.297994	3.606314
27282	-2077.638	-2232.507	154.8683	0.9013312	0.514167	0.264432	0.219543	0.00185811	1.171329	3.919976
27288	-2090.384	-2245.824	155.4403	0.8606068	0.68435	0.0941338	0.218757	0.00275989	1.070428	3.672893
27294	-2076.035	-2229.097	153.0621	1.071918	0.74456	0.102416	0.150022	0.00300271	0.9124209	4.987371
27300	-2086.969	-2239.691	152.7223	1.661688	0.810463	0.0385722	0.14673	0.00423474	0.987629	4.83961
27306	-2089.793	-2241.98	152.1864	1.281966	0.745725	0.13124	0.119583	0.00345124	0.9154801	5.359919
27312	-2075.425	-2227.828	152.4027	1.025658	0.628351	0.279222	0.0881202	0.00430673	0.944397	5.359919
27318	-2083.806	-2237.423	153.6172	1.532612	0.754089	0.178711	0.0632321	0.0039676	1.151948	4.305672
27324	-2087.126	-2241.212	154.0859	1.330504	0.714386	0.198468	0.0694275	0.0177177	1.165137	4.133269
27330	-2093.159	-2247.176	154.0174	0.8850832	0.639169	0.238058	0.0472761	0.0754974	1.117373	4.443447
27336	-2093.386	-2248.382	154.9961	1.367933	0.70802	0.173527	0.0667797	0.0516731	1.233233	3.55136
27342	-2083.875	-2236.864	152.9889	1.163758	0.673633	0.193968	0.118964	0.0134359	1.067037	4.892701
27348	-2089.33	-2241.254	151.9248	1.137048	0.615252	0.191435	0.108654	0.0846586	1.081497	5.48769
27354	-2079.617	-2234.494	154.8766	0.8802468	0.656228	0.242212	0.0986489	0.00291062	1.053385	3.995183
27360	-2073.971	-2228.333	154.3619	1.159106	0.674613	0.223326	0.101413	0.000648625	1.290892	3.995183
27366	-2078.31	-2232.715	154.405	1.159106	0.847349	0.00598994	0.140663	0.00599795	1.247712	3.995183
27372	-2071.81	-2226.485	154.6753	1.358842	0.73801	0.0211347	0.235632	0.00522399	1.576825	3.542845
27378	-2080.17	-2235.045	154.8749	1.379037	0.872942	0.0198643	0.101014	0.00617911	1.35907	3.542845
27384	-2068.073	-2222.812	154.7392	1.10209	0.836922	0.0318732	0.123642	0.00756325	1.314886	3.796483
27390	-2071.129	-2225.957	154.828	1.089225	0.767504	0.103855	0.121706	0.00693592	1.238602	3.796483
27396	-2076.183	-2230.634	154.4508	1.348139	0.666519	0.0725166	0.256121	0.00484301	1.142715	3.928642
27402	-2079.901	-2233.622	153.7208	1.076575	0.714447	0.11538	0.165254	0.00491909	1.267491	4.417569
27408	-2071.867	-2227.561	155.6934	1.092059	0.691659	0.10325	0.200329	0.00476219	1.285179	3.263471
27414	-2087.657	-2242.86	155.2035	1.61446	0.7835	0.074495	0.137279	0.0047252	1.303816	3.263471
27420	-2071.445	-2227.454	156.0093	1.419772	0.824845	0.111954	0.057592	0.00560962	1.406031	2.819978
27426	-2080.447	-2237.443	156.9967	1.419772	0.765908	0.135881	0.0651559	0.0330559	1.538231	2.116772
27432	-2077.01	-2233.377	156.3668	1.184166	0.778963	0.148427	0.0459038	0.026707	1.719596	2.539982
27438	-2083.376	-2240.706	157.3308	0.9449775	0.640598	0.259993	0.0922462	0.00716234	1.550224	2.184757
27444	-2084.38	-2241.7	157.3203	0.8940488	0.674379	0.146403	0.162336	0.0168823	1.612714	2.184757
27450	-2081.72	-2238.975	157.2543	0.9571816	0.549819	0.287666	0.138401	0.0241143	1.554988	2.223158
27456	-2072.508	-2227.447	154.9385	1.363014	0.744777	0.0644303	0.185678	0.00511485	1.341895	3.524175
27462	-2076.892	-2232.168	155.2765	1.209922	0.752087	0.0578667	0.187501	0.0025458	1.385468	3.383364
27468	-2074.128	-2230.626	156.4984	1.137273	0.732063	0.146945	0.119667	0.00132483	1.369863	2.702388
27474	-2085.726	-2241.87	156.1449	1.085246	0.585891	0.326499	0.0870458	0.000564516	1.677809	2.761154
27480	-2071.704	-2226.834	155.1296	1.206046	0.801759	0.0780328	0.116808	0.00340009	1.461615	3.426989
27486	-2069.978	-2224.233	154.255	0.8762292	0.416572	0.520716	0.0609379	0.0017738	1.141128	4.301046
27492	-2063.705	-2218.987	155.2817	0.9474316	0.531312	0.436091	0.0304195	0.00217717	1.297864	3.581315
27498	-2076.162	-2232.171	156.0092	0.9474316	0.586416	0.38482	0.0268431	0.0019212	1.361393	3.116282
27504	-2073.365	-2228.017	154.652	0.9474316	0.696878	0.174374	0.126301	0.00244736	1.250867	3.971406
27510	-2082.271	-2238.96	156.6892	0.927455	0.693412	0.226141	0.0781514	0.002296	1.283772	2.765528
27516	-2090.362	-2245.878	155.5164	1.178361	0.654676	0.260217	0.0737857	0.0113215	1.405533	3.247889
27522	-2092.646	-2246.446	153.7996	1.068679	0.662084	0.205521	0.121888	0.0105071	1.075368	4.485749
27528	-2097.808	-2248.617	150.8089	1.049039	0.723413	0.133732	0.131372	0.0114824	1.047877	6.163362
27534	-2086.994	-2238.36	151.3667	0.8759729	0.680901	0.220763	0.0867372	0.0115983	1.07848	5.937907
27540	-2090.734	-2245.837	155.1032	1.172375	0.675755	0.271965	0.050963	0.00131699	1.272136	3.571519
27546	-2089.881	-2246.722	156.8415	1.39419	0.697381	0.255957	0.0449805	0.00168121	1.619582	2.179655
27552	-2087.489	-2241.118	153.6284	1.180882	0.517528	0.41014	0.0710847	0.00124763	1.298771	4.395351
27558	-2098.848	-2251.789	152.9406	1.194512	0.623881	0.288922	0.0856928	0.00150402	0.9927417	4.944661
27564	-2089.831	-2243.091	153.2603	1.72802	0.762473	0.108621	0.114958	0.0139476	1.115332	4.436173
27570	-2109.605	-2265.105	155.4996	1.177549	0.485509	0.258759	0.213205	0.0425281	1.241683	3.354756
27576	-2101.775	-2255.769	153.9941	0.8591733	0.53892	0.375415	0.0410347	0.0446307	0.9937027	4.541192
27582	-2105.695	-2258.825	153.1299	1.443483	0.537319	0.326498	0.097368	0.0388153	1.10237	4.651309
27588	-2107.64	-2260.214	152.5741	1.174096	0.506082	0.348541	0.103941	0.0414358	0.8472362	5.2393
27594	-2092.994	-2245.941	152.9472	1.213023	0.64489	0.304621	0.0334531	0.0170356	1.275007	4.773965
27600	-2083.171	-2238.487	155.3163	1.230386	0.836907	0.0779817	0.0751575	0.00995401	1.400553	3.339881
27606	-2087.881	-2241.043	153.1621	1.50447	0.762152	0.0710161	0.0915725	0.0752596	1.107583	4.600618
27612	-2087.304	-2239.207	151.9028	1.323133	0.635429	0.220371	0.0888124	0.0553876	1.224263	5.325299
27618	-2080.726	-2232.926	152.1997	1.369935	0.730518	0.227438	0.041212	0.000831858	1.153419	5.176992
27624	-2079.44	-2231.847	152.4067	1.131591	0.766674	0.174876	0.0578004	0.00064974	1.167972	5.176992
27630	-2083.861	-2235.836	151.975	1.682188	0.694137	0.266225	0.0395929	4.56846e-05	1.225806	5.113279
27636	-2083.8	-2234.985	151.1851	1.211525	0.72971	0.17758	0.0926494	6.00352e-05	0.9253104	5.939782
27642	-2090.611	-2244.261	153.6501	1.229986	0.722694	0.098741	0.178464	0.000101072	1.177627	4.425346
27648	-2080.578	-2232.557	151.9785	1.408514	0.742206	0.0744085	0.183282	0.000103801	1.169054	5.271682
27654	-2097.19	-2250.634	153.4442	1.260583	0.604234	0.375641	0.0200403	8.45047e-05	0.9367782	4.66035
27660	-2095.739	-2247.382	151.6426	1.398536	0.579922	0.329471	0.0905335	7.41182e-05	0.8471198	5.638654
27666	-2094.423	-2246	151.5777	1.533295	0.720519	0.166958	0.112483	3.98715e-05	0.8350942	5.616447
27672	-2086.359	-2237.105	150.7462	1.380177	0.629348	0.248987	0.121608	5.75427e-05	0.9268378	6.09399
27678	-2092.389	-2243.745	151.3569	1.380177	0.70444	0.15138	0.144081	9.96251e-05	0.9652298	5.739497
27684	-2099.536	-2252.96	153.4238	1.614547	0.749783	0.062067	0.133374	0.0547754	1.023075	4.448558
27690	-2093.57	-2246.21	152.6394	1.614547	0.806638	0.105439	0.0289942	0.0589289	0.8163411	5.002817
27696	-2092.213	-2246.429	154.216	1.07438	0.83235	0.116776	0.0113383	0.0395359	1.327454	4.10425
27702	-2088.195	-2240.803	152.6075	1.748502	0.859622	0.120602	0.00169346	0.0180821	1.372353	4.649269
27708	-2080.891	-2236.257	155.3656	1.114629	0.814801	0.160654	0.00384051	0.0207052	1.338386	3.412076
27714	-2075.795	-2230.739	154.944	1.244156	0.807254	0.159166	0.00830233	0.0252784	1.245375	3.640227
27720	-2077.25	-2230.94	153.6896	1.23286	0.564702	0.310149	0.103341	0.021809	1.091744	4.449932
27726	-2085.759	-2240.946	155.1871	1.274305	0.75903	0.1373	0.0436919	0.0599786	1.149189	3.538691
27732	-2074.342	-2226.097	151.7549	2.068953	0.752937	0.143852	0.0433412	0.0598697	1.026004	5.179398
27738	-2082.853	-2235.673	152.8204	1.856645	0.85117	0.0344941	0.0475945	0.0667413	0.9970879	4.692247
27744	-2090.03	-2241.102	151.0717	1.052838	0.661136	0.234656	0.0921884	0.0120203	0.8467725	6.127744
27750	-2089.169	-2238.533	149.3641	1.260421	0.742614	0.154876	0.0890086	0.0135017	1.012166	6.855777
27756	-2086.051	-2238.761	152.7107	1.100909	0.74957	0.150213	0.0821875	0.018029	0.8513084	5.20042
27762	-2090.905	-2242.992	152.0868	1.615433	0.669605	0.101777	0.227771	0.000846684	1.011723	5.20042
27768	-2094.005	-2246.301	152.2963	1.259167	0.584248	0.0888031	0.198736	0.128212	1.115494	5.20042
27774	-2086.275	-2238.005	151.7294	1.682909	0.856169	0.0455235	0.0545736	0.0437339	1.011259	5.367263
27780	-2088.63	-2240.462	151.8317	1.484347	0.693076	0.129714	0.10886	0.0683502	0.9742243	5.423438
27786	-2084.116	-2238.091	153.9754	1.101217	0.657554	0.236648	0.0444285	0.0613695	1.066262	4.373879
27792	-2091.024	-2244.665	153.6408	1.458102	0.567933	0.215259	0.132812	0.0839963	1.071986	4.373879
27798	-2083.723	-2237.633	153.9103	1.16756	0.606258	0.30425	0.0305984	0.0588937	1.067586	4.373879
27804	-2085.833	-2240.069	154.2352	1.238417	0.586006	0.367963	0.0346707	0.01136	1.42392	3.948747
27810	-2072.503	-2227.963	155.4606	1.229029	0.713799	0.153785	0.105094	0.027322	1.37798	3.268912
27816	-2081.215	-2236.682	155.4669	1.295661	0.594242	0.143636	0.236604	0.0255188	1.309927	3.268912
27822	-2079.124	-2234.459	155.3343	1.279033	0.730336	0.130235	0.136868	0.00256093	1.457828	3.268912
27828	-2069.181	-2225.755	156.5739	1.465262	0.689741	0.167519	0.102104	0.0406367	1.409363	2.444638
27834	-2059.374	-2216.519	157.1452	0.9286671	0.679525	0.098799	0.195792	0.0258848	1.495054	2.349864
27840	-2077.129	-2233.512	156.3829	0.9286671	0.767111	0.12776	0.0803649	0.0247637	1.404862	2.877325
27846	-2091.834	-2247.287	155.4522	1.601281	0.863412	0.0685721	0.051032	0.0169838	1.279293	3.137155
27852	-2089.951	-2245.262	155.3103	1.18085	0.680907	0.0903939	0.151328	0.077371	1.32963	3.412396
27858	-2082.225	-2234.497	152.2723	1.99929	0.888694	0.0294981	0.0680535	0.0137544	1.283623	4.777418
27864	-2076.52	-2229.317	152.7973	1.445093	0.650087	0.149897	0.180182	0.0198337	1.208068	4.777418
27870	-2088.898	-2241.938	153.0402	1.584053	0.731462	0.15086	0.107425	0.0102535	1.027349	4.67588
27876	-2091.306	-2243.744	152.4376	1.237617	0.745573	0.162355	0.0810368	0.0110348	1.038951	5.175668
27882	-2084.194	-2238.54	154.3459	1.679009	0.715239	0.10763	0.0742422	0.102889	1.243204	3.767718
27888	-2089.663	-2242.206	152.5436	1.574317	0.682433	0.152671	0.0246471	0.140249	1.063259	4.937599
27894	-2088.048	-2241.879	153.8316	1.574317	0.863049	0.0475497	0.0133628	0.0760384	1.114386	4.185357
27900	-2085.484	-2238.431	152.9474	1.517243	0.541685	0.361255	0.0103152	0.0867456	1.2147	4.654745
27906	-2077.068	-2230.762	153.6939	1.517243	0.685728	0.185577	0.0309163	0.0977791	1.254341	4.211653
27912	-2084.882	-2240.872	155.9902	1.252558	0.754825	0.180241	0.00932976	0.0556049	1.472601	2.883021
27918	-2084.748	-2236.813	152.0652	1.224481	0.542579	0.347592	0.0179924	0.0918363	0.9990732	5.410117
27924	-2089.28	-2240.482	151.2026	1.274627	0.708941	0.228254	0.0485004	0.0143045	1.13457	5.783715
27930	-2082.094	-2234.95	152.856	1.347185	0.729343	0.194654	0.0675872	0.00841641	1.208937	4.792782
27936	-2079.827	-2234.053	154.2261	1.550911	0.816497	0.0984171	0.0756637	0.00942215	1.183329	3.932382
27942	-2071.072	-2225.796	154.7238	1.408439	0.845612	0.0229371	0.109985	0.0214657	1.061355	3.787602
27948	-2068.833	-2221.762	152.9292	1.408439	0.784652	0.0848034	0.109227	0.0213176	1.317898	4.660312
27954	-2082.496	-2236.836	154.34	1.757008	0.764972	0.107758	0.106487	0.0207829	1.210067	3.753794
27960	-2080.293	-2234.38	154.0873	1.789399	0.738244	0.103993	0.145102	0.0126608	1.210067	3.884308
27966	-2086.072	-2239.996	153.9243	1.628124	0.886503	0.0283565	0.0835709	0.0015699	1.119059	4.10436
27972	-2072.569	-2224.383	151.8141	1.190341	0.761361	0.14148	0.0958102	0.00134829	0.9016482	5.619426
27978	-2081.221	-2233.174	151.9532	1.498051	0.645864	0.194881	0.157011	0.00224366	1.020595	5.324384
27984	-2077.569	-2231.577	154.0076	1.280811	0.704867	0.254303	0.0331367	0.00769373	1.334504	4.10727
27990	-2076.894	-2231.383	154.489	1.162281	0.666553	0.261422	0.0211466	0.0508777	1.179107	3.98466
27996	-2078.812	-2233.287	154.475	1.314105	0.692139	0.245498	0.0145852	0.0477785	1.209329	3.894299
28002	-2071.155	-2224.46	153.3043	0.9754205	0.508181	0.29243	0.161295	0.0380944	1.16218	4.766682
28008	-2076.536	-2228.383	151.8467	1.136566	0.658359	0.228141	0.0972512	0.0162481	1.196801	5.46749
28014	-2082.396	-2234.129	151.7331	1.143535	0.683305	0.24334	0.0628538	0.0105012	0.9227268	5.676733
28020	-2075.74	-2227.361	151.6205	1.206432	0.609787	0.29471	0.0315577	0.0639449	0.9755921	5.676733
28026	-2082.361	-2237.687	155.3259	0.801673	0.525687	0.426961	0.0254476	0.0219042	1.318973	3.63072
28032	-2091.317	-2246.152	154.8358	0.726952	0.544321	0.35923	0.0717658	0.024683	1.110153	4.077599
28038	-2093.53	-2247.787	154.2567	0.9446496	0.54614	0.334077	0.0891286	0.0306547	1.165722	4.246513
28044	-2103.626	-2256.851	153.2247	1.156154	0.685502	0.269182	0.0186957	0.0266197	0.9597391	4.825125
28050	-2092.094	-2246.402	154.3076	1.578222	0.762649	0.14304	0.0693994	0.0249112	1.10641	3.916519
28056	-2082.129	-2235.742	153.6121	1.578222	0.825975	0.115447	0.0343792	0.0241981	1.098371	4.316942
28062	-2070.032	-2222.009	151.9773	1.266731	0.749281	0.197581	0.031187	0.0219512	1.01987	5.425421
28068	-2072.273	-2225.519	153.2465	0.8805321	0.514653	0.382025	0.0926282	0.0106937	0.923181	4.98591
28074	-2090.168	-2244.375	154.2073	0.699575	0.672707	0.22296	0.0903551	0.0139778	1.002335	4.510738
28080	-2072.025	-2224.556	152.531	1.321486	0.785033	0.0893765	0.100535	0.0250548	1.058673	5.070164
28086	-2077.559	-2229.988	152.4292	1.259012	0.714659	0.19847	0.0247144	0.0621566	1.078817	5.147238
28092	-2076.244	-2228.494	152.2506	1.252749	0.70463	0.209965	0.0307438	0.0546611	1.1382	5.216431
28098	-2072.258	-2226.469	154.2108	1.252749	0.753578	0.128204	0.0292524	0.0889659	1.052032	4.167121
28104	-2067.008	-2219.726	152.7181	1.34491	0.715024	0.0609239	0.153376	0.0706767	1.051823	4.958271
28110	-2074.385	-2228.658	154.2735	1.438041	0.777897	0.106748	0.0819554	0.0333995	1.13244	3.990197
28116	-2081.739	-2232.234	150.4957	1.130545	0.659812	0.121041	0.181276	0.0378713	0.8389373	6.403819
28122	-2068.193	-2218.745	150.5517	1.098635	0.720734	0.153459	0.116263	0.00954309	0.8138478	6.403819
28128	-2074.243	-2226.053	151.8104	1.308292	0.580385	0.262777	0.136722	0.0201163	0.8016177	5.616139
28134	-2070.073	-2221.47	151.3976	1.486928	0.742285	0.0841269	0.132676	0.0409126	1.055613	5.616139
28140	-2081.998	-2236.121	154.1234	1.124275	0.751053	0.130138	0.0532902	0.0655192	1.084285	4.26741
28146	-2086.72	-2240.234	153.5135	1.216191	0.709901	0.0885054	0.108767	0.0928263	1.160571	4.5191
28152	-2093.111	-2243.239	150.1275	1.597901	0.755369	0.0748111	0.126631	0.043188	0.9551955	6.312586
28158	-2091.749	-2243.7	151.9513	1.422326	0.526898	0.363476	0.08833	0.0212962	1.307801	5.203219
28164	-2073.787	-2226.049	152.262	1.277393	0.708141	0.144523	0.118714	0.0286218	1.218634	5.152993
28170	-2077.697	-2232.713	155.016	1.053506	0.723635	0.0737408	0.142966	0.0596575	1.255707	3.698343
28176	-2075.729	-2228.447	152.7174	1.079669	0.635565	0.198657	0.113382	0.0523968	1.14332	5.04634
28182	-2080.502	-2232.759	152.2571	1.650784	0.785614	0.10632	0.07391	0.0341559	1.090193	5.04634
28188	-2084.745	-2236.581	151.8357	1.06836	0.571511	0.303579	0.100063	0.0248474	0.8965737	5.674798
28194	-2079.888	-2232.581	152.6933	1.06836	0.655868	0.224891	0.0979148	0.0213268	1.164761	5.054011
28200	-2088.889	-2241.512	152.6223	0.8924729	0.663893	0.227642	0.0972869	0.0111778	0.886645	5.344891
28206	-2083.471	-2237.381	153.9105	1.357604	0.726337	0.238781	0.0226523	0.0122291	1.19175	4.203885
28212	-2075.721	-2229.107	153.386	0.735856	0.485162	0.472584	0.0307967	0.011458	1.220356	4.827053
28218	-2077.419	-2233.111	155.692	1.011992	0.658447	0.278423	0.0465605	0.0165693	1.386125	3.25126
28224	-2071.111	-2226.512	155.4011	1.401925	0.801857	0.143163	0.0151272	0.0398525	1.309778	3.25126
28230	-2081.295	-2230.464	149.1693	1.962304	0.750776	0.221198	0.0114448	0.016581	0.9215719	6.692455
28236	-2082.946	-2233.282	150.3367	0.865234	0.551301	0.426272	0.0108122	0.0116151	0.7136195	6.701337
28242	-2087.612	-2238.89	151.2779	1.007039	0.601565	0.286737	0.0302912	0.0814076	0.8526706	6.036911
28248	-2084.016	-2236.571	152.5558	1.486708	0.741786	0.190829	0.0132063	0.0541784	0.9318253	5.045436
28254	-2081.152	-2234.649	153.4968	1.284422	0.781863	0.0526837	0.135968	0.0294858	0.9705758	4.599551
28260	-2097.186	-2250.821	153.635	1.710393	0.815995	0.0474172	0.0663371	0.0702509	1.033022	4.279129
28266	-2092.055	-2245.077	153.0215	2.295433	0.919602	0.0286931	0.00919415	0.0425103	1.008598	4.390982
28272	-2085.055	-2237.606	152.5506	1.461582	0.790505	0.128928	0.0633088	0.0172581	1.120506	4.955653
28278	-2098.986	-2253.849	154.8633	1.483079	0.740418	0.0706604	0.175068	0.0138535	1.275469	3.544971
28284	-2088.202	-2243.407	155.205	1.023363	0.682513	0.170178	0.126794	0.0205153	1.360881	3.544971
28290	-2074.023	-2229.765	155.7413	0.9543954	0.595035	0.215293	0.152097	0.0375749	1.307264	3.302827
28296	-2074.483	-2231.548	157.0649	1.005097	0.657232	0.223365	0.0631578	0.0562453	1.542739	2.321543
28302	-2081.145	-2237.186	156.0405	1.210233	0.677711	0.183151	0.0362159	0.102922	1.315526	2.971262
28308	-2088.459	-2241.929	153.4696	1.07583	0.723204	0.140332	0.0355198	0.100944	1.196028	4.599423
28314	-2082.378	-2235.854	153.4765	1.733269	0.939498	0.0337959	0.0102954	0.0164109	1.180583	4.274838
28320	-2082.276	-2235.893	153.6171	1.431624	0.81773	0.0544283	0.0972301	0.0306119	1.265245	4.291169
28326	-2078.302	-2231.673	153.3718	1.295058	0.850722	0.0358189	0.0776175	0.0358417	1.131248	4.574082
28332	-2075.656	-2229.026	153.3706	1.295058	0.854371	0.0547636	0.0548697	0.0359955	1.13243	4.574082
28338	-2087.709	-2241.608	153.8989	1.253487	0.696438	0.189484	0.0800167	0.0340622	1.040211	4.35009
28344	-2085.681	-2238.663	152.9813	1.054927	0.55023	0.369661	0.0711376	0.00897183	1.146331	4.911493
28350	-2094.653	-2246.294	151.6417	1.062974	0.587186	0.363227	0.0401761	0.00941021	1.037415	5.706856
28356	-2105.832	-2260.683	154.8504	1.106309	0.668017	0.27094	0.0532785	0.00776515	1.186144	3.804189
28362	-2094.919	-2249.636	154.7175	1.148343	0.74291	0.201032	0.0489272	0.00713098	1.283661	3.801234
28368	-2093.017	-2245.853	152.8364	1.307758	0.571435	0.261197	0.160497	0.00687153	1.217101	4.819115
28374	-2087.518	-2242.12	154.6014	1.307758	0.762488	0.151869	0.059849	0.0257934	1.184062	3.839517
28380	-2092.826	-2247.682	154.8559	1.545727	0.8449	0.102925	0.0395264	0.0126481	1.103997	3.617648
28386	-2068.777	-2223.126	154.3489	1.058557	0.686314	0.23587	0.0521974	0.0256187	1.098337	4.167847
28392	-2085.308	-2240.604	155.2964	1.168407	0.702727	0.227974	0.0445375	0.0247611	1.224976	3.488662
28398	-2083.339	-2234.183	150.8443	1.686701	0.814148	0.120253	0.0369123	0.0286871	0.9011449	5.911645
28404	-2076.82	-2227.486	150.6655	1.660825	0.729821	0.205205	0.0221385	0.0428353	1.101147	5.911645
28410	-2080.139	-2233.71	153.5711	1.233501	0.729215	0.223612	0.0228901	0.0242829	1.066141	4.530668
28416	-2070.823	-2225.422	154.5987	1.233501	0.759544	0.154837	0.0603262	0.0252929	1.286803	3.821443
28422	-2075.712	-2230.683	154.9712	1.248441	0.625099	0.186124	0.13301	0.055767	1.205544	3.645241
28428	-2088.854	-2242.773	153.9195	1.396704	0.754576	0.123773	0.0922698	0.0293809	1.377113	4.073431
28434	-2085.086	-2238.483	153.3968	1.130676	0.738495	0.0757684	0.120754	0.0649828	1.326233	4.537282
28440	-2073.331	-2227.668	154.3368	1.128233	0.827717	0.0470341	0.0796476	0.0456008	1.244965	4.052611
28446	-2075.128	-2229.478	154.3504	1.281278	0.78995	0.0388939	0.164309	0.00684701	1.263306	3.951981
28452	-2074.293	-2229.384	155.0911	1.200778	0.804736	0.0880905	0.070131	0.0370421	1.167782	3.623532
28458	-2074.005	-2228.81	154.8047	1.188078	0.688267	0.157886	0.0599809	0.0938663	1.298832	3.720363
28464	-2080.909	-2236.715	155.8066	1.101296	0.690676	0.187131	0.04764	0.0745535	1.32279	3.168814
28470	-2077.404	-2229.585	152.1812	1.418813	0.759947	0.164265	0.0113277	0.0644604	1.072911	5.207703
28476	-2089.202	-2242.66	153.4578	1.324735	0.747637	0.170256	0.01869	0.0634163	1.055706	4.552991
28482	-2084.553	-2239.404	154.8513	1.284574	0.66845	0.152223	0.112349	0.0669783	1.385371	3.591119
28488	-2083.049	-2238.227	155.1783	1.08866	0.677794	0.168918	0.110065	0.0432231	1.25197	3.586436
28494	-2081.63	-2234.805	153.1746	1.338777	0.678613	0.203744	0.114038	0.00360561	1.256409	4.592152
28500	-2084.086	-2240.007	155.9213	1.108134	0.661214	0.162262	0.169424	0.00710001	1.420205	3.038434
28506	-2081.096	-2236.678	155.5827	1.091992	0.624405	0.175352	0.174161	0.0260822	1.362611	3.283124
28512	-2077.577	-2234.377	156.8007	1.00431	0.702497	0.136364	0.128172	0.032967	1.478056	2.529201
28518	-2076.684	-2233.309	156.6252	1.005518	0.697089	0.0709451	0.16792	0.0640455	1.42337	2.670953
28524	-2073.92	-2229.814	155.894	0.9474529	0.658451	0.123772	0.155127	0.06265	1.341499	3.196555
28530	-2076.18	-2231.711	155.5309	1.063445	0.586782	0.275336	0.109094	0.0287884	1.296028	3.36919
28536	-2087.081	-2240.95	153.8693	0.9843867	0.534134	0.366986	0.0726744	0.0262054	1.035237	4.516146
28542	-2074.753	-2227.272	152.5194	1.301793	0.513151	0.360363	0.080674	0.0458118	1.066652	5.082181
28548	-2082.163	-2233.816	151.6529	1.301793	0.683359	0.148201	0.107433	0.0610071	0.9516544	5.623531
28554	-2088.076	-2242.56	154.4842	1.381331	0.744988	0.172367	0.0324345	0.0502106	1.197002	3.861275
28560	-2081.283	-2238.044	156.7608	1.250169	0.81484	0.093423	0.0859891	0.00574832	1.451801	2.422168
28566	-2078.148	-2234.771	156.6228	1.179763	0.834255	0.0271173	0.136471	0.00215749	1.342218	2.617861
28572	-2087.833	-2242.357	154.5237	1.527955	0.763599	0.00950727	0.223772	0.00312169	1.418948	3.636429
28578	-2085.423	-2241.329	155.9058	1.527955	0.832335	0.0182974	0.146412	0.00295487	1.260268	2.913973
28584	-2078.802	-2231.979	153.1772	1.400969	0.786705	0.0396971	0.173223	0.000374572	1.153114	4.617391
28590	-2088.589	-2242.441	153.8521	1.207899	0.727213	0.112071	0.160124	0.000592611	0.9325763	4.461271
28596	-2096.746	-2251.407	154.6608	1.136828	0.745121	0.11483	0.139174	0.000874658	1.102268	3.944259
28602	-2096.486	-2250.069	153.5828	1.376505	0.825514	0.104184	0.0692114	0.00109056	1.183526	4.384397
28608	-2103.691	-2258.37	154.6789	1.420395	0.767806	0.117306	0.113297	0.00159147	1.231839	3.709046
28614	-2099.686	-2254.914	155.2284	1.305841	0.829211	0.0963595	0.06987	0.00455932	1.430898	3.332718
28620	-2103.712	-2260.085	156.3731	1.076288	0.520942	0.422214	0.0529415	0.00390328	1.310313	2.851225
28626	-2092.693	-2248.877	156.1839	0.6332408	0.385433	0.506514	0.0980991	0.00995388	1.351122	3.213611
28632	-2089.299	-2243.238	153.9381	1.08399	0.854208	0.108944	0.0299806	0.00686678	1.146985	4.358822
28638	-2092.465	-2243.949	151.4839	2.178831	0.914607	0.0600784	0.00514475	0.0201703	1.15913	5.211451
28644	-2097.898	-2251.64	153.7422	2.209923	0.872119	0.0572875	0.00490575	0.0656874	1.138037	3.942128
28650	-2090.952	-2245.929	154.9768	1.295171	0.696083	0.176987	0.0151561	0.111774	1.214307	3.611893
28656	-2079.48	-2232.871	153.3908	1.349991	0.758875	0.132632	0.0175965	0.0908964	1.05213	4.579783
28662	-2078.475	-2232.994	154.5191	1.139454	0.762515	0.161461	0.0123304	0.0636936	1.185308	3.976406
28668	-2089.943	-2243.691	153.748	1.217363	0.642938	0.262726	0.0406308	0.0537052	1.182764	4.373859
28674	-2086.2	-2241.092	154.891	1.217363	0.709248	0.135147	0.0670194	0.0885853	1.269088	3.671702
28680	-2087.019	-2242.235	155.2164	0.9608906	0.690221	0.179345	0.116052	0.0143822	1.140553	3.702443
28686	-2087.104	-2241.556	154.4521	1.404209	0.810636	0.0361744	0.136298	0.0168913	1.246288	3.839684
28692	-2079.791	-2234.152	154.3606	1.402339	0.775205	0.076341	0.130341	0.0181136	1.158214	3.943654
28698	-2083.209	-2237.842	154.6327	1.314069	0.773675	0.0781634	0.130084	0.0180779	1.215491	3.800121
28704	-2078.544	-2232.945	154.4015	1.00073	0.540212	0.158974	0.279581	0.0212331	1.221959	4.1002
28710	-2076.462	-2232.45	155.9885	0.9323685	0.540212	0.158974	0.279581	0.0212331	1.444715	3.088049
28716	-2094.324	-2248.47	154.1467	0.9323685	0.585038	0.254435	0.0959073	0.0646201	1.200384	4.296242
28722	-2097.995	-2251.17	153.1747	1.070922	0.615165	0.223938	0.10108	0.0598176	1.240432	4.742386
28728	-2096.319	-2249.915	153.5959	1.050405	0.651096	0.200875	0.137222	0.0108074	1.157132	4.564379
28734	-2102.219	-2255.045	152.8265	1.498467	0.741517	0.07577	0.117633	0.0650803	1.121131	4.783718
28740	-2082.636	-2234.311	151.6746	1.26872	0.757625	0.0784349	0.134939	0.0290006	0.8935901	5.660169
28746	-2080.289	-2229.987	149.6977	1.417831	0.706326	0.0658105	0.223425	0.00443862	0.8677394	6.67673
28752	-2081.839	-2233.735	151.8963	1.636617	0.774054	0.072121	0.139191	0.0146343	1.201475	5.191106
28758	-2074.634	-2227.603	152.9688	1.223453	0.765815	0.0838727	0.137709	0.0126028	0.9904985	4.915066
28764	-2077.657	-2230.158	152.5005	1.47743	0.79351	0.0543279	0.137331	0.0148313	0.9285377	5.082431
28770	-2081.178	-2233.091	151.9124	1.68249	0.86665	0.0445677	0.0839216	0.00486059	1.250729	5.133993
28776	-2090.092	-2242.827	152.7353	1.240285	0.735791	0.144519	0.0969282	0.0227617	0.9525161	5.057229
28782	-2084.819	-2238.097	153.2784	1.231828	0.678835	0.138391	0.0900223	0.0927518	1.356109	4.533089
28788	-2085.312	-2238.34	153.0283	1.038991	0.647873	0.12836	0.178726	0.0450401	1.343534	4.78412
28794	-2090.87	-2244.505	153.6347	0.99993	0.629292	0.251479	0.0929505	0.0262779	1.250137	4.518486
28800	-2092.287	-2245.47	153.1836	1.358002	0.807134	0.077814	0.0219795	0.0930722	1.103331	4.663207
28806	-2089.842	-2243.002	153.1596	1.440684	0.815466	0.0880163	0.047147	0.049371	1.226975	4.566109
28812	-2096.312	-2248.433	152.1215	1.093863	0.633692	0.23108	0.109993	0.0252347	1.181015	5.347537
28818	-2102.493	-2253.478	150.9851	1.473707	0.909883	0.0145208	0.0675626	0.00803332	1.044033	5.85471
28824	-2085.785	-2238.211	152.4261	1.161904	0.552134	0.356484	0.0666583	0.0247237	0.9524397	5.269368
28830	-2078.438	-2231.796	153.3579	1.064208	0.618252	0.300114	0.078968	0.00266619	1.165691	4.685414
28836	-2096.977	-2249.484	152.5071	1.077881	0.570392	0.316922	0.0833908	0.0292953	0.8705822	5.314653
28842	-2090.663	-2241.37	150.707	0.9664366	0.521545	0.300931	0.0862278	0.091297	1.110183	6.229731
28848	-2080.4	-2233.213	152.8134	1.427577	0.721901	0.212389	0.0594485	0.00626203	1.117575	4.827507
28854	-2087.697	-2241.704	154.0075	1.509212	0.628464	0.242079	0.123792	0.00566554	1.227357	4.052556
28860	-2098.531	-2253.105	154.5738	1.178801	0.691007	0.0509708	0.246353	0.0116692	1.284888	3.866479
28866	-2092.404	-2245.975	153.5709	1.271247	0.689504	0.0530345	0.245817	0.0116438	1.05089	4.519655
28872	-2087.237	-2241.894	154.6569	1.236609	0.737859	0.134575	0.119747	0.00781858	1.178359	3.848651
28878	-2080.488	-2234.848	154.3602	1.015699	0.721492	0.13159	0.125401	0.0215164	1.358676	4.037277
28884	-2075.42	-2229.562	154.1419	1.172367	0.682544	0.194313	0.118632	0.00451129	1.460845	4.016538
28890	-2081.874	-2236.222	154.3481	1.189388	0.830561	0.019785	0.134077	0.0155774	1.251793	4.008956
28896	-2081.786	-2234.146	152.3607	1.193281	0.875951	0.00730525	0.0927409	0.0240033	1.348065	5.070088
28902	-2090.625	-2241.933	151.3078	1.718466	0.779986	0.0566386	0.111943	0.0514323	1.235535	5.460003
28908	-2101.627	-2255.501	153.8747	1.343638	0.82015	0.0405075	0.133921	0.00542115	1.164798	4.2466
28914	-2089.276	-2241.475	152.1995	1.175119	0.783342	0.00253737	0.188672	0.0254492	1.100899	5.30557
28920	-2083.283	-2236.111	152.8278	1.274169	0.719819	0.148716	0.126153	0.00531225	1.208155	4.846127
28926	-2079.677	-2233.07	153.3936	1.190338	0.725464	0.149882	0.1193	0.0053539	1.484773	4.417786
28932	-2081.75	-2235.417	153.6672	1.190338	0.766908	0.103499	0.126116	0.00347649	1.211168	4.417786
28938	-2082.377	-2237.596	155.2183	1.292977	0.641069	0.220482	0.135167	0.00328197	1.486932	3.312595
28944	-2090.718	-2243.895	153.1773	1.322358	0.710132	0.179605	0.107118	0.00314475	1.453129	4.488496
28950	-2097.144	-2253.426	156.2818	1.211106	0.705717	0.152586	0.134585	0.00711159	1.489205	2.719021
28956	-2097.61	-2254.351	156.7414	1.043761	0.661652	0.191773	0.140502	0.00607368	1.548765	2.497604
28962	-2093.929	-2250.193	156.2647	1.58082	0.782502	0.159556	0.0529193	0.00502334	1.529609	2.501035
28968	-2076.682	-2233.17	156.4879	1.051615	0.658873	0.295371	0.041789	0.0039668	1.518572	2.668715
28974	-2085.38	-2242.379	156.9991	0.8797938	0.660017	0.295883	0.0418616	0.00223763	1.486917	2.4787
28980	-2085.561	-2241.189	155.6278	1.155663	0.59622	0.364102	0.0378152	0.00186281	1.572046	3.095725
28986	-2079.586	-2235.531	155.9444	1.330037	0.873207	0.108253	0.017479	0.00106021	1.454945	2.878367
28992	-2086.678	-2241.661	154.9831	2.158061	0.711408	0.199604	0.0871038	0.00188414	1.550213	2.997175
28998	-2080.876	-2237.69	156.8141	1.50227	0.825842	0.14358	0.0284014	0.00217734	1.677997	2.097639
29004	-2084.811	-2241.469	156.6579	1.680508	0.942971	0.028002	0.0280739	0.000953415	1.684439	2.097639
29010	-2081.546	-2238.846	157.3	1.549768	0.922033	0.0312794	0.0457554	0.000932245	1.82045	1.640159
29016	-2089.447	-2245.911	156.4635	1.518559	0.898112	0.052773	0.0445684	0.00454699	1.556414	2.392489
29022	-2100.158	-2253.588	153.4299	1.322361	0.7326	0.118292	0.0570831	0.0920248	0.8369259	4.692509
29028	-2080.62	-2234.453	153.8334	1.095066	0.736643	0.195951	0.0537722	0.0136338	1.128277	4.4224
29034	-2076.89	-2231.151	154.2608	0.9211778	0.763772	0.0615918	0.164165	0.0104713	1.128277	4.278902
29040	-2080.814	-2235.087	154.2731	1.4244	0.839578	0.0201859	0.117868	0.0223675	1.095069	4.01863
29046	-2078.177	-2232.567	154.3905	1.556901	0.802919	0.121336	0.0506465	0.0250982	1.352564	3.737643
29052	-2073.725	-2230.063	156.3382	1.366755	0.800912	0.17251	0.00914242	0.0174356	1.505361	2.586218
29058	-2071.661	-2227.798	156.1369	1.37332	0.948272	0.0419909	0.00279021	0.00694717	1.398578	2.771976
29064	-2072.651	-2227.996	155.3457	1.475175	0.946382	0.0419073	0.004777	0.00693333	1.266135	3.271736
29070	-2077.304	-2232.229	154.9251	1.370921	0.839518	0.06753	0.0883216	0.00463045	1.575092	3.391586
29076	-2079.051	-2235.051	156.0004	1.263277	0.885351	0.00758041	0.0931746	0.0138944	1.427781	2.897946
29082	-2082.052	-2237.773	155.72	1.520422	0.957183	0.0136969	0.0140988	0.0150217	1.479065	2.897946
29088	-2080.364	-2233.296	152.9319	1.4824	0.82211	0.0163528	0.147574	0.0139637	1.091557	4.749123
29094	-2086.034	-2242.281	156.247	1.197535	0.805702	0.0295022	0.119668	0.0451282	1.518258	2.730354
29100	-2088.376	-2244.463	156.0864	1.220702	0.817537	0.0299356	0.121425	0.031102	1.435958	2.864953
29106	-2087.047	-2242.824	155.7772	1.215282	0.857358	0.0226386	0.0964825	0.0235207	1.373776	3.091204
29112	-2091.913	-2247.307	155.3934	1.236993	0.813075	0.042902	0.117097	0.0269263	1.238932	3.385912
29118	-2094.931	-2248.527	153.5952	1.325962	0.886736	0.00248898	0.0820599	0.0287153	1.063126	4.470934
29124	-2080.143	-2232.703	152.5601	1.3947	0.825027	0.0265147	0.104972	0.0434859	0.9983557	5.050959
29130	-2079.252	-2232.935	153.6831	1.320489	0.681672	0.00694909	0.246806	0.0645735	1.156619	4.371498
29136	-2086.32	-2239.733	153.4128	1.510007	0.741551	0.0101477	0.215378	0.0329238	1.224027	4.391388
29142	-2083.488	-2235.201	151.7134	1.159722	0.695932	0.0698547	0.203911	0.0303031	0.8852711	5.699551
29148	-2079.22	-2230.65	151.4301	1.355038	0.685796	0.0788984	0.190684	0.0446213	0.9874619	5.699551
29154	-2075.845	-2227.766	151.9204	0.8109901	0.669575	0.131245	0.186174	0.0130065	0.9128286	5.762694
29160	-2068.554	-2217.682	149.1276	1.175487	0.549251	0.300331	0.149156	0.00126141	0.9278937	7.071492
29166	-2069.009	-2221.128	152.1194	0.9651421	0.768127	0.12326	0.107271	0.00134199	1.032898	5.500564
29172	-2079.972	-2230.883	150.911	1.141471	0.673367	0.177594	0.143148	0.00589108	0.8675242	6.156982
29178	-2083.585	-2237.059	153.4743	1.002482	0.653128	0.197843	0.138845	0.0101842	1.025343	4.732974
29184	-2090.564	-2244.854	154.2903	1.076204	0.615271	0.186375	0.18876	0.00959393	1.156128	4.158415
29190	-2097.88	-2252.917	155.0371	0.9598137	0.744826	0.100444	0.147541	0.00718874	1.187421	3.779517
29196	-2079.88	-2234.101	154.2212	1.153383	0.680284	0.200609	0.0994387	0.0196682	1.274786	4.087742
29202	-2076.402	-2229.546	153.1441	1.070115	0.647094	0.190822	0.0945873	0.0674964	1.191865	4.787047
29208	-2077.728	-2231.886	154.1585	1.188526	0.647094	0.190822	0.0945873	0.0674964	1.216224	4.13774
29214	-2075.912	-2229.455	153.5428	1.199752	0.669849	0.186107	0.0769678	0.0670764	1.236995	4.468332
29220	-2072.207	-2226.596	154.3887	1.021726	0.645414	0.10433	0.219491	0.030765	1.292807	4.055198
29226	-2076.868	-2230.662	153.7946	1.063078	0.706009	0.0889658	0.16311	0.0419156	1.170131	4.438285
29232	-2071.946	-2226.917	154.9709	0.9371894	0.710853	0.0895763	0.18242	0.0171508	1.187402	3.830834
29238	-2083.236	-2237.555	154.3183	1.147086	0.812524	0.0597612	0.106068	0.0216464	1.337709	3.999874
29244	-2080.806	-2235.439	154.6327	1.113273	0.763948	0.1344	0.0726358	0.0290157	1.055868	3.999874
29250	-2092.68	-2246.851	154.1712	1.422004	0.669871	0.150024	0.144854	0.0352518	1.231889	3.999874
29256	-2093.691	-2246.43	152.7384	1.3462	0.622535	0.177639	0.177066	0.0227601	1.259445	4.830726
29262	-2101.822	-2255.509	153.6879	1.28847	0.648743	0.185118	0.138556	0.0275834	1.223644	4.34744
29268	-2082.094	-2237.327	155.2336	1.106078	0.88383	0.0660283	0.0372533	0.0128887	1.308392	3.511573
29274	-2090.517	-2246.666	156.1489	1.241276	0.611614	0.237292	0.0882535	0.0628404	1.267873	2.917159
29280	-2086.92	-2242.509	155.5889	1.241276	0.780415	0.14696	0.0584714	0.014154	1.318326	3.221575
29286	-2083.507	-2238.322	154.8151	1.138198	0.740116	0.121508	0.09747	0.0409062	1.265416	3.761153
29292	-2084.174	-2240.498	156.3244	1.371429	0.742754	0.0875267	0.146313	0.0234065	1.428038	2.63992
29298	-2089.471	-2246.251	156.78	0.9638924	0.736717	0.0868153	0.154366	0.0221017	1.245281	2.710948
29304	-2073.115	-2227.422	154.3071	0.9838546	0.718916	0.032257	0.227259	0.0215677	1.105038	4.229916
29310	-2070.794	-2224.255	153.4612	1.356977	0.719431	0.0805327	0.174696	0.0253411	1.26618	4.416207
29316	-2068.118	-2220.475	152.3573	1.187337	0.787159	0.0486436	0.14746	0.0167368	1.218346	5.146964
29322	-2077.105	-2230.646	153.541	0.9262855	0.718651	0.0555572	0.168419	0.057373	1.183209	4.650384
29328	-2080.712	-2236.575	155.8627	1.151261	0.797456	0.0616495	0.0772304	0.0636643	1.334202	3.100031
29334	-2070.66	-2226.682	156.0226	1.250544	0.717684	0.158682	0.073421	0.0502137	1.508034	2.843091
29340	-2083.66	-2239.098	155.4374	1.163101	0.677915	0.140487	0.145047	0.036551	1.480232	3.258993
29346	-2076.67	-2231.037	154.3674	1.202605	0.755395	0.0834925	0.0984631	0.0626498	1.313599	3.955388
29352	-2072.943	-2227.171	154.2277	1.493239	0.831112	0.0286891	0.116569	0.0236295	1.19095	3.955388
29358	-2071.319	-2224.296	152.9773	1.250241	0.739974	0.141871	0.0982402	0.0199141	0.970202	4.907722
29364	-2085.818	-2237.408	151.5903	1.058014	0.657723	0.138453	0.169471	0.0343533	0.9508457	5.785067
29370	-2082.985	-2234.562	151.5766	1.125542	0.64516	0.313514	0.021317	0.0200094	0.8987928	5.785067
29376	-2089.091	-2240.622	151.5304	1.125542	0.7052	0.266541	0.0135428	0.0147159	0.9450214	5.785067
29382	-2097.679	-2249.338	151.6593	1.16191	0.690734	0.280928	0.0177368	0.010601	0.8930384	5.723833
29388	-2095.204	-2245.954	150.7506	1.16191	0.619023	0.344337	0.0271387	0.00950187	0.8600368	6.237669
29394	-2090.154	-2243.631	153.4777	0.9629061	0.627705	0.2683	0.0900337	0.0139614	1.018019	4.757435
29400	-2090.937	-2246.246	155.3094	1.49736	0.752652	0.219923	0.0139999	0.0134249	1.159425	3.344677
29406	-2093.793	-2249.803	156.0097	1.02716	0.691014	0.194334	0.102327	0.0123255	1.372656	3.061524
29412	-2082.65	-2239.438	156.7883	1.119123	0.726833	0.152571	0.107631	0.0129644	1.423679	2.500489
29418	-2084.102	-2240.707	156.6047	0.8733025	0.697076	0.242342	0.0540696	0.00651282	1.343215	2.814645
29424	-2077.576	-2233.308	155.7317	1.634652	0.893547	0.0158397	0.0860464	0.00456639	1.429388	2.862631
29430	-2084.112	-2236.801	152.6888	1.236986	0.696832	0.182319	0.0727125	0.0481357	1.078377	5.014861
29436	-2074.729	-2228.996	154.2667	0.9202277	0.688767	0.254197	0.0319433	0.0250931	1.2397	4.21297
29442	-2085.981	-2238.157	152.1754	1.570304	0.762654	0.0981644	0.119096	0.0200863	1.094816	5.126322
29448	-2088.699	-2240.93	152.2312	1.320891	0.682012	0.276062	0.0239642	0.0179624	1.257698	5.126322
29454	-2092.437	-2247.124	154.6875	1.586419	0.907407	0.0386686	0.0316761	0.0222483	1.1127	3.690237
29460	-2085.407	-2240.368	154.9614	1.315969	0.82774	0.155655	0.00322065	0.0133849	1.333161	3.540701
29466	-2087.996	-2243.924	155.9277	0.8564218	0.72598	0.238577	0.00493641	0.0305063	1.333161	3.23676
29472	-2089.89	-2245.42	155.5304	1.108417	0.587353	0.316646	0.0133709	0.0826299	1.232169	3.381237
29478	-2094.53	-2248.89	154.36	1.351473	0.667899	0.238884	0.0178368	0.0753801	1.235195	3.925971
29484	-2092.386	-2248.728	156.3424	1.054688	0.788137	0.103777	0.0452389	0.0628469	1.270667	2.906578
29490	-2086.194	-2241.915	155.7209	1.591134	0.772112	0.152685	0.0746345	0.00056844	1.403902	2.906578
29496	-2090.199	-2245.22	155.0214	1.617719	0.845903	0.103133	0.0504129	0.000550908	1.227546	3.413801
29502	-2092.783	-2243.642	150.8588	1.607188	0.702996	0.100013	0.0802698	0.116721	0.9380914	5.919459
29508	-2091.213	-2242.422	151.2093	1.209596	0.602562	0.268857	0.0313335	0.0972471	0.9402131	5.919459
29514	-2086.727	-2238.445	151.7185	1.580631	0.508438	0.35637	0.0392516	0.0959402	0.973973	5.440595
29520	-2082.407	-2232.704	150.2969	1.25161	0.530769	0.350942	0.0181352	0.100154	0.9948883	6.364937
29526	-2076.46	-2228.165	151.7048	1.525949	0.812945	0.116372	0.00774219	0.0629415	1.088067	5.41089
29532	-2092.747	-2244.547	151.8	1.349554	0.758661	0.133679	0.0678072	0.0398525	1.026386	5.477787
29538	-2088.461	-2239.34	150.8795	1.564106	0.743949	0.112265	0.137951	0.0058352	0.9897643	5.899682
29544	-2087.933	-2241.938	154.0048	0.7304621	0.497348	0.426768	0.0702592	0.0056249	1.290197	4.444249
29550	-2089.139	-2243.482	154.3433	0.7426829	0.602054	0.310197	0.0504594	0.0372903	1.044123	4.38488
29556	-2083.921	-2237.909	153.9871	1.086522	0.616153	0.317461	0.0516411	0.0147457	1.153901	4.325839
29562	-2087.477	-2242.592	155.1149	1.086522	0.610936	0.222384	0.061498	0.105181	1.26241	3.618399
29568	-2080.76	-2235.388	154.628	1.418813	0.682855	0.269947	0.0435499	0.00364885	1.256103	3.725239
29574	-2091.692	-2245.257	153.5653	1.413753	0.723387	0.244204	0.0267539	0.00565424	1.276177	4.323184
29580	-2094.238	-2246.954	152.7157	1.411348	0.657663	0.232275	0.100582	0.00947984	1.155007	4.869101
29586	-2099.203	-2251.935	152.7323	1.124064	0.541394	0.421794	0.0267178	0.0100946	1.183078	4.992064
29592	-2090.751	-2243.767	153.0163	1.099624	0.617882	0.260291	0.087935	0.0338923	1.135544	4.87368
29598	-2090.008	-2246.076	156.0674	0.9834734	0.655267	0.210368	0.106974	0.0273918	1.317436	3.086088
29604	-2099.685	-2251.554	151.8688	1.248518	0.749188	0.126181	0.0939681	0.0306624	1.27565	5.353545
29610	-2086.272	-2241.005	154.7333	1.358387	0.780575	0.0736825	0.127293	0.01845	1.358669	3.636095
29616	-2090.828	-2246.25	155.4218	1.48659	0.792584	0.0882983	0.109537	0.00958145	1.317415	3.190527
29622	-2075.336	-2229.549	154.2124	1.332772	0.802633	0.0555548	0.125091	0.016721	1.367758	3.944231
29628	-2068.772	-2220.37	151.5983	1.58143	0.832339	0.0827811	0.0660812	0.0187982	1.042872	5.468469
29634	-2079.961	-2233.613	153.6522	1.482154	0.645592	0.102223	0.111015	0.14117	1.092732	4.343909
29640	-2086.442	-2241.729	155.2866	1.769328	0.574822	0.275127	0.141649	0.00840179	1.424434	3.067406
29646	-2088.372	-2244.138	155.7665	1.226734	0.615548	0.196449	0.158317	0.0296847	1.303255	3.133165
29652	-2087.275	-2242.578	155.3029	1.497393	0.916575	0.0264888	0.0323157	0.0246201	1.295222	3.2685
29658	-2087.959	-2242.07	154.1105	1.89548	0.748421	0.144606	0.0599211	0.0470519	1.371043	3.730477
29664	-2103.202	-2256.056	152.8539	1.699436	0.732459	0.170274	0.0731545	0.0241122	0.9974819	4.743382
29670	-2081.987	-2234.806	152.8195	1.172213	0.699703	0.199784	0.069883	0.0306303	1.148134	4.937357
29676	-2094.339	-2248.155	153.8156	1.312446	0.688798	0.243996	0.0370525	0.0301529	1.23193	4.258115
29682	-2084.043	-2237.342	153.2981	2.076337	0.858913	0.0762231	0.0520558	0.0128083	1.124274	4.257993
29688	-2094.228	-2244.293	150.0649	1.403636	0.639247	0.304398	0.0355909	0.0207642	0.9584459	6.435671
29694	-2090.847	-2244.833	153.9863	1.284016	0.718246	0.19671	0.0677483	0.0172962	1.018594	4.296951
29700	-2082.662	-2236.991	154.3298	1.31502	0.77619	0.131904	0.0732139	0.0186916	1.196521	3.984313
29706	-2090.069	-2242.754	152.6851	2.063826	0.877545	0.00425699	0.0827742	0.0354243	1.08314	4.631772
29712	-2079.223	-2233.996	154.7727	1.184604	0.822445	0.0540209	0.0885008	0.0350328	1.157907	3.82195
29718	-2078.898	-2233.335	154.4376	1.349253	0.769686	0.0759946	0.1436	0.0107197	1.267094	3.864287
29724	-2079.778	-2233.37	153.5924	1.569834	0.821009	0.112935	0.0546207	0.0114345	1.269743	4.235091
29730	-2077.473	-2232.054	154.5808	1.532909	0.682792	0.166276	0.132554	0.0183785	1.181283	3.738411
29736	-2081.055	-2235.992	154.937	1.304525	0.740756	0.11363	0.140953	0.00466096	1.183962	3.647636
29742	-2089.08	-2243.788	154.7077	1.360148	0.808861	0.0911714	0.0779247	0.0220427	1.362831	3.647636
29748	-2096.345	-2248.04	151.6949	1.539288	0.710848	0.0547242	0.188025	0.046403	1.201265	5.347683
29754	-2079.911	-2230.144	150.2335	1.288635	0.761249	0.0356463	0.19616	0.00694495	1.034577	6.359275
29760	-2078.432	-2228.955	150.5222	1.085581	0.48979	0.439799	0.0659426	0.00446841	0.938127	6.359275
29766	-2074.451	-2228.143	153.6913	0.806043	0.591065	0.375468	0.0298144	0.00365292	1.107473	4.678265
29772	-2084.085	-2236.974	152.8897	1.252401	0.649178	0.291779	0.0564113	0.00263123	1.142246	4.859595
29778	-2079.999	-2234.209	154.2096	1.19616	0.654385	0.294209	0.0487541	0.00265233	1.234884	4.093929
29784	-2083.399	-2237.262	153.8635	1.19616	0.694023	0.177918	0.113619	0.0144399	1.214333	4.302039
29790	-2075.074	-2228.9	153.8257	1.329137	0.713408	0.177782	0.0945486	0.014261	1.128978	4.302039
29796	-2075.882	-2229.047	153.1653	1.45265	0.655338	0.237161	0.059178	0.0483229	1.065206	4.64776
29802	-2081.186	-2234.259	153.0735	1.276646	0.819994	0.0507602	0.118888	0.0103575	1.192851	4.716182
29808	-2078.921	-2232.453	153.532	1.309013	0.741701	0.15877	0.0904065	0.00912244	1.107568	4.490168
29814	-2083.615	-2235.887	152.2722	1.085146	0.730447	0.0335848	0.228545	0.00742317	1.115081	5.305427
29820	-2084.671	-2234.662	149.9913	1.471306	0.639245	0.0935104	0.251814	0.0154304	1.068121	6.383849
29826	-2087.808	-2241.295	153.4868	1.219806	0.702716	0.211296	0.0721103	0.0138782	1.309	4.448692
29832	-2083.293	-2236.845	153.5519	0.8463407	0.715501	0.238183	0.033425	0.0128912	1.049498	4.765108
29838	-2084.405	-2237.887	153.4821	0.9596279	0.502947	0.403721	0.0634173	0.0299147	1.228335	4.639149
29844	-2079.51	-2232.726	153.2155	1.311497	0.711457	0.244328	0.0245473	0.019667	1.156458	4.639149
29850	-2071.166	-2225.059	153.8929	1.042862	0.744486	0.207335	0.0208306	0.0273487	1.200669	4.37686
29856	-2071.476	-2224.704	153.2277	1.174336	0.796426	0.129023	0.0552939	0.0192564	1.051902	4.762344
29862	-2080.109	-2233.901	153.7918	1.240319	0.712104	0.219222	0.0439723	0.0247023	1.350343	4.242186
29868	-2066.594	-2221.466	154.8723	1.266147	0.707246	0.243757	0.0436723	0.00532543	1.262998	3.659783
29874	-2072.233	-2226.789	154.5557	1.188516	0.660633	0.293599	0.0407939	0.00497444	1.170845	3.936934
29880	-2076.771	-2231.98	155.2091	1.238687	0.589251	0.377626	0.0252359	0.0078866	1.392211	3.403177
29886	-2086.966	-2242.474	155.5083	0.8901993	0.524111	0.364952	0.0985092	0.0124269	1.368887	3.441908
29892	-2074.944	-2227.947	153.0028	0.9078699	0.584453	0.299415	0.109851	0.00628155	1.304594	4.893718
29898	-2081.429	-2234.666	153.2373	1.078648	0.835598	0.143138	0.0182606	0.00300296	1.200329	4.725575
29904	-2088.633	-2241.374	152.741	1.473219	0.833178	0.117606	0.0462878	0.00292821	1.144018	4.830893
29910	-2090.532	-2244.817	154.2849	1.10898	0.764528	0.105784	0.125203	0.00448497	1.218014	4.108146
29916	-2090.324	-2244.913	154.5891	1.628486	0.855911	0.118428	0.0219805	0.00367983	1.206093	3.67273
29922	-2086.225	-2241.532	155.3072	1.206218	0.746789	0.171875	0.0402721	0.041064	1.192215	3.480552
29928	-2080.821	-2235.88	155.0594	1.390402	0.8689	0.0548752	0.0438726	0.0323524	1.271275	3.480552
29934	-2084.064	-2238.18	154.1155	1.191936	0.75768	0.177977	0.0374844	0.0268581	1.138236	4.20462
29940	-2083.888	-2237.884	153.9963	1.273432	0.871485	0.0484892	0.0491341	0.0308922	1.181373	4.20462
29946	-2086.36	-2240.261	153.9004	1.40367	0.778795	0.065244	0.125507	0.0304545	1.159357	4.20462
29952	-2083.047	-2235.602	152.5551	1.423808	0.801756	0.0593266	0.114124	0.0247937	1.141294	4.960019
29958	-2090.854	-2243.928	153.0737	2.125117	0.884268	0.0461269	0.04226	0.0273453	1.259423	4.288302
29964	-2088.165	-2240.525	152.3602	1.848799	0.815516	0.00452478	0.169078	0.0108806	1.027006	4.935739
29970	-2079.24	-2231.585	152.3448	1.193317	0.768867	0.185859	0.0394897	0.00578354	0.9708909	5.287575
29976	-2086.773	-2240.42	153.6471	1.010035	0.690811	0.138063	0.162299	0.00882673	0.9579436	4.6698
29982	-2079.708	-2232.375	152.6671	1.127115	0.747724	0.148569	0.0927395	0.0109674	1.139319	5.050944
29988	-2083.892	-2236.103	152.2103	1.730228	0.794873	0.157937	0.0170751	0.0301145	1.108902	5.025893
29994	-2085.152	-2237.835	152.6827	1.178437	0.690692	0.229516	0.0191636	0.0606285	1.119705	5.025893
30000	-2079.187	-2233.024	153.8378	1.295207	0.716028	0.192742	0.0728374	0.0183928	1.261619	4.23761
30006	-2067.717	-2221.083	153.3659	1.295207	0.759845	0.116996	0.0983286	0.0248298	1.192066	4.543182
30012	-2069.5	-2222.336	152.8358	1.322833	0.805245	0.133731	0.0330079	0.0280167	1.100985	4.87655
30018	-2072.803	-2223.713	150.91	1.222687	0.640724	0.276017	0.0419981	0.0412613	1.013939	6.035803
30024	-2074.608	-2226.113	151.5052	1.222687	0.614669	0.287169	0.0761503	0.0220115	0.9672588	5.73609
30030	-2076.926	-2228.429	151.5036	1.192787	0.538694	0.375277	0.0667378	0.0192908	0.9841371	5.743138
30036	-2066.622	-2218.119	151.4977	1.211439	0.670394	0.241256	0.0613532	0.0269974	0.9724895	5.743138
30042	-2084.188	-2239.224	155.0366	0.8489847	0.388431	0.479568	0.0781105	0.0538901	1.285265	3.788873
30048	-2088.76	-2241.762	153.0016	0.8489847	0.651946	0.170586	0.10824	0.0692269	1.099916	5.041919
30054	-2086.724	-2242.356	155.6314	1.45224	0.836163	0.141029	0.0154961	0.00731175	1.297805	3.095384
30060	-2084.286	-2238.928	154.6423	1.011895	0.665598	0.274	0.0540857	0.00631686	1.346322	3.885091
30066	-2081.299	-2236.52	155.2212	1.225511	0.496196	0.380572	0.0403203	0.0829117	1.326743	3.44159
30072	-2073.663	-2229.081	155.4177	0.9967155	0.491728	0.377144	0.0705084	0.0606194	1.330682	3.45398
30078	-2071.99	-2225.39	153.4	0.9967155	0.705278	0.0999259	0.14876	0.0460364	1.142251	4.712418
30084	-2067.718	-2221.622	153.9038	1.177667	0.721243	0.102188	0.136155	0.0404141	1.143831	4.329048
30090	-2070.402	-2226.259	155.8569	1.183608	0.745679	0.10565	0.106887	0.0417833	1.226823	3.149057
30096	-2069.5	-2223.5	153.9995	1.183608	0.670098	0.0949415	0.197412	0.0375482	1.154022	4.265895
30102	-2069.74	-2222.827	153.0874	1.327383	0.812786	0.0736714	0.099167	0.0143761	1.151632	4.705484
30108	-2083.896	-2237.426	153.5302	0.9152661	0.72943	0.110184	0.146835	0.0135511	1.106799	4.705484
30114	-2086.15	-2237.556	151.4065	1.600353	0.753107	0.168686	0.0321429	0.0460638	0.9168934	5.634348
30120	-2085.817	-2236.46	150.6426	1.274953	0.701586	0.203361	0.0787579	0.0162953	0.8600303	6.238735
30126	-2082.453	-2235.018	152.565	1.28521	0.691306	0.164491	0.118051	0.0261513	1.058873	5.069619
30132	-2085.191	-2238.733	153.5422	1.261507	0.709927	0.149775	0.0840929	0.0562053	1.134279	4.494002
30138	-2089.828	-2241.622	151.7942	1.546222	0.723729	0.153574	0.0935769	0.0291206	1.058163	5.368569
30144	-2085.46	-2239.342	153.8822	1.454688	0.748019	0.113673	0.0996499	0.0386579	1.18164	4.1768
30150	-2083.266	-2236.493	153.2266	0.8606677	0.580198	0.324167	0.0782755	0.0173597	1.214398	4.84633
30156	-2087.868	-2241.66	153.7916	1.060938	0.561384	0.313655	0.108165	0.0167968	1.161184	4.446231
30162	-2082.477	-2236.859	154.3826	1.272787	0.702928	0.14918	0.135437	0.0124558	1.22783	3.958317
30168	-2092.423	-2246.437	154.0139	0.9689013	0.528172	0.296713	0.164656	0.0104589	1.146829	4.380625
30174	-2081.546	-2230.338	148.7917	1.044347	0.709517	0.175378	0.100978	0.0141261	0.8040802	7.386683
30180	-2071.574	-2222.552	150.9778	1.102064	0.680271	0.13089	0.175295	0.0135438	1.1295	5.998602
30186	-2083.134	-2234.439	151.3046	1.102064	0.717186	0.134724	0.133811	0.0142788	0.9483072	5.919122
30192	-2071.106	-2224.446	153.3403	1.102064	0.824084	0.0688369	0.0806348	0.0264439	1.248614	4.628118
30198	-2087.244	-2242.382	155.1379	1.497617	0.782806	0.128694	0.0765958	0.0119041	1.267943	3.381547
30204	-2083.359	-2237.99	154.631	1.940154	0.776711	0.0616242	0.159444	0.00222098	1.340362	3.425848
30210	-2093.74	-2247.934	154.1944	1.702717	0.653057	0.172829	0.167202	0.00691153	1.319397	3.79997
30216	-2082.802	-2237.732	154.9308	1.145058	0.717778	0.189957	0.084668	0.00759649	1.351671	3.640552
30222	-2070.056	-2225.198	155.1422	1.469885	0.805036	0.0575596	0.0989512	0.0384533	1.319581	3.362831
30228	-2068.014	-2223.076	155.0622	1.043052	0.673911	0.227127	0.082834	0.0161275	1.244765	3.683907
30234	-2083.105	-2238.917	155.8113	1.29769	0.653079	0.289622	0.0447364	0.0125626	1.336138	3.047686
30240	-2073.03	-2229.207	156.1768	1.240445	0.787237	0.140574	0.0570454	0.0151432	1.418252	2.809626
30246	-2080.032	-2236.451	156.4185	0.9962053	0.724535	0.225857	0.0392015	0.0104064	1.412637	2.809626
30252	-2075.996	-2232.521	156.525	0.9962053	0.61777	0.327387	0.0506756	0.00416727	1.378745	2.765409
30258	-2069.428	-2225.048	155.6198	1.167547	0.593823	0.326472	0.0737615	0.00594309	1.297978	3.256405
30264	-2072.734	-2228.146	155.4124	1.099619	0.638019	0.275377	0.0738291	0.0127751	1.20003	3.47414
30270	-2067.114	-2220.842	153.7274	0.7883539	0.491368	0.380082	0.109587	0.0189626	1.336976	4.539709
30276	-2071.876	-2227.803	155.9275	0.7754007	0.544534	0.416165	0.0123804	0.0269211	1.342477	3.281419
30282	-2073.63	-2229.084	155.454	1.198966	0.552688	0.390952	0.0247796	0.0315799	1.31009	3.329445
30288	-2077.777	-2231.929	154.152	1.400957	0.591958	0.23582	0.121793	0.0504297	1.310765	3.976424
30294	-2080.551	-2233.218	152.6667	1.400957	0.663464	0.207428	0.0975159	0.0315922	1.14762	4.90565
30300	-2075.254	-2230.074	154.8201	1.266815	0.622721	0.112998	0.231755	0.0325258	1.292564	3.672489
30306	-2075.591	-2231.177	155.5854	1.438688	0.648977	0.117762	0.191619	0.0416424	1.307406	3.124118
30312	-2068.571	-2224.778	156.2078	1.051464	0.573371	0.255063	0.140938	0.0306285	1.442698	2.885904
30318	-2069.967	-2226.506	156.5385	1.071893	0.644955	0.220629	0.130029	0.00438732	1.549155	2.606362
30324	-2079.211	-2235.15	155.9399	1.021387	0.571638	0.400691	0.0224268	0.00524465	1.508968	3.025182
30330	-2072.28	-2228.758	156.478	1.095992	0.688753	0.110931	0.19629	0.00402591	1.413022	2.712956
30336	-2088.336	-2243.169	154.833	0.8905464	0.612555	0.19408	0.19225	0.00111537	1.131044	3.969611
30342	-2086.529	-2239.17	152.6415	1.07416	0.714111	0.209157	0.053738	0.022994	1.161968	5.081093
30348	-2085.357	-2237.515	152.1581	0.9013552	0.646744	0.303105	0.0316891	0.0184622	1.230781	5.406067
30354	-2083.43	-2237.072	153.6422	1.150522	0.610736	0.173065	0.185907	0.0302923	1.270669	4.41972
30360	-2088.041	-2238.183	150.1413	0.7875516	0.697355	0.175269	0.121885	0.00549124	1.001876	6.694957
30366	-2080.712	-2232.158	151.4461	1.062948	0.760987	0.12725	0.096484	0.0152793	1.060967	5.801094
30372	-2085.109	-2237.555	152.4462	1.183218	0.780301	0.0903447	0.0933854	0.0359687	1.183404	5.119217
30378	-2081.892	-2233.974	152.0822	1.23729	0.752738	0.137984	0.0900866	0.0191914	0.9827874	5.403103
30384	-2094.882	-2249.955	155.073	1.084223	0.700272	0.157821	0.111749	0.0301582	1.247849	3.652438
30390	-2101.195	-2255.415	154.2204	1.331675	0.745388	0.0764915	0.118949	0.0591716	1.161435	4.058144
30396	-2100.708	-2249.961	149.2534	1.554111	0.718765	0.0748607	0.145631	0.0607436	0.9448522	6.811272
30402	-2095.022	-2248.651	153.629	1.329891	0.613582	0.297547	0.0627128	0.0261579	0.9871792	4.492621
30408	-2089.791	-2243.822	154.0309	1.511849	0.660336	0.233496	0.0487769	0.0573916	1.303929	3.994178
30414	-2098.758	-2252.768	154.0103	1.183262	0.751239	0.105979	0.0892218	0.0535603	1.312861	4.169858
30420	-2113.299	-2267.383	154.0846	1.345842	0.556479	0.241237	0.15607	0.0462144	1.268952	4.066989
30426	-2100.805	-2250.313	149.5074	1.262871	0.655829	0.166714	0.14552	0.0319377	1.022767	6.771484
30432	-2098.421	-2250.705	152.2834	0.936709	0.680245	0.17292	0.0766572	0.0701777	0.9796355	5.455499
30438	-2092.318	-2241.718	149.4005	1.181874	0.743528	0.138697	0.0614858	0.0562886	0.9227885	6.924037
30444	-2096.979	-2249.476	152.4972	1.355763	0.670112	0.12137	0.149087	0.0594314	0.8359817	5.195102
30450	-2082.081	-2235.749	153.668	0.8107871	0.302489	0.635589	0.035095	0.0268274	1.031502	4.731003
30456	-2084.322	-2236.451	152.1284	1.010729	0.606781	0.360231	0.0224407	0.0105474	1.066789	5.451813
30462	-2090.71	-2244.11	153.4	1.416908	0.614607	0.314902	0.0157216	0.0547688	1.092153	4.518595
30468	-2086.238	-2238.792	152.5541	1.217382	0.625499	0.28781	0.0428495	0.0438412	1.25997	4.999023
30474	-2088.173	-2241.355	153.1824	1.240688	0.665676	0.213305	0.106403	0.0146152	1.082566	4.735603
30480	-2069.204	-2222.168	152.9643	1.239134	0.641449	0.283799	0.0629048	0.0118471	1.153233	4.818761
30486	-2073.949	-2228.089	154.14	1.747117	0.684793	0.131928	0.00816869	0.17511	1.107245	3.932383
30492	-2083.349	-2236.281	152.9323	1.438856	0.858154	0.0863978	0.000624947	0.0548235	1.025021	4.807298
30498	-2084.535	-2237.83	153.2952	1.708236	0.826362	0.144548	0.00250529	0.0265851	1.143401	4.409719
30504	-2086.431	-2237.395	150.9638	1.500402	0.728079	0.246199	0.0018508	0.0238717	1.037249	5.85741
30510	-2086.644	-2242.211	155.5671	1.416043	0.758711	0.218336	0.0172651	0.00568776	1.514653	3.023194
30516	-2084.492	-2239.933	155.4417	1.429788	0.798574	0.180346	0.0158562	0.0052236	1.541451	3.07495
30522	-2077.613	-2233.278	155.6644	1.347787	0.789439	0.174547	0.0233976	0.012617	1.39178	3.07495
30528	-2071.155	-2226.77	155.6155	1.347787	0.617638	0.313557	0.0167259	0.0520788	1.440681	3.07495
30534	-2067.588	-2224.535	156.9466	1.215826	0.63224	0.32097	0.0405105	0.00627939	1.511992	2.286338
30540	-2082.556	-2234.546	151.9903	1.215826	0.620971	0.25486	0.0753627	0.0488059	1.085514	5.408227
30546	-2072.554	-2224.728	152.1734	1.042209	0.667272	0.188151	0.0809819	0.0635943	1.042702	5.423092
30552	-2075.183	-2228.873	153.6899	1.325608	0.725738	0.0917836	0.122735	0.0597433	0.9709191	4.46969
30558	-2077.889	-2231.649	153.7599	1.450095	0.641988	0.143696	0.186112	0.0282044	1.247317	4.211219
30564	-2099.504	-2255.786	156.2819	1.413541	0.697335	0.0936366	0.199068	0.00996037	1.373366	2.676706
30570	-2069.916	-2224.105	154.1894	1.288202	0.637627	0.314596	0.0386061	0.00917077	1.307886	4.014882
30576	-2082.127	-2235.522	153.395	1.101235	0.446066	0.434786	0.0826777	0.03647	1.092229	4.685479
30582	-2081.629	-2239.306	157.6775	0.948463	0.675933	0.246134	0.0756053	0.00232725	1.645904	1.889069
30588	-2087.921	-2244.322	156.4001	1.154181	0.559323	0.269934	0.167706	0.00303637	1.344829	2.767951
30594	-2082.992	-2239.282	156.2899	1.293478	0.737955	0.163314	0.0955471	0.00318357	1.583514	2.608884
30600	-2082.231	-2237.384	155.153	1.471006	0.638874	0.276393	0.081128	0.00360494	1.363347	3.330154
30606	-2091.195	-2244.105	152.9099	1.362627	0.733791	0.164147	0.0931811	0.00888155	1.591199	4.540741
30612	-2080.833	-2234.313	153.4801	1.275019	0.659861	0.20354	0.133715	0.00288377	1.247306	4.458263
30618	-2087.195	-2241.704	154.5092	1.488928	0.747163	0.0981647	0.151407	0.00326531	1.51687	3.607539
30624	-2093.568	-2250.026	156.4576	1.297424	0.799475	0.0636879	0.118721	0.0181157	1.439594	2.59193
30630	-2093.528	-2249.182	155.6538	1.194251	0.748443	0.0291792	0.186113	0.0362642	1.251495	3.248837
30636	-2086.317	-2240.235	153.9175	1.36122	0.740712	0.0515146	0.18419	0.0235833	1.123242	4.236887
30642	-2085.546	-2239.659	154.1131	1.113432	0.811277	0.0190629	0.162345	0.00731594	1.158852	4.236887
30648	-2092.128	-2244.754	152.6267	1.234777	0.777037	0.160111	0.0602903	0.00256198	1.28893	4.933516
30654	-2077.644	-2232.155	154.5112	1.204571	0.873321	0.0473236	0.0597706	0.0195845	1.357491	3.846691
30660	-2081.018	-2235.721	154.7032	1.085505	0.72861	0.223877	0.039616	0.00789706	1.311178	3.828585
30666	-2086.076	-2241.746	155.6702	1.306395	0.724441	0.226998	0.0366757	0.0118854	1.450852	3.058697
30672	-2078.601	-2233.904	155.3039	1.267214	0.804331	0.108696	0.0407203	0.0462529	1.345995	3.359078
30678	-2078.818	-2233.228	154.4101	1.711484	0.857904	0.0593574	0.0226555	0.0600836	1.296696	3.684442
30684	-2084.345	-2239.78	155.4354	1.580737	0.912523	0.0275508	0.016409	0.0435175	1.462963	3.047892
30690	-2086.106	-2238.535	152.4288	1.18294	0.753189	0.180397	0.0237572	0.0426564	1.008635	5.22575
30696	-2087.179	-2239.171	151.9921	1.816062	0.803193	0.117318	0.014337	0.0651517	1.205794	5.055211
30702	-2093.027	-2244.564	151.5374	1.998615	0.893799	0.0705631	0.00442402	0.0312134	1.149857	5.260173
30708	-2084.035	-2236.404	152.3692	1.271143	0.716564	0.160711	0.0152351	0.10749	1.171651	5.12282
30714	-2089.664	-2244.867	155.2031	1.040731	0.541256	0.272121	0.121387	0.0652357	1.212619	3.62221
30720	-2077.871	-2230.438	152.5668	0.9801205	0.557214	0.327131	0.0903527	0.0253017	0.9568163	5.287601
30726	-2083.362	-2237.07	153.7078	0.944603	0.525964	0.38009	0.087021	0.00692459	1.079541	4.604536
30732	-2077.476	-2231.114	153.6384	1.21188	0.598813	0.334197	0.0626587	0.00433195	1.242092	4.405162
30738	-2083.202	-2237.09	153.8882	1.250626	0.65733	0.223253	0.114743	0.00467474	1.062092	4.345296
30744	-2075.821	-2230.178	154.3567	1.41331	0.774686	0.157374	0.0443555	0.0235852	1.244543	3.890831
30750	-2081.355	-2235.782	154.4269	1.512506	0.855895	0.0979379	0.0442032	0.00196386	1.152748	3.853584
30756	-2079.961	-2232.326	152.3653	1.531729	0.814757	0.141294	0.0420787	0.00186947	1.164539	5.000518
30762	-2075.726	-2228.418	152.6922	1.154023	0.584914	0.357582	0.0479938	0.00951031	1.203434	4.987042
30768	-2081.022	-2233.639	152.6171	1.066488	0.742249	0.2314	0.021993	0.00435806	1.133726	5.114477
30774	-2081.571	-2236.638	155.0673	1.121329	0.739611	0.230577	0.0212918	0.00852019	1.450401	3.517123
30780	-2074.128	-2227.96	153.8315	1.115019	0.614794	0.351222	0.0278935	0.00609019	1.29908	4.316065
30786	-2070.229	-2223.89	153.6613	1.571517	0.805517	0.109477	0.0365467	0.0484591	1.3473	4.151167
30792	-2073.649	-2227.823	154.1747	0.9982292	0.656892	0.211252	0.129699	0.00215779	1.36166	4.151167
30798	-2084.999	-2239.045	154.0458	1.127669	0.684508	0.207382	0.102261	0.00584949	1.278253	4.199578
30804	-2082.136	-2235.386	153.2493	1.038278	0.656846	0.243616	0.0867101	0.0128273	1.191084	4.746242
30810	-2082.369	-2235.178	152.8087	1.207819	0.73958	0.147201	0.0869741	0.0262446	1.065416	4.970648
30816	-2077.85	-2232.347	154.4968	2.134657	0.71442	0.148094	0.107581	0.0299046	1.406455	3.380938
30822	-2072.43	-2225.212	152.7819	1.608351	0.774628	0.182849	0.0256393	0.0168838	1.23898	4.690599
30828	-2077.339	-2231.575	154.2368	1.099418	0.813684	0.141649	0.026932	0.0177351	1.168582	4.168912
30834	-2077.346	-2230.37	153.0238	1.221253	0.708473	0.257577	0.0204702	0.0134799	1.192317	4.773023
30840	-2084.362	-2236.857	152.4944	1.380791	0.689741	0.278637	0.0186895	0.0129328	1.111815	5.031339
30846	-2078.45	-2230.959	152.5094	1.380791	0.720187	0.253438	0.0155884	0.0107868	1.096847	5.031339
30852	-2071.651	-2224.632	152.9805	1.399952	0.624134	0.284977	0.0815406	0.00934816	1.264299	4.665798
30858	-2075.602	-2230.898	155.2969	0.9259879	0.761178	0.203085	0.00932565	0.0264107	1.410392	3.519727
30864	-2077.678	-2233.875	156.1972	1.893349	0.824933	0.13602	0.0107323	0.0283151	1.492452	2.408447
30870	-2084.016	-2240.777	156.7608	1.012302	0.832803	0.104042	0.0359257	0.0272286	1.598137	2.474108
30876	-2086.516	-2243.006	156.4905	1.54299	0.895724	0.042848	0.032142	0.0292858	1.635	2.31221
30882	-2090.734	-2247.995	157.261	1.221826	0.757156	0.0501654	0.167923	0.0247553	1.521897	2.072171
30888	-2082.834	-2240.104	157.2695	1.460981	0.780554	0.0351913	0.173112	0.0111427	1.762839	1.756782
30894	-2089.624	-2247.415	157.791	1.022228	0.767561	0.07536	0.11834	0.038739	1.765668	1.675386
30900	-2083.587	-2241.134	157.5467	1.74547	0.768987	0.174282	0.01792	0.038811	1.89978	1.267265
30906	-2083.595	-2241.317	157.7221	1.22009	0.847058	0.0913276	0.0188633	0.0427513	1.89978	1.487908
30912	-2077.657	-2235.313	157.6557	1.589577	0.874359	0.111946	0.00925556	0.00443944	1.839103	1.332153
30918	-2090.345	-2247.805	157.4595	1.503333	0.572838	0.408863	0.0133502	0.00494876	1.622217	1.69615
30924	-2066.033	-2222.916	156.8832	1.739262	0.915537	0.0813049	0.00140211	0.00175579	1.730208	1.884798
30930	-2073.265	-2229.795	156.5296	1.710823	0.90163	0.0929425	0.00342081	0.00200711	1.431866	2.327789
30936	-2067.717	-2223.393	155.6764	1.42011	0.71595	0.272089	0.0100144	0.00194755	1.497856	2.96554
30942	-2063.86	-2218.398	154.5373	1.184601	0.706234	0.2565	0.0363039	0.00096212	1.420384	3.806389
30948	-2072.322	-2227.015	154.6931	1.184601	0.755199	0.200713	0.0429234	0.00116506	1.338299	3.763888
30954	-2100.101	-2251.556	151.4548	1.573786	0.710231	0.00821496	0.254446	0.0271082	1.023981	5.561339
30960	-2090.568	-2243.006	152.4381	1.182964	0.809682	0.0685283	0.1159	0.00589023	0.9655942	5.244397
30966	-2093.053	-2248.913	155.8599	1.263893	0.872833	0.01611	0.0916956	0.0193616	1.291719	3.063789
30972	-2084.162	-2239.057	154.8955	1.230366	0.745515	0.0735453	0.172515	0.00842477	1.377588	3.599149
30978	-2085.849	-2240.428	154.5789	1.47185	0.66232	0.138482	0.108876	0.0903227	1.427377	3.627629
30984	-2087.343	-2241.025	153.6817	1.479918	0.512148	0.349154	0.114332	0.0243666	1.140205	4.301498
30990	-2094.731	-2248.351	153.6196	1.149749	0.715112	0.213953	0.0151372	0.0557983	1.019329	4.574214
30996	-2084.991	-2238.26	153.2691	1.472611	0.753268	0.177876	0.0125848	0.0562709	1.075211	4.574214
31002	-2088.798	-2239.415	150.6172	1.472611	0.748765	0.176813	0.0125096	0.0619122	0.856439	6.158219
31008	-2094.785	-2249.139	154.3542	1.183042	0.720003	0.170021	0.0874713	0.0225046	0.977849	4.164942
31014	-2071.909	-2226.366	154.4574	1.175069	0.725849	0.17253	0.0793318	0.0222887	1.215731	3.974815
31020	-2075.467	-2228.294	152.8276	1.175069	0.754511	0.194734	0.0169054	0.0338492	1.149956	4.930332
31026	-2091.236	-2247.311	156.0752	1.88346	0.780749	0.167364	0.0096837	0.042203	1.401169	2.54685
31032	-2085.149	-2240.315	155.166	1.735245	0.727816	0.241828	0.00271328	0.0276427	1.365563	3.190511
31038	-2073.153	-2229.613	156.4606	1.556859	0.693614	0.230464	0.0495777	0.0263437	1.363571	2.495016
31044	-2076.931	-2233.659	156.7278	1.145616	0.827624	0.044457	0.120576	0.0073431	1.467359	2.495016
31050	-2094.487	-2250.921	156.4339	0.9952157	0.872459	0.0274289	0.0965618	0.00355039	1.483811	2.757464
31056	-2091.076	-2247.546	156.4701	1.131553	0.729012	0.0507627	0.181818	0.0384073	1.37296	2.721219
31062	-2085.184	-2237.645	152.4612	1.274205	0.724371	0.127717	0.10931	0.0386017	1.182412	5.064261
31068	-2078.123	-2230.615	152.4919	1.287291	0.656338	0.230049	0.0983558	0.0152577	0.9972813	5.14319
31074	-2077.532	-2232.037	154.5055	1.057514	0.557738	0.350644	0.086216	0.00540252	1.182318	4.031408
31080	-2084.892	-2241.656	156.764	1.345423	0.683568	0.260541	0.0536194	0.00227148	1.452668	2.364427
31086	-2090.243	-2245.565	155.3221	1.199619	0.533935	0.340279	0.0969383	0.0288481	1.318879	3.40137
31092	-2084.177	-2239.817	155.6394	1.028749	0.663283	0.0892165	0.175936	0.0715653	1.23656	3.360561
31098	-2081.556	-2234.433	152.8769	1.969604	0.881359	0.0138859	0.0753957	0.0293592	1.150752	4.525719
31104	-2069.533	-2223.485	153.9519	1.588014	0.803841	0.0619571	0.0720229	0.0621789	1.057913	4.142562
31110	-2073.811	-2227.785	153.974	1.08268	0.694768	0.189785	0.0466489	0.068798	1.188619	4.315733
31116	-2088.061	-2238.94	150.8793	1.756504	0.794991	0.116132	0.0363368	0.0525404	0.921606	5.850465
31122	-2081.346	-2238.057	156.7109	1.312096	0.795255	0.104175	0.0917117	0.00885845	1.748077	2.228887
31128	-2094.877	-2250.352	155.4748	1.249724	0.733469	0.0701514	0.142365	0.0540149	1.471571	3.193748
31134	-2084.932	-2239.928	154.9959	1.029947	0.724428	0.119184	0.14061	0.0157778	1.480201	3.593377
31140	-2083.802	-2240.118	156.3157	1.243908	0.700626	0.212085	0.0720297	0.0152594	1.415968	2.724306
31146	-2070.242	-2225.01	154.7672	1.120911	0.702096	0.230148	0.0559461	0.01181	1.305995	3.774945
31152	-2077.303	-2232.956	155.6527	1.293559	0.713987	0.173788	0.088613	0.0236111	1.696581	2.928713
31158	-2076.111	-2231.521	155.4094	1.001612	0.69694	0.211827	0.0864973	0.0047354	1.468117	3.375492
31164	-2077.997	-2234.914	156.9164	1.25269	0.681958	0.243214	0.0726877	0.00214001	1.482574	2.30242
31170	-2094.855	-2250.98	156.1247	1.51843	0.771874	0.0627499	0.137127	0.0282496	1.481585	2.650581
31176	-2097.184	-2253.381	156.1973	1.34867	0.772281	0.062104	0.135715	0.0298996	1.402404	2.746261
31182	-2096.903	-2249.419	152.5158	1.169491	0.656625	0.13407	0.207074	0.00223194	1.069947	5.150779
31188	-2086.605	-2239.911	153.3057	1.446243	0.779532	0.188334	0.0284436	0.00369042	1.371801	4.399632
31194	-2076.469	-2229.602	153.1334	1.425329	0.619263	0.348657	0.00152338	0.0305572	1.058746	4.682683
31200	-2079.326	-2233.858	154.5326	1.262634	0.65718	0.309024	0.00136738	0.0324282	1.040574	3.984996
31206	-2079.739	-2232.826	153.0871	1.151807	0.629131	0.33302	0.00368098	0.0341678	1.207936	4.765687
31212	-2071.107	-2225.428	154.3207	1.531917	0.767953	0.218073	0.000985699	0.0129883	1.188647	3.884376
31218	-2077.008	-2231.304	154.2959	1.489554	0.763514	0.222592	0.000980003	0.0129133	1.378168	3.810638
31224	-2080.491	-2235.137	154.646	1.100152	0.721544	0.177971	0.0968495	0.00363634	1.385364	3.810638
31230	-2086.338	-2240.41	154.0713	1.166651	0.578179	0.361278	0.0506762	0.00986652	1.091733	4.269652
31236	-2085.142	-2240.223	155.081	1.238497	0.573177	0.317738	0.0520705	0.0570152	1.128389	3.631703
31242	-2068.73	-2222.869	154.1383	0.9907115	0.617135	0.317107	0.0221795	0.0435792	1.344277	4.185999
31248	-2077.444	-2231.18	153.7356	1.131315	0.65405	0.285776	0.0202956	0.0398778	1.191105	4.422328
31254	-2077.751	-2232.391	154.6397	1.719886	0.887217	0.0554654	0.0164374	0.0408802	1.106221	3.657863
31260	-2091.397	-2246.525	155.1289	1.551799	0.910653	0.0184017	0.0289853	0.0419601	1.264709	3.361504
31266	-2091.277	-2244.365	153.0877	1.436603	0.838577	0.100998	0.0217859	0.0386391	0.9579746	4.759054
31272	-2097.533	-2250.131	152.5983	1.160133	0.606594	0.288149	0.0521339	0.0531229	0.9720936	5.164205
31278	-2084.556	-2239.593	155.0374	0.8260414	0.661621	0.22747	0.0529672	0.0579419	1.274551	3.80835
31284	-2081.276	-2237.239	155.963	1.031716	0.708513	0.178471	0.0712952	0.041721	1.363855	3.091985
31290	-2081.32	-2237.155	155.8347	1.474015	0.725677	0.142304	0.104191	0.0278276	1.387954	2.907892
31296	-2090.458	-2246.186	155.7273	1.415183	0.859114	0.077969	0.050373	0.0125438	1.368808	3.01507
31302	-2074.987	-2229.746	154.7586	1.133115	0.878221	0.0271533	0.0727607	0.0218653	1.237587	3.812503
31308	-2069.069	-2224.974	155.9053	1.290998	0.77043	0.0849651	0.128028	0.0165764	1.41885	2.945288
31314	-2067.212	-2222.774	155.5622	1.290998	0.799912	0.154724	0.0418352	0.00352889	1.404095	3.159288
31320	-2070.951	-2224.215	153.2642	1.636701	0.734318	0.16702	0.0948527	0.00380933	1.268646	4.389654
31326	-2064.305	-2218.641	154.336	1.210427	0.764468	0.0669032	0.166803	0.00182577	1.144182	4.065945
31332	-2079.25	-2234.731	155.4814	1.014294	0.65646	0.177323	0.16279	0.00342627	1.234264	3.46288
31338	-2078.309	-2232.614	154.3053	1.698148	0.798804	0.135781	0.064059	0.00135554	1.261979	3.771315
31344	-2075.082	-2228.337	153.2554	1.353039	0.775472	0.175706	0.0475068	0.00131594	1.139506	4.605212
31350	-2087.284	-2240.933	153.6489	1.22769	0.710114	0.225274	0.0609089	0.00370319	1.28265	4.367952
31356	-2082.41	-2237.924	155.5138	0.9607923	0.629579	0.276718	0.0904191	0.0032832	1.262005	3.459111
31362	-2098.703	-2249.466	150.7635	1.278781	0.686044	0.250446	0.0425928	0.0209163	0.8405767	6.18161
31368	-2098.381	-2252.561	154.1799	0.7154811	0.446452	0.430439	0.107667	0.0154418	0.9747695	4.53216
31374	-2072.315	-2227.285	154.9699	0.9829639	0.607514	0.24821	0.131791	0.0124843	1.323627	3.726239
31380	-2083.718	-2236.685	152.9679	0.9829639	0.574655	0.242279	0.156442	0.0266244	0.8976516	5.096841
31386	-2083.978	-2237.424	153.4463	1.521302	0.646178	0.144931	0.175913	0.0329783	0.9825836	4.503068
31392	-2097.159	-2250.729	153.5706	0.9667992	0.562986	0.218261	0.188027	0.0307271	1.109909	4.651818
31398	-2082.108	-2237.205	155.0972	1.040144	0.670723	0.0884931	0.224009	0.0167753	1.15926	3.71477
31404	-2094.904	-2252.382	157.4788	0.9671903	0.713232	0.104469	0.167687	0.0146118	1.567873	2.061678
31410	-2062.261	-2219.752	157.4911	1.069167	0.607376	0.223079	0.106251	0.0632936	1.521715	2.016927
31416	-2074.977	-2230.079	155.1021	1.27367	0.516507	0.339314	0.0903544	0.0538243	1.341151	3.476627
31422	-2076.15	-2231.294	155.1441	1.399265	0.771918	0.129865	0.0558921	0.0423254	1.185414	3.476627
31428	-2096.547	-2251.362	154.8151	2.112616	0.721514	0.0632391	0.152542	0.0627048	1.256948	3.291106
31434	-2088.852	-2245.808	156.9562	0.9894815	0.710651	0.203482	0.0462091	0.0396575	1.671837	2.318484
31440	-2082.312	-2238.962	156.6492	1.310074	0.686465	0.26176	0.049115	0.00265969	1.671837	2.318484
31446	-2077.033	-2234.531	157.4978	1.053851	0.643016	0.221144	0.134475	0.00136492	1.67	1.923166
31452	-2079.077	-2236.563	157.4861	1.053851	0.626041	0.345124	0.0275061	0.00132889	1.761779	1.868786
31458	-2089.482	-2246.403	156.9213	1.725756	0.654041	0.3219	0.0185842	0.00547528	1.729905	1.866459
31464	-2081.745	-2239.105	157.3601	1.175869	0.482819	0.505789	0.00552134	0.00587068	1.729905	1.895828
31470	-2081.562	-2238.584	157.0223	1.07542	0.761541	0.207622	0.0114364	0.0194006	1.70249	2.201685
31476	-2086.632	-2243.667	157.035	1.275437	0.583204	0.211972	0.144648	0.0601758	1.618683	2.124269
31482	-2087.516	-2244.555	157.0394	1.195173	0.548737	0.303741	0.12986	0.0176617	1.689256	2.124269
31488	-2081.642	-2237.884	156.2422	1.195173	0.606199	0.166919	0.20737	0.0195112	1.656936	2.649522
31494	-2079.342	-2235.902	156.5596	1.596535	0.674667	0.210675	0.0877826	0.0268755	1.520796	2.31208
31500	-2083.561	-2239.929	156.368	1.148247	0.60208	0.313623	0.0815289	0.00276791	1.536347	2.673805
31506	-2079.787	-2233.274	153.4875	1.095027	0.514827	0.38356	0.0619883	0.0396246	1.152728	4.603137
31512	-2084.795	-2241.396	156.601	1.029078	0.611961	0.23295	0.100098	0.0549909	1.466102	2.645096
31518	-2072.985	-2228.383	155.3983	0.9304329	0.452469	0.427825	0.0790476	0.0406589	1.289433	3.528465
31524	-2077.053	-2232.766	155.7126	0.7982935	0.490503	0.479973	0.0149018	0.0146223	1.274386	3.433537
31530	-2077.287	-2232.328	155.0416	1.326539	0.610691	0.312099	0.0710442	0.00616653	1.510446	3.384618
31536	-2078.224	-2234.466	156.2417	1.231724	0.661412	0.280723	0.0491914	0.00867342	1.271929	2.863975
31542	-2071.629	-2225.581	153.9519	1.636079	0.855725	0.0662843	0.0518712	0.0261194	1.300793	3.981181
31548	-2088.439	-2242.464	154.0246	1.602465	0.788007	0.162405	0.00758912	0.0419983	1.256121	3.981181
31554	-2089.134	-2243.753	154.6188	1.80534	0.787327	0.103851	0.0394974	0.0693246	1.264536	3.538334
31560	-2093.086	-2247.991	154.9051	1.454948	0.770492	0.125652	0.0770543	0.0268012	1.196599	3.580789
31566	-2091.974	-2246.837	154.863	2.158341	0.845683	0.122428	0.0236596	0.00822935	1.197401	3.278379
31572	-2084.291	-2238.441	154.1498	1.324978	0.679373	0.161275	0.148512	0.0108406	1.378899	3.977763
31578	-2092.681	-2244.928	152.2476	1.420817	0.767259	0.148539	0.048429	0.0357726	1.038077	5.189268
31584	-2093.358	-2245.986	152.6283	1.359572	0.572868	0.244361	0.150326	0.032445	1.118615	4.963736
31590	-2092.799	-2244.043	151.2443	1.647531	0.727895	0.137517	0.093363	0.0412251	1.160891	5.567921
31596	-2112.602	-2263.924	151.3221	1.383209	0.755883	0.114282	0.0775886	0.0522465	0.9028391	5.791217
31602	-2091.646	-2241.984	150.3383	1.085247	0.592194	0.249748	0.11721	0.0408476	0.8047554	6.531454
31608	-2081.325	-2233.391	152.0662	1.085548	0.560875	0.383634	0.0283849	0.027106	1.025095	5.46834
31614	-2072.003	-2225.536	153.5331	1.093592	0.59618	0.305311	0.072446	0.0260626	1.102493	4.606536
31620	-2079.431	-2232.706	153.275	1.311124	0.829157	0.117476	0.044712	0.008655	1.074719	4.651833
31626	-2078.216	-2230.578	152.3614	1.079037	0.635489	0.23983	0.116821	0.00785943	0.9984641	5.323853
31632	-2070.852	-2222.594	151.7421	1.079037	0.63192	0.283347	0.0409005	0.0438323	1.156551	5.577763
31638	-2080.891	-2232.209	151.3174	1.154463	0.634955	0.23678	0.121251	0.00701531	1.016965	5.847022
31644	-2088.705	-2244.448	155.7434	1.158926	0.582642	0.250705	0.1441	0.0225526	1.385653	3.136052
31650	-2095.389	-2251.854	156.4651	1.05328	0.619854	0.317738	0.0270423	0.0353662	1.478816	2.706164
31656	-2079.726	-2236.105	156.3788	1.243634	0.802146	0.168716	0.0143592	0.0147792	1.382664	2.706164
31662	-2084.46	-2240.788	156.3281	1.286106	0.692357	0.181969	0.0299287	0.0957454	1.546821	2.612128
31668	-2081.135	-2235.527	154.3915	1.633117	0.789343	0.0599853	0.147091	0.0035807	1.329115	3.713678
31674	-2080.169	-2233.958	153.7892	1.611331	0.68924	0.0812622	0.164881	0.0646165	1.034692	4.237024
31680	-2080.142	-2234.836	154.6946	1.29724	0.648452	0.149878	0.140878	0.0607926	1.236321	3.761314
31686	-2082.124	-2238.522	156.3978	1.082448	0.749208	0.0995696	0.0960413	0.0551814	1.352462	2.806968
31692	-2088.242	-2244.17	155.9273	1.148808	0.725657	0.0964397	0.124456	0.0534468	1.463399	2.985438
31698	-2075.713	-2230.786	155.0735	1.323116	0.812814	0.0376721	0.139404	0.0101096	1.244799	3.523122
31704	-2071.11	-2224.748	153.6381	1.55282	0.743592	0.0534117	0.18927	0.0137259	1.266807	4.219008
31710	-2068.36	-2224.233	155.8731	1.091234	0.772367	0.180751	0.0133318	0.0335503	1.417639	3.078643
31716	-2078.382	-2234.674	156.292	1.462459	0.737294	0.100767	0.0695368	0.0924019	1.47396	2.581814
31722	-2079.828	-2233.598	153.7698	2.036444	0.704292	0.0600785	0.214213	0.0214166	1.335567	3.885485
31728	-2075.085	-2227.599	152.5145	1.622405	0.845081	0.0404871	0.0791344	0.0352978	1.226831	4.840225
31734	-2083.927	-2237.733	153.8066	1.728846	0.695296	0.161721	0.0795815	0.0634015	1.187828	4.085229
31740	-2086.255	-2237.372	151.1172	1.150854	0.784591	0.0716012	0.140915	0.00289255	0.8955052	6.024502
31746	-2081.37	-2235.765	154.3946	1.565121	0.746664	0.059819	0.185576	0.0079407	1.123494	3.86317
31752	-2093.9	-2248.858	154.9586	1.529763	0.773554	0.0206002	0.202972	0.00287398	1.205633	3.506717
31758	-2075.754	-2230.113	154.3592	1.291135	0.773805	0.0115551	0.19776	0.0168801	1.179359	3.989788
31764	-2082.674	-2236.457	153.7831	1.908848	0.741696	0.00949344	0.194686	0.0541251	1.236742	3.989788
31770	-2081.451	-2237.173	155.7214	1.296711	0.710305	0.056027	0.211646	0.0220219	1.340641	3.099163
31776	-2076.001	-2228.116	152.1147	1.612056	0.7234	0.0358799	0.193072	0.0476483	1.255753	5.051326
31782	-2081.095	-2235.352	154.2567	1.006274	0.767564	0.0380704	0.143809	0.0505573	1.045662	4.279366
31788	-2086.229	-2238.95	152.7207	1.667572	0.725874	0.054082	0.168194	0.05185	1.029596	4.814378
31794	-2089.398	-2243.204	153.8066	1.218981	0.755239	0.0675821	0.160421	0.0167581	1.074378	4.401114
31800	-2084.82	-2239.378	154.5582	1.218536	0.702636	0.12792	0.166132	0.00331248	1.282482	3.855286
31806	-2077.1	-2231.721	154.6213	1.363941	0.770509	0.0238699	0.18218	0.0234413	1.414303	3.665862
31812	-2084.306	-2236.754	152.4481	1.24852	0.747105	0.0250262	0.191005	0.0368634	1.266706	5.037968
31818	-2079.849	-2234.082	154.2332	1.309629	0.90487	0.0303109	0.0412493	0.0235698	1.433451	3.906741
31824	-2081.625	-2236.421	154.796	1.629639	0.910199	0.0212238	0.0384081	0.0301688	1.460706	3.40345
31830	-2083.43	-2238.106	154.6757	1.678844	0.806476	0.0295339	0.124319	0.0396715	1.267697	3.56266
31836	-2085.375	-2241.364	155.9889	1.393469	0.699217	0.135884	0.0991577	0.0657409	1.517689	2.778628
31842	-2077.408	-2233.234	155.8262	1.349739	0.789693	0.102503	0.0820396	0.0257646	1.51275	2.904121
31848	-2078.022	-2235.001	156.9792	1.098208	0.749514	0.0990561	0.116159	0.0352707	1.522788	2.330376
31854	-2087.986	-2241.307	153.3209	2.247887	0.927825	0.0341151	0.033307	0.00475319	1.110294	4.182865
31860	-2082.904	-2236.493	153.589	1.025653	0.624657	0.338699	0.0351481	0.00149571	1.030647	4.652945
31866	-2083.826	-2237.17	153.3437	1.08066	0.522838	0.42876	0.044494	0.00390768	1.221703	4.652945
31872	-2074.118	-2227.608	153.4898	0.9762681	0.607295	0.354568	0.0367948	0.0013416	1.11733	4.687584
31878	-2068.455	-2222.223	153.7688	0.9576675	0.576322	0.390774	0.0303222	0.00258142	1.157267	4.519186
31884	-2082.234	-2237.766	155.5315	0.9049084	0.728151	0.206802	0.063743	0.00130389	1.182565	3.528303
31890	-2083.409	-2238.26	154.8511	1.428609	0.760339	0.0647149	0.166276	0.00867086	1.35612	3.532801
31896	-2090.773	-2243.586	152.8123	1.34604	0.619846	0.144392	0.230089	0.00567369	1.379747	4.722322
31902	-2097.246	-2250.074	152.8285	1.70788	0.487277	0.246779	0.262929	0.00301424	1.173825	4.655095
31908	-2086.638	-2240.147	153.5097	1.230477	0.550564	0.295951	0.150874	0.00261073	1.374577	4.393181
31914	-2088.058	-2243.345	155.2863	0.9767661	0.543999	0.336846	0.0968022	0.0223523	1.324798	3.545787
31920	-2091.513	-2246.704	155.1913	1.59069	0.535339	0.356454	0.0824248	0.0257815	1.324798	3.270035
31926	-2091.977	-2245.312	153.3347	1.225289	0.480192	0.319734	0.176949	0.0231256	1.294089	4.539779
31932	-2074.974	-2229.864	154.89	1.094006	0.683745	0.13315	0.150177	0.0329286	1.237327	3.758775
31938	-2074.073	-2228.685	154.6122	1.124308	0.806181	0.156993	0.021904	0.0149226	1.44187	3.784095
31944	-2076.13	-2229.159	153.0292	1.403303	0.732982	0.242502	0.0149688	0.00954789	1.427842	4.545095
31950	-2068.055	-2222.364	154.309	1.140934	0.687091	0.277438	0.0227489	0.0127223	1.300896	4.029612
31956	-2082.432	-2236.766	154.3335	1.055169	0.721197	0.239945	0.0238781	0.0149798	1.270782	4.080351
31962	-2087.21	-2240.639	153.4295	1.315502	0.789614	0.163206	0.0289922	0.0181881	1.132028	4.530712
31968	-2082.867	-2234.784	151.9175	1.357177	0.844389	0.105157	0.0310033	0.0194499	1.118643	5.358435
31974	-2073.181	-2226.965	153.7845	1.546246	0.79247	0.0500911	0.131599	0.0258391	1.132237	4.215481
31980	-2069.515	-2223.508	153.992	1.103168	0.778735	0.0296986	0.179815	0.0117512	1.327642	4.215481
31986	-2074.363	-2228.968	154.6052	1.225723	0.812056	0.18174	0.00243997	0.00376434	1.255068	3.840116
31992	-2066.336	-2220.491	154.1549	1.006422	0.702475	0.219999	0.0742696	0.00325637	1.234714	4.229869
31998	-2074.242	-2230.066	155.824	1.292915	0.846376	0.0926004	0.0583691	0.00265412	1.524886	2.9293
32004	-2072.98	-2228.92	155.9392	1.169652	0.709812	0.16763	0.121577	0.000981063	1.524886	2.9293
32010	-2067.619	-2224.015	156.3953	1.169652	0.809881	0.106408	0.077174	0.00653681	1.522779	2.652751
32016	-2067.91	-2224.819	156.9091	1.169652	0.805194	0.0649883	0.117685	0.0121334	1.501548	2.344736
32022	-2086.081	-2240.393	154.3115	1.296882	0.795657	0.110339	0.0931503	0.000853445	1.238808	3.98004
32028	-2089.346	-2243.89	154.5431	1.557633	0.732044	0.150082	0.117089	0.000785211	1.375812	3.635532
32034	-2080.084	-2236.269	156.1854	1.532845	0.855991	0.0775157	0.0549771	0.0115162	1.519844	2.58182
32040	-2064.895	-2218.327	153.432	1.372998	0.680941	0.126771	0.120534	0.0717534	1.410529	4.343126
32046	-2066.054	-2219.778	153.7245	1.490854	0.779689	0.116387	0.0689404	0.0349835	1.125264	4.280337
32052	-2069.649	-2225.114	155.4648	1.221105	0.82135	0.0685771	0.0800077	0.0300648	1.353309	3.285381
32058	-2082	-2237.306	155.3064	1.334276	0.726347	0.120191	0.136566	0.0168953	1.272331	3.364844
32064	-2077.016	-2231.864	154.848	1.365452	0.776861	0.125713	0.0733505	0.0240757	1.280925	3.610983
32070	-2078.941	-2230.199	151.2581	1.416645	0.676035	0.193501	0.0934057	0.0370581	1.156822	5.670849
32076	-2079.383	-2231.069	151.6855	1.622888	0.746972	0.107678	0.11489	0.0304598	1.015984	5.416151
32082	-2088.788	-2242.56	153.7714	1.507715	0.826466	0.0307374	0.1097	0.0330963	1.173485	4.218235
32088	-2084.932	-2239.987	155.0551	1.239798	0.714027	0.0545122	0.194551	0.0369091	1.404666	3.48534
32094	-2075.246	-2228.209	152.9636	1.228266	0.729965	0.144303	0.0879989	0.037733	1.082139	4.864443
32100	-2084.166	-2237.94	153.7735	1.196241	0.63822	0.207411	0.116089	0.0382795	1.200378	4.360747
32106	-2093.254	-2248.117	154.8625	1.125463	0.760532	0.122456	0.0880085	0.0290034	1.078978	3.848217
32112	-2082.314	-2237.278	154.9642	0.9773438	0.394516	0.56718	0.02224	0.0160639	1.394699	3.691727
32118	-2076.551	-2233.029	156.4783	1.160892	0.580459	0.224603	0.150695	0.044242	1.64315	2.531931
32124	-2087.63	-2243.171	155.5405	1.099221	0.758006	0.133271	0.0794529	0.0292702	1.291939	3.34545
32130	-2088.322	-2242.502	154.1797	1.548547	0.704505	0.0928304	0.182277	0.0203882	1.231245	3.932682
32136	-2077.67	-2230.499	152.8293	1.383046	0.710208	0.0935819	0.183752	0.0124577	1.111	4.844355
32142	-2077.757	-2230.855	153.098	0.9998872	0.683236	0.113159	0.193296	0.0103084	1.063924	4.922827
32148	-2084.526	-2236.546	152.0198	1.443466	0.671046	0.121384	0.192929	0.0146414	1.077646	5.282292
32154	-2083.873	-2237.428	153.5557	1.443466	0.621487	0.20952	0.143721	0.0252725	1.136485	4.39274
32160	-2080.25	-2236.693	156.4434	0.8338997	0.555431	0.407066	0.0293508	0.00815212	1.43536	2.881402
32166	-2078.956	-2236.436	157.4803	1.216772	0.622829	0.321596	0.0467942	0.00878075	1.577507	1.891519
32172	-2084.041	-2241.818	157.7772	1.113889	0.622829	0.321596	0.0467942	0.00878075	1.644403	1.707422
32178	-2093.639	-2251.24	157.601	1.073786	0.691437	0.275962	0.0264856	0.00611586	1.55152	1.920242
32184	-2101.193	-2258.362	157.1691	1.073786	0.604683	0.282707	0.109016	0.003594	1.442898	2.275324
32190	-2081.335	-2238.098	156.763	1.12727	0.719603	0.149239	0.127323	0.00383439	1.561763	2.424784
32196	-2079.771	-2236.214	156.4431	1.325732	0.721365	0.147156	0.127635	0.00384378	1.60187	2.483799
32202	-2080.44	-2236.084	155.6437	1.226782	0.642023	0.164067	0.19055	0.00335965	1.452738	3.11728
32208	-2084.484	-2240.36	155.8757	1.226782	0.549948	0.207864	0.227474	0.0147139	1.443398	2.984096
32214	-2066.976	-2222.364	155.3878	1.403896	0.726296	0.145817	0.111256	0.0166308	1.253632	3.291242
32220	-2079.999	-2234.609	154.6105	1.422608	0.728379	0.137799	0.111575	0.0222469	1.32322	3.694614
32226	-2071.388	-2225.711	154.3223	0.9603989	0.666557	0.254667	0.0226022	0.0561733	1.206708	4.176986
32232	-2073.16	-2227.27	154.1098	1.169259	0.652407	0.285961	0.0182411	0.0433909	1.214109	4.176986
32238	-2067.337	-2222.485	155.1476	1.287874	0.6295	0.331108	0.00804611	0.0313459	1.341119	3.442425
32244	-2071.158	-2227.74	156.5817	1.67674	0.626022	0.300511	0.00278537	0.0706822	1.393744	2.336598
32250	-2078.102	-2234.9	156.7979	1.357132	0.810302	0.103758	0.00321785	0.0827228	1.62505	2.225753
32256	-2079.351	-2235.998	156.6471	1.82668	0.888426	0.0518421	0.00364052	0.0560913	1.430798	2.193581
32262	-2074.398	-2230.842	156.444	1.496262	0.823263	0.121386	0.0033735	0.0519772	1.518696	2.44065
32268	-2075.233	-2231.356	156.1222	1.496262	0.647876	0.245073	0.0661466	0.040904	1.456126	2.679536
32274	-2078.367	-2231.992	153.6254	1.314908	0.736981	0.214345	0.0331413	0.015533	1.167431	4.400787
32280	-2073.893	-2226.8	152.9073	1.241138	0.64272	0.238781	0.0885451	0.0299538	1.224585	4.809689
32286	-2068.069	-2222.404	154.3347	1.289033	0.829609	0.101048	0.0518147	0.0175283	1.180527	4.0042
32292	-2081.65	-2236.177	154.5261	1.438826	0.841275	0.0542012	0.0734162	0.0311078	1.286922	3.75609
32298	-2089.274	-2244.695	155.4213	1.681941	0.816434	0.0937136	0.0571328	0.0327198	1.375332	3.0585
32304	-2088.009	-2239.662	151.6525	1.424316	0.772775	0.0442568	0.0831286	0.0998394	1.052542	5.507861
32310	-2072.804	-2226.116	153.3122	1.613585	0.743653	0.042589	0.211136	0.00262247	0.8688226	4.598428
32316	-2079.333	-2232.37	153.037	1.567816	0.838703	0.00170449	0.146738	0.0128536	1.113784	4.636946
32322	-2088.031	-2240.951	152.9198	1.979304	0.788568	0.00956647	0.165884	0.0359817	0.979018	4.593947
32328	-2085.572	-2239.102	153.5305	1.242093	0.802725	0.0125906	0.138747	0.0459376	1.092084	4.534421
32334	-2079.437	-2232.133	152.6956	1.162282	0.632397	0.163986	0.151528	0.0520888	1.059132	5.060883
32340	-2101.008	-2254.756	153.7478	1.649954	0.726643	0.156509	0.0810877	0.0357605	1.232622	4.129892
32346	-2088.648	-2243.193	154.5447	1.363855	0.769519	0.0706091	0.100252	0.0596197	1.114228	3.883041
32352	-2078.455	-2232.592	154.1367	1.777928	0.796748	0.080379	0.0648056	0.0580679	1.172144	3.882964
32358	-2075.547	-2230.87	155.3229	1.449972	0.734051	0.198636	0.059706	0.00760762	1.395472	3.221787
32364	-2081.76	-2236.617	154.8571	1.534854	0.696035	0.188349	0.101587	0.0140298	1.216405	3.557044
32370	-2070.849	-2222.492	151.6437	1.304923	0.7251	0.159642	0.0946106	0.0206465	0.8064829	5.706576
32376	-2073.55	-2226.381	152.8312	1.466829	0.8537	0.119225	0.0179025	0.0091727	1.227983	4.73672
32382	-2070.957	-2221.939	150.9821	1.387919	0.746513	0.225235	0.0141209	0.0141308	1.03023	5.905174
32388	-2078.996	-2230.847	151.8513	1.332604	0.776882	0.200331	0.0126167	0.0101705	1.08865	5.423667
32394	-2077.947	-2230.612	152.6648	1.467261	0.721247	0.132715	0.136644	0.00939438	1.14934	4.873249
32400	-2079.512	-2232.939	153.4271	1.398971	0.60563	0.305083	0.0830967	0.00619125	1.116513	4.498548
32406	-2082.181	-2235.659	153.4777	1.398971	0.717572	0.181586	0.012809	0.0880333	1.205219	4.420149
32412	-2095.836	-2251.025	155.1897	1.812381	0.824414	0.141643	0.0139854	0.019957	1.163053	3.259887
32418	-2102.748	-2256.23	153.4815	1.108441	0.723009	0.168713	0.0866869	0.0215916	1.226875	4.557613
32424	-2088.23	-2240.344	152.1144	1.340937	0.817353	0.0320104	0.120598	0.0300381	1.00372	5.321312
32430	-2070.424	-2224.176	153.7521	1.219414	0.775917	0.0773755	0.138705	0.00800234	1.21021	4.35497
32436	-2069.927	-2222.59	152.6625	1.393091	0.869408	0.0548188	0.0699831	0.00578999	1.24493	4.857665
32442	-2077.668	-2230.369	152.701	0.8570823	0.491183	0.466069	0.0395378	0.0032099	1.170974	5.164484
32448	-2072.467	-2224.483	152.0165	1.655349	0.556671	0.402834	0.0347432	0.00575212	1.113836	5.164484
32454	-2081.713	-2233.652	151.9389	1.340892	0.596349	0.365551	0.0369018	0.00119796	1.002662	5.418672
32460	-2085.806	-2238.784	152.9782	1.209424	0.660353	0.290938	0.0408623	0.00784628	1.278542	4.756542
32466	-2082.124	-2235.924	153.8003	1.291639	0.788751	0.15307	0.0488075	0.00937189	1.312346	4.23198
32472	-2082.655	-2236.766	154.1109	1.016638	0.656312	0.309414	0.0158317	0.0184419	1.220898	4.256864
32478	-2091.058	-2243.343	152.2853	1.594591	0.749431	0.224934	0.0115091	0.0141256	1.132439	5.033197
32484	-2093.288	-2246.666	153.3777	1.935169	0.707296	0.263786	0.0187098	0.010209	1.119181	4.275805
32490	-2098.85	-2252.598	153.7488	1.191555	0.610732	0.300333	0.030102	0.0588322	1.092644	4.437988
32496	-2083.083	-2236.067	152.9832	1.309104	0.641923	0.315672	0.0316393	0.0107666	1.19312	4.749844
32502	-2094.316	-2248.24	153.9238	1.074309	0.47915	0.409577	0.083043	0.0282299	1.148369	4.371495
32508	-2090.772	-2244.655	153.883	1.047114	0.678112	0.233215	0.0661762	0.0224962	1.004964	4.490391
32514	-2090.544	-2243.344	152.7993	1.218611	0.65983	0.295873	0.0256499	0.0186476	0.9938424	5.009972
32520	-2108.367	-2262.309	153.9412	1.03564	0.653108	0.181124	0.137772	0.0279953	1.123633	4.397102
32526	-2094.036	-2246.473	152.4369	1.571787	0.796878	0.115765	0.0674377	0.0199192	1.104173	4.975337
32532	-2071.918	-2224.164	152.2462	1.439842	0.74326	0.126073	0.110821	0.0198458	1.20223	5.089841
32538	-2073.34	-2228.238	154.8985	1.281925	0.704375	0.218213	0.0650994	0.0123126	1.36504	3.576908
32544	-2075.2	-2230.72	155.5198	1.281925	0.698218	0.216306	0.0716703	0.0138055	1.282407	3.261387
32550	-2075.555	-2231.442	155.8872	1.029039	0.704616	0.1785	0.103031	0.0138534	1.464878	3.078494
32556	-2074.578	-2229.834	155.2553	1.529512	0.835738	0.0151707	0.13142	0.0176706	1.316264	3.267884
32562	-2069.966	-2225.739	155.7731	1.343105	0.830309	0.00412604	0.130567	0.0349988	1.374801	3.022619
32568	-2068.791	-2224.013	155.2217	1.318247	0.758835	0.0213435	0.173353	0.046468	1.20212	3.4641
32574	-2085.58	-2240.812	155.2326	1.830851	0.900216	0.00576196	0.0848789	0.00914362	1.28161	3.155643
32580	-2081.754	-2237.4	155.6464	1.249633	0.83871	0.020837	0.114786	0.0256665	1.364223	3.155643
32586	-2082.745	-2238.038	155.2927	1.043936	0.770016	0.148914	0.014377	0.0666929	1.30125	3.516741
32592	-2086.021	-2240.454	154.4329	1.675425	0.692273	0.226913	0.0169094	0.0639043	1.200514	3.743884
32598	-2080.779	-2236.341	155.5612	1.375789	0.793244	0.119182	0.00549607	0.0820777	1.311952	3.16897
32604	-2084.361	-2239.108	154.7472	1.882906	0.790882	0.0945155	0.00260767	0.111995	1.32984	3.389657
32610	-2081.768	-2236.175	154.4068	1.28977	0.771788	0.198634	0.0166039	0.0129741	1.195181	3.954227
32616	-2083.514	-2238.529	155.015	1.473268	0.771788	0.198634	0.0166039	0.0129741	1.264499	3.467867
32622	-2089.874	-2242.957	153.083	1.381356	0.433635	0.465282	0.093794	0.0072896	1.19229	4.65801
32628	-2083.903	-2238.251	154.3479	1.398044	0.610162	0.238153	0.123528	0.0281573	1.157974	3.953215
32634	-2091.936	-2242.885	150.9487	1.741506	0.852082	0.0252652	0.0943595	0.0282936	1.059073	5.743819
32640	-2093.415	-2244.304	150.8893	1.438571	0.853742	0.0251313	0.073975	0.0471519	0.9647496	5.967087
32646	-2077.774	-2230.534	152.7594	1.438571	0.847086	0.0211874	0.0623659	0.0693605	1.1047	4.859421
32652	-2074.813	-2228.816	154.0027	1.409892	0.832456	0.065917	0.0412131	0.0604142	1.101546	4.176219
32658	-2069.613	-2222.866	153.2536	1.447148	0.823013	0.0544144	0.0628436	0.0597289	1.049628	4.609707
32664	-2078.744	-2233.383	154.6388	1.362243	0.858856	0.0490316	0.0864104	0.00570148	1.346904	3.695657
32670	-2070.08	-2225.591	155.5112	1.401296	0.7879	0.086802	0.120067	0.00523044	1.341679	3.167517
32676	-2080.235	-2233.665	153.4307	1.280132	0.666188	0.270391	0.0614886	0.00193159	1.504254	4.338565
32682	-2080.695	-2233.925	153.2301	1.280132	0.877251	0.038448	0.0815997	0.00270105	1.351016	4.537947
32688	-2080.969	-2234.498	153.5289	1.230578	0.8726	0.0744878	0.0450965	0.0078161	1.098119	4.537947
32694	-2086.894	-2238.176	151.2821	1.170023	0.70333	0.273962	0.0214074	0.00130034	0.9510233	5.894221
32700	-2074.158	-2227.287	153.1294	1.402941	0.723889	0.245896	0.0192144	0.0110003	1.022461	4.716314
32706	-2072.002	-2227.903	155.9004	1.729385	0.700223	0.267294	0.0138164	0.0186669	1.403848	2.728288
32712	-2092.677	-2247.356	154.6792	1.784024	0.600006	0.355411	0.0174646	0.0271178	1.261776	3.514602
32718	-2085.242	-2239.517	154.2748	1.194458	0.758528	0.202032	0.0232345	0.0162046	1.16127	4.09961
32724	-2079.231	-2232.317	153.086	1.649485	0.857301	0.0387618	0.0702185	0.033719	1.133635	4.560035
32730	-2087.733	-2240.742	153.009	2.271905	0.864277	0.0213365	0.0205086	0.0938782	1.199693	4.299362
32736	-2091.927	-2245.459	153.532	1.265383	0.709593	0.246295	0.0293577	0.0147545	1.19177	4.465349
32742	-2090.852	-2247.394	156.5423	1.456799	0.812177	0.13483	0.0336876	0.0193049	1.595735	2.351569
32748	-2093.647	-2250.279	156.632	2.075582	0.793526	0.0974016	0.0805364	0.0285363	1.6781	1.914811
32754	-2093.011	-2250.46	157.4494	1.162074	0.846826	0.0712579	0.0604843	0.0214313	1.688599	1.872136
32760	-2088.52	-2244.831	156.3112	1.27666	0.667103	0.154867	0.131453	0.0465773	1.536654	2.634225
32766	-2079.664	-2237.365	157.7011	1.055514	0.631065	0.306203	0.0550797	0.00765255	1.712345	1.753274
32772	-2083.593	-2239.594	156.0012	1.369046	0.785067	0.197903	0.000109572	0.0169203	1.405285	2.852739
32778	-2081.283	-2236.916	155.633	1.073724	0.631589	0.356984	0.00013495	0.0112915	1.345049	3.274346
32784	-2086.479	-2241.376	154.8964	1.231646	0.619704	0.350266	0.0151387	0.0148909	1.444834	3.558821
32790	-2093.514	-2247.95	154.4368	1.522026	0.775154	0.168316	0.00182484	0.0547053	1.189186	3.822201
32796	-2097.524	-2251.249	153.7256	1.474127	0.87807	0.0527477	0.0369007	0.0322819	1.170665	4.26221
32802	-2093.105	-2246.571	153.4656	1.465893	0.736018	0.206753	0.0301697	0.0270594	1.285692	4.348278
32808	-2087.062	-2243.459	156.3969	1.300454	0.776634	0.197208	0.00805289	0.0181056	1.475577	2.605518
32814	-2077.422	-2233.68	156.2572	1.463404	0.790895	0.194132	0.013604	0.00136956	1.46963	2.605518
32820	-2072.233	-2226.352	154.1186	1.397548	0.764559	0.224739	0.00972264	0.000978815	1.108525	4.112575
32826	-2081.58	-2236.873	155.2932	1.449806	0.754657	0.232159	0.0100436	0.00314093	1.274943	3.310561
32832	-2071.028	-2225.441	154.4124	1.201378	0.905786	0.0506214	0.0291954	0.0143969	1.233097	3.976396
32838	-2063.759	-2218.901	155.1423	1.47269	0.923639	0.0357098	0.0292221	0.0114292	1.351395	3.342654
32844	-2068.949	-2225.317	156.3684	1.331821	0.786091	0.0792964	0.116884	0.0177283	1.531542	2.570772
32850	-2069.839	-2226.655	156.8153	1.237204	0.658352	0.278861	0.0553661	0.00742077	1.529468	2.346143
32856	-2086.154	-2242.388	156.2342	1.482042	0.720617	0.196222	0.0619831	0.0211782	1.434193	2.631668
32862	-2089.286	-2246.095	156.8088	1.305508	0.801116	0.0794345	0.0985663	0.0208835	1.464957	2.35118
32868	-2085.75	-2241.184	155.4346	1.138434	0.538739	0.305951	0.13376	0.0215502	1.327321	3.364611
32874	-2083.809	-2239.109	155.3002	1.194739	0.796359	0.103134	0.0865614	0.013946	1.408039	3.364611
32880	-2077.206	-2232.162	154.9566	1.526813	0.827873	0.107215	0.0504138	0.0144979	1.271029	3.471184
32886	-2073.757	-2229.284	155.5264	1.314861	0.707216	0.176334	0.104065	0.0123849	1.407301	3.165691
32892	-2074.65	-2230.442	155.7912	1.101305	0.68009	0.224878	0.0831219	0.0119098	1.343481	3.165691
32898	-2081.854	-2238.786	156.932	1.266667	0.74952	0.0777974	0.162363	0.0103193	1.445613	2.307806
32904	-2089.896	-2243.24	153.3444	1.893058	0.730536	0.184939	0.0814979	0.00302754	1.158284	4.290792
32910	-2090.735	-2244.724	153.9896	0.889388	0.552143	0.345014	0.0863456	0.0164973	0.9249485	4.564818
32916	-2083.402	-2236.375	152.9735	1.074253	0.653684	0.222182	0.119531	0.0046025	1.143411	4.906886
32922	-2088.52	-2241.556	153.036	1.158522	0.683773	0.143192	0.162223	0.0108116	1.122392	4.83837
32928	-2084.857	-2237.208	152.3504	1.689525	0.737371	0.0341212	0.211897	0.0166103	1.407242	4.800238
32934	-2088.848	-2241.161	152.3124	1.104963	0.520683	0.405124	0.0652151	0.00897823	0.9731742	5.350895
32940	-2094.919	-2250.835	155.9152	1.47265	0.829665	0.124206	0.0346727	0.0114564	1.46516	2.813057
32946	-2093.053	-2247.235	154.1817	1.887358	0.873733	0.0942042	0.0221286	0.00993432	1.428211	3.659863
32952	-2086.628	-2241.014	154.386	1.287402	0.671922	0.215109	0.0803154	0.0326537	1.484647	3.801245
32958	-2087.691	-2243.334	155.6437	1.31031	0.660321	0.219715	0.0872487	0.0327153	1.303564	3.160059
32964	-2077.683	-2231.975	154.2921	1.289259	0.704167	0.263531	0.00874079	0.0235613	1.278127	3.972634
32970	-2085.957	-2240.068	154.111	1.871476	0.809489	0.138675	0.0118753	0.0399602	1.24055	3.816137
32976	-2094.459	-2248.111	153.6526	1.048085	0.58353	0.372843	0.0130217	0.0306053	1.24055	4.486911
32982	-2080.789	-2231.597	150.8082	1.347001	0.715385	0.199906	0.0414853	0.0432241	0.8769351	6.103645
32988	-2076.666	-2229.219	152.5528	1.148949	0.727444	0.083849	0.174254	0.0144529	1.167218	5.087234
32994	-2079.948	-2232.744	152.7959	1.109581	0.773556	0.0703339	0.143986	0.0121234	1.05806	5.033953
33000	-2093.487	-2241.575	148.0885	1.547051	0.778259	0.0722264	0.144862	0.00465327	0.9778719	7.423216
33006	-2084.228	-2236.508	152.2794	1.55334	0.694941	0.0832573	0.203735	0.0180662	1.17077	5.034546
33012	-2075.35	-2227.662	152.312	1.375267	0.825371	0.0516963	0.113195	0.00973744	0.8775422	5.264831
33018	-2079.281	-2233.771	154.49	0.9404375	0.657537	0.161722	0.168241	0.0124994	1.088088	4.160561
33024	-2071.578	-2225.395	153.8169	1.213192	0.810967	0.0773006	0.0804165	0.0313158	1.258391	4.294408
33030	-2070.917	-2224.645	153.7279	1.258681	0.548598	0.361145	0.0137135	0.0765441	1.304959	4.294408
33036	-2077.27	-2232.806	155.5357	1.168444	0.749351	0.151138	0.0764178	0.0230928	1.422668	3.231904
33042	-2066.32	-2222.12	155.8001	1.402188	0.815602	0.162995	0.019257	0.00214594	1.346062	2.991952
33048	-2072.264	-2227.211	154.9471	1.444129	0.802506	0.160378	0.0111565	0.0259595	1.427504	3.427108
33054	-2076.642	-2231.604	154.9619	1.572242	0.73047	0.145982	0.010155	0.113393	1.302511	3.427108
33060	-2070.795	-2225.61	154.8159	1.236815	0.819049	0.100868	0.0109255	0.0691576	1.205665	3.741266
33066	-2075.951	-2230.664	154.7127	1.358792	0.62537	0.356672	0.00918346	0.00877513	1.238839	3.717172
33072	-2085.25	-2240.822	155.5722	1.08313	0.591526	0.378956	0.0201945	0.0093234	1.180203	3.401618
33078	-2078.27	-2231.383	153.113	1.289563	0.60923	0.24145	0.0390299	0.110291	1.025477	4.781025
33084	-2078.182	-2231.365	153.1827	1.251734	0.756791	0.153646	0.0355786	0.0539838	0.9906333	4.781025
33090	-2068.211	-2221.559	153.3481	1.061804	0.617056	0.23172	0.136453	0.0147707	1.006848	4.781025
33096	-2080.361	-2231.949	151.5878	1.149007	0.784531	0.0430352	0.147863	0.0245713	0.9385449	5.744832
33102	-2064.234	-2217.081	152.8466	1.445795	0.816822	0.0175975	0.130062	0.0355189	1.03423	4.846558
33108	-2072.414	-2227.143	154.7297	1.445795	0.616019	0.280478	0.093428	0.0100751	1.29524	3.629963
33114	-2071.051	-2226.91	155.8585	1.283661	0.681308	0.261713	0.00437084	0.0526076	1.351852	3.017719
33120	-2073.028	-2229.866	156.8376	1.335461	0.671771	0.195619	0.0700948	0.0625157	1.667454	2.185354
33126	-2080.197	-2235.542	155.3453	1.385217	0.706791	0.15411	0.028503	0.110595	1.231506	3.339047
33132	-2077.275	-2232.103	154.8279	1.358716	0.618045	0.230335	0.0599718	0.0916474	1.32002	3.603493
33138	-2083.453	-2237.217	153.765	1.355966	0.753709	0.149515	0.0474008	0.0493748	1.153461	4.308846
33144	-2080.854	-2233.522	152.669	1.818861	0.74094	0.088891	0.12099	0.0491788	1.160121	4.702339
33150	-2070.185	-2222.489	152.3037	1.380558	0.616755	0.293112	0.0640844	0.0260484	1.065132	5.163052
33156	-2067.527	-2221.138	153.6111	1.203766	0.668722	0.250514	0.0413811	0.0393833	1.136373	4.484375
33162	-2074.735	-2230.519	155.784	1.430131	0.835458	0.0638572	0.0685486	0.0321364	1.383965	2.964016
33168	-2081.208	-2237.193	155.9848	1.173918	0.690571	0.154543	0.114916	0.03997	1.459468	2.938819
33174	-2088.765	-2244.525	155.76	1.161261	0.717884	0.11182	0.141609	0.0286871	1.434882	3.095499
33180	-2071.017	-2228.492	157.4748	1.139868	0.631641	0.227992	0.128548	0.0118187	1.684691	1.87196
33186	-2070.593	-2227.29	156.6978	1.499776	0.72171	0.113963	0.146878	0.0174488	1.734945	2.137935
33192	-2088.6	-2246.126	157.5265	1.122756	0.506553	0.393146	0.0929303	0.00737077	1.734945	1.813328
33198	-2096.975	-2254.713	157.7386	1.122756	0.733666	0.175326	0.0599571	0.0310501	1.764094	1.643558
33204	-2087.013	-2244.63	157.617	1.146178	0.709965	0.131895	0.134782	0.0233585	1.742116	1.729545
33210	-2091.879	-2249.658	157.7788	1.073971	0.688797	0.202711	0.0896424	0.0188497	1.650282	1.729545
33216	-2093.768	-2251.902	158.1347	0.8538901	0.550068	0.327589	0.101438	0.0209046	1.731419	1.575419
33222	-2081.679	-2238.578	156.8985	1.087039	0.555907	0.317663	0.100462	0.0259688	1.618534	2.327699
33228	-2096.013	-2252.407	156.3931	1.480896	0.795825	0.0883504	0.0906318	0.0251924	1.448399	2.524869
33234	-2096.196	-2249.764	153.568	1.259247	0.761757	0.0326472	0.11382	0.0917765	1.11145	4.49347
33240	-2103.382	-2257.799	154.4174	1.709332	0.803642	0.0119354	0.0627461	0.121677	1.224382	3.723046
33246	-2107.574	-2261.011	153.4366	1.632896	0.831326	0.0707074	0.038026	0.0599404	1.002142	4.444524
33252	-2099.065	-2256.035	156.97	1.266306	0.756461	0.162884	0.0176382	0.0630167	1.458649	2.275394
33258	-2086.925	-2243.32	156.3947	1.49598	0.850064	0.0955001	0.0120222	0.0424135	1.552536	2.450537
33264	-2079.053	-2235.646	156.5929	1.313179	0.711707	0.139751	0.0443632	0.104179	1.556633	2.425348
33270	-2075.592	-2231.433	155.8409	1.375272	0.845419	0.0725365	0.014075	0.0679699	1.52934	2.871357
33276	-2079.03	-2235.497	156.4666	1.7997	0.900918	0.0492059	0.00954795	0.040328	1.542618	2.251662
33282	-2072.055	-2228.85	156.7954	1.267406	0.599487	0.274101	0.086865	0.0395473	1.375832	2.438134
33288	-2081.217	-2238.776	157.5589	1.103838	0.634806	0.262489	0.083185	0.0195205	1.581886	1.908347
33294	-2072.47	-2229.262	156.7921	1.052371	0.843598	0.0841754	0.0462861	0.0259409	1.446704	2.524402
33300	-2079.77	-2236.018	156.2478	1.05864	0.705064	0.132808	0.14048	0.0216478	1.320165	2.931463
33306	-2088.481	-2244.971	156.4905	1.338298	0.795724	0.033058	0.158543	0.0126745	1.476696	2.525251
33312	-2092.249	-2247.282	155.0328	1.382048	0.887078	0.0344541	0.0643385	0.0141296	1.126669	3.584624
33318	-2076.479	-2232.775	156.2968	1.134631	0.693285	0.131413	0.143736	0.0315662	1.240738	2.905248
33324	-2083.577	-2240.872	157.2951	1.384578	0.628523	0.245667	0.0575052	0.0683048	1.711306	1.821532
33330	-2088.268	-2244.634	156.3662	1.215967	0.655548	0.198517	0.0539068	0.0920289	1.480728	2.669558
33336	-2089.587	-2243.184	153.5966	1.416997	0.810471	0.0227295	0.0616138	0.105186	1.126361	4.388545
33342	-2089.015	-2242.139	153.1242	1.178209	0.69816	0.0942659	0.105602	0.101972	0.9587302	4.870006
33348	-2092.985	-2245.433	152.448	1.8098	0.750605	0.115802	0.0208909	0.112702	1.087971	4.870006
33354	-2087.775	-2242.074	154.2989	1.676788	0.796499	0.01511	0.0949971	0.0933941	1.088709	3.884685
33360	-2093.301	-2250.344	157.0429	0.9762748	0.633147	0.328757	0.0355002	0.00259579	1.367352	2.464571
33366	-2088.469	-2245.62	157.1515	1.214721	0.575125	0.411958	0.0110854	0.00183211	1.758539	1.992285
33372	-2086.864	-2244.905	158.0409	1.251152	0.722711	0.263167	0.0118192	0.00230226	2.015877	1.109034
33378	-2089.869	-2247.811	157.9421	1.060379	0.728372	0.259544	0.0115753	0.000509077	1.706064	1.58216
33384	-2091.471	-2249.3	157.829	1.255923	0.574767	0.372531	0.00136905	0.0513329	1.683953	1.544223
33390	-2083.496	-2240.068	156.5717	1.374619	0.899779	0.00679627	0.0550963	0.0383288	1.734803	2.290487
33396	-2072.725	-2227.529	154.8042	1.268482	0.857124	0.0137337	0.0936679	0.0354743	1.390998	3.623786
33402	-2070.071	-2225.471	155.3998	1.298607	0.841886	0.0852729	0.0646161	0.00822455	1.370246	3.271322
33408	-2090.153	-2245.306	155.1528	1.115114	0.713579	0.175838	0.100027	0.0105557	1.370246	3.517496
33414	-2079.323	-2235.203	155.8801	1.061549	0.776154	0.191257	0.0272236	0.00536514	1.412732	3.094691
33420	-2076.061	-2230.662	154.6006	0.9137949	0.700236	0.269819	0.0189904	0.0109546	1.258945	4.01574
33426	-2083.357	-2237.761	154.4037	1.283184	0.741791	0.226487	0.0201174	0.0116047	1.248991	3.928667
33432	-2095.612	-2252.643	157.031	1.439404	0.6865	0.0660637	0.241854	0.00558207	1.434041	2.151101
33438	-2086.082	-2241.852	155.7697	1.622821	0.691927	0.135141	0.167305	0.0056262	1.434041	2.842754
33444	-2092.228	-2247.268	155.0403	1.681908	0.786415	0.144393	0.0627974	0.0063945	1.319764	3.317433
33450	-2094.547	-2251.794	157.2466	1.018324	0.744793	0.189677	0.0594737	0.00605606	1.471389	2.24241
33456	-2093.589	-2249.633	156.0445	1.018324	0.606259	0.325283	0.0484114	0.0200465	1.419792	3.017742
33462	-2101.264	-2256.841	155.5771	1.184187	0.554405	0.297462	0.113295	0.0348385	1.272579	3.287249
33468	-2094.693	-2249.834	155.1408	1.459779	0.837765	0.126137	0.0273795	0.00871873	1.247072	3.411359
33474	-2096.847	-2249.169	152.3218	1.906599	0.891305	0.0574248	0.0034402	0.0478296	1.243002	4.811814
33480	-2082.206	-2235.467	153.2607	1.685292	0.754681	0.190098	0.00198859	0.053232	1.078649	4.476162
33486	-2080.476	-2235.306	154.83	1.308856	0.737734	0.10451	0.112634	0.0451215	1.204558	3.695343
33492	-2095.662	-2253.238	157.5765	1.207598	0.575378	0.370802	0.00913358	0.044687	1.675104	1.764002
33498	-2108.45	-2264.531	156.0811	1.060877	0.557151	0.390349	0.0103645	0.0421354	1.529197	2.904574
33504	-2081.789	-2233.673	151.8835	1.266608	0.606902	0.135408	0.239937	0.0177534	0.9344197	5.5241
33510	-2086.524	-2239.554	153.0296	1.13811	0.547986	0.213684	0.167147	0.0711828	1.12332	4.852342
33516	-2090.492	-2242.958	152.4655	1.270808	0.548854	0.321026	0.0985669	0.0315533	1.053327	5.135196
33522	-2099.884	-2257.058	157.1742	0.8412745	0.485763	0.328345	0.115885	0.070007	1.508602	2.379911
33528	-2085.664	-2243.411	157.7469	0.8528315	0.648262	0.189945	0.0915655	0.0702266	1.716155	1.860783
33534	-2084.759	-2241.067	156.308	1.324957	0.74053	0.121905	0.113958	0.0236075	1.531816	2.611904
33540	-2094.628	-2250.464	155.8363	0.9995891	0.586138	0.332017	0.0474131	0.0344316	1.335671	3.203068
33546	-2090.877	-2245.153	154.2756	0.813171	0.391142	0.526725	0.0762222	0.00591105	1.027028	4.390884
33552	-2101.007	-2255.069	154.0627	0.7429113	0.397719	0.535582	0.0664138	0.000285806	1.313853	4.390884
33558	-2090.266	-2246.035	155.7695	0.8984389	0.510963	0.393106	0.0957818	0.000148494	1.239646	3.359569
33564	-2078.259	-2232.01	153.7509	0.9907458	0.659235	0.199502	0.140899	0.00036469	1.204265	4.484088
33570	-2080.007	-2232.87	152.8632	1.114938	0.7138	0.0815185	0.204153	0.000528411	1.216914	4.905345
33576	-2089.496	-2241.257	151.7619	1.114755	0.604005	0.2266	0.168068	0.00132705	0.9304282	5.671909
33582	-2078.841	-2232.414	153.5738	1.519297	0.833264	0.0341675	0.11458	0.0179889	0.8334811	4.51614
33588	-2082.682	-2235.818	153.1356	1.506281	0.775094	0.101592	0.106581	0.0167331	1.10892	4.613828
33594	-2079.665	-2234.189	154.5234	1.383192	0.742262	0.107049	0.119126	0.0315629	1.307938	3.77391
33600	-2078.972	-2232.491	153.5191	1.317729	0.834202	0.120308	0.019583	0.025907	1.321493	4.372378
33606	-2087.279	-2239.679	152.3996	1.317729	0.759982	0.109604	0.0998021	0.0306121	1.027764	5.162032
33612	-2093.506	-2245.624	152.1186	1.496998	0.722129	0.22114	0.0474554	0.00927504	1.165088	5.153573
33618	-2091.964	-2244.995	153.0315	1.213404	0.739392	0.0593031	0.0826546	0.118651	1.129921	4.807693
33624	-2087.555	-2238.666	151.1109	1.615311	0.650883	0.199799	0.0806226	0.0686963	1.140857	5.666824
33630	-2080.531	-2231.838	151.3077	1.336449	0.705535	0.202403	0.0381928	0.0538692	1.186397	5.666824
33636	-2076.084	-2226.849	150.7646	1.498258	0.795154	0.161909	0.0126274	0.0303092	1.043803	5.96367
33642	-2077.526	-2232.214	154.6874	1.216323	0.621275	0.356599	0.0131505	0.00897516	1.285422	3.780435
33648	-2072.87	-2228.131	155.2617	1.062231	0.585129	0.393443	0.0145092	0.00691882	1.446928	3.439254
33654	-2070.614	-2224.737	154.1227	1.281964	0.738658	0.242103	0.0170587	0.00218019	1.459054	3.969886
33660	-2074.398	-2228.971	154.5729	0.9149389	0.751696	0.196149	0.0500647	0.00208991	1.365685	3.969886
33666	-2078.403	-2233.401	154.9984	1.103652	0.626243	0.281858	0.0889888	0.00291078	1.363602	3.617588
33672	-2083.434	-2238.74	155.306	1.489519	0.748945	0.21805	0.0307531	0.00225183	1.409863	3.202878
33678	-2073.517	-2228.496	154.9788	1.488167	0.790928	0.193806	0.0128879	0.00237806	1.392499	3.406573
33684	-2083.165	-2239.704	156.5389	1.179009	0.621522	0.343058	0.0334334	0.00198665	1.530708	2.553458
33690	-2081.176	-2237.064	155.8876	1.370808	0.718971	0.223602	0.0567762	0.000650782	1.53358	2.842885
33696	-2078.224	-2234.216	155.992	1.370808	0.836556	0.101793	0.0612071	0.000443857	1.559637	2.763478
33702	-2075.822	-2232.122	156.2999	1.206247	0.767191	0.175877	0.0565217	0.00040988	1.706736	2.576577
33708	-2096.334	-2252.506	156.1718	0.9773534	0.658737	0.151014	0.189897	0.000351937	1.382142	2.988594
33714	-2098.365	-2250.896	152.5308	0.899611	0.522175	0.437848	0.0142065	0.0257705	1.164841	5.237808
33720	-2103.461	-2253.814	150.3538	1.852648	0.632105	0.264732	0.0719679	0.0311957	0.9647547	6.072202
33726	-2088.897	-2239.355	150.458	1.368969	0.708156	0.210006	0.0570907	0.0247469	1.085907	6.169757
33732	-2085.563	-2237.421	151.8575	1.495653	0.696234	0.180466	0.0925348	0.0307654	1.124195	5.321127
33738	-2093.802	-2247.387	153.5854	1.462311	0.720956	0.127419	0.100229	0.0513953	1.000342	4.443441
33744	-2086.08	-2238.103	152.0229	1.029582	0.571767	0.346811	0.0470457	0.0343761	0.9953034	5.538839
33750	-2084.711	-2234.395	149.6838	1.029582	0.655827	0.23595	0.0813817	0.0268413	0.949848	6.836376
33756	-2086.72	-2238.769	152.0483	1.315097	0.771447	0.0700917	0.11916	0.0393014	1.121042	5.305966
33762	-2088.88	-2241.528	152.6477	1.598824	0.86681	0.0828429	0.0334872	0.0168595	1.116495	4.838449
33768	-2087.576	-2238.966	151.3898	1.633585	0.834378	0.0488945	0.0938539	0.0228738	1.19244	5.476899
33774	-2081.453	-2236.247	154.7936	1.304232	0.834378	0.0488945	0.0938539	0.0228738	1.118791	3.768294
33780	-2079.273	-2233.728	154.4553	1.47372	0.844444	0.0404923	0.105968	0.00909561	1.306077	3.768294
33786	-2080.278	-2236.016	155.7379	1.172637	0.709081	0.143728	0.139486	0.00770456	1.420363	3.110875
33792	-2079.444	-2234.057	154.6134	1.683469	0.822926	0.0880659	0.0854672	0.00354085	1.235781	3.615206
33798	-2083.895	-2238.704	154.8085	1.304317	0.782156	0.111746	0.101244	0.00485384	1.21957	3.701466
33804	-2085.689	-2241.673	155.9839	1.985934	0.801411	0.0565217	0.124626	0.0174409	1.453832	2.522156
33810	-2089.963	-2247.005	157.0428	1.390226	0.661215	0.0331252	0.250477	0.0551825	1.517539	2.117254
33816	-2087.592	-2244.328	156.7358	1.143203	0.805392	0.103545	0.0780833	0.0129795	1.533538	2.450025
33822	-2082.065	-2238.15	156.085	1.143203	0.701789	0.201754	0.0768909	0.0195661	1.511889	2.864341
33828	-2084.273	-2239.743	155.4699	1.423682	0.768784	0.131376	0.0744633	0.0253771	1.197431	3.265587
33834	-2085.426	-2239.368	153.9422	1.479139	0.620284	0.297643	0.0419321	0.0401416	1.036692	4.212936
33840	-2089.481	-2243.317	153.8362	1.480705	0.663393	0.263851	0.0371716	0.0355843	1.141281	4.212936
33846	-2081.039	-2235.644	154.6047	1.435014	0.653243	0.270781	0.0632432	0.0127326	1.133188	3.801319
33852	-2082.242	-2237.034	154.7927	1.307903	0.713223	0.232208	0.0407427	0.0138259	1.119615	3.766432
33858	-2087.992	-2242.736	154.7447	1.126054	0.532173	0.371178	0.0818736	0.0147746	1.218603	3.835329
33864	-2106.648	-2258.944	152.296	1.023369	0.660127	0.0745186	0.188332	0.0770222	0.9371288	5.424005
33870	-2097.7	-2252.62	154.9198	1.262568	0.576333	0.389512	0.0130505	0.021105	1.190782	3.675984
33876	-2084.207	-2236.724	152.517	1.032575	0.500133	0.478623	0.0160362	0.00520778	1.052384	5.233405
33882	-2097.774	-2250.172	152.3975	0.7966623	0.503557	0.438337	0.0249975	0.0331084	1.20783	5.346642
33888	-2090.542	-2242.708	152.1662	1.492081	0.718276	0.252519	0.0144007	0.0148042	0.9901783	5.226373
33894	-2093.91	-2246.577	152.6673	1.537575	0.666231	0.278849	0.0133572	0.0415624	1.096466	4.867584
33900	-2083.66	-2236.316	152.6565	1.537575	0.753818	0.21435	0.00774208	0.0240903	1.107288	4.867584
33906	-2088.976	-2240.497	151.5208	1.212639	0.688616	0.24224	0.0242199	0.0449239	1.156765	5.628824
33912	-2081.16	-2232.551	151.3904	1.07153	0.759493	0.130595	0.0706657	0.0392458	0.8745299	5.928811
33918	-2086.481	-2238.611	152.1299	1.530354	0.722296	0.183482	0.0606763	0.0335455	1.099333	5.167847
33924	-2076.17	-2227.951	151.7807	1.715632	0.775376	0.123479	0.0651352	0.0360106	0.8969256	5.387311
33930	-2063.494	-2219.781	156.2871	1.211982	0.514074	0.393304	0.0756873	0.0169341	1.455546	2.735854
33936	-2064.707	-2221.817	157.1102	1.224452	0.708659	0.204908	0.0486079	0.0378253	1.709854	2.046038
33942	-2071.745	-2226.94	155.195	1.330581	0.747603	0.139192	0.0875111	0.0256943	1.391803	3.362101
33948	-2075.158	-2228.136	152.9786	1.330581	0.797856	0.120834	0.0687733	0.0125368	1.274266	4.696118
33954	-2074.513	-2231.832	157.3187	1.054582	0.684904	0.252271	0.0590371	0.00378817	1.45427	2.183749
33960	-2087.397	-2243.432	156.035	1.437452	0.685351	0.0240124	0.193787	0.0968488	1.523194	2.723302
33966	-2090.924	-2246.824	155.8996	1.395035	0.80847	0.0117563	0.137253	0.042521	1.487662	2.850317
33972	-2079.028	-2234.681	155.6535	1.340953	0.576005	0.295551	0.0853291	0.0431149	1.349084	3.110601
33978	-2089.986	-2244.974	154.9879	0.9611277	0.514433	0.344811	0.093508	0.0472475	1.13541	3.83703
33984	-2085.415	-2238.942	153.5265	1.199228	0.645606	0.252933	0.0674034	0.0340575	1.105077	4.55194
33990	-2083.41	-2239.866	156.4564	1.27929	0.677264	0.148217	0.173313	0.00120728	1.350741	2.657801
33996	-2093.595	-2248.532	154.9374	1.624825	0.774065	0.059387	0.163047	0.00350136	1.283917	3.426524
34002	-2083.77	-2237.494	153.7242	1.555288	0.794327	0.0918821	0.109062	0.00472882	1.21394	4.198967
34008	-2094.775	-2246.444	151.669	2.101145	0.777186	0.0735863	0.143026	0.00620146	0.9583197	5.251281
34014	-2078.932	-2232.119	153.1869	2.339904	0.81426	0.0613422	0.119228	0.0051696	1.218182	4.161162
34020	-2083.313	-2236.315	153.0019	1.846169	0.81752	0.0365452	0.119705	0.0262294	1.149701	4.509412
34026	-2085.273	-2237.374	152.1011	2.038149	0.706433	0.162209	0.106813	0.0245454	1.033121	4.996131
34032	-2111.085	-2268.081	156.9956	0.9899555	0.616533	0.238516	0.137417	0.00753319	1.579325	2.351952
34038	-2094.776	-2252.149	157.3733	1.014673	0.538509	0.356278	0.0902821	0.0149302	1.568001	2.099689
34044	-2091.657	-2249.631	157.9745	0.8533145	0.538509	0.356278	0.0902821	0.0149302	1.862551	1.597076
34050	-2093.104	-2249.8	156.6961	1.16328	0.611238	0.337819	0.0185556	0.0323873	1.566841	2.441921
34056	-2097.261	-2253.923	156.6622	1.440153	0.791162	0.119241	0.0823732	0.0072237	1.518348	2.333754
34062	-2086.653	-2242.84	156.1875	1.272454	0.709727	0.131454	0.152979	0.00584007	1.447873	2.766999
34068	-2082.1	-2237.515	155.4154	1.147314	0.710094	0.103306	0.178573	0.0080263	1.425685	3.313022
34074	-2090.216	-2246.726	156.5097	1.147314	0.679167	0.099544	0.213612	0.00767674	1.626277	2.530988
34080	-2098.834	-2256.447	157.6134	1.22808	0.688113	0.0396872	0.257632	0.0145673	1.675116	1.724648
34086	-2101.572	-2259.365	157.7931	1.041336	0.730299	0.120625	0.13342	0.0156572	1.675116	1.724648
34092	-2096.348	-2253.892	157.5444	1.118009	0.647363	0.298349	0.0478448	0.00644389	1.934506	1.663892
34098	-2093.608	-2251.252	157.644	1.377017	0.635351	0.300441	0.0481803	0.0160283	1.59397	1.663892
34104	-2094.843	-2248.808	153.9647	0.1984272	0.036143	0.485613	0.0151806	0.463063	0.9886232	4.854958
34110	-2096.87	-2250.858	153.9879	0.1685622	0.449179	0.23725	0.0154931	0.298078	0.9278075	4.854958
34116	-2080.334	-2234.021	153.6866	0.1918519	0.57076	0.299784	0.0197167	0.10974	0.9058469	5.052205
34122	-2084.073	-2237.607	153.5345	0.1902752	0.430081	0.483971	0.0559141	0.0300348	0.9878482	5.09019
34128	-2080.659	-2236.276	155.6167	0.1767951	0.0891379	0.702793	0.0635564	0.144513	1.193969	3.790196
34134	-2080.266	-2236.603	156.3369	0.2077299	0.0436228	0.86789	0.0334939	0.054993	1.1596	3.410333
34140	-2098.081	-2254.29	156.2085	0.1794324	0.10684	0.621253	0.0779848	0.193922	1.159138	3.46932
34146	-2080.843	-2237.844	157.0014	0.2480846	0.238139	0.612928	0.0560364	0.0928968	1.120863	3.04791
34152	-2089.139	-2247.066	157.9267	0.1533114	0.163737	0.574312	0.113237	0.148714	1.392373	2.254301
34158	-2093.349	-2249.831	156.482	0.1755551	0.31174	0.495318	0.0833535	0.109588	1.336549	3.200814
34164	-2073.392	-2228.849	155.457	0.1935356	0.163854	0.590643	0.0358421	0.209661	1.192598	3.894344
34170	-2084.338	-2238.364	154.0258	0.2155489	0.0354352	0.569583	0.0232958	0.371686	0.9253304	4.862742
34176	-2096.749	-2250.781	154.0327	0.239129	0.0375193	0.842701	0.0730404	0.0467388	0.9261687	4.862742
34182	-2084.232	-2238.028	153.7956	0.208344	0.0606058	0.871132	0.052625	0.0156371	1.228635	4.819627
34188	-2085.295	-2241.153	155.8576	0.2185738	0.144315	0.788516	0.0517821	0.0153866	1.182933	3.679339
34194	-2080.305	-2235.356	155.0517	0.1946274	0.148204	0.798058	0.0198625	0.033875	1.217503	4.112316
34200	-2080.368	-2236.466	156.0987	0.1904615	0.065213	0.843714	0.0173716	0.0737016	1.246137	3.490406
34206	-2090.156	-2246.12	155.9645	0.1883036	0.150202	0.698366	0.079569	0.0718632	1.309124	3.53054
34212	-2088.991	-2245.635	156.6441	1.173382	0.662244	0.185164	0.135098	0.0174937	1.391361	2.57799
34218	-2089.211	-2246.302	157.0917	1.241135	0.687348	0.165695	0.140219	0.00673709	1.667365	2.076028
34224	-2082.198	-2237.964	155.7657	0.1696308	0.304669	0.579784	0.0904641	0.0250835	1.325718	3.621424
34230	-2083.04	-2238.792	155.7522	0.1919085	0.101891	0.767835	0.119135	0.0111393	1.266774	3.68062
34236	-2088.284	-2245.151	156.8671	0.2896742	0.183944	0.764671	0.0438867	0.00749835	1.287716	3.024104
34242	-2090.275	-2246.217	155.9412	0.1801954	0.183938	0.634176	0.155104	0.0267824	1.309996	3.537816
34248	-2094.923	-2251.416	156.4933	0.1550053	0.158499	0.60909	0.147693	0.0847181	1.194129	3.25589
34254	-2092.387	-2248.93	156.5428	0.1912241	0.254267	0.618301	0.0774836	0.0499478	1.202309	3.25589
34260	-2088.785	-2244.465	155.6801	0.1953199	0.117011	0.798155	0.0572231	0.0276108	1.15063	3.791236
34266	-2099.523	-2252.56	153.037	0.1953199	0.494061	0.311433	0.0447984	0.149708	0.9113538	5.410186
34272	-2095.759	-2250.463	154.7042	0.13592	0.163144	0.573117	0.0617888	0.20195	1.046042	4.342302
34278	-2095.025	-2251.325	156.2998	0.2082064	0.0836443	0.783121	0.0367058	0.0965286	1.330793	3.331836
34284	-2080.651	-2236.334	155.6833	0.2082064	0.243662	0.492445	0.0387944	0.225099	1.208745	3.761753
34290	-2080.092	-2235.541	155.4494	0.1647126	0.166506	0.619438	0.0314679	0.182588	1.145499	3.902725
34296	-2083.861	-2240.078	156.2169	0.1725143	0.107624	0.400383	0.0456402	0.446353	1.423937	3.303062
34302	-2095.197	-2251.688	156.4919	0.1803588	0.388814	0.38126	0.0623188	0.167607	1.497258	3.103457
34308	-2100.559	-2255.854	155.2952	0.1696297	0.18997	0.398291	0.016228	0.395511	1.1806	3.975954
34314	-2099.613	-2255.286	155.6731	0.1989201	0.47958	0.35944	0.0438659	0.117114	1.181196	3.779486
34320	-2086.662	-2242.288	155.6255	0.1689448	0.185255	0.482901	0.025306	0.306539	1.191385	3.779486
34326	-2089.727	-2245.372	155.6449	0.1637226	0.0942052	0.148289	0.00698172	0.750524	1.162555	3.779486
34332	-2103.601	-2258.799	155.1988	0.1384215	0.264341	0.221767	0.010092	0.5038	1.179578	3.989923
34338	-2091.859	-2246.39	154.5311	0.1958656	0.246714	0.486949	0.0383323	0.228004	1.366649	4.323688
34344	-2090.193	-2244.576	154.3831	1.472436	0.746255	0.150539	0.0614886	0.0417182	1.454772	3.724751
34350	-2085.24	-2236.801	151.561	1.112826	0.745856	0.145282	0.102276	0.00658664	0.9575706	5.768159
34356	-2090.943	-2245.063	154.1205	1.030565	0.746099	0.206714	0.0132817	0.0339058	1.248951	4.227664
34362	-2098.309	-2250.766	152.4575	1.379186	0.674888	0.236694	0.0368833	0.0515351	0.8574907	5.193501
34368	-2094.747	-2247.084	152.3368	1.305617	0.745424	0.207326	0.0339316	0.0133187	0.9878726	5.224972
34374	-2089.918	-2243.481	153.5631	0.9485867	0.686963	0.268549	0.0322137	0.0122742	1.030816	4.710605
34380	-2088.868	-2241.109	152.2418	1.240914	0.574411	0.382484	0.0312127	0.0118928	1.048187	5.277091
34386	-2096.757	-2250.024	153.2673	1.165606	0.567186	0.376371	0.0267203	0.0297223	0.9991705	4.774286
34392	-2100.544	-2254.027	153.4834	0.2176561	0.326145	0.610412	0.00631424	0.057128	1.064963	5.087223
34398	-2091.052	-2245.93	154.8774	0.195854	0.337215	0.610116	0.00819729	0.0444718	1.133634	4.259579
34404	-2101.106	-2255.894	154.7873	0.1950079	0.428611	0.491011	0.00779814	0.0725803	1.222922	4.259579
34410	-2099.052	-2254.073	155.0211	0.2399923	0.384061	0.557666	0.0069876	0.0512854	1.01174	4.259579
34416	-2091.212	-2245.939	154.7269	0.1926726	0.285628	0.675855	0.0046688	0.0338478	1.281038	4.259579
34422	-2083.804	-2238.865	155.0609	0.1943895	0.0544575	0.787227	0.00765654	0.150659	1.249108	4.088924
34428	-2100.499	-2256.701	156.202	0.2129533	0.083253	0.759944	0.00739119	0.149411	1.475532	3.305918
34434	-2095.774	-2251.444	155.6695	0.2437233	0.101254	0.829819	0.00477167	0.0641556	1.196939	3.783764
34440	-2097.073	-2254.642	157.5687	0.1756312	0.0581337	0.878493	0.00683492	0.0565387	1.329471	2.546771
34446	-2088.573	-2245.671	157.0984	0.1756312	0.471963	0.32628	0.0169466	0.18481	1.386115	2.801254
34452	-2087.988	-2244.946	156.9583	0.1964069	0.191673	0.748947	0.00367342	0.0557064	1.503904	2.829749
34458	-2089.616	-2246.246	156.6295	0.154565	0.197358	0.741501	0.00378236	0.0573584	1.310412	3.105529
34464	-2092.806	-2248.51	155.7041	1.897803	0.722238	0.237658	0.0385884	0.00151477	1.460414	2.732404
34470	-2089.676	-2245.717	156.041	1.00841	0.750899	0.181875	0.0653776	0.00184879	1.426696	3.021611
34476	-2082.295	-2238.862	156.5679	1.220822	0.743019	0.165532	0.0904594	0.000989406	1.474492	2.545849
34482	-2091.089	-2247.509	156.4205	1.183854	0.727745	0.193222	0.0772466	0.00178594	1.287164	2.77348
34488	-2099.337	-2255.249	155.9119	1.132537	0.81488	0.0293587	0.143595	0.0121665	1.387791	3.049352
34494	-2091.148	-2245.793	154.6447	1.646057	0.778517	0.00767575	0.185203	0.0286036	1.37189	3.535785
34500	-2091.198	-2245.75	154.5514	1.187304	0.775872	0.0233558	0.173912	0.0268597	1.038834	4.015575
34506	-2090.264	-2242.127	151.8632	1.74928	0.862972	0.0194833	0.0876699	0.029875	0.9013682	5.324377
34512	-2096.74	-2246.315	149.5749	1.876544	0.75976	0.180782	0.0144237	0.0450352	1.132824	6.394154
34518	-2107.48	-2259.25	151.7707	1.311783	0.669641	0.264486	0.00454627	0.0613274	0.758033	5.660116
34524	-2100.567	-2254.944	154.377	1.383729	0.750314	0.237059	0.00990111	0.0027265	1.15867	3.943478
34530	-2093.126	-2243.95	150.8232	1.534943	0.64836	0.311004	0.0359522	0.00468292	0.8576773	6.016059
34536	-2093.766	-2244.962	151.1961	1.217681	0.566215	0.122792	0.287227	0.0237655	0.8210587	5.987547
34542	-2106.268	-2259.458	153.1909	1.052833	0.677273	0.125504	0.148196	0.0490277	0.858217	4.956309
34548	-2106.327	-2260.471	154.1443	1.418328	0.663753	0.160916	0.123944	0.0513865	1.180363	4.0465
34554	-2087.939	-2239.096	151.1569	1.496699	0.738046	0.0909029	0.105088	0.0659631	0.8463323	5.857961
34560	-2108.389	-2262.107	153.7176	2.112508	0.817418	0.104547	0.0762669	0.00176753	1.028422	4.058982
34566	-2091.81	-2246.793	154.9828	1.072972	0.668827	0.237245	0.0882104	0.00571784	1.055318	3.821969
34572	-2083.907	-2235.531	151.6238	1.324649	0.853699	0.0674392	0.06657	0.0122915	0.8745999	5.670305
34578	-2095.028	-2247.278	152.2507	1.643937	0.695607	0.191337	0.0451305	0.0679261	0.9130426	5.151247
34584	-2098.592	-2252.364	153.7716	1.28022	0.739668	0.00223953	0.0963302	0.161762	0.9225072	4.474326
34590	-2085.273	-2239.033	153.7603	1.398254	0.84378	0.00255475	0.109889	0.0437767	1.386302	4.158054
34596	-2080.232	-2232.398	152.1666	1.289876	0.793972	0.000367327	0.182397	0.0232633	1.152151	5.236172
34602	-2083.217	-2237.532	154.3158	1.580947	0.703922	0.000465568	0.269563	0.0260497	1.170797	3.873537
34608	-2085.363	-2239.473	154.1095	1.331814	0.850731	0.00362382	0.135155	0.0104909	1.089066	4.162413
34614	-2081.961	-2233.594	151.6333	1.503947	0.717151	0.124985	0.141831	0.0160331	1.084551	5.462601
34620	-2087.61	-2239.079	151.4688	1.727306	0.637665	0.12781	0.230792	0.00373323	1.103256	5.440295
34626	-2076.288	-2228.055	151.7671	1.401168	0.740832	0.201816	0.0549165	0.00243585	1.081191	5.440295
34632	-2074.437	-2226.381	151.9435	1.231963	0.67652	0.25083	0.0704256	0.00222439	1.058956	5.440295
34638	-2084.773	-2235.898	151.1247	1.639302	0.537836	0.374088	0.0838756	0.00420047	1.197396	5.61728
34644	-2090.249	-2243.804	153.5554	1.565793	0.526094	0.379471	0.0428166	0.0516174	1.376062	4.197723
34650	-2089.38	-2244.46	155.0801	1.156486	0.459536	0.460596	0.0470894	0.0327792	1.409747	3.51366
34656	-2093.441	-2251.122	157.681	0.9766214	0.503075	0.362302	0.098987	0.0356366	1.571327	1.917972
34662	-2092.94	-2246.177	153.2369	0.9824663	0.748467	0.152968	0.0915469	0.00701796	1.131044	4.817726
34668	-2084.797	-2238.765	153.9682	0.9824663	0.651138	0.331782	0.010975	0.00610536	1.096234	4.427249
34674	-2093.515	-2251.285	157.7695	1.095285	0.704042	0.172305	0.118405	0.00524852	1.649551	1.721967
34680	-2090.426	-2246.586	156.1609	2.543529	0.872291	0.0940466	0.0196734	0.0139887	1.700133	1.997584
34686	-2087.131	-2242.69	155.5597	1.085181	0.840873	0.103082	0.0496312	0.00641435	1.249158	3.367348
34692	-2084.989	-2240.678	155.6895	0.9972957	0.48342	0.362359	0.048991	0.105231	1.322694	3.298818
34698	-2091.261	-2246.456	155.1955	0.9972957	0.613312	0.334863	0.0183367	0.0334879	1.043885	3.74922
34704	-2103.861	-2259.468	155.6074	1.217973	0.594379	0.320258	0.0471373	0.0382258	1.515479	3.106431
34710	-2097.596	-2253.511	155.9145	1.133555	0.59942	0.3464	0.0156305	0.0385499	1.449219	3.010432
34716	-2097.814	-2249.072	151.2575	1.215094	0.758389	0.221049	0.00560006	0.0149626	1.214745	5.740101
34722	-2095.93	-2248.924	152.9946	1.682999	0.75119	0.174194	0.00215814	0.0724584	1.124194	4.601179
34728	-2092.247	-2245.42	153.1732	1.275285	0.771217	0.204309	0.00496619	0.0195075	1.177802	4.669523
34734	-2100.137	-2254.807	154.6699	1.208399	0.753075	0.223648	0.00249284	0.020784	1.288147	3.793255
34740	-2087.963	-2243.467	155.5037	1.231299	0.666466	0.254995	0.00690847	0.0716305	1.305799	3.284807
34746	-2095.526	-2249.029	153.5024	0.9228987	0.573701	0.328206	0.0364327	0.0616603	1.063321	4.740991
34752	-2091.298	-2243.637	152.3391	1.211517	0.584174	0.315942	0.0370978	0.0627859	1.102194	5.208703
34758	-2103.632	-2256.279	152.6466	1.211517	0.704773	0.211363	0.0447564	0.039108	1.056516	5.063662
34764	-2104.858	-2258.607	153.7492	1.115372	0.633215	0.203548	0.146255	0.0169815	1.044355	4.50595
34770	-2097.33	-2251.835	154.5053	1.467922	0.745246	0.201392	0.029282	0.0240802	1.120737	3.849073
34776	-2087.779	-2240.99	153.2111	1.00794	0.641013	0.232828	0.0699231	0.0562357	0.9355407	4.926848
34782	-2085.297	-2239.005	153.7083	1.00794	0.725464	0.131756	0.0791353	0.0636446	1.04724	4.586627
34788	-2088.072	-2239.915	151.8439	1.086777	0.652693	0.148534	0.127025	0.0717491	0.8792826	5.669934
34794	-2092.166	-2243.63	151.4636	1.357142	0.834669	0.0691431	0.0891637	0.00702423	1.006145	5.669934
34800	-2078.268	-2231.301	153.0326	1.044759	0.612474	0.152408	0.217948	0.0171697	0.9876736	4.976816
34806	-2080.042	-2231.249	151.207	1.460284	0.659904	0.0858603	0.176424	0.0778124	0.9221653	5.806386
34812	-2070.341	-2221.976	151.6343	1.178275	0.621233	0.167947	0.137568	0.0732525	1.0019	5.669309
34818	-2078.224	-2231.094	152.8701	1.17471	0.759411	0.0637026	0.115699	0.0611874	0.933543	5.0272
34824	-2086.739	-2237.836	151.0963	1.594299	0.674756	0.0231514	0.226515	0.0755782	0.9521236	5.78785
34830	-2085.09	-2234.692	149.6012	1.48246	0.663444	0.0481255	0.273421	0.0150097	0.9969582	6.628476
34836	-2087.242	-2238.729	151.4877	1.416296	0.754815	0.0547535	0.177843	0.0125891	1.204418	5.518862
34842	-2076.248	-2229.558	153.3106	1.316785	0.755246	0.0547848	0.186952	0.00301707	1.091017	4.619849
34848	-2079.721	-2235.253	155.5325	1.051339	0.759826	0.110614	0.123468	0.00609168	1.279086	3.385211
34854	-2078.286	-2234.486	156.2001	1.122101	0.757156	0.104112	0.123034	0.0156981	1.428783	2.857294
34860	-2083.915	-2235.603	151.6884	1.231663	0.66266	0.132762	0.156891	0.0476867	1.107645	5.553972
34866	-2101.276	-2254.344	153.068	1.049635	0.605829	0.13278	0.246476	0.014915	0.9235107	4.990094
34872	-2091.382	-2243.466	152.0831	1.163516	0.696536	0.156538	0.129342	0.0175837	0.9825525	5.441039
34878	-2083.916	-2237.139	153.2231	1.321068	0.790747	0.164048	0.0361828	0.00902226	1.134943	4.642057
34884	-2087.896	-2241.267	153.3709	1.206175	0.759807	0.205457	0.026066	0.00866924	1.528611	4.397442
34890	-2077.607	-2230.664	153.0572	1.206175	0.681425	0.257996	0.05074	0.00983907	1.258304	4.725442
34896	-2079.017	-2232.717	153.7005	1.010486	0.699936	0.0988155	0.191142	0.0101063	1.44388	4.366297
34902	-2081.106	-2233.35	152.244	1.336526	0.71003	0.0944746	0.181487	0.0140083	1.025897	5.239673
34908	-2085.655	-2237.907	152.2517	1.036188	0.661591	0.188601	0.116051	0.0337567	0.9959197	5.409003
34914	-2089.461	-2242.224	152.7627	1.233969	0.777772	0.11648	0.0755902	0.0301587	1.1604	4.929752
34920	-2082.098	-2234.104	152.0057	1.127928	0.483891	0.388557	0.0932214	0.0343304	1.098649	5.438565
34926	-2079.508	-2233.033	153.5255	1.257315	0.781836	0.144447	0.056242	0.0174746	1.052757	4.551392
34932	-2075.112	-2230.237	155.1248	1.106391	0.694076	0.168863	0.125419	0.011642	1.372412	3.537456
34938	-2077.197	-2232.297	155.0995	1.164844	0.708964	0.126338	0.147536	0.0171616	1.341545	3.537456
34944	-2082.368	-2238.177	155.8083	1.055602	0.53324	0.300096	0.149297	0.0173665	1.161212	3.289867
34950	-2083.319	-2238.359	155.0398	1.51593	0.659954	0.195744	0.13116	0.013142	1.09014	3.533578
34956	-2074.447	-2229.496	155.0497	1.102266	0.712192	0.129324	0.114918	0.043567	1.318149	3.61498
34962	-2095.52	-2249.906	154.3853	1.306545	0.6433	0.183802	0.150718	0.0221797	1.258204	3.921629
34968	-2080.335	-2235.274	154.9393	1.353715	0.679841	0.122742	0.106875	0.090541	1.250625	3.58168
34974	-2074.32	-2227.032	152.7127	1.353918	0.797184	0.152573	0.029663	0.0205799	1.268765	4.835947
34980	-2087.666	-2240.276	152.6105	1.070974	0.61724	0.185318	0.182733	0.0147095	1.099917	5.134441
34986	-2074.709	-2227.557	152.8477	1.017821	0.607453	0.190056	0.187405	0.0150856	0.9152069	5.134441
34992	-2087.387	-2239.6	152.2131	1.544496	0.789987	0.0566322	0.112676	0.0407049	0.9178594	5.215554
34998	-2093.898	-2246.544	152.6465	2.069523	0.730918	0.130404	0.116746	0.0219315	1.087637	4.648492
35004	-2100.929	-2256.807	155.8776	1.617132	0.796293	0.0517602	0.0851011	0.0668455	1.190956	2.927385
35010	-2081.324	-2233.878	152.5534	0.9917351	0.564077	0.291038	0.11686	0.0280241	0.9845178	5.273279
35016	-2074.634	-2227.919	153.285	1.13378	0.638376	0.195152	0.142924	0.0235485	1.045962	4.755309
35022	-2081.562	-2233.277	151.7149	1.097654	0.708824	0.173704	0.0920487	0.025423	1.078838	5.625407
35028	-2067.03	-2220.083	153.0523	1.126349	0.658352	0.232908	0.0845634	0.0241764	0.8789517	4.981992
35034	-2065.714	-2220.645	154.9308	0.7389256	0.516276	0.384982	0.0663142	0.0324279	0.9984807	4.079855
35040	-2107.918	-2262.111	154.1933	1.237378	0.659929	0.265065	0.011961	0.0630454	1.183221	4.110573
35046	-2099.546	-2253.122	153.576	1.461234	0.684416	0.13408	0.137339	0.0441656	1.232646	4.318169
35052	-2084.075	-2239.666	155.5903	1.203624	0.544373	0.14461	0.249986	0.0610317	1.293741	3.256153
35058	-2075.57	-2231.538	155.9686	1.203624	0.731187	0.0836213	0.144556	0.0406363	1.267314	3.047039
35064	-2074.613	-2230.599	155.986	1.074177	0.720318	0.159982	0.0903594	0.0293414	1.374253	3.047039
35070	-2076.632	-2231.778	155.1464	1.50329	0.785381	0.0408987	0.155021	0.0187001	1.293266	3.358809
35076	-2081.033	-2233.831	152.7981	1.511915	0.785381	0.0408987	0.155021	0.0187001	1.290765	4.698283
35082	-2090.289	-2247.11	156.8211	1.073441	0.81369	0.0851629	0.0952971	0.00584962	1.395122	2.525543
35088	-2085.796	-2243.067	157.2716	1.0762	0.693975	0.199265	0.0360893	0.0706705	1.653833	2.07021
35094	-2082.462	-2238.885	156.4228	1.296578	0.660699	0.307633	0.028416	0.00325163	1.533767	2.555534
35100	-2079.362	-2236.299	156.9376	1.057358	0.669671	0.31181	0.00990497	0.00861352	1.414691	2.450321
35106	-2079.174	-2234.481	155.3071	1.052517	0.643689	0.201862	0.146169	0.00827933	1.243438	3.537091
35112	-2068.12	-2222.135	154.0144	1.179866	0.683186	0.214249	0.0937773	0.00878736	1.026275	4.331806
35118	-2071.964	-2226.062	154.0981	1.260479	0.731745	0.196449	0.0653672	0.00643808	0.8874767	4.320209
35124	-2076.804	-2230.676	153.8722	1.230431	0.644268	0.208124	0.0941844	0.0534234	1.141298	4.320209
35130	-2073.625	-2227.265	153.6401	1.263044	0.62693	0.316442	0.0448911	0.0117369	1.161233	4.422868
35136	-2080.029	-2232.129	152.1003	1.426404	0.683907	0.221957	0.0859039	0.00823244	1.009043	5.284004
35142	-2078.122	-2231.002	152.8802	1.052624	0.615042	0.299503	0.0772539	0.00820073	0.9645516	5.06996
35148	-2075.497	-2229.154	153.6574	0.9578088	0.59617	0.349024	0.0353313	0.019475	1.125746	4.599364
35154	-2080.341	-2234.338	153.9971	0.9591585	0.58816	0.360195	0.0467118	0.00493379	0.9845206	4.487137
35160	-2084.574	-2238.709	154.1349	0.8448414	0.63404	0.338145	0.0111766	0.0166376	1.016157	4.457748
35166	-2091.103	-2246.748	155.6444	1.356316	0.666822	0.30131	0.00995913	0.0219085	1.272199	3.153558
35172	-2099.469	-2255.406	155.9372	1.72184	0.67563	0.182382	0.0490825	0.0929057	1.628822	2.570704
35178	-2100.661	-2256.875	156.2138	1.422461	0.706688	0.0825636	0.159667	0.0510806	1.628822	2.556026
35184	-2085.04	-2240.617	155.5765	1.100851	0.715453	0.101362	0.152139	0.0310453	1.218434	3.366549
35190	-2082.425	-2237.195	154.7696	1.59712	0.823036	0.115432	0.0292008	0.0323306	1.452135	3.439805
35196	-2076.023	-2230.183	154.1606	1.669677	0.783334	0.0789347	0.112813	0.0249175	1.480996	3.741874
35202	-2071.529	-2224.218	152.6887	1.167485	0.636801	0.143085	0.171607	0.0485073	1.152958	5.009869
35208	-2081.162	-2235.887	154.7252	1.212778	0.622599	0.139893	0.190083	0.0474254	1.090624	3.872653
35214	-2073.897	-2226.613	152.7156	1.263425	0.558864	0.121541	0.26714	0.0524554	1.113289	4.966937
35220	-2073.931	-2226.925	152.9941	1.558361	0.889274	0.0194177	0.0576038	0.0337045	1.167634	4.635298
35226	-2075.572	-2229.535	153.9625	1.734513	0.832008	0.0583452	0.0538944	0.0557522	1.199203	3.987182
35232	-2082.702	-2238.137	155.4351	1.128175	0.813727	0.00734989	0.132072	0.0468504	1.275589	3.400447
35238	-2088.223	-2243.455	155.2321	1.188987	0.814073	0.0235784	0.127891	0.0344572	1.420504	3.400447
35244	-2083.267	-2239.445	156.1785	1.331073	0.892741	0.00366944	0.0756348	0.027955	1.307695	2.82515
35250	-2083.595	-2239.45	155.8552	1.689642	0.863248	0.00354822	0.121834	0.0113699	1.455342	2.744157
35256	-2075.089	-2231.724	156.6349	1.184532	0.856094	0.00351881	0.120825	0.0195623	1.549554	2.478539
35262	-2081.986	-2238.085	156.0989	1.286596	0.77715	0.00544918	0.187107	0.0302939	1.388241	2.849242
35268	-2074.952	-2229.76	154.8081	1.242728	0.785669	0.0110426	0.174416	0.0288716	1.388241	3.636995
35274	-2076.591	-2229.887	153.296	1.305495	0.849851	0.0140929	0.104826	0.0312301	1.334881	4.496881
35280	-2083.767	-2238.884	155.1169	1.20594	0.761823	0.150841	0.0444353	0.0429002	1.284504	3.537883
35286	-2084.92	-2239.817	154.8968	1.20594	0.780818	0.160911	0.00998002	0.0482906	1.334139	3.636913
35292	-2092.732	-2246.835	154.1029	1.84823	0.871903	0.055629	0.0469799	0.0254879	1.392738	3.743529
35298	-2093.139	-2248.8	155.6606	1.297162	0.780989	0.0810431	0.114932	0.0230358	1.242834	3.193257
35304	-2097.005	-2252.812	155.8072	1.018304	0.732082	0.129935	0.077611	0.060372	1.390697	3.176613
35310	-2095.915	-2251.029	155.1143	1.578605	0.884195	0.0661745	0.0188841	0.0307467	1.21193	3.387693
35316	-2087.537	-2244.313	156.7754	1.153891	0.790007	0.116189	0.0356916	0.0581124	1.394783	2.505723
35322	-2085.735	-2239.985	154.2501	1.526833	0.78399	0.158527	0.00848698	0.0489967	1.079082	3.990042
35328	-2093.03	-2249.139	156.1094	1.532589	0.658711	0.250746	0.0421101	0.0484333	1.489287	2.647813
35334	-2073.125	-2229.828	156.7034	1.286892	0.728728	0.194846	0.0177339	0.0586921	1.313808	2.523327
35340	-2084.395	-2240.922	156.5271	1.003512	0.729401	0.198077	0.0168279	0.0556938	1.371125	2.764334
35346	-2087.013	-2242.026	155.0128	1.404454	0.409647	0.448033	0.109194	0.0331267	1.399829	3.425372
35352	-2081.666	-2236.813	155.1469	0.9871581	0.710417	0.265321	0.01816	0.00610192	1.31502	3.626358
35358	-2085.216	-2240.449	155.2332	1.773943	0.556744	0.396733	0.0352922	0.011231	1.278211	3.184026
35364	-2082.653	-2238.002	155.3493	1.160824	0.618421	0.3403	0.0288036	0.0124752	1.237563	3.454594
35370	-2086.332	-2236.319	149.9877	1.182329	0.617734	0.249341	0.107445	0.0254801	0.921428	6.607475
35376	-2080.82	-2232.567	151.7464	1.359151	0.621219	0.332768	0.036801	0.00921155	1.281509	5.361991
35382	-2086.13	-2235.766	149.6363	1.246602	0.695631	0.291319	0.00273556	0.0103149	1.243009	6.590949
35388	-2090.196	-2242.917	152.7212	1.346843	0.766546	0.209449	0.00910275	0.0149026	1.264398	4.837213
35394	-2081.468	-2235.688	154.2198	1.713822	0.724457	0.232501	0.0213324	0.0217095	1.339847	3.768335
35400	-2084.624	-2238.44	153.8169	1.663623	0.814609	0.127867	0.0168801	0.0406439	1.127136	4.144201
35406	-2080.392	-2235.638	155.2459	1.308497	0.694505	0.233989	0.0368544	0.0346515	1.382839	3.349226
35412	-2073.766	-2227.78	154.0138	1.35599	0.75068	0.221563	0.0212382	0.00651874	1.354672	4.053228
35418	-2082.501	-2236.742	154.2415	1.138964	0.657871	0.320519	0.0140219	0.00758819	1.328859	4.053228
35424	-2074.879	-2227.872	152.9931	1.467165	0.732092	0.234266	0.0280953	0.00554618	1.172884	4.676797
35430	-2091.14	-2246.351	155.2108	0.9372749	0.692388	0.184687	0.0434576	0.0794668	1.282589	3.637338
35436	-2087.037	-2240.455	153.4184	1.44406	0.7393	0.154298	0.0136536	0.0927479	1.079854	4.501709
35442	-2076.882	-2230.48	153.5986	1.606799	0.735391	0.190677	0.0120382	0.0618945	1.154175	4.279419
35448	-2087.338	-2239.49	152.1515	1.531303	0.838411	0.0366873	0.0485366	0.0763651	0.7789483	5.33254
35454	-2090.229	-2242.9	152.6714	1.33677	0.709792	0.115516	0.0684956	0.106197	1.057497	4.985166
35460	-2097.775	-2249.93	152.1547	1.409305	0.763633	0.0893552	0.102377	0.0446351	1.087221	5.219118
35466	-2088.344	-2242.287	153.9433	1.52979	0.827818	0.0313098	0.110982	0.0298901	1.087221	4.158836
35472	-2085.268	-2240.83	155.5612	1.476375	0.824442	0.0912364	0.0601858	0.0241357	1.298561	3.124233
35478	-2078.263	-2233.829	155.5652	1.342801	0.848884	0.0254277	0.113991	0.011697	1.289462	3.197496
35484	-2080.598	-2235.575	154.9773	1.146697	0.821783	0.0244349	0.0729751	0.0808074	1.017745	3.805674
35490	-2066.452	-2220.94	154.488	1.452483	0.810373	0.0272678	0.109757	0.0526027	1.226929	3.805674
35496	-2086.433	-2242.511	156.0778	1.066251	0.727931	0.0925069	0.130318	0.0492446	1.22848	3.083907
35502	-2089.044	-2244.525	155.4809	1.251011	0.768053	0.0494322	0.147816	0.034699	1.191898	3.354499
35508	-2093.198	-2248.169	154.9715	1.538903	0.738946	0.0860549	0.150367	0.0246315	1.171248	3.514701
35514	-2095.287	-2249.978	154.691	1.468726	0.865976	0.0432089	0.0665068	0.0243086	1.215102	3.687183
35520	-2094.522	-2248.805	154.2826	2.065599	0.551288	0.263237	0.097245	0.0882299	1.24494	3.629533
35526	-2083.414	-2237.592	154.1785	1.271359	0.633614	0.140747	0.214081	0.0115581	1.118113	4.1381
35532	-2081.394	-2236.851	155.4574	1.221434	0.649268	0.222833	0.118444	0.00945518	1.281	3.332123
35538	-2084.348	-2240.726	156.3782	1.285382	0.577396	0.341052	0.00852106	0.0730309	1.425612	2.656438
35544	-2088.058	-2244.489	156.4314	1.394881	0.795258	0.12676	0.0149639	0.0630174	1.342734	2.613624
35550	-2090.586	-2245.434	154.8483	1.12659	0.65381	0.30285	0.0123024	0.0310378	1.341511	3.704465
35556	-2091.432	-2247.123	155.6909	1.133521	0.699586	0.173457	0.0360373	0.0909189	1.178029	3.304434
35562	-2089.36	-2243.179	153.8191	1.15595	0.596167	0.250577	0.123904	0.0293521	1.086523	4.420893
35568	-2087.706	-2239.315	151.6092	1.442907	0.718512	0.124255	0.096802	0.0604305	1.085629	5.504449
35574	-2087.189	-2241.298	154.1094	0.9661922	0.531972	0.343736	0.120031	0.00426158	1.029208	4.394639
35580	-2082.971	-2237.035	154.0643	1.009032	0.581375	0.327526	0.0894755	0.00162363	1.01085	4.406225
35586	-2091.525	-2245.422	153.8978	1.395822	0.780207	0.0987064	0.120076	0.00101021	1.105969	4.240328
35592	-2089.244	-2243.227	153.9824	1.530249	0.842567	0.0275196	0.129674	0.000239103	1.258198	4.038976
35598	-2089.079	-2243.465	154.3863	1.599502	0.859093	0.0280594	0.112604	0.000243793	1.199094	3.807799
35604	-2078.425	-2232.595	154.1702	1.993286	0.875124	0.0473181	0.0771696	0.000388446	1.102643	3.807799
35610	-2076.426	-2231.23	154.8044	1.993286	0.91038	0.0321177	0.0573301	0.000172389	1.271652	3.340762
35616	-2086.426	-2240.972	154.5464	1.289451	0.711119	0.154776	0.133274	0.000830746	1.121513	3.916621
35622	-2084.704	-2239.3	154.5969	1.073092	0.676223	0.234055	0.0893223	0.000399549	1.276317	3.916621
35628	-2091.645	-2247.468	155.8231	1.12653	0.595467	0.310708	0.0786552	0.01517	1.402834	3.096848
35634	-2098.674	-2255.021	156.3472	1.587464	0.860713	0.0302188	0.0628685	0.0461995	1.455311	2.492406
35640	-2093.69	-2249.111	155.4212	1.760437	0.798705	0.0280418	0.0698475	0.103406	1.47298	2.961887
35646	-2077.983	-2233.853	155.8699	1.529941	0.752996	0.112458	0.010067	0.12448	1.39982	2.850248
35652	-2081.631	-2236.286	154.6551	1.529941	0.88599	0.0697238	0.0282704	0.0160158	1.32102	3.61603
35658	-2076.766	-2231.23	154.4641	1.417314	0.720476	0.146082	0.0929025	0.0405386	1.308103	3.790515
35664	-2067.86	-2219.715	151.8556	1.633375	0.869491	0.0628464	0.0548296	0.0128334	1.092266	5.275455
35670	-2070.578	-2224.975	154.3975	2.048831	0.646414	0.313887	0.0326806	0.00701847	1.345818	3.511302
35676	-2078.454	-2232.994	154.5398	2.009549	0.816224	0.133649	0.0412656	0.00886219	1.38582	3.421876
35682	-2085.841	-2241.335	155.4942	1.894425	0.836463	0.111306	0.0471981	0.00503353	1.399748	2.898515
35688	-2078.691	-2233.793	155.1026	1.239444	0.761213	0.186954	0.046838	0.00499513	1.31523	3.509979
35694	-2082.465	-2237.377	154.9117	1.413704	0.816182	0.131387	0.045759	0.00667161	1.277258	3.551145
35700	-2083.013	-2235.473	152.4598	1.156819	0.732583	0.0418326	0.116364	0.10922	0.9417289	5.259338
35706	-2080.761	-2232.79	152.0293	1.385999	0.857988	0.0696641	0.0376012	0.0347465	0.9557928	5.372343
35712	-2072.591	-2224.931	152.3404	1.078924	0.54954	0.357918	0.0512288	0.0413128	1.038662	5.313347
35718	-2081.85	-2234.982	153.1321	1.31438	0.734953	0.170194	0.0437783	0.0510746	0.9676301	4.789962
35724	-2089.279	-2241.475	152.1963	1.607923	0.662847	0.232267	0.0364129	0.0684728	1.35954	4.950238
35730	-2075.534	-2228.135	152.6008	1.214562	0.576914	0.309756	0.0839242	0.0294057	1.052608	5.089647
35736	-2080.652	-2235.152	154.5003	1.220782	0.858789	0.0444147	0.0687217	0.0280749	1.201564	3.933673
35742	-2080.601	-2235.587	154.9855	1.082336	0.742246	0.0566452	0.161726	0.0393828	1.162563	3.753365
35748	-2070.972	-2225.563	154.591	1.132593	0.761968	0.0315805	0.166023	0.0404292	1.068164	4.006018
35754	-2080.028	-2231.132	151.1035	1.571262	0.84766	0.0223135	0.0850511	0.0449759	0.8726382	5.837995
35760	-2075.343	-2229.712	154.3684	1.815666	0.869582	0.0266203	0.0872507	0.0165472	1.203586	3.714198
35766	-2079.602	-2231.318	151.7161	1.148196	0.807972	0.114567	0.0577387	0.0197222	1.155026	5.556135
35772	-2090.412	-2242.368	151.9557	1.161823	0.695104	0.154501	0.137518	0.0128766	1.029721	5.486126
35778	-2076.073	-2228.304	152.2309	1.059633	0.728369	0.110797	0.147975	0.0128589	1.033947	5.386782
35784	-2066.054	-2216.203	150.149	1.140447	0.584932	0.220086	0.186672	0.00831029	0.8298703	6.591389
35790	-2077.16	-2230.125	152.9654	1.151467	0.627703	0.330331	0.0349515	0.00701467	1.05583	4.918545
35796	-2085.744	-2240.212	154.4685	0.8905691	0.575042	0.356921	0.0649379	0.0030984	1.268242	4.099322
35802	-2086.359	-2241.572	155.2124	0.7525151	0.600753	0.324282	0.0634745	0.0114904	1.177446	3.807916
35808	-2078.962	-2234.417	155.4557	1.181308	0.763322	0.128743	0.103373	0.00456179	1.22284	3.389504
35814	-2075.224	-2231.204	155.9806	1.134612	0.72524	0.119392	0.142079	0.0132881	1.344756	3.032826
35820	-2086.506	-2242.623	156.1177	1.337273	0.756328	0.141593	0.0712916	0.030787	1.415276	2.793299
35826	-2093.698	-2247.408	153.7094	1.583816	0.73164	0.162902	0.0689551	0.0365024	0.9880709	4.321621
35832	-2091.343	-2246.042	154.699	1.006099	0.700397	0.117814	0.146845	0.0349437	1.131745	3.978889
35838	-2083.025	-2237.315	154.2894	1.340583	0.59777	0.212604	0.175855	0.0137706	1.223146	3.978889
35844	-2078.583	-2230.076	151.4931	1.340583	0.674574	0.0912637	0.206018	0.0281445	1.030436	5.648624
35850	-2087.384	-2240.106	152.7226	0.9065475	0.643286	0.139762	0.196463	0.0204887	0.8999049	5.274287
35856	-2067.894	-2219.078	151.1843	1.108185	0.580293	0.398594	0.00889688	0.0122161	0.9173337	5.998469
35862	-2074.961	-2225.424	150.4636	1.227691	0.745772	0.216919	0.00650266	0.030806	0.8879993	6.344578
35868	-2081.512	-2231.845	150.3328	1.241824	0.670152	0.287984	0.00989714	0.0319671	1.005613	6.344578
35874	-2081.488	-2232.849	151.3614	1.030397	0.595143	0.368891	0.0075768	0.0283891	1.018303	5.888276
35880	-2089.553	-2240.833	151.2805	1.521248	0.636557	0.322843	0.0102354	0.0303646	1.031443	5.677385
35886	-2086.285	-2238.96	152.676	1.057609	0.761356	0.224311	0.012242	0.00209065	0.9925687	5.164881
35892	-2078.363	-2232.377	154.0139	1.057609	0.642454	0.331905	0.0212161	0.00442457	1.099722	4.357335
35898	-2094.456	-2248.43	153.9737	1.144222	0.682443	0.242828	0.0680199	0.00670963	1.05577	4.357335
35904	-2098.253	-2252.649	154.3964	1.512903	0.734825	0.165563	0.0821622	0.0174498	1.200039	3.843742
35910	-2098.424	-2252.869	154.4452	0.8887178	0.59973	0.210084	0.182275	0.00791149	1.083864	4.218439
35916	-2088.996	-2243.366	154.3697	1.461298	0.597543	0.171011	0.22407	0.00737583	1.178966	3.8968
35922	-2087.716	-2239.965	152.2484	0.9470471	0.638805	0.154592	0.18826	0.0183425	1.023202	5.444997
35928	-2084.748	-2236.403	151.6555	1.155056	0.620599	0.20256	0.12532	0.0515199	1.15461	5.586016
35934	-2089.805	-2242.762	152.9567	1.099044	0.659985	0.152364	0.15674	0.0309115	1.026707	4.967709
35940	-2095.143	-2248.494	153.3512	1.074876	0.682848	0.261185	0.0409552	0.015011	1.096758	4.721844
35946	-2101.339	-2255.385	154.0453	1.513463	0.622081	0.153658	0.205853	0.0184093	1.195011	4.047357
35952	-2092.937	-2248.919	155.9814	0.9745449	0.773105	0.0979103	0.120806	0.00817969	1.344926	3.126332
35958	-2097.087	-2253.113	156.026	1.358888	0.781628	0.0989897	0.10374	0.0156424	1.354528	2.874023
35964	-2094.236	-2249.137	154.9006	1.588096	0.722914	0.0901635	0.168086	0.0188363	1.128558	3.556576
35970	-2080.42	-2234.596	154.1752	1.30107	0.758807	0.0343713	0.15552	0.0513012	1.350383	3.991983
35976	-2083.592	-2237.46	153.8678	1.938319	0.83712	0.0927596	0.0338144	0.0363063	1.108629	4.00166
35982	-2091.465	-2241.845	150.3804	1.938319	0.800089	0.0586826	0.11167	0.0295581	0.7995106	6.111663
35988	-2083.844	-2236.267	152.423	1.368707	0.747038	0.0649223	0.149506	0.0385336	1.207865	5.023668
35994	-2077.029	-2228.22	151.1905	1.34297	0.759218	0.0952606	0.135687	0.00983507	1.093289	5.778796
36000	-2089.101	-2242.124	153.0234	1.34297	0.808815	0.0571355	0.116739	0.0173109	0.9064151	4.870268
36006	-2095.922	-2246.825	150.9021	1.188156	0.667524	0.172124	0.139644	0.0207075	0.9803569	6.076139
36012	-2086.23	-2238.57	152.3402	1.17419	0.635442	0.225115	0.126031	0.0134121	1.074631	5.242855
36018	-2086.838	-2239.221	152.3836	1.226975	0.666079	0.175662	0.144544	0.0137155	0.981417	5.242855
36024	-2079.266	-2231.979	152.713	1.480688	0.73896	0.00842128	0.230954	0.0216642	1.173178	4.82661
36030	-2073.865	-2225.895	152.0296	1.651029	0.80206	0.00156577	0.151822	0.0445523	1.102268	5.165601
36036	-2068.979	-2219.933	150.9537	1.651029	0.820047	0.0119017	0.1225	0.0455515	1.117547	5.749481
36042	-2074.994	-2227.784	152.7896	1.274373	0.863647	0.00494695	0.0765971	0.0548092	1.083292	4.936825
36048	-2084.16	-2237.264	153.104	1.271208	0.754221	0.049302	0.158282	0.0381948	1.08068	4.764612
36054	-2079.437	-2232.48	153.0428	1.306317	0.611474	0.29241	0.083297	0.0128192	1.106289	4.766512
36060	-2083.533	-2237.942	154.4097	1.887854	0.777105	0.126232	0.0955446	0.00111767	1.210978	3.653429
36066	-2085.457	-2239.162	153.7055	1.389006	0.93702	0.0316823	0.0282144	0.00308355	1.05162	4.383254
36072	-2085.636	-2240.85	155.2138	1.78741	0.882435	0.0623467	0.0491507	0.00606803	1.246695	3.207864
36078	-2081.241	-2236.719	155.4781	1.403227	0.631849	0.257786	0.106926	0.00343932	1.385144	3.160327
36084	-2085.974	-2241.723	155.749	1.045492	0.51781	0.370912	0.0688597	0.0424179	1.113417	3.358759
36090	-2075.783	-2228.703	152.92	1.288028	0.818302	0.111284	0.0150266	0.0553879	1.179986	4.803282
36096	-2079.333	-2232.725	153.392	1.821573	0.842537	0.0823622	0.0407218	0.034379	1.080157	4.339596
36102	-2082.314	-2235.653	153.3386	1.821573	0.769871	0.0833154	0.131693	0.0151204	1.133552	4.339596
36108	-2084.302	-2238.086	153.7847	1.224048	0.798351	0.0671989	0.118771	0.0156798	1.076989	4.409339
36114	-2081.712	-2235.724	154.0113	1.101582	0.745561	0.0575949	0.183405	0.0134389	0.9671525	4.409339
36120	-2082.128	-2236.68	154.5519	1.349103	0.839652	0.0295927	0.121257	0.00949916	1.178937	3.849349
36126	-2088.063	-2242.919	154.856	1.455198	0.76955	0.0180491	0.208002	0.00439795	1.219294	3.595994
36132	-2076.437	-2231.283	154.8461	1.162442	0.76875	0.0455813	0.176339	0.00933031	1.276688	3.72335
36138	-2083.527	-2237.837	154.3107	1.205011	0.666176	0.130597	0.190621	0.0126059	1.139353	4.08602
36144	-2092.706	-2244.783	152.0762	1.268937	0.666176	0.130597	0.190621	0.0126059	1.117612	5.315836
36150	-2081.672	-2232.224	150.5522	1.26449	0.735756	0.0923604	0.161487	0.0103963	1.024221	6.203859
36156	-2086.284	-2239.457	153.173	1.110675	0.647496	0.0992019	0.242206	0.0110967	1.035233	4.836252
36162	-2080.163	-2233.686	153.5228	1.548375	0.742333	0.111861	0.141685	0.00412023	1.03027	4.420077
36168	-2072.245	-2224.436	152.1917	1.288313	0.672419	0.140037	0.183812	0.00373218	0.9593435	5.329596
36174	-2089.973	-2242.812	152.8391	1.319692	0.630261	0.0897831	0.245239	0.0347173	1.149435	4.84929
36180	-2088.217	-2240.725	152.5072	1.261073	0.730076	0.224347	0.0129821	0.0325957	1.083512	5.100372
36186	-2095.34	-2248.295	152.9558	1.261073	0.759782	0.145666	0.0485906	0.0459619	1.192206	4.790381
36192	-2092.412	-2246.595	154.1826	1.051968	0.715489	0.160447	0.105271	0.018793	1.108534	4.260086
36198	-2087.32	-2239.967	152.6469	1.494825	0.777053	0.124927	0.0769119	0.0211082	1.22277	4.828992
