Iteration	Posterior	Likelihood	Prior	beta_scale	matrix_probs[1]	matrix_probs[2]	matrix_probs[3]	matrix_probs[4]	rate_log_sd	tree_length
0	-2077.08	-2230.455	153.3756	1.294965	0.686213	0.0945657	0.118	0.101221	1.330314	4.46005
6	-2080.329	-2233.138	152.8088	1.223008	0.766476	0.0483227	0.0851821	0.100019	1.038622	4.977518
12	-2086.452	-2239.479	153.0276	1.514395	0.80177	0.038859	0.132873	0.0264981	1.192461	4.623645
18	-2082.243	-2233.016	150.7734	1.585798	0.765916	0.0249346	0.17842	0.0307293	0.9704085	5.958213
24	-2076.349	-2230.402	154.0525	1.154074	0.767176	0.0246018	0.196336	0.0118858	1.026981	4.32373
30	-2092.563	-2245.635	153.0719	1.068268	0.575113	0.28084	0.135824	0.00822252	0.9508901	4.962552
36	-2095.143	-2248.624	153.4808	1.193957	0.692593	0.122571	0.167318	0.0175173	1.086617	4.59076
42	-2082.453	-2235.784	153.3311	1.277529	0.704355	0.130068	0.155049	0.0105276	1.158378	4.59076
48	-2085.709	-2238.936	153.2268	1.277529	0.766514	0.10974	0.114863	0.00888232	1.262623	4.59076
54	-2094.216	-2249.112	154.8964	1.22034	0.534849	0.329701	0.107141	0.0283092	1.110934	3.75834
60	-2085.683	-2241.437	155.7538	1.376208	0.741045	0.201883	0.0308167	0.0262555	1.220323	3.108661
66	-2084.1	-2239.39	155.2906	1.279994	0.815506	0.156285	0.0104812	0.0177279	1.268078	3.405721
72	-2080.583	-2235.663	155.0793	1.43092	0.750145	0.136141	0.0279197	0.0857945	1.34346	3.405721
78	-2088.297	-2244.211	155.9138	1.239685	0.839151	0.0676807	0.0228752	0.0702933	1.268818	3.058663
84	-2096.819	-2249.988	153.1689	1.591099	0.772192	0.0574237	0.0208333	0.149551	1.096738	4.561509
90	-2087.573	-2241.957	154.3837	2.029641	0.82266	0.0586033	0.0212613	0.0974758	1.160793	3.635172
96	-2081.474	-2236.175	154.7011	1.555091	0.797846	0.0261051	0.0815131	0.0945357	1.290451	3.594623
102	-2089.704	-2244.899	155.1947	1.103964	0.700566	0.145559	0.0263887	0.127486	1.370502	3.499201
108	-2086.185	-2241.353	155.1684	1.284223	0.85672	0.0838965	0.0114375	0.0479459	1.226472	3.499201
114	-2083.302	-2239.225	155.923	1.142918	0.774819	0.0481723	0.106872	0.0701369	1.316665	3.079269
120	-2082.855	-2239.538	156.6829	1.470341	0.821113	0.131634	0.0389449	0.00830802	1.44975	2.347459
126	-2077.849	-2232.602	154.7535	1.471219	0.827214	0.0958951	0.0750685	0.00182285	1.314694	3.591997
132	-2075.226	-2231.141	155.9154	1.21933	0.807818	0.117093	0.0733084	0.00178011	1.406452	2.986657
138	-2080.114	-2233.856	153.7428	1.56699	0.781364	0.136816	0.0798806	0.0019397	1.167478	4.209176
144	-2085.368	-2239.457	154.0885	1.168711	0.678813	0.0748424	0.240458	0.00588649	1.136092	4.233685
150	-2078.142	-2230.944	152.8017	1.24136	0.864987	0.0473183	0.0714282	0.0162669	1.077001	4.950607
156	-2071.653	-2225.42	153.7676	1.147044	0.741269	0.184972	0.0701609	0.00359868	1.165633	4.410093
162	-2082.86	-2234.128	151.268	1.468406	0.670324	0.131553	0.16877	0.0293539	1.020193	5.715435
168	-2077.093	-2233.264	156.1712	0.9278343	0.791781	0.0386128	0.146249	0.0233579	1.449211	2.978742
174	-2079.16	-2232.268	153.1079	1.164898	0.499403	0.433936	0.0622332	0.00442814	1.140437	4.784808
180	-2086.791	-2240.109	153.3179	1.008083	0.598709	0.357044	0.0339334	0.0103135	1.040407	4.808834
186	-2084.901	-2235.625	150.724	0.9504605	0.531478	0.383906	0.0551006	0.0295156	0.8168992	6.388515
192	-2095.939	-2245.455	149.5158	1.23491	0.400986	0.428289	0.137798	0.0329279	0.7793711	6.912302
198	-2089.532	-2241.188	151.6555	1.461	0.530361	0.404975	0.0435192	0.0211448	0.9662055	5.535972
204	-2092.797	-2245.081	152.2841	1.681937	0.59288	0.263205	0.130043	0.0138727	1.084081	5.020498
210	-2080.178	-2232.64	152.462	1.623589	0.60933	0.221052	0.1518	0.017818	1.305164	4.825252
216	-2084.006	-2237.489	153.4839	1.444828	0.705079	0.155857	0.119932	0.0191324	1.226624	4.381744
222	-2079.841	-2235.771	155.93	1.101219	0.78907	0.081106	0.127499	0.00232543	1.307497	3.104566
228	-2095.734	-2251.212	155.4778	1.624863	0.822256	0.0278482	0.148988	0.000907951	1.273646	3.113525
234	-2093.76	-2250.416	156.6556	1.100881	0.739995	0.0250622	0.234126	0.000817117	1.506451	2.542635
240	-2083.878	-2240.568	156.6898	1.10325	0.674347	0.111552	0.213356	0.000744627	1.419874	2.573777
246	-2076.073	-2233.273	157.2	1.321199	0.740726	0.189496	0.0689597	0.000817924	1.525678	2.04937
252	-2091.929	-2247.931	156.0026	1.339843	0.803016	0.0895832	0.106096	0.00130497	1.416549	2.861
258	-2092.827	-2248.51	155.6834	1.339843	0.821097	0.0977654	0.0742554	0.00688188	1.376961	3.076774
264	-2083.152	-2238.439	155.2867	1.29188	0.80216	0.11911	0.075731	0.0029987	1.468606	3.28368
270	-2087.878	-2242.565	154.686	1.155644	0.7207	0.208565	0.0680405	0.00269418	1.274911	3.820358
276	-2083.564	-2239.159	155.5958	0.9645613	0.716389	0.220537	0.0614085	0.00166583	1.321002	3.374248
282	-2097.76	-2249.693	151.9329	1.228622	0.70289	0.132532	0.161916	0.00266118	0.9343083	5.516425
288	-2090.26	-2244.562	154.3018	1.245456	0.751716	0.0591335	0.173164	0.0159864	1.071675	4.108023
294	-2080.461	-2235.291	154.8302	1.427699	0.727063	0.0784496	0.167485	0.0270027	1.321701	3.565465
300	-2083.039	-2236.847	153.8085	1.231047	0.759449	0.114481	0.108622	0.0174487	1.265013	4.285955
306	-2080.821	-2234.886	154.0647	1.109966	0.73627	0.107373	0.105306	0.0510512	1.413704	4.121538
312	-2081.594	-2232.744	151.1502	0.9102085	0.492208	0.46642	0.0413184	5.27243e-05	1.048323	6.053231
318	-2080.304	-2233.901	153.597	1.180061	0.590015	0.344432	0.065332	0.000221141	1.083141	4.534887
324	-2090.391	-2242.131	151.7401	1.33457	0.803126	0.076323	0.0970615	0.0234898	0.9973956	5.534109
330	-2075.344	-2229.034	153.6896	1.180061	0.676205	0.225942	0.0963823	0.00147027	1.200078	4.416892
336	-2083.082	-2234.396	151.3132	1.528137	0.790358	0.165108	0.0434589	0.00107441	1.098274	5.619598
342	-2081.956	-2234.806	152.8503	2.13899	0.802609	0.0680767	0.127701	0.00161274	1.370362	4.346195
348	-2081.552	-2236.372	154.8209	1.635859	0.779581	0.0921927	0.126037	0.00218927	1.189341	3.544363
354	-2070.86	-2224.727	153.8671	1.635859	0.882607	0.0353775	0.0490842	0.0329313	1.414214	3.964918
360	-2086.056	-2239.366	153.31	0.9843621	0.551799	0.418531	0.0163818	0.0132884	1.054157	4.818776
366	-2087.445	-2240.004	152.5589	1.000406	0.626085	0.272877	0.0933508	0.00768757	0.8851543	5.320295
372	-2082.709	-2236.151	153.4428	1.3661	0.783217	0.0956025	0.119052	0.0021281	1.133509	4.496696
378	-2077.416	-2228.871	151.4548	1.445293	0.782206	0.0731291	0.132691	0.0119739	0.8928695	5.693915
384	-2071.205	-2223.625	152.4202	1.288111	0.668044	0.166639	0.113325	0.0519917	1.147782	5.099126
390	-2070.958	-2221.823	150.8651	1.492585	0.656031	0.222363	0.103733	0.0178739	1.136684	5.860708
396	-2066.87	-2220.733	153.8636	1.344688	0.677812	0.210716	0.0982993	0.0131736	1.186379	4.240134
402	-2075.297	-2230.478	155.1808	1.132404	0.775018	0.143809	0.0735944	0.00757786	1.441256	3.449967
408	-2077.51	-2232.989	155.4796	1.171822	0.840287	0.129159	0.0178837	0.0126697	1.257304	3.36053
414	-2073.695	-2228.145	154.45	1.369801	0.731168	0.238465	0.0177747	0.0125925	1.310432	3.821656
420	-2083.727	-2237.843	154.1157	1.750169	0.781563	0.145743	0.0592337	0.0134604	1.113635	3.941269
426	-2084.631	-2237.731	153.1004	1.713884	0.842751	0.0478327	0.0983712	0.011045	1.069667	4.558275
432	-2085.524	-2239.777	154.2531	1.034455	0.681863	0.275798	0.018729	0.0236099	1.112249	4.227815
438	-2074.756	-2228.45	153.6933	1.685398	0.778128	0.173332	0.0176213	0.0309182	1.100135	4.219564
444	-2084.176	-2238.92	154.7446	1.081671	0.633207	0.333578	0.0320744	0.00114001	1.310578	3.807269
450	-2084.365	-2239.359	154.9943	1.109733	0.608837	0.334787	0.0552319	0.00114414	1.424926	3.58095
456	-2082.083	-2238.788	156.7048	0.8797496	0.468459	0.427637	0.102443	0.00146146	1.451923	2.682975
462	-2086.688	-2241.431	154.7434	1.210223	0.57527	0.365962	0.0574443	0.00132368	1.353369	3.712235
468	-2085.311	-2239.828	154.5161	1.466388	0.828685	0.0862341	0.0837945	0.00128677	1.34873	3.712235
474	-2090.336	-2244.056	153.7197	1.111071	0.613602	0.286139	0.0978445	0.00241459	1.188661	4.443669
480	-2076.678	-2229.24	152.5617	1.172326	0.644172	0.209275	0.137585	0.00896814	1.086232	5.114795
486	-2082.795	-2234.67	151.8748	1.376027	0.744105	0.136714	0.116979	0.00220208	1.239305	5.306094
492	-2077.934	-2231.791	153.8569	1.002125	0.651707	0.168858	0.165385	0.01405	1.390134	4.313046
498	-2081.972	-2237.055	155.0825	1.114741	0.715085	0.185279	0.0842197	0.0154163	1.354259	3.567969
504	-2107.86	-2264.46	156.6008	1.251426	0.584045	0.17418	0.19207	0.0497047	1.425024	2.538398
510	-2086.567	-2239.915	153.3475	1.029281	0.690819	0.287066	0.021392	0.000722703	1.012833	4.795941
516	-2091.898	-2244.758	152.8591	1.322069	0.669647	0.221923	0.104476	0.00395327	1.222919	4.795941
522	-2092.38	-2244.909	152.529	1.303798	0.67239	0.256326	0.0333028	0.0379813	1.068324	5.074866
528	-2085.727	-2238.794	153.0676	1.346312	0.523491	0.392885	0.0530314	0.0305929	1.252158	4.650686
534	-2096.553	-2246.737	150.1846	1.892933	0.838957	0.0899957	0.063418	0.007629	0.9661728	6.146537
540	-2085.983	-2241.691	155.7079	1.271864	0.674954	0.179332	0.108825	0.0368894	1.453678	3.053391
546	-2078.208	-2232.907	154.699	1.083754	0.626276	0.195192	0.0815628	0.0969693	1.266424	3.857738
552	-2082.741	-2237.653	154.9124	1.222954	0.592932	0.265439	0.0554987	0.0861302	1.190413	3.70179
558	-2086.201	-2240.795	154.5937	1.085875	0.616494	0.315389	0.0490952	0.0190218	1.325383	3.883152
564	-2094.247	-2247.797	153.5492	1.077928	0.641145	0.202825	0.124188	0.0318421	1.212339	4.544434
570	-2115.298	-2268.307	153.0082	1.081412	0.597948	0.309518	0.049059	0.0434753	1.30925	4.79122
576	-2110.879	-2265.69	154.8104	1.080107	0.464123	0.486382	0.0217128	0.0277826	1.28146	3.787033
582	-2097.984	-2252.407	154.4234	1.299612	0.665115	0.13235	0.125432	0.0771027	1.20891	3.931693
588	-2086.684	-2240.192	153.5077	1.336311	0.740126	0.0412146	0.167321	0.0513384	1.260851	4.403522
594	-2082.881	-2234.442	151.5604	1.30664	0.695884	0.122954	0.157319	0.023843	0.9875745	5.65213
600	-2096.6	-2247.13	150.5294	1.251727	0.735979	0.0489625	0.173322	0.0417364	1.108314	6.176931
606	-2092.213	-2245.626	153.4126	1.251727	0.686334	0.162355	0.11708	0.0342304	1.077096	4.604003
612	-2102.153	-2256.378	154.2246	1.15752	0.65493	0.200257	0.111723	0.0330909	1.388326	4.018791
618	-2102.525	-2255.915	153.3904	1.369444	0.601126	0.183805	0.184696	0.0303724	1.168845	4.50458
624	-2103.662	-2258.574	154.9114	1.161497	0.657544	0.107203	0.20203	0.033223	1.337291	3.651004
630	-2107.038	-2259.356	152.3179	1.223943	0.635942	0.13537	0.17169	0.0569982	1.252591	5.13072
636	-2097.666	-2251.996	154.3307	0.9992195	0.698366	0.148658	0.137326	0.0156502	1.153653	4.180192
642	-2108.323	-2260.395	152.0722	2.229835	0.698933	0.128637	0.0692844	0.103146	0.9368056	4.988411
648	-2101.62	-2254.718	153.0981	1.700435	0.729968	0.084851	0.0290789	0.156102	0.9212121	4.64894
654	-2098.382	-2253.48	155.0972	1.732154	0.615103	0.128512	0.17392	0.0824641	1.228578	3.313574
660	-2103.462	-2254.585	151.1227	1.34223	0.647675	0.00158709	0.225315	0.125423	0.9453432	5.897124
666	-2093.378	-2244.455	151.077	1.537802	0.750198	0.0011478	0.16295	0.0857036	1.280599	5.644588
672	-2087.359	-2238.489	151.1296	1.417938	0.820718	0.000661777	0.117055	0.0615649	1.109462	5.766626
678	-2087.009	-2238.699	151.6897	1.109541	0.685164	0.00571003	0.257729	0.0513965	1.021826	5.664194
684	-2090.923	-2240.652	149.7285	1.259978	0.74832	0.0579073	0.183029	0.0107441	0.8847853	6.728049
690	-2086.461	-2239.706	153.2448	1.761061	0.723619	0.0822632	0.144187	0.0499304	1.124041	4.425024
696	-2079.218	-2231.29	152.0722	1.741326	0.763606	0.141875	0.04183	0.0526894	1.093287	5.106236
702	-2081.462	-2231.86	150.3976	1.691788	0.722915	0.177721	0.0833133	0.0160507	0.8549966	6.178007
708	-2081.048	-2232.738	151.6899	0.9310062	0.689597	0.198588	0.0965038	0.0153109	0.9883646	5.779653
714	-2074.695	-2228.483	153.7882	1.050898	0.722584	0.233868	0.0202492	0.0232986	1.171438	4.447908
720	-2077.765	-2229.652	151.8872	1.220092	0.750956	0.219614	0.00301492	0.026416	1.144135	5.430517
726	-2081.606	-2233.04	151.4337	1.147496	0.686466	0.2114	0.0729349	0.0291986	1.242765	5.663326
732	-2087.884	-2241.188	153.3037	1.106973	0.544155	0.422121	0.0172171	0.0165069	1.132822	4.710763
738	-2080.812	-2235.256	154.4442	1.529578	0.700888	0.26988	0.0135845	0.0156476	1.307229	3.746248
744	-2084.455	-2239.625	155.1704	0.9316198	0.539403	0.422415	0.0185383	0.0196436	1.115576	3.760574
750	-2079.423	-2233.981	154.5586	1.077971	0.681899	0.300185	0.00712045	0.0107964	1.411954	3.858029
756	-2093.945	-2249.329	155.3839	1.380101	0.569833	0.317578	0.109368	0.00322157	1.308312	3.273787
762	-2080.248	-2236.197	155.9484	0.9815682	0.565048	0.325526	0.106232	0.00319451	1.417509	3.098536
768	-2080.636	-2237.322	156.6863	0.9815682	0.50771	0.447521	0.0431021	0.00166743	1.481729	2.612108
774	-2088.559	-2244.893	156.3347	1.209506	0.640053	0.336996	0.0211411	0.00181018	1.513326	2.672666
780	-2092.733	-2248.483	155.7502	1.329786	0.748493	0.0546106	0.191997	0.00489979	1.3648	3.049564
786	-2087.367	-2242.84	155.4736	1.663506	0.868822	0.0309241	0.0874657	0.0127884	1.353112	3.049564
792	-2096.66	-2252.233	155.5727	1.158236	0.866261	0.00997174	0.111017	0.0127507	1.185824	3.355484
798	-2078.998	-2234.669	155.6709	1.391934	0.858504	0.0105501	0.117456	0.0134903	1.279278	3.114564
804	-2071.915	-2227.081	155.1657	1.117726	0.808538	0.0414669	0.111403	0.0385923	1.198739	3.608315
810	-2076.134	-2232.354	156.2199	1.159237	0.770352	0.0330417	0.163932	0.0326744	1.382543	2.851675
816	-2068.622	-2225.112	156.4898	1.113321	0.728878	0.111127	0.155106	0.00488933	1.340244	2.739983
822	-2083.304	-2238.146	154.8414	1.297559	0.639828	0.345922	0.0131665	0.00108341	1.223384	3.683827
828	-2086.655	-2243.376	156.7217	1.118932	0.654909	0.330515	0.0125801	0.00199654	1.322474	2.604899
834	-2082.058	-2235.534	153.4757	1.128164	0.749733	0.195395	0.0534926	0.00137971	1.028254	4.661571
840	-2085.018	-2237.841	152.8238	1.509976	0.589399	0.265143	0.142931	0.00252697	1.208644	4.730811
846	-2074.677	-2230.449	155.7726	1.149247	0.726048	0.100029	0.170764	0.00315826	1.234811	3.213752
852	-2083.174	-2237.556	154.3823	1.389183	0.70765	0.037823	0.238905	0.0156219	1.162613	3.93543
858	-2071.241	-2223.887	152.6457	1.106211	0.649108	0.12339	0.193636	0.0338662	1.162613	5.061114
864	-2076.141	-2228.98	152.8394	1.152412	0.755341	0.0860336	0.135012	0.0236132	1.256249	4.876625
870	-2067.623	-2220.419	152.7961	1.254903	0.777259	0.0885301	0.122763	0.0114483	1.20294	4.876625
876	-2067.815	-2221.67	153.8544	1.241349	0.838229	0.0458882	0.114664	0.00121877	1.097093	4.349501
882	-2069.643	-2222.428	152.7849	1.424837	0.792214	0.0869052	0.117588	0.00329221	1.076043	4.86793
888	-2077.37	-2230.926	153.5559	1.535425	0.790609	0.0867292	0.11735	0.00531171	1.273668	4.27012
894	-2080.37	-2233.86	153.4899	1.525099	0.751084	0.120928	0.121959	0.00602881	1.24427	4.329074
900	-2087.403	-2242.318	154.9142	0.9919091	0.809403	0.0597526	0.118536	0.0123086	1.218857	3.813578
906	-2089.819	-2243.618	153.7993	1.386032	0.716579	0.160085	0.112261	0.0110749	0.9451776	4.39188
912	-2083.475	-2234.032	150.5565	1.593676	0.806732	0.136555	0.0472658	0.00944706	0.8818391	6.121119
918	-2075.348	-2228.025	152.6775	1.218014	0.616065	0.253172	0.113712	0.0170507	1.065447	5.0382
924	-2080.481	-2233.525	153.0444	1.158791	0.594392	0.197943	0.191213	0.0164509	0.9571513	4.92561
930	-2077.098	-2231.947	154.8484	1.273994	0.628631	0.182468	0.181111	0.00778945	1.191589	3.710688
936	-2082.852	-2238.302	155.4504	1.139403	0.752467	0.0946682	0.146561	0.00630348	1.16399	3.450539
942	-2084.708	-2240.011	155.3027	1.316635	0.844215	0.0252225	0.0876081	0.0429541	1.066355	3.496942
948	-2092.643	-2245.447	152.804	1.19221	0.573648	0.332862	0.0166915	0.0767988	1.047252	4.99151
954	-2083.982	-2240.51	156.528	1.376706	0.798408	0.0159469	0.164641	0.0210044	1.43484	2.506427
960	-2080.985	-2235.819	154.8339	1.101016	0.817606	0.0495698	0.111315	0.0215095	1.171965	3.824794
966	-2089.105	-2243.214	154.1091	1.546379	0.607313	0.269362	0.0942025	0.0291222	1.397307	3.879008
972	-2083.796	-2236.344	152.5479	1.117741	0.612801	0.271796	0.0860174	0.0293854	0.9236019	5.241414
978	-2086.74	-2239.725	152.9854	1.303778	0.636667	0.31337	0.0261582	0.0238047	0.9805042	4.869991
984	-2082.473	-2240.058	157.5846	1.110267	0.6144	0.274749	0.0775885	0.0332622	1.731378	1.783934
990	-2073.032	-2229.818	156.786	1.202556	0.778966	0.0222912	0.156571	0.0421715	1.452871	2.433648
996	-2073.652	-2230.003	156.3512	1.183851	0.833789	0.055613	0.106099	0.00449868	1.473972	2.701595
1002	-2075.677	-2231.31	155.6332	1.293858	0.890239	0.0720471	0.0358034	0.00191054	1.230616	3.218476
1008	-2078.069	-2232.029	153.9607	1.237217	0.741278	0.143394	0.108565	0.00676315	1.143486	4.265282
1014	-2082.59	-2237.129	154.5386	1.331987	0.686485	0.132795	0.172019	0.00870066	1.215401	3.844928
1020	-2086.849	-2240.485	153.636	1.27477	0.739071	0.141769	0.109793	0.00936714	1.101516	4.452702
1026	-2096.145	-2249.739	153.5948	1.549195	0.78322	0.150237	0.0263022	0.0402406	1.296221	4.228653
1032	-2083.835	-2237.087	153.2519	1.488948	0.810746	0.0997627	0.0706065	0.0188852	1.060105	4.584372
1038	-2088.73	-2240.084	151.3542	1.488948	0.720511	0.0609601	0.192209	0.0263201	0.9902565	5.674832
1044	-2087.85	-2243.955	156.1053	1.315822	0.758039	0.0562599	0.136248	0.0494529	1.272226	2.899407
1050	-2089.265	-2244.367	155.1022	1.01046	0.622255	0.292084	0.067348	0.0183128	1.166222	3.724845
1056	-2085.564	-2239.796	154.2319	0.9710284	0.740596	0.22433	0.0281834	0.00689093	1.214822	4.21762
1062	-2089.411	-2243.527	154.1155	1.109686	0.687022	0.208102	0.098484	0.00639244	1.194057	4.21762
1068	-2075.963	-2230.112	154.1487	1.528603	0.813476	0.133773	0.0485335	0.00421741	1.251898	3.948326
1074	-2082.782	-2237.612	154.8296	1.437557	0.727192	0.109734	0.150037	0.0130377	1.195349	3.634183
1080	-2099.638	-2254.983	155.3449	1.345761	0.705534	0.0197669	0.218962	0.055737	1.276704	3.333531
1086	-2106.871	-2260.224	153.3526	1.246356	0.566775	0.13658	0.175898	0.120747	1.2391	4.549535
1092	-2097.913	-2254.687	156.7746	1.055779	0.58379	0.264286	0.102314	0.0496103	1.424439	2.547055
1098	-2093.93	-2249.912	155.9821	1.781057	0.752932	0.155412	0.0601652	0.0314908	1.437147	2.632094
1104	-2104.019	-2259.829	155.8097	1.741512	0.746773	0.0956238	0.137056	0.0205479	1.159929	2.925584
1110	-2097.528	-2253.696	156.1678	1.535079	0.655788	0.303281	0.0236049	0.0173262	1.428015	2.648267
1116	-2096.225	-2252.822	156.5971	1.510044	0.815341	0.116262	0.0617552	0.00664196	1.526912	2.331088
1122	-2098.363	-2250.755	152.3922	1.499214	0.68459	0.158932	0.101453	0.0550242	1.020237	5.081168
1128	-2087.498	-2238.169	150.6712	1.463542	0.7314	0.140026	0.0821248	0.0464495	0.9291372	6.09352
1134	-2093.083	-2249.111	156.0283	1.162012	0.748269	0.127578	0.100866	0.0232878	1.605456	2.831075
1140	-2085.122	-2241.216	156.0934	1.370423	0.759648	0.149994	0.0523827	0.0379758	1.347569	2.831075
1146	-2089.208	-2244.48	155.2722	1.192322	0.693079	0.228062	0.0477924	0.0310661	1.35627	3.412778
1152	-2086.091	-2242.847	156.7554	1.241791	0.737759	0.194202	0.0412357	0.0268041	1.557418	2.363736
1158	-2098.625	-2254.953	156.328	1.231352	0.765635	0.175203	0.0412091	0.0179522	1.495723	2.674974
1164	-2085.073	-2238.063	152.9892	1.286362	0.725887	0.232805	0.0353658	0.00594183	1.135021	4.790611
1170	-2091.801	-2246.768	154.967	1.071023	0.660295	0.188988	0.147806	0.0029118	1.149227	3.778136
1176	-2101.347	-2255.651	154.304	1.223901	0.660295	0.188988	0.147806	0.0029118	1.290905	3.993228
1182	-2094.286	-2249.01	154.7248	1.281677	0.676596	0.274195	0.0295228	0.0196867	1.212675	3.765774
1188	-2084.03	-2238.793	154.7633	1.023678	0.656066	0.175713	0.14741	0.0208109	1.128792	3.933737
1194	-2099.387	-2251.631	152.2443	1.272748	0.602697	0.248619	0.119238	0.0294457	1.107355	5.226702
1200	-2087.013	-2238.518	151.5058	1.272748	0.59033	0.2365	0.116791	0.0563791	1.070677	5.65357
1206	-2078.688	-2233.026	154.3388	1.057963	0.696679	0.168744	0.129608	0.00496921	1.111612	4.166332
1212	-2085.778	-2239.185	153.4073	1.013527	0.589643	0.24699	0.151264	0.0121026	0.998845	4.779106
1218	-2080.724	-2233.088	152.3632	1.175224	0.723906	0.166178	0.101773	0.00814281	0.8827414	5.335563
1224	-2087.922	-2242.505	154.5827	0.9169397	0.477802	0.221896	0.217573	0.0827291	1.355494	3.968912
1230	-2071.843	-2226.529	154.6853	1.420439	0.802165	0.117934	0.0375759	0.0423248	1.159304	3.747164
1236	-2070.955	-2225.992	155.037	0.9998245	0.597789	0.350142	0.0254872	0.0265819	1.324588	3.677134
1242	-2076.633	-2231.665	155.0318	1.191901	0.61717	0.339101	0.0329862	0.0107429	1.398143	3.528937
1248	-2081.593	-2238.335	156.7423	0.6372042	0.694708	0.268747	0.0261425	0.0104022	1.184393	2.977526
1254	-2080.969	-2236.556	155.5873	0.7074344	0.463198	0.469334	0.0650285	0.00243872	1.151303	3.634001
1260	-2080.663	-2232.938	152.2745	1.056363	0.626884	0.270992	0.0880083	0.0141155	0.9722463	5.398528
1266	-2084.697	-2236.886	152.1894	1.257921	0.678794	0.228819	0.0796171	0.0127697	1.157466	5.236956
1272	-2091.935	-2247.011	155.076	1.010873	0.603971	0.348889	0.0359063	0.0112341	1.286221	3.670368
1278	-2081.128	-2234.149	153.021	1.217193	0.560909	0.330187	0.0982723	0.0106319	1.169227	4.789617
1284	-2081.273	-2233.731	152.4582	1.056087	0.593089	0.29038	0.10391	0.0126215	1.166809	5.189782
1290	-2085.697	-2238.037	152.3404	0.9133342	0.470216	0.406832	0.0956828	0.0272686	1.04796	5.39962
1296	-2084.994	-2239	154.0061	0.9416812	0.547687	0.395937	0.0466553	0.00972049	1.022969	4.470387
1302	-2088.346	-2240.833	152.4871	1.317775	0.662875	0.263364	0.0672959	0.00646573	1.044221	5.1044
1308	-2092.127	-2245.685	153.5583	0.8678563	0.529316	0.378999	0.0830689	0.00861628	0.9031308	4.830793
1314	-2102.495	-2253.426	150.9318	1.171213	0.629349	0.263441	0.0398814	0.0673292	0.872364	6.12758
1320	-2095.624	-2247.08	151.456	0.9193792	0.654866	0.075526	0.266861	0.00274701	0.9326435	5.944421
1326	-2092.776	-2245.199	152.4238	1.294557	0.707518	0.0641482	0.226659	0.00167459	0.9730959	5.190584
1332	-2099.922	-2251.904	151.9819	1.194257	0.763041	0.0779861	0.149629	0.00934354	0.8384592	5.559898
1338	-2099.55	-2252.077	152.5264	1.242214	0.776244	0.0914777	0.122773	0.00950521	1.019095	5.135144
1344	-2088.887	-2240.62	151.733	1.066465	0.65895	0.227608	0.104222	0.00922091	0.9272063	5.715337
1350	-2098.326	-2250.677	152.3504	1.42916	0.785515	0.115735	0.0870216	0.011729	1.139494	5.072058
1356	-2095.267	-2247.673	152.4059	1.534407	0.761398	0.134982	0.0932605	0.0103594	0.9709606	5.084143
1362	-2081.188	-2235.109	153.9213	1.142437	0.643617	0.269691	0.0500449	0.0366468	1.065478	4.382387
1368	-2073.679	-2226.001	152.322	1.057595	0.556119	0.362037	0.0432415	0.0386024	1.04036	5.334073
1374	-2092.713	-2246.221	153.5086	1.147653	0.562747	0.254385	0.143806	0.0390624	1.069687	4.609392
1380	-2102.307	-2258.562	156.2548	1.480133	0.68778	0.260544	0.0183397	0.0333368	1.701801	2.453304
1386	-2084.505	-2240.089	155.5841	1.029132	0.669649	0.245028	0.0517973	0.0335263	1.293122	3.359566
1392	-2089.587	-2243.672	154.0849	1.275324	0.804009	0.140658	0.0321284	0.0232049	1.248499	4.115128
1398	-2086.227	-2239.313	153.0864	1.522993	0.815764	0.102697	0.0737575	0.00778181	1.351051	4.497408
1404	-2089.076	-2243.92	154.8446	2.128708	0.769054	0.118688	0.0743094	0.0379492	1.513862	3.114408
1410	-2099.746	-2254.343	154.5968	2.339212	0.926019	0.0160747	0.0122119	0.0456947	1.379381	3.252698
1416	-2077.428	-2231.121	153.6932	1.995556	0.750705	0.159985	0.0835953	0.00571438	1.324757	3.95315
1422	-2076.054	-2229.383	153.3293	1.03622	0.749802	0.160565	0.0838983	0.00573509	1.153686	4.723575
1428	-2073.591	-2227.493	153.9021	1.453731	0.860301	0.0411897	0.0962626	0.00224663	1.244526	4.130228
1434	-2077.366	-2232.562	155.1969	1.292211	0.652009	0.189313	0.148638	0.0100398	1.259323	3.459098
1440	-2087.29	-2242.775	155.4853	1.360297	0.627072	0.190769	0.173494	0.00866503	1.484783	3.119591
1446	-2075.052	-2230.111	155.0592	1.196326	0.783511	0.0905801	0.120691	0.00521717	1.255771	3.593385
1452	-2076.564	-2232.006	155.4419	1.196326	0.842292	0.0293621	0.122737	0.00560857	1.263851	3.365208
1458	-2088.968	-2243.16	154.1923	1.196326	0.773224	0.0103581	0.197052	0.0193662	1.028741	4.220834
1464	-2094.551	-2249.398	154.8469	1.574357	0.774065	0.132958	0.0681903	0.0247865	1.358641	3.4605
1470	-2073.104	-2226.235	153.1304	1.27528	0.7798	0.133943	0.0686954	0.0175622	1.161811	4.702398
1476	-2084.098	-2238.535	154.4367	1.206428	0.724231	0.223384	0.0417193	0.0106657	1.160119	4.001479
1482	-2074.742	-2228.472	153.7293	1.206428	0.658264	0.253008	0.0716026	0.0171255	1.234144	4.361206
1488	-2073.372	-2227.057	153.6854	1.309707	0.639105	0.33134	0.0129284	0.016627	1.182355	4.361206
1494	-2082.386	-2236.516	154.1293	0.7709646	0.637296	0.23789	0.0610951	0.0637188	1.190906	4.405943
1500	-2064.296	-2218.563	154.2674	0.9777181	0.629975	0.287689	0.0366341	0.0457015	1.103651	4.256677
1506	-2067.844	-2224.174	156.3307	1.231273	0.70645	0.205556	0.0663875	0.0216062	1.394555	2.735411
1512	-2064.182	-2220.32	156.1379	1.163762	0.802924	0.0910384	0.0754534	0.0305845	1.395361	2.890932
1518	-2063.159	-2218.673	155.5143	1.608645	0.837664	0.0312738	0.112337	0.018725	1.441481	2.999456
1524	-2069.386	-2222.664	153.2786	1.106364	0.784572	0.0607886	0.117033	0.0376058	1.158789	4.710634
1530	-2071.511	-2227.265	155.7534	1.357553	0.787702	0.0713379	0.0934601	0.0475002	1.287605	3.078769
1536	-2070.579	-2226.669	156.0899	1.342891	0.747159	0.0555111	0.152275	0.0450554	1.405438	2.813096
1542	-2066.161	-2221.885	155.7247	0.9687744	0.770991	0.00657409	0.202289	0.0201458	1.165467	3.387422
1548	-2075.106	-2230.061	154.9541	1.051039	0.798367	0.0473894	0.147958	0.00628489	1.151831	3.795355
1554	-2084.33	-2237.514	153.1842	1.686285	0.799645	0.0134247	0.184693	0.00223742	1.156473	4.474951
1560	-2091.536	-2245.212	153.6756	1.376453	0.660233	0.161377	0.16677	0.0116203	1.244706	4.297394
1566	-2081.895	-2235.645	153.7496	1.215416	0.759235	0.059255	0.169687	0.0118236	0.9935762	4.480631
1572	-2073.922	-2228.721	154.799	1.085418	0.738857	0.029277	0.230268	0.00159832	1.253746	3.80656
1578	-2068.6	-2223.25	154.6499	1.085418	0.647977	0.0471825	0.300834	0.00400668	1.441838	3.784098
1584	-2085.045	-2241.075	156.0299	1.372353	0.523963	0.287604	0.159628	0.0288052	1.425493	2.82129
1590	-2071.67	-2227.958	156.2875	1.170486	0.639131	0.223274	0.123923	0.0136717	1.567527	2.691033
1596	-2075.439	-2232.103	156.6644	1.285034	0.63814	0.237813	0.100654	0.0233932	1.251833	2.587174
1602	-2083.148	-2239.64	156.4912	1.28672	0.598272	0.232514	0.162489	0.00672535	1.454352	2.568008
1608	-2081.577	-2237.31	155.7331	1.239136	0.641067	0.216289	0.134461	0.00818201	1.3062	3.144391
1614	-2089.919	-2244.006	154.0866	0.8908478	0.641067	0.216289	0.134461	0.00818201	1.24718	4.327779
1620	-2069.665	-2224.414	154.7493	1.141855	0.701771	0.209144	0.0811739	0.0079117	1.220895	3.822634
1626	-2082.578	-2236.919	154.3412	1.42729	0.668411	0.249496	0.0773152	0.00477814	1.3664	3.822634
1632	-2074.109	-2227.576	153.4672	1.208396	0.597862	0.223162	0.170363	0.00861275	1.3664	4.433436
1638	-2072.602	-2229.418	156.8159	1.270708	0.584543	0.33131	0.0745642	0.0095829	1.43949	2.383096
1644	-2075.214	-2231.557	156.3428	1.358003	0.652945	0.231232	0.114426	0.00139695	1.472724	2.608434
1650	-2083.637	-2237.674	154.0366	1.6266	0.598329	0.303581	0.0962556	0.00183404	1.469796	3.840257
1656	-2079.593	-2234.117	154.5232	1.05732	0.755486	0.14695	0.0823416	0.0152219	1.275538	3.968113
1662	-2082.214	-2236.682	154.4681	1.568682	0.722701	0.140573	0.122164	0.0145614	1.218548	3.764428
1668	-2083.578	-2237.821	154.2432	1.111436	0.606224	0.193641	0.174897	0.025238	1.144355	4.172387
1674	-2097.796	-2252.774	154.9781	1.700833	0.806802	0.0477291	0.134694	0.0107747	1.151834	3.443396
1680	-2083.38	-2235.073	151.6929	1.17889	0.624746	0.199847	0.158126	0.0172806	1.284086	5.481804
1686	-2084.147	-2240.755	156.6083	0.8159883	0.654626	0.209406	0.121862	0.0141065	1.510759	2.746616
1692	-2077.416	-2233.392	155.9761	1.115117	0.674149	0.182821	0.130496	0.0125339	1.433737	2.993428
1698	-2072.344	-2228.293	155.9491	1.206384	0.690521	0.197735	0.100239	0.0115044	1.373598	2.993428
1704	-2079.111	-2233.774	154.6634	1.641951	0.832264	0.0330555	0.120815	0.0138659	1.245297	3.600496
1710	-2108.791	-2262.113	153.3225	1.285244	0.725074	0.126181	0.118144	0.0306012	1.13857	4.602671
1716	-2100.027	-2256.452	156.4255	1.162567	0.783105	0.142493	0.060173	0.0142286	1.343051	2.748658
1722	-2100.537	-2250.71	150.173	0.9798297	0.627858	0.287216	0.0841823	0.000743937	1.039357	6.550494
1728	-2097.715	-2250.399	152.684	1.013054	0.577407	0.279568	0.142342	0.000684159	0.914118	5.228222
1734	-2093.389	-2245.41	152.0201	1.071888	0.686029	0.225888	0.0795061	0.00857628	0.9230613	5.55717
1740	-2086.575	-2240.633	154.0583	0.9894061	0.707834	0.221266	0.0702149	0.00068491	1.227749	4.298146
1746	-2077.295	-2231.735	154.4402	0.9355962	0.652593	0.216338	0.130437	0.000631458	1.117423	4.174998
1752	-2091.383	-2246.648	155.2656	0.8806419	0.559198	0.360398	0.0800167	0.000387368	1.263768	3.650114
1758	-2082.114	-2233.968	151.8532	0.9612794	0.567109	0.365497	0.0643118	0.00308184	1.068203	5.629539
1764	-2095.741	-2250.336	154.5952	1.044417	0.564533	0.363837	0.0640197	0.00761052	1.093989	4.03798
1770	-2081.641	-2234.991	153.3495	1.110827	0.675059	0.239286	0.0765537	0.00910053	1.121726	4.68924
1776	-2086.243	-2237.495	151.2522	1.157482	0.721024	0.172334	0.1006	0.00604238	0.9013389	5.944236
1782	-2091.482	-2244.713	153.2303	1.253746	0.684006	0.161347	0.129384	0.0252627	1.08884	4.698491
1788	-2097.866	-2252.445	154.5784	1.149728	0.704077	0.165923	0.122462	0.00753829	1.113803	3.977727
1794	-2095.587	-2249.457	153.8698	1.146199	0.647026	0.267347	0.0799179	0.00570933	1.096807	4.391728
1800	-2091.531	-2245.185	153.6546	1.171347	0.612813	0.31998	0.0413197	0.0258871	1.256085	4.409726
1806	-2097.065	-2251.325	154.2605	0.8879481	0.559967	0.346395	0.05757	0.036068	1.189271	4.263863
1812	-2085.128	-2239.022	153.8943	1.142098	0.724968	0.11261	0.105005	0.0574169	1.189271	4.327908
1818	-2078.76	-2232.922	154.1626	1.540434	0.763272	0.0999557	0.110553	0.0262194	1.309918	3.901336
1824	-2073.612	-2226.39	152.7782	1.317	0.893642	0.0148479	0.0770371	0.0144729	1.367483	4.762983
1830	-2076.381	-2229.44	153.0591	1.209038	0.87612	0.0495471	0.0601435	0.0141892	1.021172	4.855213
1836	-2066.608	-2220.736	154.1277	1.263204	0.769795	0.154318	0.0480586	0.0278278	1.249822	4.096354
1842	-2085.66	-2240.796	155.1362	1.468727	0.689655	0.138253	0.0924652	0.0796264	1.404985	3.316709
1848	-2069.637	-2225.028	155.3908	1.269887	0.731151	0.146571	0.103097	0.0191804	1.328752	3.316709
1854	-2073.077	-2228.771	155.6945	1.269887	0.538385	0.294766	0.150495	0.0163534	1.502021	3.033579
1860	-2083.349	-2239.167	155.8187	1.432968	0.701057	0.0746993	0.179854	0.0443898	1.36864	2.950813
1866	-2083.431	-2238.974	155.5431	1.465912	0.728422	0.14317	0.104718	0.0236907	1.260112	3.163254
1872	-2074.775	-2230.842	156.0669	1.601889	0.78893	0.127968	0.0652533	0.0178481	1.371327	2.710413
1878	-2081.406	-2234.22	152.8143	1.921	0.821647	0.0766985	0.0798215	0.0218328	1.133671	4.591266
1884	-2084.668	-2236.495	151.8267	1.645141	0.880658	0.0645714	0.0312189	0.0235514	1.193229	5.230257
1890	-2073.89	-2229.348	155.4572	1.398833	0.767678	0.0586696	0.104554	0.0690983	1.382509	3.176633
1896	-2079.6	-2234.573	154.9734	1.790534	0.759499	0.0580445	0.153848	0.0286083	1.208524	3.370667
1902	-2072.52	-2227.902	155.3816	1.477919	0.767365	0.123115	0.0568812	0.0526391	1.373243	3.185757
1908	-2076.842	-2231.194	154.3517	1.707266	0.805386	0.104185	0.0708005	0.0196289	1.275211	3.732584
1914	-2084.935	-2238.51	153.575	1.425551	0.806579	0.140734	0.0401331	0.0125547	1.122224	4.398766
1920	-2074.871	-2227.921	153.0503	1.61435	0.762049	0.206521	0.0237068	0.00772256	1.167551	4.577436
1926	-2081.567	-2234.879	153.3128	1.335593	0.555198	0.348429	0.092378	0.00399539	1.164614	4.567721
1932	-2082.523	-2235.02	152.4969	1.172335	0.569567	0.310947	0.0946714	0.0248149	1.128026	5.127573
1938	-2083.616	-2239.364	155.7479	1.199517	0.830655	0.0879362	0.0738303	0.00757811	1.224762	3.206017
1944	-2076.499	-2230.967	154.4683	1.164454	0.699392	0.185847	0.0987446	0.0160158	1.088044	4.04732
1950	-2091.022	-2244.432	153.4102	0.910708	0.749727	0.187881	0.045224	0.0171685	1.213423	4.715587
1956	-2088.304	-2243.465	155.1611	0.8319065	0.701785	0.211763	0.0599317	0.0265208	1.212276	3.769469
1962	-2075.588	-2227.988	152.4002	0.9384963	0.617798	0.25775	0.0895122	0.03494	0.9807002	5.389582
1968	-2080.716	-2233.098	152.3822	0.7968708	0.631381	0.240657	0.0835761	0.0443863	1.174821	5.373177
1974	-2069.789	-2222.986	153.1967	1.201093	0.626199	0.258093	0.0884305	0.0272776	1.253462	4.652758
1980	-2071.102	-2225.78	154.6785	1.167094	0.771333	0.0756512	0.11577	0.0372452	1.333062	3.784946
1986	-2077.18	-2233.121	155.941	1.167094	0.798921	0.104822	0.0524916	0.043765	1.352586	3.033201
1992	-2069.323	-2223.619	154.2958	1.183101	0.783164	0.141369	0.047956	0.0275117	1.303778	4.012523
1998	-2076.538	-2230.105	153.5677	1.356043	0.548583	0.167622	0.175617	0.108178	1.126603	4.435318
2004	-2072.119	-2226.671	154.5522	1.351958	0.663073	0.149853	0.0902719	0.0968015	1.322019	3.765338
2010	-2077.807	-2232.64	154.8322	1.466481	0.632287	0.201814	0.128735	0.037164	1.378697	3.511323
2016	-2080.765	-2235.583	154.8179	1.286375	0.722805	0.114663	0.135115	0.0274168	1.150847	3.745267
2022	-2088.584	-2244.519	155.935	1.19222	0.780046	0.0871895	0.112596	0.0201683	1.326521	3.038111
2028	-2089.688	-2246.138	156.4506	1.53615	0.830809	0.0347252	0.119923	0.014542	1.632147	2.343148
2034	-2077.762	-2234.692	156.9302	1.232663	0.807595	0.0569385	0.120816	0.0146503	1.762507	2.124717
2040	-2088.025	-2244.787	156.7625	1.452067	0.684422	0.0482543	0.261632	0.00569157	1.731887	2.124717
2046	-2084.799	-2241.398	156.5988	1.529505	0.825009	0.0390076	0.133052	0.00293121	1.603663	2.270357
2052	-2088.525	-2244.306	155.7804	1.478749	0.896643	0.042278	0.0574701	0.00360942	1.333692	2.970858
2058	-2081.34	-2236.001	154.6604	1.343064	0.84746	0.0472589	0.0988283	0.00645335	1.266067	3.739814
2064	-2085.228	-2239.711	154.4832	1.221755	0.903371	0.0150866	0.0740636	0.00747923	1.269006	3.904291
2070	-2087.485	-2242.682	155.1968	1.350455	0.894456	0.00852685	0.0896113	0.00740543	1.360248	3.368987
2076	-2083.588	-2239.076	155.4881	1.350455	0.732216	0.118601	0.13737	0.0118126	1.466279	3.134193
2082	-2082.22	-2236.428	154.2075	0.9134495	0.59165	0.23066	0.156024	0.0216666	1.314162	4.208267
2088	-2084.049	-2236.321	152.2718	1.498466	0.565173	0.246977	0.158966	0.0288848	1.248714	5.021538
2094	-2087.235	-2240.954	153.7197	1.440759	0.650565	0.220416	0.123577	0.00544224	1.255499	4.234043
2100	-2088.852	-2242.197	153.3458	1.090168	0.608797	0.299273	0.0869483	0.00498178	1.145843	4.689068
2106	-2086.009	-2239.58	153.5704	1.240668	0.771636	0.0785141	0.136127	0.0137231	1.39624	4.341288
2112	-2090.575	-2242.321	151.746	1.338089	0.711478	0.154306	0.121563	0.0126532	1.028893	5.511813
2118	-2092.57	-2242.81	150.24	1.218868	0.743833	0.145784	0.0951024	0.0152805	1.011816	6.403236
2124	-2081.34	-2235.523	154.1835	1.056801	0.780188	0.117719	0.0881302	0.0139633	1.369919	4.108405
2130	-2083.72	-2234.705	150.9857	1.203983	0.648422	0.224842	0.111671	0.0150649	0.9858573	6.019424
2136	-2091.521	-2242.342	150.8203	1.419964	0.665188	0.175324	0.131516	0.0279715	0.9542692	6.019424
2142	-2087.938	-2240.822	152.8834	1.48189	0.820528	0.0147353	0.144233	0.0205037	1.169776	4.732756
2148	-2083.635	-2236.989	153.3541	1.187557	0.762937	0.0146795	0.218579	0.00380401	0.9658357	4.732756
2154	-2099.244	-2250.225	150.9811	1.541269	0.82814	0.0197346	0.147997	0.00412911	0.8307677	5.941646
2160	-2093.341	-2244.676	151.3349	1.36035	0.83428	0.100844	0.0609847	0.0038921	0.9191772	5.786466
2166	-2106.282	-2255.871	149.5889	1.975585	0.72111	0.194274	0.0817759	0.00284009	0.8994593	6.471915
2172	-2097.14	-2249.792	152.6513	1.420062	0.676554	0.135139	0.144113	0.0441939	1.009566	4.981622
2178	-2096.872	-2247.429	150.5577	1.558993	0.725638	0.221042	0.0258917	0.0274284	1.153396	5.988438
2184	-2086.029	-2240.843	154.814	1.272312	0.745994	0.142871	0.105381	0.00575423	1.461153	3.575305
2190	-2092.333	-2247.587	155.2534	1.142784	0.769694	0.0706116	0.149519	0.0101759	1.143701	3.575305
2196	-2086.822	-2241.449	154.6265	1.389355	0.702397	0.171447	0.0902349	0.0359212	1.343088	3.690905
2202	-2088.479	-2243.108	154.6287	1.25567	0.785599	0.044083	0.139447	0.0308712	1.458499	3.693194
2208	-2104.545	-2259.027	154.4825	1.31893	0.6538	0.201114	0.112091	0.0329943	1.526787	3.704616
2214	-2091.045	-2245.41	154.3645	1.270781	0.787724	0.179938	0.0204835	0.011855	1.299789	3.928565
2220	-2088.461	-2244.183	155.7226	1.215085	0.726781	0.220474	0.0267642	0.0259809	1.277061	3.181317
2226	-2090.641	-2245.053	154.4122	1.615538	0.778432	0.11289	0.0669897	0.0416879	1.192946	3.788688
2232	-2082.766	-2237.378	154.612	1.248149	0.692748	0.218383	0.07842	0.0104487	1.555323	3.650894
2238	-2078.167	-2231.592	153.4247	1.271216	0.742898	0.239364	0.0143399	0.00339753	1.273296	4.476813
2244	-2067.829	-2220.236	152.407	1.253208	0.674932	0.30334	0.0175656	0.0041618	1.17221	5.110792
2250	-2085.294	-2237.672	152.3777	1.161515	0.709095	0.222502	0.0167252	0.0516774	1.287774	5.110792
2256	-2079.522	-2230.911	151.3891	1.015024	0.597154	0.359855	0.0100214	0.0329694	0.9778415	5.903607
2262	-2074.675	-2227.137	152.4624	1.066748	0.545037	0.347687	0.0599472	0.0473294	1.116269	5.209615
2268	-2077.347	-2231.983	154.6359	1.1215	0.640171	0.247197	0.042621	0.0700111	1.353527	3.822835
2274	-2084.543	-2238.125	153.5823	1.381269	0.64999	0.177281	0.117935	0.0547938	1.339377	4.29417
2280	-2080.542	-2235.2	154.6578	1.232683	0.759968	0.0604762	0.149981	0.0295749	1.293337	3.784077
2286	-2085.211	-2240.578	155.3666	1.248172	0.742199	0.00845656	0.164501	0.0848438	1.239955	3.394908
2292	-2085.848	-2239.8	153.9518	1.236779	0.709552	0.0694159	0.21064	0.0103914	1.3571	4.149371
2298	-2077.595	-2233.589	155.9942	1.355334	0.653321	0.13519	0.206006	0.00548329	1.337294	2.905601
2304	-2076.096	-2231.052	154.9558	1.369546	0.56343	0.296838	0.131416	0.00831693	1.262658	3.556814
2310	-2088.886	-2245.228	156.3415	1.0841	0.519219	0.400687	0.0725901	0.00750396	1.405439	2.807989
2316	-2086.119	-2241.984	155.8656	1.191813	0.504387	0.357053	0.128393	0.0101676	1.331953	3.076608
2322	-2081.841	-2237.299	155.4571	1.042559	0.536853	0.339492	0.114581	0.00907384	1.307427	3.417848
2328	-2092.376	-2246.678	154.3028	0.969846	0.495071	0.355334	0.145059	0.00453573	1.106069	4.239764
2334	-2113.34	-2261.701	148.361	1.802399	0.675347	0.189413	0.103515	0.0317245	1.080353	7.10938
2340	-2099.571	-2251.535	151.9639	1.670169	0.848999	0.0356292	0.0773055	0.0380663	0.8747242	5.319014
2346	-2083.906	-2238.395	154.4894	1.647633	0.849403	0.0130303	0.0883465	0.0492198	1.278289	3.679474
2352	-2082.876	-2237.831	154.9546	1.277641	0.865524	0.0132776	0.106406	0.0147928	1.38985	3.532138
2358	-2088.234	-2242.057	153.8226	1.207422	0.786044	0.0956412	0.103435	0.0148799	1.226063	4.312516
2364	-2103.686	-2258.347	154.6607	1.55449	0.827922	0.0767235	0.0829757	0.0123787	1.407728	3.550241
2370	-2079.813	-2234.18	154.3677	1.350339	0.814235	0.0919871	0.081604	0.0121741	1.320862	3.873001
2376	-2079.358	-2234.063	154.7055	1.201907	0.687992	0.0901167	0.207509	0.014383	1.376157	3.725459
2382	-2081.541	-2237.136	155.595	1.485015	0.808938	0.0927485	0.0917521	0.00656157	1.133531	3.197725
2388	-2077.408	-2230.836	153.4282	1.387303	0.810332	0.0809035	0.102982	0.00578222	1.287376	4.407572
2394	-2067.258	-2220.137	152.8786	1.621343	0.871426	0.0983659	0.024045	0.00616299	1.116612	4.698912
2400	-2074.507	-2229.09	154.5837	1.281967	0.770465	0.149201	0.0748849	0.00544896	1.087417	3.918736
2406	-2077.385	-2232.278	154.8924	1.615586	0.881111	0.0988128	0.0180895	0.00198659	1.055606	3.59036
2412	-2075.542	-2227.247	151.7049	1.680275	0.695775	0.278363	0.0241967	0.00166495	1.250336	5.250003
2418	-2081.782	-2234.084	152.3019	1.006234	0.580751	0.392838	0.0250216	0.00138971	1.062397	5.361095
2424	-2083.857	-2235.724	151.8666	1.344523	0.592215	0.346304	0.0552713	0.00620997	1.176131	5.361095
2430	-2096.678	-2248.065	151.3871	1.881148	0.861339	0.106136	0.0305614	0.00196308	1.192278	5.36917
2436	-2085.035	-2237.87	152.8355	1.268778	0.6237	0.338914	0.0355613	0.00182464	0.8868492	5.02338
2442	-2073.309	-2225.847	152.5375	1.186924	0.719409	0.256283	0.0224805	0.00182685	1.261415	5.02338
2448	-2077.571	-2232.488	154.9166	1.361794	0.65856	0.316785	0.0215977	0.00305742	1.221389	3.607622
2454	-2095.046	-2248.17	153.1233	1.232011	0.800613	0.131808	0.0268278	0.0407508	1.10204	4.762252
2460	-2086.307	-2239.815	153.5085	0.9922361	0.574384	0.291568	0.0805724	0.0534756	1.055322	4.702827
2466	-2085.471	-2239.116	153.6452	1.067924	0.718712	0.204121	0.047444	0.029723	1.150586	4.530701
2472	-2087.63	-2243.663	156.0332	0.8709163	0.624667	0.246106	0.107845	0.0213826	1.475433	3.080696
2478	-2080.578	-2237.475	156.8971	0.8952927	0.589677	0.320913	0.0692259	0.0201849	1.36054	2.610883
2484	-2088.199	-2242.633	154.4342	1.373214	0.645114	0.254574	0.0375881	0.062724	1.431891	3.759045
2490	-2086.574	-2239.095	152.5211	1.1192	0.685585	0.158837	0.114383	0.0411946	0.9826152	5.222866
2496	-2085.464	-2237.904	152.4407	1.364978	0.745034	0.104113	0.123851	0.0270018	0.8339895	5.222866
2502	-2089.376	-2240.722	151.3464	1.427574	0.717051	0.0946948	0.0953007	0.0929534	0.7768666	5.825329
2508	-2077.924	-2232.37	154.4459	1.54328	0.81248	0.0314383	0.138748	0.0173332	1.213339	3.792619
2514	-2079.858	-2233.23	153.3712	1.177124	0.794632	0.101281	0.0814954	0.0225915	1.213339	4.590118
2520	-2090.729	-2245.157	154.4273	1.544645	0.716196	0.0873026	0.193206	0.0032955	1.311298	3.746193
2526	-2076.904	-2231.271	154.3667	1.261382	0.680271	0.136542	0.17683	0.00635731	1.088519	4.053017
2532	-2083.393	-2237.331	153.938	1.261382	0.742846	0.153074	0.0917913	0.0122887	1.221479	4.221263
2538	-2081.476	-2235.152	153.6756	1.261382	0.656369	0.210111	0.10871	0.0248093	1.103373	4.436357
2544	-2089.678	-2242.621	152.9426	1.172212	0.731415	0.160106	0.0744636	0.0340153	1.055347	4.920507
2550	-2078.955	-2231.504	152.5491	1.335723	0.771575	0.11399	0.0785522	0.035883	1.122219	5.0177
2556	-2082.923	-2236.447	153.5234	1.132485	0.706512	0.0645705	0.212403	0.0165142	1.145897	4.566518
2562	-2079.287	-2235.525	156.2383	1.267566	0.84832	0.0329913	0.0903386	0.0283503	1.560523	2.66962
2568	-2089.796	-2247.127	157.3312	0.9989773	0.634825	0.286075	0.0703084	0.00879177	1.484758	2.191671
2574	-2074.988	-2230.481	155.4932	0.985037	0.54684	0.353654	0.0913851	0.00812111	1.49195	3.322013
2580	-2090.436	-2247.612	157.1762	1.218544	0.448724	0.49435	0.0504666	0.00645935	1.683076	2.023691
2586	-2090.168	-2247.469	157.3007	1.045994	0.644066	0.298591	0.0534187	0.0039246	1.65892	2.067199
2592	-2080.425	-2238.382	157.9566	0.8713231	0.704255	0.254235	0.0381677	0.0033416	1.758584	1.671485
2598	-2088.643	-2245.986	157.3434	0.9281922	0.638114	0.274343	0.084103	0.00343995	1.482125	2.231643
2604	-2082.04	-2237.257	155.2166	1.158223	0.712872	0.213912	0.0510613	0.0221545	1.252988	3.524497
2610	-2071.618	-2226.944	155.3268	1.342085	0.708017	0.235823	0.0341568	0.0220036	1.206321	3.387486
2616	-2077.564	-2232.752	155.1883	1.369879	0.67051	0.274909	0.0134068	0.0411735	1.392873	3.344547
2622	-2090.877	-2247.373	156.4969	1.109542	0.664559	0.190095	0.104538	0.0408081	1.466387	2.660465
2628	-2082.16	-2237.645	155.4856	1.259524	0.69011	0.197691	0.096367	0.0158323	1.549594	3.135568
2634	-2080.391	-2236.439	156.0476	1.272472	0.554488	0.250627	0.194064	0.000820943	1.300441	2.941143
2640	-2077.065	-2233.007	155.9428	1.231141	0.623482	0.173828	0.196353	0.0063375	1.421879	2.954237
2646	-2074.094	-2230.481	156.387	0.9809188	0.733346	0.145214	0.117643	0.00379707	1.408042	2.840862
2652	-2077.152	-2233.888	156.7362	0.903175	0.6712	0.239691	0.0834752	0.0056334	1.454174	2.647449
2658	-2080.063	-2235.806	155.7434	0.9610452	0.639645	0.228423	0.126564	0.00536855	1.343724	3.276124
2664	-2070.729	-2224.074	153.3443	0.970307	0.60875	0.308519	0.0751521	0.00757935	1.05424	4.807511
2670	-2077.093	-2229.85	152.7568	1.06945	0.695786	0.282703	0.0203605	0.00115012	1.249068	4.971321
2676	-2075.501	-2228.748	153.2466	1.164022	0.694772	0.282292	0.0203308	0.00260514	0.9735212	4.801033
2682	-2077.265	-2230.772	153.5067	1.11255	0.681795	0.277019	0.0401739	0.00101208	1.109514	4.607069
2688	-2075.148	-2227.875	152.7277	1.11255	0.546431	0.338113	0.110729	0.00472628	0.9761889	5.115609
2694	-2091.989	-2245.557	153.568	1.11173	0.670991	0.253456	0.0742794	0.00127298	1.066568	4.597258
2700	-2092.788	-2244.122	151.3349	1.106963	0.698285	0.229651	0.0681804	0.00388415	1.020007	5.860772
2706	-2101.368	-2253.269	151.901	1.533184	0.6849	0.22812	0.0734368	0.0135426	1.295398	5.184712
2712	-2074.749	-2230.989	156.2407	1.35284	0.828399	0.138975	0.0305488	0.00207722	1.577622	2.609596
2718	-2077.444	-2233.361	155.917	1.089217	0.787864	0.156919	0.0532418	0.00197558	1.495697	3.00684
2724	-2091.397	-2246.983	155.586	1.072796	0.674665	0.275361	0.0365769	0.0133969	1.366029	3.290211
2730	-2087.847	-2245.351	157.5044	1.172649	0.687725	0.20122	0.10239	0.00866579	1.690622	1.826152
2736	-2084.377	-2241.076	156.6994	1.200601	0.879233	0.0414087	0.0486537	0.0307045	1.559624	2.422111
2742	-2078.617	-2235.94	157.3225	1.463262	0.894595	0.00535328	0.054076	0.0459759	1.602536	1.829748
2748	-2065.611	-2222.818	157.2066	1.769926	0.752516	0.017782	0.167207	0.0624943	1.691	1.669837
2754	-2072.77	-2229.859	157.0887	1.196231	0.796774	0.0303613	0.120637	0.0522276	1.600124	2.149581
2760	-2092.267	-2250.111	157.844	1.108955	0.650981	0.307223	0.0195977	0.0221983	1.674386	1.641836
2766	-2087.078	-2244.659	157.5815	1.111862	0.730078	0.223047	0.0219789	0.0248955	1.674386	1.824434
2772	-2087.604	-2244.654	157.0497	1.604319	0.677578	0.240992	0.0171509	0.0642792	1.537937	1.976923
2778	-2092.295	-2249.411	157.1161	1.053587	0.703613	0.207695	0.0524861	0.0362064	1.537937	2.261083
2784	-2092.372	-2245.688	153.3161	1.309195	0.689149	0.286484	0.0144199	0.00994726	1.309096	4.49815
2790	-2080.601	-2234.656	154.0551	0.9969522	0.71251	0.206883	0.0723181	0.00828863	1.306884	4.250894
2796	-2083.452	-2236.572	153.1195	1.333356	0.695475	0.225948	0.0705891	0.00798829	1.124973	4.699429
2802	-2076.389	-2228.432	152.0422	1.042443	0.723527	0.249472	0.0265252	0.000475982	0.9140633	5.565903
2808	-2075.32	-2225.568	150.248	1.645766	0.728013	0.244261	0.0266897	0.00103588	0.9097542	6.25015
2814	-2073.558	-2223.922	150.3646	1.448994	0.80497	0.156562	0.0361618	0.00230575	0.8586	6.305558
2820	-2071.526	-2225.048	153.5224	1.107683	0.795452	0.0702589	0.131365	0.00292406	1.210304	4.544348
2826	-2087.464	-2242.276	154.8124	1.476093	0.686436	0.0637505	0.247069	0.00274373	1.073576	3.695133
2832	-2075.384	-2230.159	154.7748	1.280003	0.727985	0.0552552	0.214146	0.002614	1.270218	3.704607
2838	-2079.577	-2233.555	153.9783	1.316839	0.739231	0.0373214	0.223134	0.000313436	1.240183	4.158833
2844	-2082.298	-2235.74	153.4427	1.205862	0.755018	0.035062	0.209625	0.000294461	0.9850908	4.662759
2850	-2087.909	-2239.529	151.62	1.136194	0.832825	0.0134075	0.153503	0.000265077	0.9753635	5.713747
2856	-2080.102	-2231.889	151.7873	1.252555	0.792426	0.0604379	0.146814	0.000321973	0.9026288	5.601577
2862	-2072.348	-2226.882	154.5337	1.15404	0.805999	0.0443444	0.149329	0.000327488	1.273422	3.909565
2868	-2066.158	-2220.383	154.2258	1.296962	0.847007	0.0349075	0.11755	0.000535226	1.311763	3.987315
2874	-2068.112	-2222.252	154.1405	1.455804	0.817051	0.00663741	0.174767	0.00154445	1.347334	3.934424
2880	-2061.142	-2215.871	154.7288	1.24839	0.848466	0.00543505	0.143108	0.00299046	1.241428	3.76465
2886	-2077.171	-2231.903	154.7313	1.219298	0.84399	0.0112991	0.142353	0.00235807	1.259064	3.768721
2892	-2076.859	-2229.791	152.932	2.049994	0.708521	0.117018	0.168995	0.00546532	1.137775	4.468116
2898	-2073.804	-2223.705	149.9016	1.865846	0.723887	0.15105	0.105145	0.019918	0.8729499	6.362398
2904	-2067.385	-2219.549	152.1639	1.476177	0.786034	0.0364823	0.114172	0.0633116	0.9978796	5.230968
2910	-2060.684	-2212.22	151.5359	1.288393	0.815714	0.0415327	0.119936	0.0228174	1.045619	5.642883
2916	-2068.941	-2224.494	155.5536	1.10802	0.785131	0.0643504	0.12646	0.0240585	1.37953	3.281113
2922	-2064.32	-2219.701	155.3809	1.189125	0.764665	0.124183	0.096379	0.0147733	1.217088	3.432344
2928	-2071.155	-2227.547	156.392	1.017621	0.613156	0.171766	0.192414	0.0226636	1.468393	2.778817
2934	-2073.189	-2228.653	155.4643	0.9845504	0.746282	0.135793	0.109437	0.0084883	1.265746	3.471845
2940	-2074.833	-2230.22	155.3871	1.479334	0.781521	0.0973582	0.114604	0.00651677	1.202434	3.282805
2946	-2075.457	-2231.274	155.8172	1.109355	0.623668	0.249996	0.11799	0.00834611	1.281286	3.182566
2952	-2074.12	-2229.936	155.8163	0.9743196	0.633067	0.253763	0.109545	0.00362516	1.415549	3.182566
2958	-2087.854	-2244.716	156.8614	1.014266	0.829636	0.0449249	0.119492	0.00594663	1.359744	2.558885
2964	-2103.279	-2259.751	156.4722	1.453044	0.702104	0.0904273	0.18211	0.0253584	1.338954	2.558885
2970	-2094.356	-2250.887	156.5313	1.264456	0.72358	0.134853	0.103398	0.0381696	1.482023	2.538615
2976	-2099.65	-2254.851	155.2015	1.506079	0.64868	0.224249	0.0883984	0.0386727	1.143462	3.412965
2982	-2086.169	-2238.906	152.7378	1.360111	0.673787	0.232929	0.0706875	0.0225964	1.020036	4.957385
2988	-2086.831	-2238.392	151.5615	1.360111	0.760246	0.128599	0.0962286	0.0149259	1.004104	5.615887
2994	-2082.34	-2237.865	155.5255	0.9354349	0.792585	0.147564	0.0584713	0.00138023	1.275093	3.459637
3000	-2074.168	-2227.791	153.6229	0.9739842	0.735584	0.157621	0.100464	0.00633073	0.976001	4.693488
3006	-2077.454	-2228.876	151.4216	1.093262	0.734172	0.157319	0.100271	0.00823928	1.047838	5.805451
3012	-2077.298	-2232	154.7016	1.202452	0.800455	0.103263	0.088971	0.00731079	1.261406	3.793591
3018	-2084.503	-2236.416	151.9132	1.597143	0.743529	0.0935145	0.156336	0.00662063	1.194408	5.203858
3024	-2069.123	-2224.046	154.9235	1.421022	0.72908	0.161484	0.102944	0.00649197	1.302702	3.52568
3030	-2080.091	-2234.588	154.4971	1.427865	0.740616	0.0329109	0.21616	0.0103135	1.218693	3.817642
3036	-2068.418	-2223.15	154.7315	1.158408	0.79987	0.0584353	0.131688	0.0100069	1.23152	3.817642
3042	-2068.911	-2221.078	152.1673	1.065567	0.633362	0.208689	0.104275	0.0536742	0.9512964	5.464104
3048	-2079.834	-2232.058	152.2234	1.037095	0.460598	0.369976	0.0827186	0.0867071	0.9232121	5.464104
3054	-2079.404	-2233.14	153.7359	0.9274428	0.707628	0.211116	0.0109908	0.070265	1.048874	4.615783
3060	-2083.016	-2236.958	153.9424	1.113115	0.756305	0.169801	0.0505975	0.0232962	1.265906	4.273171
3066	-2070.005	-2223.869	153.8642	1.028651	0.683821	0.233306	0.0525831	0.0302905	1.178884	4.413298
3072	-2071.636	-2225.111	153.4755	1.285863	0.615292	0.316345	0.066571	0.00179209	1.210916	4.475766
3078	-2077.152	-2230.228	153.0762	0.9266611	0.602278	0.312453	0.065163	0.0201062	0.9410335	5.044337
3084	-2075.248	-2230.302	155.0547	1.027733	0.565549	0.25129	0.173737	0.00942393	1.371449	3.62366
3090	-2084.749	-2240.977	156.2278	0.9910558	0.619152	0.208987	0.163931	0.00792962	1.381242	2.947178
3096	-2086.771	-2243.093	156.3215	1.02328	0.677773	0.302145	0.0114012	0.00868039	1.381242	2.871188
3102	-2095.132	-2249.225	154.0926	1.010699	0.69324	0.165266	0.115156	0.0263386	1.118204	4.328641
3108	-2088.032	-2241.897	153.8655	0.963535	0.516475	0.387974	0.0819369	0.0136143	1.159779	4.460034
3114	-2088.464	-2241.712	153.2473	1.077026	0.554046	0.416197	0.0209701	0.00878649	1.193692	4.724597
3120	-2100.662	-2255.814	155.1521	0.2828568	0.374897	0.519616	0.0908779	0.0146089	1.013173	4.182128
3126	-2107.809	-2262.409	154.6008	0.1773416	0.12753	0.72932	0.12326	0.0198903	1.067589	4.440933
3132	-2075.967	-2229.346	153.3796	1.410364	0.700948	0.211415	0.0853685	0.00226818	1.133112	4.510292
3138	-2083.623	-2237.063	153.44	1.35837	0.681705	0.199173	0.11608	0.0030416	1.289987	4.414049
3144	-2083.894	-2238.922	155.0282	1.186926	0.689957	0.211486	0.090141	0.00841569	1.228212	3.632566
3150	-2079.818	-2235.248	155.4304	1.238585	0.704608	0.178846	0.112385	0.00416058	1.472584	3.225584
3156	-2083.975	-2238.297	154.3227	1.127364	0.658578	0.228535	0.0526929	0.0601939	1.200209	4.086619
3162	-2091.133	-2243.43	152.2969	2.091422	0.565756	0.37802	0.0253926	0.0308314	1.140878	4.805208
3168	-2077.054	-2229.805	152.7509	1.409936	0.727543	0.174386	0.0801744	0.0178972	1.089759	4.886527
3174	-2092.5	-2245.641	153.1406	1.422081	0.636429	0.298896	0.0450153	0.0196605	1.089759	4.662886
3180	-2084.907	-2237.7	152.7936	1.499503	0.71696	0.141272	0.123722	0.0180461	1.369202	4.662886
3186	-2077.25	-2232.53	155.2796	0.9858861	0.73719	0.109895	0.117368	0.035547	1.263737	3.579842
3192	-2071.334	-2223.726	152.392	1.511546	0.858486	0.0457739	0.0785757	0.0171645	1.179189	4.987136
3198	-2079.242	-2230.478	151.2368	1.703557	0.757198	0.118479	0.111189	0.0131342	0.9712483	5.650891
3204	-2085.533	-2238.142	152.6084	1.477251	0.765348	0.106785	0.115182	0.012685	1.139081	4.905571
3210	-2086.098	-2238.282	152.1838	1.335262	0.676827	0.147492	0.15909	0.0165904	1.128144	5.217062
3216	-2092.842	-2246.869	154.0273	1.402297	0.834926	0.0687791	0.0758288	0.0204657	1.248333	4.08258
3222	-2081.062	-2232.395	151.3334	1.704298	0.712665	0.130591	0.111596	0.0451473	1.171267	5.48766
3228	-2074.758	-2226.854	152.0954	1.693968	0.819622	0.0812526	0.0369829	0.0621426	1.104861	5.108243
3234	-2082.256	-2235.906	153.65	0.9795296	0.720513	0.0845074	0.129671	0.0653089	1.15938	4.572366
3240	-2075.672	-2230.565	154.8927	1.338011	0.666143	0.22674	0.0683492	0.0387682	1.418489	3.519368
3246	-2075.14	-2229.419	154.2795	1.303452	0.786218	0.107909	0.103395	0.00247803	1.38002	3.91407
3252	-2079.596	-2235.566	155.9697	1.09335	0.667929	0.17464	0.154179	0.00325139	1.27574	3.104427
3258	-2089.532	-2243.894	154.3618	1.135879	0.635322	0.304199	0.040515	0.0199633	1.153631	4.086264
3264	-2088.095	-2242.565	154.4704	0.9269964	0.55998	0.388663	0.0357104	0.0156462	1.185312	4.124255
3270	-2093.805	-2249.028	155.2231	0.9247555	0.824485	0.0843504	0.0858756	0.00528909	1.060963	3.765699
3276	-2092.542	-2247.493	154.951	0.9247555	0.687739	0.236217	0.0716326	0.00441186	1.179282	3.854229
3282	-2084.828	-2239.998	155.1706	1.236284	0.829653	0.0979362	0.0676799	0.00473097	1.363999	3.443554
3288	-2075.418	-2231.236	155.8186	1.246194	0.598707	0.204608	0.187556	0.00912827	1.524539	2.958797
3294	-2077.14	-2229.854	152.7141	1.442987	0.622696	0.224251	0.149685	0.0033679	1.191565	4.834062
3300	-2084.087	-2238.168	154.0814	1.042927	0.737774	0.0708526	0.152593	0.0387805	1.238102	4.249058
3306	-2074.054	-2226.766	152.7121	1.294312	0.762047	0.0893053	0.133249	0.0153985	1.200284	4.904628
3312	-2068.916	-2221.06	152.144	1.802183	0.799836	0.0626537	0.131954	0.00555631	1.137607	5.014833
3318	-2088.949	-2242.682	153.7324	1.442726	0.731568	0.0152561	0.248094	0.00508207	1.346867	4.173972
3324	-2086.836	-2241.92	155.0836	1.365775	0.70872	0.177045	0.0595569	0.0546789	1.248257	3.492735
3330	-2083.783	-2239.373	155.5896	1.004603	0.602441	0.150495	0.225701	0.0213625	1.261282	3.38934
3336	-2083.781	-2238.134	154.3531	1.147083	0.706525	0.0889695	0.191575	0.0129304	1.33873	3.979401
3342	-2090.784	-2245.452	154.668	1.061243	0.795429	0.114659	0.0862491	0.00366256	1.231323	3.90833
3348	-2091.02	-2245.237	154.2173	1.053436	0.566284	0.330881	0.100228	0.00260746	1.090199	4.249995
3354	-2078.482	-2233.4	154.9181	1.304262	0.634268	0.255311	0.052759	0.0576613	1.287177	3.598861
3360	-2082.375	-2238.054	155.678	1.129776	0.704377	0.230526	0.0423198	0.0227767	1.318846	3.231029
3366	-2099.13	-2253.509	154.3787	1.301336	0.694823	0.118943	0.157209	0.0290251	1.182359	3.971595
3372	-2094.956	-2250.206	155.2502	1.816582	0.819947	0.084052	0.0246492	0.0713513	1.341223	3.116408
3378	-2107.484	-2263.535	156.0516	1.98989	0.81049	0.109559	0.0243649	0.0555861	1.518606	2.437317
3384	-2101.881	-2258.347	156.4654	1.230006	0.679118	0.254254	0.00717089	0.059457	1.615391	2.516535
3390	-2087.391	-2241.724	154.3335	1.432617	0.768669	0.165548	0.0442405	0.0215424	1.26424	3.883067
3396	-2088.51	-2241.4	152.8895	1.773504	0.661754	0.121016	0.191264	0.0259669	1.263247	4.541019
3402	-2088.447	-2242.638	154.1913	1.440341	0.765073	0.118832	0.0905973	0.0254983	1.276245	3.953821
3408	-2079.405	-2232.992	153.5876	1.30591	0.566566	0.315732	0.11083	0.00687208	1.242751	4.384244
3414	-2088.905	-2245.385	156.4799	0.9618295	0.857949	0.0765169	0.0425388	0.0229956	1.421074	2.788179
3420	-2078.14	-2232.063	153.9232	1.029276	0.640314	0.288224	0.0660406	0.00542156	1.13608	4.403775
3426	-2101.167	-2254.25	153.0836	1.263497	0.708174	0.178422	0.111892	0.00151155	1.09735	4.770724
3432	-2093.949	-2246.947	152.9974	0.9985024	0.606498	0.292957	0.0470837	0.0534613	1.229731	4.887285
3438	-2086.79	-2239.839	153.0486	1.274775	0.614026	0.287352	0.0461828	0.0524384	0.9949523	4.841546
3444	-2081.671	-2236.706	155.0344	1.065159	0.617492	0.366144	0.00923821	0.00712538	1.39371	3.601041
3450	-2083.301	-2237.533	154.2322	1.360576	0.734873	0.207766	0.0152606	0.0421003	1.23054	3.997048
3456	-2084.763	-2239.156	154.3931	1.136903	0.607311	0.244918	0.112979	0.0347924	1.27764	3.997048
3462	-2100.701	-2254.868	154.167	1.346071	0.80181	0.129482	0.0438289	0.0248791	1.085512	4.124376
3468	-2090.925	-2245.027	154.1018	1.265861	0.705995	0.250656	0.0385914	0.00475702	1.22405	4.124376
3474	-2092.055	-2246.611	154.556	1.609608	0.782392	0.137852	0.0650033	0.014753	1.365572	3.608622
3480	-2092.665	-2246.469	153.8039	1.641073	0.859291	0.0489309	0.0586897	0.033088	1.236652	4.099837
3486	-2091.342	-2245.024	153.6815	1.482164	0.768332	0.119934	0.0550646	0.0566693	1.195893	4.268947
3492	-2091.105	-2246.144	155.0385	1.504877	0.697083	0.165302	0.107791	0.029824	1.218868	3.46484
3498	-2094.314	-2248.284	153.9702	1.238417	0.743816	0.163443	0.0784406	0.0143003	1.257445	4.19466
3504	-2100.692	-2254.402	153.7103	1.130416	0.604642	0.310749	0.0535156	0.0310931	1.44004	4.29651
3510	-2105.753	-2259.27	153.5167	1.462108	0.654663	0.249476	0.0729477	0.0229136	1.217116	4.360029
3516	-2104.944	-2255.563	150.6186	1.298146	0.577277	0.341732	0.0643247	0.016667	0.927695	6.203393
3522	-2092.44	-2245.937	153.4965	0.9890292	0.642209	0.275682	0.0648551	0.0172536	1.019596	4.731357
3528	-2093.78	-2248.192	154.412	1.127191	0.763959	0.19757	0.0184955	0.0199756	1.163584	4.056697
3534	-2091.372	-2246.45	155.0773	1.127191	0.64238	0.272949	0.0743909	0.01028	1.297679	3.596842
3540	-2096.727	-2252.022	155.2956	1.08518	0.533879	0.355762	0.096961	0.0133989	1.400418	3.433473
3546	-2090.914	-2247.034	156.1197	1.160791	0.75444	0.121829	0.104796	0.0189344	1.418892	2.889415
3552	-2091.247	-2246.372	155.1254	1.593958	0.747985	0.106816	0.124609	0.0205888	1.137349	3.417367
3558	-2088.242	-2240.122	151.8803	1.242687	0.884618	0.0410296	0.016581	0.0577715	0.9852377	5.5101
3564	-2088.531	-2243.923	155.392	1.928704	0.875595	0.0503882	0.0168345	0.0571822	1.384891	2.953228
3570	-2091.548	-2249.361	157.8128	1.892287	0.872749	0.0358805	0.0299164	0.0614543	1.905386	0.9055065
3576	-2083.002	-2240.361	157.359	2.361635	0.892787	0.013744	0.0306033	0.0628653	1.988345	0.9372822
3582	-2083.926	-2241.312	157.3855	2.338895	0.877751	0.0223816	0.0146995	0.0851679	2.067569	0.8336935
3588	-2086.965	-2245.188	158.2238	1.175807	0.645095	0.206863	0.0453549	0.102687	1.990295	1.027627
3594	-2093.437	-2249.014	155.5777	1.224453	0.803201	0.144363	0.00692754	0.0455087	1.397179	3.190813
3600	-2085.735	-2243.586	157.8511	1.72791	0.686881	0.223536	0.0705271	0.019056	2.172507	0.6582091
3606	-2087.53	-2245.298	157.7676	1.757121	0.723189	0.236157	0.0205227	0.0201319	2.246538	0.6266142
3612	-2087.128	-2245.134	158.0061	1.593144	0.848823	0.10002	0.0275282	0.0236292	2.10901	0.6955156
3618	-2082.974	-2240.346	157.372	2.079778	0.840917	0.0791278	0.0421625	0.0377927	2.421788	0.5064556
3624	-2085.494	-2243.78	158.2865	1.006393	0.660376	0.279338	0.0331104	0.0271757	2.421788	0.555732
3630	-2086.539	-2244.31	157.7707	1.528958	0.787515	0.169208	0.0388645	0.00441171	2.459143	0.5183364
3636	-2083.125	-2240.858	157.7328	1.759292	0.83548	0.144774	0.0181982	0.00154835	2.267633	0.6538337
3642	-2088.502	-2246.044	157.5422	1.890467	0.764205	0.203082	0.0242813	0.00843191	2.300731	0.7488404
3648	-2083.272	-2240.963	157.691	1.830982	0.915864	0.0707628	0.00992608	0.00344692	2.188345	0.7634647
3654	-2081.261	-2239.279	158.0186	1.387364	0.744973	0.225946	0.0190942	0.00998744	2.264431	0.7129668
3660	-2085.629	-2243.447	157.8176	1.637682	0.620682	0.162879	0.213736	0.00270298	2.264431	0.6883008
3666	-2090.252	-2248.073	157.8218	1.730804	0.798754	0.106569	0.092711	0.00196674	2.232395	0.5685103
3672	-2093.232	-2251.124	157.8921	1.599913	0.683787	0.0769172	0.237876	0.00141952	2.232395	0.6673163
3678	-2108.132	-2265.957	157.825	1.637794	0.677651	0.0597422	0.261983	0.000623107	2.222964	0.7445689
3684	-2110.615	-2267.159	156.5441	1.872302	0.558005	0.166567	0.270806	0.00462179	1.442115	2.229809
3690	-2101.9	-2260.221	158.3208	1.057677	0.646346	0.116626	0.236436	0.000592116	2.100437	0.9327534
3696	-2094.136	-2252.078	157.9418	1.306588	0.721455	0.228478	0.0491713	0.000896314	2.109077	1.067179
3702	-2086.578	-2240.771	154.1937	1.190867	0.729892	0.0945038	0.173586	0.00201787	1.073895	4.197348
3708	-2087.872	-2240.25	152.3773	1.115054	0.831667	0.0706721	0.0963635	0.00129744	1.029157	5.278821
3714	-2073.4	-2225.794	152.3939	0.9173641	0.462194	0.487187	0.0499467	0.000672483	1.055214	5.363835
3720	-2101.213	-2255.547	154.3337	1.622613	0.780414	0.118356	0.0896605	0.0115693	1.259318	3.792281
3726	-2103.74	-2259.017	155.277	1.513455	0.663277	0.0296581	0.268296	0.0387695	1.233215	3.312196
3732	-2085.05	-2239.192	154.1422	1.063897	0.704757	0.151981	0.142648	0.000614054	1.250768	4.195674
3738	-2081.62	-2235.259	153.6385	1.187777	0.840941	0.0126221	0.145936	0.000500366	1.346225	4.359172
3744	-2088.078	-2244.975	156.8974	1.275558	0.485742	0.201226	0.289183	0.0238494	1.565626	2.247846
3750	-2094.501	-2250.538	156.036	1.309493	0.695484	0.0176372	0.286297	0.000582071	1.419249	2.855827
3756	-2092.446	-2244.466	152.0199	1.560892	0.916678	0.055261	0.0262895	0.00177184	1.04171	5.246179
3762	-2084.492	-2240.854	156.3622	1.057678	0.690856	0.234199	0.0605254	0.0144194	1.372981	2.830856
3768	-2088.936	-2246.894	157.958	0.9507444	0.572666	0.29918	0.115222	0.0129322	1.551748	1.75911
3774	-2081.619	-2238.951	157.3325	1.35986	0.663327	0.084349	0.226862	0.0254624	1.649179	1.853768
3780	-2078.491	-2235.486	156.9952	1.667618	0.823864	0.0071454	0.152418	0.0165722	1.695926	1.871515
3786	-2073.814	-2231.625	157.8113	0.9888362	0.921025	0.00773457	0.0527138	0.0185266	1.753701	1.69321
3792	-2066.336	-2223.766	157.4308	1.283339	0.761624	0.119676	0.090474	0.0282263	1.697509	1.800701
3798	-2073.102	-2228.945	155.8428	1.579649	0.741043	0.171561	0.0787197	0.00867643	1.453772	2.808344
3804	-2079.111	-2234.882	155.7706	1.524637	0.772992	0.150394	0.0690075	0.00760596	1.257712	2.998611
3810	-2083.222	-2238.093	154.8711	1.524637	0.5577	0.396967	0.025257	0.020076	1.207011	3.559423
3816	-2076.559	-2230.358	153.799	1.524637	0.663266	0.261429	0.0396666	0.0356381	1.263812	4.143015
3822	-2074.726	-2228.231	153.5046	1.52901	0.698268	0.0939236	0.139392	0.0684167	1.246549	4.317592
3828	-2094.16	-2246.455	152.295	1.52901	0.808396	0.0522232	0.0457316	0.0936496	0.9606245	5.153892
3834	-2089.973	-2242.005	152.0322	1.805134	0.664696	0.261609	0.00979183	0.0639029	0.9963347	5.153892
3840	-2095.851	-2247.444	151.5927	1.318858	0.661757	0.226278	0.0165932	0.0953727	0.9725511	5.636536
3846	-2088.232	-2239.897	151.6648	1.190035	0.621802	0.259679	0.100075	0.0184437	1.020063	5.636536
3852	-2086.167	-2239.425	153.2582	1.811647	0.679399	0.230636	0.0742644	0.0157009	1.084089	4.417327
3858	-2078.033	-2229.97	151.9373	1.577827	0.742401	0.178451	0.0647305	0.0144177	1.163573	5.216583
3864	-2085.526	-2241.221	155.6943	1.524212	0.799687	0.119331	0.0697252	0.0112573	1.291553	3.024298
3870	-2081.525	-2237.211	155.6861	1.422542	0.684535	0.169238	0.127495	0.0187325	1.38808	3.024298
3876	-2088.221	-2244.862	156.6417	1.072889	0.649762	0.224289	0.097243	0.0287069	1.351663	2.663918
3882	-2089.44	-2244.687	155.2469	1.399903	0.812366	0.159455	0.0232031	0.00497587	1.258581	3.373285
3888	-2081.881	-2237.017	155.1359	1.016942	0.782272	0.20461	0.00832725	0.00479154	1.191637	3.686959
3894	-2092.216	-2247.045	154.8296	1.016942	0.753343	0.232072	0.00402496	0.0105598	1.191637	3.863475
3900	-2087.835	-2243.403	155.5684	1.10327	0.654821	0.336522	0.00349858	0.00515832	1.166736	3.400246
3906	-2076.159	-2230.478	154.3191	1.287395	0.703019	0.277078	0.014023	0.00588001	1.173276	4.018156
3912	-2073.723	-2228.301	154.5777	0.922758	0.412034	0.554823	0.0252769	0.00786612	1.116172	4.104991
3918	-2072.515	-2225.612	153.097	0.878884	0.704206	0.247031	0.0465279	0.00223471	0.9615798	5.04859
3924	-2082.971	-2234.611	151.64	1.301003	0.660844	0.283437	0.0533849	0.00233448	0.9443094	5.635006
3930	-2078.488	-2231.531	153.0427	1.329242	0.718061	0.151295	0.105901	0.0247431	0.9414099	4.846903
3936	-2081.604	-2234.441	152.8369	1.348625	0.748577	0.0321652	0.191812	0.027446	0.9404344	4.952298
3942	-2077.484	-2230.71	153.2259	1.69001	0.832364	0.105487	0.0468679	0.0152811	1.104869	4.478831
3948	-2083.949	-2236.432	152.4825	1.551171	0.761531	0.0965102	0.0810959	0.0608629	1.008061	5.013093
3954	-2086.408	-2242.066	155.6587	1.563396	0.751932	0.00824124	0.153605	0.0862209	1.202589	3.078819
3960	-2086.912	-2241.736	154.8234	2.323706	0.808101	0.0134004	0.110658	0.06784	1.244757	3.204648
3966	-2088.474	-2243.118	154.6441	2.170507	0.822288	0.0288603	0.103528	0.0453244	1.089075	3.465328
3972	-2083.726	-2239.68	155.9545	1.181541	0.756979	0.0860629	0.0826791	0.0742793	1.29707	3.050117
3978	-2089.741	-2246.379	156.6386	1.282286	0.708	0.0395901	0.132901	0.119509	1.412222	2.505012
3984	-2076.081	-2230.759	154.6786	1.311368	0.736639	0.202578	0.0107069	0.0500763	1.214712	3.775548
3990	-2085.852	-2243.503	157.6503	0.9000877	0.76961	0.174427	0.05248	0.00348337	1.559016	1.999094
3996	-2083.099	-2239.589	156.4898	1.826003	0.735616	0.137629	0.112658	0.0140968	1.559016	2.212745
4002	-2075.026	-2232.681	157.6553	1.064339	0.613591	0.290885	0.0849372	0.0105868	1.628668	1.836962
4008	-2081.659	-2239.296	157.6378	0.9919744	0.615757	0.274768	0.085237	0.0242383	1.621724	1.902698
4014	-2088.084	-2245.501	157.4166	1.023472	0.765296	0.156299	0.0525955	0.02581	1.657494	2.006118
4020	-2103.434	-2257.89	154.4558	1.443254	0.728001	0.0949398	0.105417	0.0716423	1.12425	3.88788
4026	-2089.506	-2242.842	153.3363	1.962557	0.721782	0.0718747	0.122852	0.0834913	1.010437	4.348903
4032	-2094.275	-2247.098	152.8225	1.559297	0.856125	0.0658581	0.0639306	0.014086	1.060526	4.790739
4038	-2092.48	-2245.695	153.2152	1.753406	0.732071	0.0934038	0.154548	0.0199776	1.189029	4.408564
4044	-2090.548	-2243.636	153.0885	1.533379	0.737157	0.0871054	0.155621	0.0201164	1.135561	4.612277
4050	-2092.137	-2243.776	151.6392	1.719871	0.667175	0.237825	0.0612614	0.0337378	0.9427906	5.438111
4056	-2087.148	-2239.962	152.8142	1.327823	0.699408	0.201004	0.064221	0.0353677	0.9587659	4.965211
4062	-2090.087	-2242.209	152.1215	1.548413	0.650558	0.26735	0.0754581	0.00663413	1.126676	5.148815
4068	-2089.47	-2242.232	152.7616	0.978725	0.720669	0.233516	0.04002	0.00579457	0.8449966	5.242558
4074	-2087.091	-2241.166	154.0752	0.978725	0.68885	0.211519	0.00715624	0.0924754	0.9622396	4.444595
4080	-2085.223	-2236.252	151.0285	1.287455	0.68885	0.211519	0.00715624	0.0924754	1.022915	5.933496
4086	-2092.963	-2245.822	152.8598	1.632668	0.781031	0.158292	0.00326562	0.0574107	1.021219	4.757508
4092	-2086.502	-2243.326	156.8241	1.078096	0.749833	0.175825	0.00509893	0.0692422	1.595638	2.394979
4098	-2082.419	-2239.039	156.6194	1.277672	0.75129	0.176167	0.00316685	0.0693767	1.610772	2.394979
4104	-2108.56	-2262.254	153.6942	1.171251	0.549344	0.339817	0.0687755	0.0420641	1.148344	4.448185
4110	-2083.008	-2238.173	155.165	0.9446616	0.761213	0.131083	0.10539	0.0023147	1.351534	3.619552
4116	-2082.908	-2238.614	155.7056	1.257091	0.867363	0.0461159	0.0831899	0.00333174	1.259926	3.178301
4122	-2104.691	-2256.445	151.7539	1.354612	0.634651	0.16981	0.195448	9.03449e-05	0.948774	5.543286
4128	-2102.7	-2256.237	153.537	1.03983	0.619102	0.155512	0.224129	0.00125641	1.223474	4.566057
4134	-2093.366	-2246.245	152.8792	1.353734	0.581823	0.13907	0.273683	0.00542416	0.9913562	4.897847
4140	-2094.36	-2247.277	152.9179	1.302456	0.724542	0.181864	0.0864162	0.00717781	0.9992007	4.897847
4146	-2084.122	-2238.3	154.1784	0.9662291	0.622698	0.318025	0.0473301	0.0119473	1.075923	4.329263
4152	-2084.458	-2238.198	153.7392	1.058884	0.63688	0.306696	0.0339987	0.0224249	1.187575	4.46198
4158	-2089.721	-2244.466	154.7451	0.9096093	0.511991	0.424978	0.0427071	0.0203236	1.050018	4.054952
4164	-2065.072	-2219.606	154.5347	1.11304	0.784596	0.1569	0.0559703	0.00253351	1.301264	3.915687
4170	-2067.369	-2221.515	154.1464	1.044878	0.732177	0.194639	0.065323	0.00786137	1.091967	4.293897
4176	-2066.085	-2217.193	151.1079	1.227457	0.681313	0.258027	0.0533443	0.00731526	0.9751416	5.946589
4182	-2072.199	-2227.211	155.0117	1.132582	0.665356	0.18924	0.14404	0.00136409	1.188782	3.694976
4188	-2073.776	-2229.156	155.3799	1.191069	0.751511	0.0432932	0.143865	0.0613301	1.329947	3.365714
4194	-2080.352	-2234.431	154.0793	1.361799	0.7395	0.101186	0.141566	0.0177478	1.218473	4.090563
4200	-2073.193	-2228.777	155.5847	1.275463	0.878533	0.109011	0.0121313	0.000324309	1.210373	3.269123
4206	-2070.522	-2223.833	153.3115	1.689202	0.81531	0.0895555	0.0948481	0.000286265	1.141429	4.410379
4212	-2074.925	-2227.994	153.0694	1.842421	0.82841	0.109672	0.0617603	0.000157131	1.141429	4.477773
4218	-2077.493	-2229.361	151.8686	1.439694	0.810713	0.11203	0.077061	0.000196059	0.8716396	5.481047
4224	-2089.693	-2244.219	154.5266	1.123698	0.666589	0.195865	0.112879	0.0246667	1.084749	4.038263
4230	-2069.269	-2223.734	154.4646	1.740478	0.746533	0.0996918	0.15316	0.000614601	1.281045	3.648419
4236	-2085.85	-2239.436	153.5857	1.324792	0.746533	0.0996918	0.15316	0.000614601	1.201931	4.398638
4242	-2087.426	-2242.64	155.2137	1.324792	0.781926	0.172332	0.0445277	0.00121395	1.36873	3.367723
4248	-2090.926	-2246.933	156.0061	1.483075	0.862585	0.111428	0.0245879	0.0013986	1.333023	2.832627
4254	-2099.613	-2257.282	157.6687	0.980496	0.767394	0.171726	0.0289489	0.0319305	1.573178	1.922426
4260	-2093.355	-2250.689	157.3343	1.059222	0.661439	0.259289	0.0437098	0.0355622	1.655471	2.038688
4266	-2095.858	-2253.03	157.172	1.198917	0.647394	0.311752	0.00293054	0.0379231	1.460406	2.184662
4272	-2096.943	-2251.779	154.8354	1.346343	0.621358	0.275369	0.03645	0.0668233	1.468528	3.519243
4278	-2095.396	-2252.214	156.8176	0.9956477	0.710479	0.231417	0.041678	0.0164259	1.524756	2.494904
4284	-2095.838	-2250.109	154.2712	1.216992	0.800391	0.148277	0.0338532	0.0174784	1.364025	3.973877
4290	-2100.554	-2255.603	155.0491	1.423134	0.84247	0.0527477	0.0685531	0.0362294	1.364025	3.415362
4296	-2095.494	-2250.01	154.5162	1.673027	0.72562	0.0567997	0.0858408	0.131739	1.391943	3.585928
4302	-2088.172	-2243.005	154.8325	0.8172453	0.789272	0.194685	0.00428493	0.0117585	1.162544	3.99537
4308	-2093.957	-2248.093	154.1368	1.347165	0.663125	0.163569	0.00360008	0.169706	1.100663	4.132406
4314	-2099.011	-2251.822	152.8111	1.696965	0.860625	0.0811984	0.000810037	0.0573664	1.0107	4.761041
4320	-2096.247	-2251.728	155.4812	1.541608	0.870082	0.0727245	0.00154459	0.0556485	1.353313	3.105815
4326	-2109.547	-2264.944	155.3968	1.485883	0.904318	0.0507244	0.000995497	0.043962	1.485617	3.105815
4332	-2078.533	-2233.697	155.1637	1.077842	0.798218	0.188169	0.00122235	0.0123901	1.359898	3.538315
4338	-2075.801	-2230.241	154.4404	1.642178	0.764544	0.123125	0.00276672	0.109564	1.304277	3.695429
4344	-2082.304	-2237.37	155.066	1.751856	0.916467	0.024773	0.00140277	0.0573573	1.217047	3.329375
4350	-2075.347	-2230.191	154.8443	1.263266	0.650025	0.237943	0.00267452	0.109358	1.221469	3.701503
4356	-2070.738	-2225.626	154.8875	1.072733	0.686847	0.193454	0.0666648	0.0530347	1.245654	3.767416
4362	-2080.335	-2235.783	155.4477	1.352418	0.81832	0.10358	0.0568441	0.0212566	1.41583	3.18715
4368	-2077.43	-2232.255	154.8244	1.904208	0.871214	0.0837085	0.0314859	0.0135913	1.496181	3.236593
4374	-2070.017	-2224.659	154.6417	1.143848	0.808751	0.0610751	0.117557	0.0126169	1.259215	3.86138
4380	-2075.922	-2230.435	154.5125	1.341444	0.755982	0.165594	0.0521643	0.0262601	1.376573	3.762232
4386	-2071.285	-2225.122	153.8371	1.564407	0.689462	0.151023	0.135565	0.0239494	1.217463	4.128443
4392	-2075.778	-2229.907	154.1282	1.053766	0.798365	0.129082	0.0657051	0.00684821	1.226188	4.223218
4398	-2068.514	-2223.382	154.8685	1.668411	0.829987	0.123585	0.0393082	0.00711946	1.336341	3.41505
4404	-2070.8	-2227.543	156.7437	1.204677	0.792467	0.130923	0.0515375	0.0250724	1.664016	2.325532
4410	-2086.132	-2243.026	156.8941	1.205822	0.74826	0.15597	0.0796876	0.016083	1.488918	2.34056
4416	-2076.591	-2231.854	155.2632	1.37015	0.880133	0.0787072	0.0330438	0.008116	1.274878	3.36974
4422	-2086.86	-2240.446	153.5865	1.465587	0.681215	0.158748	0.147849	0.012188	1.291007	4.277079
4428	-2077.185	-2232.312	155.1272	1.295391	0.743532	0.229398	0.0137678	0.0133029	1.180428	3.54406
4434	-2078.695	-2233.952	155.2563	0.9800085	0.60218	0.331689	0.0499376	0.0161931	1.349239	3.547078
4440	-2075.276	-2229.424	154.1473	1.364107	0.811305	0.171737	0.0079993	0.00895879	1.006946	4.171045
4446	-2069.64	-2224.874	155.2345	1.143133	0.788777	0.155623	0.0467024	0.00889816	1.218154	3.542766
4452	-2101.984	-2256.545	154.5613	0.2083741	0.169599	0.613377	0.0232462	0.193778	1.124882	4.448628
4458	-2097.311	-2252.98	155.6694	0.1796211	0.101926	0.635813	0.0305987	0.231663	1.286038	3.708935
4464	-2083.48	-2237.543	154.0627	1.328772	0.671195	0.104601	0.164585	0.0596185	1.180178	4.138785
4470	-2076.591	-2231.239	154.6481	1.361255	0.719847	0.180002	0.0403549	0.0597962	1.281722	3.728439
4476	-2086.109	-2239.231	153.1222	1.465712	0.77644	0.134986	0.0482223	0.0403515	1.121926	4.633777
4482	-2093.038	-2248.631	155.5921	1.069029	0.755191	0.195415	0.0433041	0.00608999	1.402359	3.267384
4488	-2083.501	-2239.952	156.4511	1.360978	0.780933	0.0426748	0.169467	0.00692495	1.509287	2.516763
4494	-2087.626	-2244.407	156.7815	1.174937	0.780802	0.0426676	0.164583	0.0119477	1.428889	2.467944
4500	-2105.065	-2261.979	156.9135	1.319092	0.73173	0.122601	0.0280407	0.117628	1.882989	2.003656
4506	-2090.068	-2246.636	156.5677	1.606268	0.817121	0.040207	0.0305068	0.112165	1.517743	2.303684
4512	-2088.335	-2244.911	156.5758	1.401605	0.80665	0.0461209	0.0643553	0.0828734	1.524858	2.405961
4518	-2085.141	-2241.802	156.6612	1.2486	0.870064	0.0287114	0.017275	0.0839493	1.458825	2.481202
4524	-2089.509	-2243.379	153.8707	1.315639	0.813187	0.122609	0.0134564	0.0507474	1.160307	4.265786
4530	-2077.108	-2230.24	153.1323	1.742152	0.81972	0.143717	0.0267368	0.00982523	1.123325	4.497327
4536	-2073.899	-2225.203	151.3032	1.316482	0.801915	0.108671	0.0743046	0.0151093	0.8479799	5.864479
4542	-2071.669	-2225.884	154.2147	1.37394	0.776351	0.164226	0.0293948	0.0300289	1.22541	4.003156
4548	-2077.148	-2229.149	152.0014	1.37394	0.717852	0.130739	0.127503	0.0239058	1.010653	5.363426
4554	-2078.815	-2228.418	149.6029	1.200488	0.65841	0.189997	0.117674	0.0339196	0.8092952	6.866587
4560	-2077.258	-2226.434	149.1761	1.548286	0.631966	0.237534	0.112948	0.0175523	0.9946061	6.828836
4566	-2075.703	-2227.437	151.7338	1.297693	0.718426	0.222513	0.0478293	0.0112317	0.9855517	5.56255
4572	-2081.052	-2232.18	151.1284	1.892348	0.851128	0.0730042	0.0116257	0.0642417	1.090931	5.56255
4578	-2086.136	-2236.3	150.1634	1.892348	0.742782	0.0604403	0.143592	0.0531858	0.8486096	6.222248
4584	-2094.411	-2246.758	152.3468	1.28639	0.741369	0.168401	0.0754651	0.0147649	1.015938	5.213667
4590	-2087.044	-2239.364	152.3208	1.955916	0.834129	0.0953658	0.0554111	0.0150938	1.005592	4.923687
4596	-2082.249	-2233.424	151.1753	1.610004	0.744352	0.0724853	0.0505166	0.132646	1.097875	5.657504
4602	-2071.778	-2222.418	150.6397	1.377774	0.769952	0.0711305	0.0498348	0.109083	1.165711	6.023015
4608	-2078.101	-2230.21	152.1087	2.033391	0.723825	0.206289	0.0266727	0.0432134	1.174147	4.915444
4614	-2077.422	-2229.249	151.8269	1.19516	0.679564	0.194042	0.0858225	0.040571	0.9353657	5.591378
4620	-2068.659	-2222.506	153.8467	1.471571	0.799192	0.0502222	0.102873	0.047713	1.274263	4.135945
4626	-2074.284	-2229.421	155.1374	1.423408	0.802631	0.0785768	0.0811532	0.0376394	1.381002	3.353451
4632	-2090.46	-2245.141	154.6808	1.073282	0.675893	0.269292	0.0140793	0.0407354	1.438523	3.775088
4638	-2086.867	-2243.541	156.6741	1.050322	0.697953	0.284972	0.00759034	0.00948517	1.665855	2.4624
4644	-2094.427	-2247.811	153.3837	1.687813	0.617857	0.295318	0.0784281	0.00839668	1.197788	4.33848
4650	-2077.951	-2230.063	152.1117	1.275672	0.586225	0.268969	0.0920523	0.0527533	1.251012	5.219138
4656	-2078.693	-2233.827	155.1339	1.214927	0.597144	0.273978	0.0876021	0.0412756	1.351689	3.483823
4662	-2089.738	-2245.339	155.6001	0.8347233	0.554085	0.322263	0.109745	0.0139066	1.262743	3.483823
4668	-2090.615	-2246.572	155.9565	1.154778	0.677307	0.101577	0.204117	0.0169992	1.524928	2.92741
4674	-2088.738	-2246.218	157.4799	1.254699	0.729582	0.144194	0.119616	0.00660797	1.671262	1.80321
4680	-2100.968	-2258.528	157.5607	1.558985	0.684831	0.156316	0.0893704	0.069483	1.669355	1.55463
4686	-2090.665	-2247.59	156.9254	1.165205	0.68809	0.15706	0.108667	0.0461837	1.537211	2.314362
4692	-2087.507	-2244.374	156.8674	1.21305	0.730672	0.16678	0.053507	0.0490417	1.549924	2.314362
4698	-2090.867	-2246.216	155.3492	1.550734	0.714189	0.248409	0.0132439	0.0241581	1.404971	3.149034
4704	-2094.531	-2248.831	154.2997	1.202649	0.636983	0.23696	0.0967639	0.0292936	1.210978	4.052704
4710	-2103.201	-2255.888	152.686	1.562572	0.657751	0.315377	0.0133181	0.013554	1.105154	4.840439
4716	-2102.368	-2254.801	152.4335	1.79648	0.816273	0.136104	0.0132878	0.0343358	1.054752	4.902421
4722	-2094.73	-2248.941	154.2109	1.395763	0.717513	0.172988	0.0658579	0.0436409	1.164545	4.028965
4728	-2101.947	-2257.02	155.0733	1.774702	0.803335	0.0605086	0.115909	0.0202476	1.301524	3.26453
4734	-2090.827	-2244.323	153.4963	1.18619	0.741509	0.181608	0.0137111	0.0631718	0.91826	4.680541
4740	-2084.644	-2236.437	151.7934	1.21719	0.654108	0.272164	0.0475007	0.0262268	0.9313652	5.600587
4746	-2090.819	-2244.227	153.4078	1.120175	0.50198	0.422558	0.0555549	0.019907	1.176253	4.621004
4752	-2077.791	-2232.388	154.5969	1.077031	0.532009	0.251323	0.14932	0.0673487	1.267607	3.919382
4758	-2073.319	-2229.604	156.2846	1.308109	0.777486	0.120158	0.0521827	0.0501734	1.348313	2.748489
4764	-2093.432	-2248.27	154.8372	1.511569	0.745973	0.16104	0.0448469	0.0481398	1.405372	3.470098
4770	-2083.647	-2238.857	155.2099	1.326426	0.623897	0.147474	0.175834	0.0527939	1.164682	3.488526
4776	-2087.169	-2242.022	154.8536	1.015415	0.73962	0.187306	0.062042	0.0110319	1.104917	3.900344
4782	-2094.51	-2249.259	154.7488	1.330006	0.768299	0.118755	0.0973056	0.0156402	1.032167	3.830459
4788	-2102.23	-2257.849	155.6193	1.626202	0.687859	0.0710035	0.233367	0.00777094	1.289358	3.018971
4794	-2100.794	-2257.454	156.6601	1.031958	0.588369	0.342377	0.0598327	0.00942197	1.674732	2.476966
4800	-2100.799	-2257.144	156.3449	1.013167	0.789933	0.160677	0.0314862	0.0179032	1.309023	2.90676
4806	-2102.367	-2257.471	155.1046	1.220591	0.697672	0.21919	0.0744486	0.00868896	1.231431	3.567871
4812	-2098.287	-2254.109	155.822	1.326502	0.870058	0.0536455	0.0738808	0.00241609	1.389976	2.993266
4818	-2085.417	-2240.832	155.4145	1.227699	0.662206	0.199985	0.132221	0.00558845	1.341553	3.318278
4824	-2071.069	-2224.61	153.5408	1.162375	0.807023	0.0765103	0.103969	0.0124979	1.214817	4.501867
4830	-2075.406	-2230.717	155.3107	1.585918	0.806479	0.133503	0.0540513	0.00596708	1.220942	3.263227
4836	-2072.193	-2227.751	155.5585	1.158208	0.77726	0.199397	0.0196796	0.00366341	1.413802	3.229427
4842	-2084.256	-2241.252	156.996	1.296905	0.624137	0.359662	0.0130267	0.00317467	1.514735	2.204418
4848	-2084.926	-2240.231	155.3047	1.001064	0.749453	0.232952	0.0118428	0.0057517	1.376636	3.490648
4854	-2086.972	-2242.984	156.0121	1.085051	0.784245	0.188655	0.0168689	0.0102313	1.425779	2.994153
4860	-2075.783	-2231.462	155.6789	1.017372	0.64547	0.331473	0.0146296	0.00842823	1.30368	3.304446
4866	-2075.137	-2231.149	156.0119	1.141922	0.668419	0.311629	0.011224	0.0087279	1.480517	2.92821
4872	-2082.635	-2239.016	156.3806	1.143905	0.776818	0.21367	0.0035274	0.00598434	1.480517	2.702869
4878	-2080.419	-2236.198	155.7794	1.777736	0.772206	0.212402	0.00238824	0.0130039	1.489488	2.726137
4884	-2088.611	-2242.555	153.9438	1.310026	0.780666	0.198532	0.0124401	0.00836124	1.367832	4.109382
4890	-2079.048	-2234.386	155.3376	1.781337	0.905434	0.0243156	0.0402206	0.0300297	1.279711	3.117593
4896	-2082.625	-2236.826	154.2005	1.734896	0.881229	0.033505	0.0732035	0.0120629	1.249955	3.821387
4902	-2091.279	-2247.121	155.8414	1.271989	0.842011	0.0322228	0.115607	0.0101594	1.288479	3.072286
4908	-2096.911	-2251.686	154.7754	1.317449	0.776371	0.0391517	0.160803	0.0236746	1.203952	3.722724
4914	-2082.24	-2237.938	155.6979	1.317449	0.791635	0.088331	0.113052	0.00698149	1.251794	3.154775
4920	-2091.569	-2246.822	155.2536	1.26854	0.69457	0.222671	0.0755274	0.00723155	1.297323	3.416455
4926	-2091.997	-2246.569	154.5715	1.143209	0.696146	0.198122	0.0984212	0.00731079	1.227811	3.920022
4932	-2073.679	-2227.261	153.5815	1.39577	0.785047	0.049948	0.111248	0.0537564	1.382236	4.263045
4938	-2071.965	-2225.84	153.8746	1.312698	0.654354	0.206399	0.119691	0.0195563	1.330211	4.168723
4944	-2077.562	-2231.973	154.4105	1.469488	0.674799	0.195545	0.117239	0.0124167	1.398707	3.742796
4950	-2081.762	-2234.02	152.2586	1.431432	0.785975	0.171109	0.0284538	0.0144624	1.360643	4.99918
4956	-2069.453	-2223.204	153.7513	1.324035	0.760302	0.18708	0.0345299	0.018089	1.188763	4.312972
4962	-2079.526	-2232.789	153.2629	1.243906	0.829734	0.117799	0.0317875	0.0206792	1.201208	4.622415
4968	-2075.039	-2228.856	153.817	1.868349	0.803571	0.122931	0.0445296	0.0289685	1.243977	3.984186
4974	-2071.295	-2223.016	151.7214	1.755574	0.664135	0.235441	0.0922581	0.00816543	1.193986	5.238309
4980	-2078.867	-2233.373	154.5066	1.069811	0.807726	0.0607816	0.119194	0.0122981	1.327771	3.940697
4986	-2075.765	-2231.898	156.1336	1.277721	0.801687	0.0659109	0.0777927	0.054609	1.454481	2.792866
4992	-2075.481	-2231.559	156.0782	1.252219	0.766132	0.0683935	0.146213	0.0192606	1.337491	2.911698
4998	-2084.574	-2238.361	153.787	1.667006	0.762987	0.0236819	0.196159	0.017172	1.11588	4.166016
5004	-2077.626	-2231.835	154.2088	1.594287	0.888208	0.014303	0.0936911	0.00379789	1.363238	3.817992
5010	-2082.826	-2237.984	155.1572	1.087318	0.809202	0.118191	0.0647614	0.00784599	1.082391	3.697726
5016	-2078.458	-2231.855	153.3964	1.079402	0.633713	0.239979	0.112659	0.0136489	1.281856	4.590361
5022	-2081.66	-2234.952	153.2915	1.233537	0.88612	0.0725276	0.0398868	0.00146554	1.034326	4.705269
5028	-2075.805	-2230.229	154.4242	1.255163	0.81589	0.144351	0.0367256	0.00303333	1.143857	3.991902
5034	-2080.5	-2234.6	154.1001	1.626247	0.827539	0.146412	0.022972	0.00307664	1.183766	3.968006
5040	-2085.582	-2238.612	153.0305	1.354522	0.672755	0.265037	0.0497655	0.0124427	1.211827	4.689936
5046	-2087.066	-2242.283	155.2176	1.270011	0.835872	0.0868362	0.0618318	0.0154596	1.275019	3.449764
5052	-2077.793	-2232.58	154.7874	1.164648	0.827171	0.099758	0.0652753	0.00779514	1.097218	3.859271
5058	-2078.253	-2231.009	152.7553	0.989282	0.717732	0.167905	0.0897514	0.0246114	1.114008	5.091238
5064	-2083.118	-2237.701	154.5826	1.27254	0.70696	0.165927	0.113259	0.0138543	1.241241	3.836053
5070	-2084.673	-2237.691	153.0176	1.023226	0.624992	0.189301	0.1839	0.0018075	1.157426	4.902578
5076	-2088.73	-2243.851	155.1216	1.409666	0.729644	0.0446421	0.214693	0.0110201	1.234165	3.455918
5082	-2088.367	-2243.878	155.5111	1.129988	0.840314	0.0299761	0.12599	0.00371992	1.422961	3.268039
5088	-2082.112	-2237.79	155.6785	1.11635	0.823384	0.0449634	0.118706	0.0129469	1.422961	3.176768
5094	-2071.37	-2227.931	156.561	1.149636	0.773133	0.105712	0.116087	0.00506762	1.536978	2.553205
5100	-2079.719	-2237.398	157.6786	0.9679524	0.815345	0.105009	0.0721768	0.00746954	1.79032	1.775456
5106	-2072.429	-2229.777	157.3479	1.396627	0.717285	0.192714	0.0860976	0.00390312	1.550675	1.888011
5112	-2074.557	-2229.849	155.2916	1.221358	0.643984	0.274437	0.077299	0.00428071	1.247355	3.449123
5118	-2076.55	-2231.658	155.1086	1.00654	0.698426	0.230241	0.0588701	0.0124628	1.295595	3.648609
5124	-2076.584	-2232.298	155.714	1.084251	0.787143	0.132728	0.0699795	0.0101492	1.219973	3.294258
5130	-2072.705	-2228.557	155.8518	1.344415	0.827662	0.106372	0.0587274	0.00723812	1.34951	2.989904
5136	-2088.052	-2245.048	156.9963	1.060701	0.75758	0.209527	0.0247717	0.00812209	1.398501	2.421448
5142	-2085.541	-2240.93	155.3895	1.391226	0.802648	0.0757661	0.112741	0.00884483	1.396267	3.212616
5148	-2080.345	-2235.631	155.2861	1.265732	0.729843	0.116675	0.151329	0.00215281	1.277482	3.410562
5154	-2084.879	-2240.494	155.6151	1.447717	0.688488	0.273757	0.0056987	0.0320562	1.11714	3.214774
5160	-2080.199	-2233.812	153.6129	1.700592	0.601497	0.325594	0.00497866	0.0679312	1.284438	4.153553
5166	-2079.949	-2234.324	154.3749	1.117455	0.72594	0.186066	0.00600869	0.0819855	1.154472	4.088387
5172	-2080.429	-2236.999	156.5706	1.329161	0.772554	0.118182	0.0392382	0.0700257	1.460509	2.490536
5178	-2078.972	-2234.426	155.4537	1.475261	0.776355	0.118763	0.0394312	0.0654507	1.530592	3.050509
5184	-2073.033	-2229.244	156.2111	1.309258	0.758979	0.194328	0.0226915	0.0240008	1.401004	2.76058
5190	-2083.131	-2237.147	154.0157	1.309258	0.525836	0.413895	0.0386715	0.0215975	1.380955	4.061337
5196	-2086.016	-2242.553	156.5376	1.207561	0.779619	0.131024	0.0573354	0.032021	1.75263	2.398313
5202	-2078.502	-2235.29	156.788	1.207561	0.767234	0.193418	0.0366853	0.00266209	1.697179	2.27427
5208	-2074.573	-2229.999	155.4262	1.298902	0.718152	0.270385	0.00917212	0.00229123	1.332377	3.277961
5214	-2081.68	-2235.797	154.1171	0.8730317	0.603323	0.378612	0.0149689	0.00309651	1.032257	4.44223
5220	-2079.227	-2231.201	151.9741	1.686544	0.598487	0.214287	0.145615	0.0416107	1.093428	5.18507
5226	-2083.629	-2238.224	154.5944	1.26209	0.592883	0.212281	0.144251	0.0505853	1.201369	3.857731
5232	-2086.597	-2238.793	152.1958	1.242234	0.713477	0.158156	0.107472	0.0208953	1.126203	5.258739
5238	-2076.151	-2227.823	151.6718	1.341813	0.762165	0.106004	0.114806	0.0170258	1.035942	5.546882
5244	-2069.46	-2224.75	155.2898	1.058448	0.730148	0.164177	0.100464	0.00521129	1.333709	3.491166
5250	-2074.661	-2230.059	155.3988	1.059074	0.765207	0.0620699	0.15627	0.0164533	1.350109	3.417467
5256	-2075.251	-2230.362	155.1116	1.569441	0.91483	0.0209251	0.0585734	0.00567159	1.399272	3.283653
5262	-2062.567	-2213.911	151.3439	1.637982	0.866413	0.015093	0.106924	0.0115698	1.085765	5.558816
5268	-2060.313	-2213.609	153.2962	1.637982	0.885606	0.00490525	0.109148	0.000341062	1.291371	4.358166
5274	-2079.456	-2231.917	152.4607	1.637982	0.917509	0.00738526	0.0747873	0.000318574	1.173165	4.892909
5280	-2074.925	-2225.692	150.7672	1.808619	0.868309	0.00611393	0.120208	0.00536909	1.073711	5.805875
5286	-2079.855	-2233.198	153.3427	1.753669	0.888487	0.028116	0.0760211	0.00737605	1.435015	4.197112
5292	-2085.999	-2238.995	152.9964	1.558661	0.758374	0.129072	0.0903671	0.022186	1.217356	4.605966
5298	-2076.992	-2230.736	153.7438	1.383087	0.780926	0.129975	0.0667576	0.0223412	1.405422	4.164199
5304	-2089.255	-2241.82	152.5654	1.018638	0.789567	0.178175	0.0276491	0.00460895	1.254955	5.102158
5310	-2095.805	-2248.113	152.3084	1.254253	0.76535	0.182136	0.0332336	0.0192807	0.9409512	5.292683
5316	-2080.478	-2233.566	153.0882	1.815874	0.702269	0.242763	0.04217	0.0127973	1.312848	4.382319
5322	-2070.661	-2224.883	154.2212	1.586766	0.821059	0.0600457	0.0901972	0.0286982	0.9937363	4.026294
5328	-2070.151	-2225.088	154.9371	1.289172	0.710558	0.127982	0.126475	0.0349842	1.210615	3.640281
5334	-2076.438	-2231.328	154.8901	1.196638	0.680191	0.204837	0.0934004	0.0215716	1.291401	3.670599
5340	-2071.134	-2226.364	155.23	1.026195	0.612837	0.184554	0.200081	0.00252845	1.116607	3.670599
5346	-2083.359	-2238.345	154.9861	1.248284	0.779008	0.0754792	0.124254	0.0212586	1.147029	3.670599
5352	-2096.572	-2251.126	154.5541	1.314591	0.783592	0.121158	0.0768584	0.0183918	1.27558	3.810538
5358	-2100.116	-2255.616	155.4999	1.314591	0.83381	0.133873	0.0104615	0.0218555	1.353122	3.213677
5364	-2101.709	-2256.48	154.7704	1.152629	0.703794	0.240105	0.0281654	0.0279359	1.256573	3.784003
5370	-2078.847	-2233.365	154.5175	1.046024	0.530547	0.266973	0.168323	0.0341566	0.9946615	4.137954
5376	-2080.308	-2234.494	154.186	1.105082	0.656204	0.122917	0.137037	0.0838419	1.100099	4.233479
5382	-2070.427	-2225.997	155.5698	1.078355	0.633833	0.229109	0.116722	0.0203358	1.363699	3.297922
5388	-2073.549	-2230.259	156.7097	1.304643	0.664432	0.124628	0.188031	0.0229088	1.45586	2.420119
5394	-2077.104	-2234.294	157.1905	1.052017	0.747372	0.0780081	0.137614	0.0370056	1.568373	2.194494
5400	-2084.206	-2241.717	157.5107	1.159971	0.601919	0.2104	0.177634	0.0100471	1.554234	1.923076
5406	-2082.686	-2240.117	157.4311	1.204419	0.677765	0.181331	0.106487	0.0344163	1.591758	1.923076
5412	-2094.88	-2252.69	157.8101	1.201062	0.783636	0.0848516	0.123121	0.0083916	1.70559	1.57995
5418	-2094.957	-2252.69	157.7336	1.234985	0.64251	0.265082	0.0855276	0.00688035	1.702376	1.614829
5424	-2099.255	-2252.316	153.0604	1.26073	0.628173	0.334077	0.0272174	0.0105324	0.9019883	4.894036
5430	-2087.729	-2243.214	155.4848	1.26073	0.759734	0.130114	0.0850721	0.0250796	1.270337	3.300713
5436	-2087.139	-2242.113	154.9734	1.26073	0.672993	0.201846	0.0753592	0.0498017	1.287695	3.589728
5442	-2082.224	-2236.408	154.1842	1.429757	0.872029	0.0737732	0.0470796	0.00711849	1.157968	4.030764
5448	-2075.463	-2229.049	153.5861	1.208492	0.648879	0.154853	0.185208	0.0110597	1.142679	4.492432
5454	-2081.591	-2234.767	153.176	1.368367	0.785606	0.13463	0.0775574	0.00220661	1.167078	4.626533
5460	-2082.734	-2236.731	153.9971	1.321593	0.677455	0.137328	0.184829	0.000388187	1.112482	4.218213
5466	-2086.655	-2241.678	155.0225	1.321593	0.791684	0.122551	0.0848651	0.000900318	1.230197	3.562112
5472	-2090.737	-2245.263	154.5266	1.238284	0.802298	0.0395731	0.157217	0.000912388	1.282017	3.863064
5478	-2078.452	-2233.992	155.5406	0.9955235	0.827175	0.115615	0.0560543	0.00115567	1.247562	3.431408
5484	-2087.583	-2242.773	155.1893	1.277083	0.771457	0.0521639	0.0949885	0.0813901	1.328164	3.431408
5490	-2078.008	-2230.654	152.6456	1.58605	0.830102	0.0458159	0.083429	0.040653	1.171362	4.815031
5496	-2087.052	-2237.905	150.8537	1.58605	0.870627	0.0632216	0.0235133	0.0426376	0.9763778	5.910988
5502	-2082.929	-2236.325	153.3952	1.441722	0.54679	0.223285	0.105431	0.124494	1.205268	4.445284
5508	-2088.926	-2244.109	155.1838	1.170687	0.554495	0.147074	0.172182	0.126248	1.307514	3.504921
5514	-2075.209	-2230.955	155.7454	1.302961	0.548511	0.348668	0.0758771	0.0269431	1.370114	3.063883
5520	-2079.692	-2231.846	152.1533	1.706725	0.786223	0.129152	0.046005	0.0386196	1.135671	5.053254
5526	-2081.206	-2235.771	154.5648	1.86437	0.861051	0.0866236	0.0128437	0.0394821	1.255436	3.548138
5532	-2082.572	-2235.829	153.2564	1.679811	0.670382	0.193533	0.0245942	0.111491	1.174085	4.427365
5538	-2079.979	-2235.743	155.7648	1.207944	0.626092	0.261577	0.0082049	0.104125	1.392658	3.09142
5544	-2092.367	-2247.682	155.3157	1.26475	0.756186	0.151111	0.00354331	0.0891592	1.211585	3.432349
5550	-2098.173	-2249.975	151.8021	1.406277	0.59082	0.198611	0.0624008	0.148168	0.9362603	5.498315
5556	-2084.091	-2236.692	152.6008	1.538438	0.690729	0.133446	0.0419269	0.133898	1.147353	4.875865
5562	-2099.237	-2251.991	152.7535	2.017723	0.731809	0.075443	0.0508865	0.141861	1.060177	4.625515
5568	-2088.969	-2240.847	151.8782	1.538725	0.698909	0.0794179	0.0723377	0.149336	1.053708	5.328231
5574	-2096.706	-2246.639	149.9323	1.575541	0.740052	0.126426	0.0984141	0.0351074	0.9197026	6.447945
5580	-2097.666	-2248.98	151.3143	1.894973	0.852287	0.0249067	0.113043	0.00976318	0.822527	5.606765
5586	-2092.912	-2246.445	153.5331	1.530631	0.85447	0.0307831	0.113332	0.00141419	0.9601888	4.462308
5592	-2085.31	-2240.103	154.7928	1.16632	0.714577	0.108046	0.167041	0.0103364	1.272476	3.754386
5598	-2085.999	-2241.696	155.6973	1.16632	0.802211	0.101156	0.0850287	0.011604	1.421538	3.137911
5604	-2081.891	-2232.415	150.5249	1.61697	0.733945	0.223206	0.0406189	0.00223001	1.069874	6.025288
5610	-2081.488	-2233.723	152.2344	1.128489	0.709528	0.244695	0.0445295	0.00124685	1.032743	5.348509
5616	-2075.633	-2228.268	152.6354	1.08645	0.647046	0.254665	0.0963147	0.00197403	0.9498162	5.195377
5622	-2083.296	-2238.06	154.7644	1.444353	0.713793	0.148834	0.10625	0.0311227	1.312853	3.600353
5628	-2083.674	-2234.775	151.101	1.093749	0.663952	0.166738	0.156494	0.0128154	1.253759	5.867905
5634	-2085.023	-2237.339	152.3166	1.093749	0.571101	0.16057	0.236393	0.0319357	0.9266573	5.380256
5640	-2077.869	-2229.528	151.6582	1.291131	0.616619	0.226794	0.105364	0.051223	0.9848172	5.607789
5646	-2075.493	-2227.061	151.5678	1.44372	0.69843	0.0794068	0.190065	0.0320984	0.9382858	5.607789
5652	-2071.526	-2223.216	151.6898	1.328054	0.727486	0.033792	0.224634	0.0140881	0.9194437	5.607789
5658	-2077.888	-2229.589	151.701	1.270981	0.618104	0.101422	0.268998	0.0114755	0.9605209	5.607789
5664	-2076.943	-2228.45	151.507	1.433837	0.744607	0.0513697	0.191703	0.0123197	1.007747	5.607789
5670	-2109.662	-2266.798	157.1361	1.338661	0.624644	0.345538	0.0165588	0.0132592	1.576878	2.047284
5676	-2098.359	-2256.041	157.6823	0.9250898	0.613381	0.339307	0.026299	0.0210126	1.742459	1.836057
5682	-2094.211	-2251.81	157.5993	1.015026	0.517103	0.420167	0.059849	0.00288028	1.59096	1.933956
5688	-2083.961	-2241.514	157.5527	0.9747677	0.657629	0.318425	0.020006	0.00394025	1.677829	1.933956
5694	-2071.67	-2229.133	157.4628	1.06523	0.576097	0.334042	0.0856494	0.00421154	1.677829	1.933956
5700	-2080.333	-2237.398	157.0659	0.9414564	0.597628	0.349224	0.0426955	0.0104525	1.617879	2.313875
5706	-2075.939	-2231.649	155.7109	0.9557205	0.781189	0.149845	0.057815	0.0111515	1.180658	3.39432
5712	-2070.428	-2226.114	155.6857	0.9612678	0.604606	0.348616	0.0425246	0.0042534	1.289523	3.341897
5718	-2080.041	-2235.689	155.6486	0.9612678	0.691386	0.216289	0.0827556	0.00956976	1.278645	3.37009
5724	-2085.317	-2239.191	153.8747	1.275807	0.714908	0.197618	0.0770098	0.0104644	1.285417	4.213333
5730	-2089.433	-2244.371	154.9381	1.137452	0.718021	0.255258	0.0160712	0.0106496	1.144447	3.760386
5736	-2077.451	-2231.913	154.4625	1.231199	0.659294	0.180167	0.0463194	0.114219	1.128357	3.991614
5742	-2079.088	-2231.161	152.0728	1.252199	0.654721	0.186379	0.152393	0.00650709	1.190695	5.285932
5748	-2078.021	-2231.169	153.1484	1.274719	0.69573	0.198053	0.099303	0.00691466	1.197216	4.672822
5754	-2080.73	-2234.343	153.6133	1.423872	0.806607	0.134044	0.052391	0.00695813	1.065424	4.41008
5760	-2081.062	-2234.332	153.2695	1.847672	0.770062	0.134103	0.0917176	0.00411753	0.9468685	4.472323
5766	-2071.499	-2225.022	153.523	1.350578	0.668009	0.272294	0.0569184	0.00277913	1.032174	4.516456
5772	-2085.411	-2241.506	156.0952	1.537167	0.799332	0.135374	0.0274713	0.037823	1.39867	2.709859
5778	-2083.558	-2239.681	156.1239	1.040091	0.827477	0.0668854	0.0664832	0.0391548	1.317353	3.018642
5784	-2076.695	-2231.443	154.7487	1.002357	0.627649	0.247478	0.107935	0.0169377	1.160616	3.936055
5790	-2086.946	-2241.349	154.4031	1.225323	0.769417	0.160869	0.0529202	0.0167937	1.215235	3.979058
5796	-2098.709	-2252.04	153.3306	1.520952	0.774463	0.165104	0.0433505	0.0170824	1.209152	4.440788
5802	-2064.427	-2219.265	154.8379	1.488852	0.765702	0.181795	0.0463011	0.00620193	1.257839	3.567086
5808	-2091.742	-2246.235	154.493	1.297953	0.820855	0.0673021	0.0779285	0.0339146	1.069997	3.972215
5814	-2093.32	-2246.396	153.0752	1.119189	0.621328	0.229124	0.127608	0.02194	0.9572116	4.929585
5820	-2101.58	-2255.499	153.919	1.168828	0.667038	0.166378	0.0897535	0.0768314	1.098447	4.350842
5826	-2097.776	-2250.995	153.2193	1.268217	0.640891	0.243815	0.107303	0.00799103	0.9625931	4.767725
5832	-2107.695	-2259.555	151.8604	1.101905	0.787563	0.13788	0.035782	0.0387758	1.060449	5.553338
5838	-2089.727	-2242.777	153.0507	1.45757	0.847804	0.0535214	0.0923631	0.00631163	1.105533	4.68694
5844	-2073.5	-2227.822	154.322	1.431304	0.820977	0.120415	0.0442584	0.0143494	1.150774	3.955355
5850	-2075.621	-2228.106	152.4853	2.079925	0.895961	0.0296498	0.0709482	0.00344139	1.0497	4.755663
5856	-2077.656	-2230.82	153.1646	1.278347	0.820108	0.040583	0.131979	0.00732923	1.029585	4.755663
5862	-2092.011	-2243.686	151.6748	1.015706	0.61371	0.303773	0.0377508	0.0447659	0.9712653	5.750586
5868	-2093.594	-2243.412	149.8178	1.298208	0.600669	0.29572	0.0221158	0.0814943	0.863447	6.672305
5874	-2089.501	-2238.734	149.2325	1.251825	0.712191	0.13129	0.13133	0.0251891	0.9385394	6.970659
5880	-2073.933	-2229.141	155.2086	1.060274	0.630531	0.257899	0.0943468	0.0172229	1.273655	3.572416
5886	-2074.903	-2226.859	151.9558	1.287478	0.757721	0.0601643	0.172332	0.00978232	1.032796	5.41961
5892	-2076.297	-2230.267	153.9697	1.065213	0.753703	0.0598452	0.182126	0.00432646	1.11825	4.367623
5898	-2074.436	-2228.339	153.9031	1.62531	0.812208	0.0589782	0.126398	0.0024165	1.241896	4.047784
5904	-2067.871	-2221.23	153.3586	1.082783	0.715099	0.234328	0.0495995	0.000973651	1.152511	4.682218
5910	-2085.834	-2240.041	154.2079	0.9784259	0.86666	0.0825399	0.0392662	0.0115343	1.21847	4.224938
5916	-2084.144	-2240.111	155.967	1.085147	0.774009	0.206625	0.0090647	0.0103012	1.42343	3.022531
5922	-2076.168	-2230.613	154.4457	1.368494	0.923226	0.0524163	0.0108122	0.0135456	1.278464	3.843183
5928	-2079.083	-2233.939	154.8566	1.597345	0.91414	0.0670726	0.00145415	0.0173331	1.242365	3.511389
5934	-2087.496	-2243.659	156.1629	1.574743	0.884249	0.0699448	0.00465133	0.0411552	1.246913	2.741809
5940	-2092.224	-2248.274	156.0495	1.160652	0.736946	0.153986	0.0747686	0.0342993	1.415118	2.9342
5946	-2075.248	-2231.87	156.6222	0.9415496	0.761814	0.175993	0.0229923	0.0392012	1.346891	2.759186
5952	-2073.121	-2227.125	154.0038	1.278344	0.770522	0.0964016	0.109018	0.0240581	1.126637	4.228792
5958	-2080.984	-2234.576	153.5916	1.539504	0.645331	0.190864	0.136185	0.0276193	1.307409	4.228792
5964	-2083.208	-2237.34	154.1328	1.448594	0.758801	0.0844485	0.135425	0.0213253	1.153815	4.053058
5970	-2083.223	-2237.66	154.4374	0.9840158	0.668317	0.168109	0.135203	0.0283706	1.141417	4.135143
5976	-2081.743	-2236.418	154.6749	1.241908	0.755237	0.113963	0.108855	0.0219445	1.283397	3.774985
5982	-2080.6	-2234.45	153.8506	0.9822556	0.570377	0.260191	0.13381	0.0356227	1.208579	4.430302
5988	-2077.377	-2232.481	155.1044	0.9603468	0.693121	0.123702	0.162605	0.0205724	1.173202	3.748591
5994	-2085.975	-2241.278	155.3028	1.208119	0.723823	0.217825	0.051347	0.00700441	1.173202	3.493191
6000	-2079.556	-2232.801	153.2452	1.141602	0.59709	0.219427	0.105073	0.0784105	1.033958	4.780008
6006	-2096.522	-2248.004	151.4823	1.104739	0.6034	0.221746	0.103168	0.0716857	0.9886935	5.798456
6012	-2097.769	-2249.845	152.0761	1.062031	0.631303	0.243648	0.074651	0.0503982	1.162477	5.399931
6018	-2089.572	-2241.805	152.233	1.086288	0.664638	0.221619	0.0679015	0.0458416	1.00831	5.385336
6024	-2088.295	-2242.235	153.9404	1.061147	0.716237	0.0669884	0.182387	0.0343876	1.165354	4.359832
6030	-2086.524	-2239.74	153.2162	1.129753	0.679617	0.0758609	0.236998	0.00752469	1.129643	4.749145
6036	-2082.399	-2233.896	151.4973	1.348464	0.724979	0.0653821	0.199302	0.0103374	0.8919954	5.718293
6042	-2079.066	-2230.471	151.4046	1.588197	0.804179	0.00564831	0.115925	0.0742476	0.8307364	5.688242
6048	-2073.118	-2225.11	151.9922	1.454113	0.889562	0.00399172	0.0648872	0.0415589	1.027878	5.31988
6054	-2076.537	-2230.307	153.7698	1.212053	0.762732	0.00639762	0.216773	0.014097	1.194666	4.357667
6060	-2077.119	-2231.196	154.0772	1.243359	0.741852	0.00359656	0.210839	0.0437122	1.277822	4.119656
6066	-2082.549	-2237.869	155.3198	1.243359	0.772624	0.00462954	0.152056	0.0706905	1.225168	3.433625
6072	-2083.731	-2239.085	155.3537	1.181187	0.714063	0.00762611	0.266657	0.0116547	1.249667	3.433625
6078	-2092.388	-2246.843	154.4544	1.15806	0.697589	0.00806247	0.282027	0.0123216	1.206907	3.990855
6084	-2096.005	-2253.246	157.2403	0.9574661	0.761962	0.00880646	0.215773	0.0134586	1.51373	2.258523
6090	-2090.423	-2243.127	152.704	1.784187	0.884639	0.0332844	0.00470005	0.0773765	1.127929	4.716131
6096	-2098.214	-2252.658	154.4446	1.414814	0.793996	0.138723	0.00820714	0.0590739	1.052167	3.949936
6102	-2088.946	-2241.64	152.6939	1.263319	0.700487	0.216196	0.010967	0.0723499	1.074793	5.000422
6108	-2073.874	-2225.7	151.8265	1.352012	0.711464	0.208273	0.0105651	0.0696983	0.9318506	5.513966
6114	-2073.352	-2228.794	155.4426	1.051069	0.684299	0.252585	0.0348704	0.0282456	1.246594	3.457068
6120	-2089.267	-2244.834	155.5667	1.648887	0.855209	0.0324596	0.109891	0.00244023	1.533271	2.892503
6126	-2079.95	-2236.006	156.0555	1.342584	0.815713	0.0309605	0.150999	0.00232753	1.350402	2.867562
6132	-2078.048	-2234.106	156.0582	1.516445	0.815158	0.0374343	0.134402	0.0130061	1.477755	2.694909
6138	-2079.9	-2235.228	155.3286	1.01506	0.703676	0.118593	0.173537	0.00419472	1.211512	3.564763
6144	-2081.144	-2236.496	155.3524	1.399068	0.747072	0.140272	0.11043	0.00222601	1.41262	3.220759
6150	-2082.22	-2238.232	156.0117	1.199152	0.778328	0.173901	0.0454523	0.00231914	1.324992	2.98915
6156	-2087.395	-2243.72	156.3252	1.199152	0.787123	0.0716491	0.138679	0.00254913	1.40167	2.75289
6162	-2089.198	-2244.722	155.5233	1.33823	0.818278	0.156238	0.011473	0.0140119	1.329187	3.201245
6168	-2092.398	-2246.314	153.9153	1.326378	0.827568	0.148179	0.0183024	0.00595064	1.087784	4.27609
6174	-2089.836	-2245.73	155.8943	1.167199	0.605147	0.297552	0.0832617	0.0140395	1.460558	2.996412
6180	-2083.792	-2240.427	156.6352	0.8833215	0.686287	0.236845	0.0666566	0.0102113	1.523282	2.679629
6186	-2088.599	-2243.842	155.2424	1.201525	0.670183	0.241997	0.0681066	0.0197131	1.327821	3.44176
6192	-2079.735	-2233.823	154.0876	1.201525	0.722844	0.141837	0.116426	0.0188932	1.253821	4.149661
6198	-2074.452	-2227.773	153.3207	1.166791	0.643008	0.190895	0.152675	0.0134216	1.285866	4.583271
6204	-2068.698	-2221.959	153.2613	1.095472	0.824534	0.139607	0.0249138	0.0109458	1.21388	4.695366
6210	-2065.384	-2219.938	154.554	1.483792	0.782871	0.187197	0.00813084	0.0218012	1.370534	3.668945
6216	-2065.157	-2221.84	156.683	1.145149	0.74424	0.182926	0.042408	0.0304259	1.658276	2.403506
6222	-2080.809	-2235.694	154.8844	1.156138	0.805746	0.0818748	0.111236	0.0011435	1.485955	3.583382
6228	-2076.402	-2233.319	156.9172	1.158364	0.780197	0.105439	0.107709	0.00665472	1.764037	2.177943
6234	-2066.499	-2223.244	156.7448	1.074846	0.757837	0.102418	0.119112	0.0206326	1.465116	2.528606
6240	-2074.381	-2231.561	157.1799	1.122379	0.659175	0.217912	0.103605	0.0193081	1.615179	2.126263
6246	-2077.937	-2234.997	157.0595	1.122379	0.857572	0.081688	0.0394622	0.0212775	1.578816	2.228079
6252	-2082.152	-2239.167	157.0153	1.678021	0.830312	0.0715634	0.0804968	0.0176283	1.544152	1.954917
6258	-2088.687	-2244.956	156.2688	1.724064	0.702237	0.138715	0.107558	0.0514898	1.523346	2.428175
6264	-2066.624	-2223.312	156.6881	1.338099	0.753827	0.159933	0.0716046	0.0146345	1.634808	2.30099
6270	-2082.221	-2239.521	157.3004	1.044016	0.747809	0.115633	0.111752	0.0248059	1.611845	2.099705
6276	-2097.721	-2254.674	156.9528	1.218505	0.593089	0.317006	0.0794693	0.0104355	1.533255	2.267096
6282	-2090.867	-2246.446	155.5787	1.450235	0.817128	0.0801274	0.0962068	0.00653813	1.406335	3.06308
6288	-2088.072	-2244.633	156.5617	1.126518	0.652057	0.241913	0.0979254	0.00810451	1.549211	2.55899
6294	-2097.551	-2250.758	153.2067	1.811397	0.773269	0.0250538	0.143107	0.0585708	1.262011	4.346062
6300	-2080.705	-2234.263	153.5574	1.302561	0.656289	0.152293	0.145059	0.046358	1.29543	4.373309
6306	-2076.942	-2232.389	155.4474	1.05231	0.719775	0.15749	0.0813901	0.0413455	1.452425	3.332833
6312	-2082.119	-2237.182	155.0629	1.273538	0.673076	0.196583	0.113161	0.0171805	1.327146	3.507745
6318	-2068.294	-2222.199	153.9044	1.409242	0.836415	0.0780185	0.0702799	0.0152864	1.280841	4.130539
6324	-2080.439	-2232.236	151.7976	1.598854	0.692622	0.114499	0.164715	0.0281644	1.093822	5.322484
6330	-2073.552	-2224.891	151.3393	1.174268	0.60534	0.287305	0.104519	0.00283621	0.9771556	5.846451
6336	-2085.029	-2239.504	154.4746	0.9204812	0.509859	0.42778	0.0570892	0.00527176	1.114276	4.166031
6342	-2073.988	-2225.925	151.9367	1.47773	0.744063	0.248122	0.00571482	0.0021006	1.264051	5.20872
6348	-2074.5	-2226.309	151.8085	1.159791	0.69004	0.297973	0.00876477	0.00322167	1.023825	5.571328
6354	-2095.217	-2248.755	153.538	1.399178	0.793365	0.176895	0.0250834	0.00465632	1.087256	4.452513
6360	-2075.916	-2228.682	152.7664	1.362439	0.70204	0.159585	0.0857633	0.0526111	1.025219	4.937425
6366	-2076.336	-2229.025	152.6891	1.360118	0.7875	0.104148	0.0597169	0.0486354	1.10462	4.937425
6372	-2074.077	-2226.667	152.5905	1.443528	0.679677	0.0898881	0.155429	0.0750058	1.129189	4.937425
6378	-2092.891	-2244.728	151.8368	1.079865	0.667335	0.0675272	0.23783	0.0273074	1.126588	5.541768
6384	-2087.333	-2240.987	153.6543	1.177881	0.795287	0.133489	0.0696496	0.0015741	0.9458516	4.580929
6390	-2083.599	-2238.235	154.6366	1.359419	0.831389	0.10971	0.0484238	0.010478	1.118364	3.830131
6396	-2075.743	-2231.12	155.3773	1.309741	0.630583	0.180155	0.171645	0.0176161	1.259631	3.343788
6402	-2073.663	-2228.791	155.1283	1.292189	0.68684	0.108308	0.186403	0.0184492	1.263169	3.496942
6408	-2075.173	-2226.805	151.6324	1.275942	0.815018	0.000397671	0.162692	0.0218921	0.8255929	5.716928
6414	-2074.034	-2225.752	151.7175	1.464884	0.67701	0.00208745	0.181255	0.139648	0.9129695	5.529303
6420	-2077.52	-2231.151	153.6304	1.464884	0.776546	0.0201198	0.175398	0.0279371	0.9055571	4.470219
6426	-2074.443	-2228.013	153.5702	1.397282	0.758902	0.00356555	0.203166	0.0343661	1.025313	4.470219
6432	-2071.707	-2224.313	152.6052	1.381053	0.826739	0.00275671	0.143617	0.0268866	1.229769	4.904022
6438	-2072.545	-2227.095	154.5494	0.9359646	0.517624	0.362338	0.0973453	0.0226927	1.354916	3.977204
6444	-2074.442	-2227.032	152.5896	1.095282	0.503818	0.374768	0.0947491	0.0266641	1.114467	5.124766
6450	-2070.949	-2225.322	154.3729	1.084969	0.637968	0.24935	0.0870629	0.0256189	1.156256	4.106511
6456	-2077.374	-2231.25	153.8764	1.215784	0.714665	0.217977	0.0474739	0.0198832	1.260096	4.25837
6462	-2080.414	-2234.768	154.354	1.232153	0.812578	0.0788894	0.0980961	0.0104371	1.204271	4.009723
6468	-2075.257	-2228.594	153.3367	1.340359	0.74242	0.207086	0.039318	0.011176	1.046091	4.618373
6474	-2075.396	-2227.156	151.7603	1.63346	0.803498	0.0498439	0.1332	0.0134579	0.999476	5.37922
6480	-2078.193	-2232.74	154.5477	1.013537	0.666583	0.224665	0.101288	0.00746355	1.093178	4.083007
6486	-2074.355	-2225.66	151.305	1.481855	0.66919	0.1174	0.207151	0.00625939	1.101167	5.644385
6492	-2093.363	-2245.205	151.842	1.472431	0.813753	0.142761	0.0328807	0.0106047	1.042258	5.386
6498	-2084.808	-2238.298	153.4898	1.721095	0.803648	0.151086	0.0324724	0.0127934	1.155878	4.286855
6504	-2073.414	-2227.877	154.4627	1.495079	0.728246	0.17264	0.0916352	0.00747937	1.20092	3.813935
6510	-2081.859	-2236.343	154.4844	1.778572	0.709368	0.244881	0.0225945	0.0231566	1.05511	3.749942
6516	-2082.102	-2237.28	155.1788	1.204618	0.689435	0.237999	0.0219596	0.0506062	1.243048	3.526703
6522	-2073.97	-2228.171	154.2004	1.180498	0.71806	0.246232	0.0117556	0.0239525	1.070766	4.200917
6528	-2083.348	-2234.497	151.1487	1.408254	0.635506	0.335152	0.0252732	0.00406883	1.033262	5.802565
6534	-2083.961	-2239.465	155.5041	1.685215	0.736744	0.0777315	0.162193	0.023331	1.417886	2.981751
6540	-2082.928	-2236.925	153.9969	1.392564	0.710623	0.202784	0.080897	0.00569525	0.8996043	4.302706
6546	-2068.91	-2221.856	152.9454	1.212383	0.597857	0.305575	0.0933468	0.00322129	0.9927443	4.932652
6552	-2082.869	-2236.917	154.0475	1.470168	0.74613	0.164387	0.0644403	0.0250426	1.143517	4.096764
6558	-2077.953	-2231.278	153.3244	1.382109	0.725738	0.157477	0.0819127	0.0348725	1.340874	4.438544
6564	-2073.785	-2228.247	154.4619	1.240347	0.685772	0.240276	0.0409999	0.0329521	1.294517	3.891922
6570	-2088.09	-2243.38	155.29	1.083659	0.600887	0.354832	0.0338517	0.0104292	1.288325	3.503103
6576	-2093.963	-2248.465	154.5024	1.170045	0.574477	0.34379	0.0695092	0.0122239	1.236297	3.940031
6582	-2101.511	-2254.397	152.8865	1.221903	0.822759	0.0941906	0.0438438	0.0392065	0.9695768	4.973319
6588	-2080.589	-2234.445	153.8558	1.595214	0.722544	0.156124	0.0825956	0.0387368	1.164061	4.133368
6594	-2086.542	-2242.037	155.4951	1.507821	0.915973	0.0363762	0.0388263	0.0088241	1.571755	2.984155
6600	-2090.973	-2243.576	152.6033	0.8892129	0.740704	0.193442	0.0348697	0.0309842	0.9554608	5.319294
6606	-2071.002	-2222.82	151.8181	1.165223	0.801345	0.135387	0.0377244	0.025544	1.182275	5.476106
6612	-2069.914	-2224.162	154.2481	1.180907	0.765354	0.177545	0.0508359	0.00626535	1.149765	4.128674
6618	-2074.899	-2228.479	153.5796	1.076374	0.682632	0.129116	0.185276	0.0029759	1.159292	4.558006
6624	-2072.935	-2225.959	153.0245	0.9557107	0.643108	0.136266	0.217485	0.00314071	1.056803	4.992363
6630	-2070.434	-2223.292	152.8584	1.144099	0.754419	0.134703	0.10077	0.0101091	1.03721	4.992363
6636	-2086.655	-2239.65	152.9948	1.144099	0.6267	0.128971	0.242311	0.00201801	1.1362	4.861348
6642	-2083.908	-2237.193	153.2848	1.173787	0.662049	0.0801635	0.255979	0.00180831	1.087724	4.710648
6648	-2075.985	-2229.887	153.9021	1.573554	0.813611	0.0682434	0.116977	0.00116888	1.147344	4.12694
6654	-2081.46	-2235.787	154.3271	1.235599	0.706246	0.084789	0.208227	0.000737207	1.05499	4.10835
6660	-2082.832	-2237.364	154.5312	1.320868	0.821974	0.107242	0.0698146	0.000969986	1.067554	3.939807
6666	-2082.988	-2235.757	152.7688	1.230712	0.689648	0.272959	0.0365788	0.000813833	1.130344	4.944793
6672	-2084.983	-2237.982	152.9989	1.230712	0.703986	0.274644	0.0103884	0.0109813	0.9002584	4.944793
6678	-2084.862	-2236.644	151.7824	0.9633578	0.556528	0.288787	0.108786	0.0458986	0.9238743	5.746325
6684	-2077.229	-2230.434	153.2042	1.348499	0.566195	0.329738	0.0650496	0.0390172	1.232003	4.584318
6690	-2075.659	-2230.218	154.5594	1.052712	0.653787	0.263864	0.042413	0.0399366	1.350388	3.907117
6696	-2086.84	-2242.261	155.4213	1.052712	0.575228	0.355045	0.0425217	0.0272054	1.323639	3.42349
6702	-2079.863	-2237.962	158.0985	1.297257	0.658153	0.289994	0.0498838	0.00196849	2.078175	0.9508787
6708	-2083.587	-2241.49	157.9031	1.297257	0.830699	0.122955	0.0445859	0.00175943	2.045158	1.167802
6714	-2081.302	-2233.913	152.6112	1.125674	0.745056	0.156221	0.0714026	0.0273201	0.9836081	5.169
6720	-2084.448	-2234.117	149.6693	1.202105	0.622956	0.299503	0.0554213	0.0221199	1.033635	6.708866
6726	-2082.311	-2234.833	152.5216	1.267976	0.649361	0.118485	0.228291	0.00386332	1.006474	5.131502
6732	-2080.307	-2235.217	154.9095	1.344898	0.714193	0.136078	0.145292	0.00443696	1.21409	3.624818
6738	-2080.118	-2235.924	155.8056	0.9950525	0.692407	0.149745	0.152141	0.00570651	1.108685	3.357731
6744	-2083.349	-2240.341	156.9918	1.505243	0.615139	0.227329	0.155951	0.00158126	1.895424	1.830745
6750	-2076.59	-2233.343	156.7534	1.238213	0.826885	0.123542	0.0401547	0.00941786	1.603792	2.337658
6756	-2065.37	-2220.864	155.494	1.046145	0.760883	0.116405	0.121063	0.00164892	1.406425	3.336032
6762	-2065.658	-2220.676	155.0176	1.016369	0.702803	0.218622	0.0724456	0.00612941	1.377715	3.648076
6768	-2072.388	-2227.909	155.5212	1.063962	0.831645	0.0310847	0.129074	0.00819712	1.322129	3.359278
6774	-2079.021	-2236.333	157.3121	0.976105	0.734287	0.0976494	0.1564	0.0116637	1.522674	2.194348
6780	-2083.176	-2239.373	156.1961	0.91329	0.805324	0.0577468	0.124138	0.012792	1.253668	3.089787
6786	-2085.305	-2240.662	155.3573	1.34811	0.767209	0.115614	0.0934461	0.0237309	1.370647	3.269629
6792	-2076.952	-2231.281	154.3286	0.8032229	0.622375	0.314697	0.0489084	0.01402	1.212662	4.261866
6798	-2075.091	-2228.723	153.6323	1.45808	0.625169	0.281332	0.0894199	0.00407892	1.144614	4.337653
6804	-2081.284	-2234.942	153.6581	1.000581	0.408113	0.510241	0.0788078	0.00283854	1.011027	4.639206
6810	-2081.815	-2235.017	153.2023	1.449811	0.661463	0.260956	0.0731405	0.00443992	1.045962	4.639206
6816	-2075.769	-2229.079	153.3096	1.118515	0.643632	0.280879	0.0711689	0.00432023	1.350932	4.578996
6822	-2071.804	-2225.03	153.2252	1.217453	0.52047	0.47257	0.00480089	0.00215845	1.159779	4.680618
6828	-2079.244	-2233.562	154.3172	1.134347	0.407585	0.570318	0.0191319	0.0029651	1.244325	4.060798
6834	-2076.547	-2231.673	155.1257	0.9971567	0.54789	0.412971	0.0245552	0.0145838	1.173224	3.714908
6840	-2069.151	-2223.042	153.8908	1.011195	0.508275	0.38311	0.0950858	0.0135293	1.200285	4.395999
6846	-2072.792	-2226.001	153.2088	1.185388	0.605337	0.23123	0.0520221	0.111411	1.122083	4.727786
6852	-2079.895	-2234.246	154.351	1.595032	0.757376	0.113138	0.0901846	0.0393019	1.051385	3.915058
6858	-2071.376	-2225.412	154.0362	1.234108	0.559126	0.329661	0.0774575	0.0337555	1.011199	4.299123
6864	-2085.191	-2239.304	154.1124	0.8932536	0.579767	0.302638	0.0819024	0.0356926	1.104072	4.392627
6870	-2090.715	-2245.284	154.5691	1.344829	0.704305	0.145058	0.104916	0.0457216	1.146839	3.860126
6876	-2085.573	-2240.289	154.7162	1.165304	0.748133	0.155251	0.0799618	0.0166537	1.155107	3.866587
6882	-2073.285	-2228.935	155.6499	0.9814732	0.650016	0.217703	0.117812	0.0144695	1.382526	3.296261
6888	-2071.215	-2227.481	156.266	0.9814732	0.658486	0.195959	0.129634	0.0159215	1.290383	2.984604
6894	-2076.849	-2231.773	154.924	1.542237	0.736286	0.219111	0.0298655	0.0147371	1.199105	3.524466
6900	-2085.742	-2240.747	155.0048	1.091732	0.601548	0.24006	0.146272	0.0121203	1.374143	3.614486
6906	-2081.453	-2236.481	155.028	1.108312	0.711066	0.0985805	0.172902	0.0174507	1.33489	3.614486
6912	-2080.494	-2235.414	154.9193	1.247222	0.462623	0.479585	0.0378785	0.0199141	1.246225	3.652427
6918	-2104.979	-2259.225	154.2451	2.036476	0.467587	0.487599	0.0210629	0.0237508	1.264523	3.652427
6924	-2081.872	-2237.504	155.6323	1.527103	0.719808	0.24056	0.0391768	0.000455149	1.494973	2.93782
6930	-2081.585	-2237.5	155.915	1.150215	0.788726	0.117962	0.0665976	0.0267149	1.186433	3.157438
6936	-2086.096	-2242.293	156.197	1.10916	0.576995	0.179346	0.197648	0.0460104	1.336095	2.922764
6942	-2095.839	-2249.633	153.7937	1.008899	0.559201	0.358987	0.0809943	0.000817865	1.165888	4.471407
6948	-2099.2	-2251.488	152.2878	1.055218	0.539323	0.364232	0.0957523	0.000692665	1.230108	5.249482
6954	-2086.064	-2240.421	154.3572	1.188691	0.694913	0.202438	0.0965814	0.00606831	1.003709	4.145483
6960	-2085.033	-2239.088	154.0545	1.292836	0.628542	0.302587	0.0464926	0.0223776	1.310054	4.088173
6966	-2089.406	-2241.264	151.8584	1.110721	0.686059	0.233898	0.0623907	0.0176522	1.075905	5.541235
6972	-2090.315	-2246.239	155.9238	1.369223	0.746343	0.178143	0.0692008	0.00631335	1.370146	2.920686
6978	-2084.441	-2240.499	156.0571	1.239431	0.814682	0.117711	0.0319827	0.0356243	1.539424	2.809317
6984	-2079.971	-2234.188	154.2175	1.532058	0.766873	0.110803	0.105767	0.0165564	1.38714	3.829557
6990	-2078.863	-2235.239	156.3754	1.330538	0.81023	0.0345001	0.146968	0.008302	1.505686	2.58321
6996	-2091.206	-2246.906	155.7002	1.191299	0.842608	0.0445255	0.0824478	0.0304184	1.329336	3.176881
7002	-2077.879	-2231.419	153.5394	1.411466	0.542571	0.369787	0.0584285	0.0292138	1.26873	4.343182
7008	-2076.607	-2230.417	153.8104	1.213618	0.522959	0.356421	0.0924625	0.0281579	1.178241	4.343182
7014	-2081.104	-2234.45	153.3461	1.257147	0.581052	0.313978	0.0225606	0.0824094	1.165208	4.589052
7020	-2079.521	-2233.118	153.5967	1.374128	0.603158	0.325923	0.0683642	0.00255534	1.074031	4.439499
7026	-2080.643	-2234.51	153.8663	1.374128	0.731925	0.0709774	0.191131	0.00596674	1.047615	4.302164
7032	-2072.585	-2226.971	154.3859	1.054614	0.773272	0.0487869	0.175825	0.00211556	1.147926	4.120766
7038	-2084.713	-2238.675	153.962	1.318319	0.791994	0.121306	0.0655041	0.0211957	1.321997	4.120766
7044	-2084.499	-2239.24	154.7405	1.247708	0.716215	0.238472	0.0259732	0.0193402	1.328311	3.708091
7050	-2089.973	-2246.441	156.4687	1.199097	0.914842	0.0312675	0.0184356	0.0354554	1.31997	2.715106
7056	-2088.787	-2244.245	155.4579	1.143444	0.74014	0.089242	0.0453742	0.125244	1.232037	3.403998
7062	-2076.848	-2232.017	155.1697	1.231406	0.764648	0.0929798	0.124864	0.0175083	1.378156	3.438429
7068	-2083.146	-2240.121	156.9751	1.031449	0.580615	0.272546	0.104851	0.0419881	1.468909	2.408661
7074	-2071.189	-2227.032	155.8423	1.300259	0.828523	0.130712	0.00981488	0.0309506	1.220333	3.096916
7080	-2084.857	-2240.948	156.0902	1.170243	0.739912	0.0544497	0.145024	0.0606145	1.337869	2.950687
7086	-2075.944	-2229.402	153.4579	1.070271	0.631235	0.0679167	0.256438	0.0444103	1.375818	4.508068
7092	-2077.097	-2232.284	155.1867	1.0022	0.693121	0.0450185	0.247614	0.0142466	1.273621	3.618545
7098	-2080.035	-2234.19	154.1557	1.362421	0.752349	0.0741067	0.161752	0.0117924	1.217811	4.047093
7104	-2079.499	-2234.389	154.8904	1.660009	0.783861	0.0444151	0.168528	0.00319583	1.161388	3.508535
7110	-2087.099	-2243.905	156.8064	1.420598	0.79605	0.101173	0.090661	0.0121166	1.647032	2.16943
7116	-2083.419	-2240.547	157.128	1.560517	0.753187	0.0786644	0.072486	0.0956631	1.662563	1.864688
7122	-2090.826	-2247.756	156.9297	1.172482	0.76887	0.0988066	0.0570423	0.0752814	1.57321	2.284195
7128	-2074.544	-2231.383	156.8397	1.086785	0.701293	0.183122	0.101829	0.0137562	1.63852	2.352533
7134	-2077.796	-2234.321	156.5255	1.131782	0.69322	0.215273	0.0806165	0.0108906	1.550829	2.577343
7140	-2078.121	-2233.991	155.8705	1.115245	0.772023	0.142325	0.0847111	0.00094117	1.44781	3.0482
7146	-2078.522	-2234.718	156.1957	1.272342	0.715221	0.147656	0.136252	0.000871923	1.466807	2.750469
7152	-2072.556	-2228.3	155.7439	1.273022	0.680851	0.172652	0.145288	0.00120944	1.405359	3.060123
7158	-2074.399	-2228.964	154.5653	1.252991	0.629856	0.200148	0.168426	0.00157038	1.222106	3.867395
7164	-2084.187	-2239.004	154.8166	1.025333	0.717029	0.184342	0.0845152	0.0141136	1.189492	3.867395
7170	-2078.008	-2235.907	157.8998	1.480461	0.833268	0.12021	0.0460738	0.000448306	2.096424	0.9686993
7176	-2087.873	-2245.173	157.3005	2.368772	0.750257	0.238655	0.0102849	0.000802952	2.153757	0.8058562
7182	-2092.58	-2249.42	156.8399	1.508608	0.730017	0.211306	0.0544513	0.00422633	1.595667	2.131071
7188	-2092.773	-2248.843	156.0696	1.362712	0.87285	0.0851471	0.0256551	0.0163482	1.447456	2.789024
7194	-2096.927	-2251.819	154.8919	1.035799	0.606484	0.315378	0.0469317	0.0312061	1.283386	3.76407
7200	-2073.841	-2228.643	154.8016	1.178848	0.664663	0.305027	0.0195931	0.0107173	1.065502	3.861602
7206	-2089.2	-2242.881	153.681	1.178848	0.591218	0.262761	0.136488	0.00953308	1.215609	4.413649
7212	-2082.419	-2237.18	154.7614	1.23584	0.801541	0.106288	0.081167	0.0110041	1.291679	3.7236
7218	-2087.437	-2243.38	155.943	0.970039	0.601644	0.331654	0.0609247	0.00577702	1.328685	3.161518
7224	-2060.638	-2217.579	156.9412	1.33827	0.784875	0.104927	0.109594	0.00060427	1.631061	2.139969
7230	-2067.949	-2224.713	156.7641	1.520939	0.816369	0.0244646	0.151931	0.00723599	1.684695	2.115545
7236	-2078.356	-2235.227	156.8709	1.121704	0.882432	0.021196	0.0717051	0.0246668	1.3997	2.462179
7242	-2091.779	-2247.18	155.4008	1.231774	0.808316	0.106731	0.0650189	0.0199337	1.461787	3.253217
7248	-2074.014	-2229.48	155.4656	1.290582	0.702359	0.113677	0.135439	0.0485256	1.342538	3.253217
7254	-2067.894	-2223.631	155.7372	1.133938	0.776264	0.11386	0.0808933	0.0289828	1.218187	3.253217
7260	-2071.639	-2228.222	156.5832	1.918841	0.894471	0.0258368	0.0750305	0.00466136	1.574852	2.094651
7266	-2068.941	-2224.694	155.753	1.263186	0.708029	0.0281467	0.258325	0.00549868	1.23904	3.15921
7272	-2078.362	-2233.77	155.4086	1.096263	0.510119	0.157338	0.326593	0.00594872	1.195864	3.480704
7278	-2077.471	-2232.923	155.4517	1.134937	0.593012	0.046269	0.355803	0.00491682	1.324616	3.358137
7284	-2078.026	-2232.967	154.9408	0.9046984	0.747929	0.0625104	0.175043	0.0145177	1.075998	3.931118
7290	-2077.614	-2231.318	153.7044	1.234875	0.800635	0.0115769	0.173407	0.0143819	1.002817	4.490637
7296	-2082.776	-2238.397	155.6209	1.185717	0.602364	0.0276151	0.335715	0.0343061	1.213973	3.295127
7302	-2086.414	-2243.623	157.2095	1.127815	0.604706	0.0277224	0.342719	0.0248531	1.469184	2.198566
7308	-2076.16	-2232.363	156.2035	1.478606	0.72214	0.0162027	0.200306	0.061351	1.488749	2.618762
7314	-2089.572	-2242.928	153.3553	1.264461	0.756426	0.162845	0.0503922	0.0303373	1.03859	4.651077
7320	-2079.215	-2231.883	152.6682	1.289593	0.778502	0.167598	0.0324943	0.0214056	1.127645	4.971898
7326	-2086.796	-2240.733	153.9363	1.440756	0.784046	0.0412362	0.145691	0.0290269	1.235551	4.122333
7332	-2095.302	-2249.924	154.6217	0.8129752	0.531678	0.342675	0.118034	0.00761297	1.133636	4.134581
7338	-2100.278	-2257.005	156.7272	1.007282	0.673776	0.190607	0.1274	0.00821708	1.630409	2.47808
7344	-2069.727	-2225.604	155.8771	1.74609	0.869389	0.0809103	0.0370047	0.0126962	1.341755	2.772218
7350	-2071.357	-2226.609	155.2522	1.581848	0.711702	0.164123	0.11153	0.0126439	1.437849	3.171486
7356	-2061.818	-2218.418	156.5998	1.284741	0.677287	0.195085	0.115596	0.0120325	1.386082	2.544055
7362	-2066.178	-2220.431	154.2523	1.284741	0.67802	0.258952	0.0607387	0.00228868	1.391309	3.933061
7368	-2072.49	-2225.97	153.4805	1.545264	0.626645	0.331012	0.0408051	0.00153756	1.09977	4.406234
7374	-2077.359	-2232.416	155.0575	1.019221	0.602586	0.318304	0.0776312	0.00147853	1.018547	3.8307
7380	-2086.636	-2239.399	152.7634	1.05896	0.738702	0.228322	0.0319153	0.00106056	1.030276	5.094802
7386	-2087.708	-2239.542	151.834	1.280734	0.717388	0.209033	0.0716187	0.0019606	0.8958611	5.565312
7392	-2090.669	-2240.919	150.2504	1.231035	0.461112	0.452169	0.0849237	0.00179542	0.8268521	6.491657
7398	-2080.411	-2231.562	151.1512	0.9407355	0.679941	0.221068	0.0958591	0.00313258	0.8272822	6.156151
7404	-2092.641	-2246.247	153.6055	0.8749113	0.601349	0.218958	0.174007	0.00568637	0.9840116	4.755246
7410	-2096.974	-2249.233	152.2593	1.453103	0.633524	0.182317	0.153537	0.0306217	1.128052	5.117265
7416	-2088.001	-2242.329	154.3279	1.61969	0.798453	0.161366	0.0322562	0.00792528	1.154782	3.857168
7422	-2087.846	-2244.014	156.1684	1.16946	0.676791	0.201676	0.0788303	0.0427023	1.445058	2.839106
7428	-2089.622	-2245.14	155.5175	1.057328	0.664099	0.221113	0.0790903	0.0356974	1.412093	3.312375
7434	-2089.808	-2241.823	152.0148	1.259504	0.580091	0.276413	0.0988706	0.0446252	1.291583	5.258517
7440	-2093.376	-2245.567	152.1914	1.237438	0.535521	0.296753	0.107139	0.0605863	1.135527	5.258517
7446	-2095.572	-2249.334	153.7616	1.25973	0.691963	0.205051	0.0810638	0.021922	1.152393	4.36104
7452	-2089.875	-2246.786	156.9104	1.099292	0.590828	0.374139	0.0306513	0.00438219	1.486157	2.396571
7458	-2091.367	-2248.532	157.1653	1.064832	0.699415	0.228254	0.0571312	0.0151993	1.436761	2.287329
7464	-2093.597	-2250.921	157.324	1.064832	0.595796	0.194438	0.202197	0.0075679	1.386918	2.217367
7470	-2103.871	-2260.662	156.7904	0.1505673	0.0603836	0.733226	0.0598867	0.146504	1.304732	3.007015
7476	-2081.533	-2238.569	157.0364	0.1886031	0.0324421	0.75503	0.0616675	0.150861	1.352315	2.869551
7482	-2101.048	-2253.386	152.3386	1.719344	0.852855	0.0739483	0.0718668	0.00132953	0.9867592	5.027378
7488	-2099.948	-2251.56	151.6125	1.748224	0.67695	0.263029	0.0479282	0.0120929	1.089268	5.359508
7494	-2069.101	-2222.605	153.5041	0.2215266	0.0976584	0.743034	0.0494492	0.109858	1.113631	5.049683
7500	-2076.019	-2230.48	154.4612	0.1900326	0.0767547	0.549864	0.104729	0.268652	1.020325	4.554956
7506	-2068.246	-2221.31	153.0642	0.1900326	0.0389232	0.63551	0.0864885	0.239078	0.9893093	5.349339
7512	-2080.539	-2234.532	153.9933	1.557162	0.763612	0.179958	0.0355613	0.0208685	1.229298	4.036191
7518	-2072.544	-2228.744	156.1996	1.303058	0.751618	0.0636589	0.164182	0.0205408	1.525847	2.694614
7524	-2088.19	-2242.199	154.0089	0.1964287	0.142272	0.618775	0.073758	0.165195	1.002499	4.82163
7530	-2082.592	-2237.066	154.4733	0.1854628	0.340034	0.394424	0.0470154	0.218527	0.9747654	4.570831
7536	-2088.644	-2243.154	154.5096	0.2377447	0.331306	0.580299	0.0632336	0.0251611	0.9708885	4.570831
7542	-2088.887	-2243.863	154.9754	0.1764884	0.411693	0.440126	0.071562	0.0766192	1.062725	4.231257
7548	-2091.173	-2245.86	154.687	0.1544471	0.389613	0.4491	0.0831054	0.0781815	0.9912778	4.41176
7554	-2093.577	-2249.031	155.4536	1.353744	0.803467	0.124299	0.0146142	0.0576193	1.273408	3.267168
7560	-2097.316	-2252.617	155.301	1.496813	0.885276	0.0163462	0.074269	0.0241088	1.299901	3.267168
7566	-2096.915	-2252.53	155.6152	1.352811	0.849133	0.0238246	0.108247	0.018795	1.337255	3.134104
7572	-2108.111	-2262.863	154.7523	1.351105	0.849885	0.00819042	0.122166	0.0197581	1.337255	3.64129
7578	-2109.054	-2262.176	153.122	1.905125	0.864273	0.00832908	0.124234	0.00316392	1.180245	4.398778
7584	-2101.737	-2259.714	157.9772	0.2793587	0.0248031	0.85693	0.056172	0.0620946	1.459969	2.232922
7590	-2084.498	-2242.785	158.287	0.1905702	0.0704902	0.78418	0.0526562	0.092674	1.459969	2.014579
7596	-2075.673	-2234.084	158.4105	0.2259451	0.437199	0.474928	0.00654822	0.0813247	1.636615	1.827701
7602	-2077.742	-2236.251	158.5089	0.1619765	0.560312	0.398227	0.00549068	0.0359707	1.722487	1.652044
7608	-2069.929	-2228.514	158.5851	0.1846247	0.242027	0.708712	0.000775958	0.0484852	1.681814	1.652044
7614	-2076.818	-2235.4	158.5816	0.179699	0.227679	0.614935	0.000452557	0.156934	1.929492	1.467585
7620	-2082.152	-2240.832	158.6795	0.1763449	0.183615	0.550436	0.000406576	0.265542	1.605348	1.631244
7626	-2089.011	-2247.518	158.5073	0.2313075	0.106017	0.756208	0.000433474	0.137342	1.768325	1.668804
7632	-2098.894	-2257.414	158.5205	0.2142925	0.0381882	0.636784	7.93612e-05	0.324949	1.748326	1.668804
7638	-2098.435	-2257.304	158.8694	0.1608046	0.266106	0.420133	0.000182894	0.313578	1.781302	1.334467
7644	-2102.556	-2261.139	158.5822	0.1637595	0.360753	0.507157	0.00023785	0.131852	1.847701	1.509362
7650	-2094.672	-2253.451	158.7786	0.1783321	0.18545	0.74649	0.000279436	0.0677805	1.777985	1.431419
7656	-2095.888	-2253.506	157.6178	0.2550792	0.218186	0.767016	0.000328762	0.0144694	1.636491	2.352364
7662	-2092.239	-2246.815	154.5762	1.757963	0.838379	0.0973548	0.0636199	0.00064585	1.128235	3.664115
7668	-2092.223	-2246.821	154.5975	1.490122	0.887997	0.0476944	0.0636625	0.000646283	1.329887	3.664115
7674	-2092.299	-2247.173	154.8741	1.566415	0.880186	0.050842	0.0685549	0.000417301	1.386878	3.431969
7680	-2091.122	-2244.992	153.87	0.2478685	0.504029	0.465987	0.00131847	0.0286659	0.9771281	4.92543
7686	-2081.353	-2237.127	155.7742	0.2041023	0.448182	0.457131	0.000665138	0.0940218	1.125805	3.755543
7692	-2072.978	-2225.402	152.4247	1.390023	0.71356	0.130721	0.153999	0.0017196	1.016552	5.118235
7698	-2085.955	-2241.236	155.2807	0.9410581	0.64442	0.325005	0.0291813	0.00139382	1.374292	3.541206
7704	-2084.611	-2238.645	154.0345	1.133386	0.713099	0.237078	0.0452421	0.00458097	1.112436	4.296815
7710	-2083.08	-2238.821	155.7412	0.188395	0.405588	0.434016	0.000160896	0.160236	1.181299	3.734236
7716	-2089.747	-2244.629	154.8825	0.188395	0.44815	0.41486	0.000137416	0.136852	1.169347	4.232104
7722	-2082.782	-2237.797	155.0152	1.032726	0.728895	0.115328	0.147494	0.00828282	1.103514	3.798441
7728	-2078.716	-2231.999	153.283	1.335511	0.667352	0.111651	0.214943	0.00605368	1.105387	4.617723
7734	-2075.546	-2228.687	153.141	1.335511	0.856817	0.0485017	0.0894834	0.00519806	1.244114	4.619576
7740	-2070.121	-2226.488	156.367	0.2217995	0.164997	0.763749	0.0396597	0.0315939	1.433626	3.23578
7746	-2080.633	-2237.543	156.91	0.2042201	0.232909	0.452444	0.0103937	0.304254	1.433626	2.905447
7752	-2075.286	-2230.531	155.2451	1.397288	0.589991	0.337205	0.0596247	0.0131787	1.282404	3.361703
7758	-2077.659	-2232.625	154.9658	1.026264	0.630204	0.320734	0.0318333	0.0172292	1.276913	3.730655
7764	-2098.492	-2255.036	156.544	0.1943264	0.147529	0.717031	0.0556813	0.0797589	1.213795	3.250235
7770	-2077.067	-2230.891	153.8243	1.04217	0.77215	0.123861	0.0942902	0.0096992	1.229567	4.39967
7776	-2078.318	-2231.138	152.8196	1.371786	0.788867	0.0948374	0.0963316	0.0199644	1.304821	4.747216
7782	-2094.275	-2246.681	152.4057	1.302403	0.657469	0.140912	0.186262	0.0153572	1.086048	5.134124
7788	-2092.611	-2246.116	153.5054	1.561778	0.764179	0.146205	0.0717662	0.0178498	1.248702	4.300161
7794	-2100.993	-2255.483	154.4899	1.053168	0.607655	0.336073	0.0278883	0.0283829	1.234043	4.013239
7800	-2095.51	-2246.897	151.3873	1.215553	0.57439	0.391683	0.00709844	0.0268291	1.102642	5.730174
7806	-2091.098	-2242.064	150.9668	1.653893	0.762771	0.175297	0.0343437	0.0275885	1.03333	5.787096
7812	-2070.764	-2225.625	154.8605	1.307448	0.804403	0.153025	0.0296995	0.0128724	1.351585	3.593194
7818	-2074.768	-2229.556	154.7883	1.069021	0.791572	0.129386	0.0693785	0.00966264	1.178367	3.865314
7824	-2079.583	-2234.341	154.7576	1.356026	0.534898	0.38207	0.0472037	0.0358287	1.305263	3.65421
7830	-2073.877	-2227.16	153.2838	1.229511	0.648786	0.278661	0.0384895	0.0340627	1.221611	4.606826
7836	-2074.844	-2228.413	153.569	1.229511	0.677388	0.286813	0.0189919	0.0168076	1.112751	4.50778
7842	-2087.956	-2240.865	152.9097	1.193487	0.676301	0.0702239	0.224123	0.0293521	0.9542253	4.983834
7848	-2080.819	-2234.937	154.1184	1.712464	0.849592	0.0426343	0.0787976	0.0289758	1.193352	3.911454
7854	-2079.572	-2236.637	157.0652	1.408792	0.806196	0.106705	0.0730066	0.0140925	1.604518	2.034369
7860	-2077.067	-2231.901	154.8348	1.3021	0.794132	0.0346565	0.0989245	0.0722873	1.519375	3.513387
7866	-2073.277	-2229.061	155.7839	1.160332	0.877494	0.0382945	0.0664536	0.0177582	1.521971	3.029725
7872	-2088.419	-2244.544	156.1253	1.241801	0.588538	0.377604	0.0226957	0.0111619	1.471337	2.807908
7878	-2088.777	-2246.192	157.415	1.022683	0.581218	0.37682	0.023129	0.0188328	1.551894	2.077676
7884	-2077.922	-2232.616	154.6935	1.406572	0.805529	0.0623346	0.0177128	0.114423	1.225686	3.711203
7890	-2067.375	-2221.545	154.17	1.184131	0.69522	0.171734	0.097827	0.0352185	1.15987	4.165583
7896	-2082.968	-2236.834	153.8659	1.174872	0.610709	0.150858	0.213196	0.0252361	1.354978	4.232473
7902	-2083.011	-2235.287	152.2758	1.347044	0.71515	0.0902102	0.17705	0.0175893	1.06547	5.194966
7908	-2087.986	-2240.352	152.3664	1.171375	0.728461	0.0607588	0.207974	0.0028063	0.9797763	5.282277
7914	-2074.964	-2228.744	153.7803	1.476644	0.845833	0.060944	0.0897259	0.00349686	1.15622	4.238188
7920	-2075.508	-2228.96	153.452	1.259704	0.803209	0.0207299	0.175555	0.000505791	1.204361	4.506259
7926	-2082.714	-2234.559	151.8442	1.259704	0.827799	0.0752194	0.0960229	0.000958286	1.113113	5.450915
7932	-2078.891	-2231.371	152.4799	1.18044	0.649338	0.14301	0.20307	0.00458192	1.113113	5.140947
7938	-2075.992	-2230.343	154.3505	0.8834558	0.594659	0.159253	0.241637	0.0044509	1.113113	4.258609
7944	-2089.361	-2243.155	153.7939	0.9628662	0.757867	0.072894	0.166515	0.00272336	1.239929	4.455621
7950	-2088.536	-2242.087	153.5515	1.223555	0.61866	0.294176	0.0843254	0.00283838	1.192284	4.475978
7956	-2090.978	-2243.153	152.1748	1.523085	0.685832	0.210955	0.099242	0.00397109	0.9908684	5.206474
7962	-2103.545	-2257.682	154.1372	1.531139	0.682775	0.210014	0.0987996	0.0084113	1.118782	4.029774
7968	-2091.969	-2246.068	154.0982	1.177261	0.580846	0.29392	0.115264	0.00997052	1.125418	4.229589
7974	-2093.79	-2250.103	156.3127	0.9291663	0.718822	0.161396	0.0467684	0.0730137	1.360475	2.946197
7980	-2091.131	-2244.686	153.5551	1.291191	0.800412	0.0347184	0.112062	0.0528084	1.186532	4.441909
7986	-2098.629	-2252.447	153.8183	1.672138	0.83815	0.0322214	0.0608309	0.0687974	1.193038	4.101901
7992	-2089.013	-2243.528	154.5147	1.237646	0.783226	0.148157	0.0384003	0.0302168	1.307998	3.855311
7998	-2080.619	-2235.404	154.7844	1.098138	0.691232	0.253506	0.0332074	0.0220539	1.316884	3.771488
8004	-2078.422	-2233.66	155.2382	0.9907887	0.665278	0.315519	0.00624552	0.0129579	1.289016	3.586375
8010	-2086.366	-2241.294	154.9283	1.151592	0.730352	0.226232	0.00343799	0.0399787	1.225459	3.711454
8016	-2085.403	-2240.631	155.2276	0.9844398	0.712622	0.197387	0.00632433	0.0836665	1.243754	3.622468
8022	-2075.733	-2228.847	153.1141	1.387211	0.719475	0.0640684	0.178261	0.038195	1.206499	4.62968
8028	-2070.732	-2225.452	154.72	1.285589	0.813057	0.0386517	0.111262	0.0370289	1.42351	3.644593
8034	-2078.258	-2231.896	153.6378	1.285589	0.819887	0.0618487	0.112197	0.00606704	1.296489	4.336112
8040	-2075.944	-2227.505	151.5612	1.430324	0.710543	0.0308973	0.199124	0.0594359	0.9097275	5.63354
8046	-2068.107	-2219.934	151.8276	1.272695	0.842043	0.0126622	0.123729	0.0215652	1.10915	5.455621
8052	-2076.281	-2230.706	154.425	1.028843	0.842043	0.0126622	0.123729	0.0215652	1.300026	4.026331
8058	-2074.617	-2228.283	153.6664	1.256375	0.860688	0.00446304	0.117865	0.0169844	1.131068	4.428508
8064	-2084.991	-2238.493	153.5017	1.262042	0.738565	0.0938987	0.165001	0.00253499	1.140894	4.51276
8070	-2073.041	-2227.964	154.9234	1.261325	0.717654	0.161433	0.111031	0.00988085	1.31214	3.604246
8076	-2068.36	-2224.393	156.0323	0.9278845	0.644233	0.280201	0.0732898	0.00227602	1.398	3.092534
8082	-2078.463	-2234.966	156.5037	1.144445	0.757775	0.178805	0.0626822	0.000737822	1.438655	2.652646
8088	-2082.185	-2235.986	153.8012	1.144445	0.780286	0.15184	0.0645443	0.00332942	1.238953	4.351194
8094	-2093.997	-2248.354	154.3565	1.185928	0.507766	0.45587	0.0313315	0.00503308	1.123257	4.079359
8100	-2083.396	-2236.781	153.3853	1.158616	0.619251	0.325279	0.0445857	0.0108847	1.358328	4.510671
8106	-2086.131	-2241.371	155.2399	1.064516	0.707368	0.219503	0.0674428	0.00568661	1.177574	3.607587
8112	-2094.514	-2247.088	152.5743	1.224896	0.860945	0.0136926	0.0764621	0.0488999	1.063885	5.092692
8118	-2105.617	-2259.181	153.5647	1.178936	0.559019	0.357622	0.0768111	0.0065484	1.157472	4.51182
8124	-2101.094	-2254.619	153.5249	1.316863	0.704523	0.185091	0.0930481	0.0173377	1.11002	4.488762
8130	-2110.739	-2264.577	153.838	1.54306	0.768571	0.0810583	0.103655	0.0467157	1.116273	4.195734
8136	-2091.866	-2243.434	151.5674	1.69685	0.833381	0.048426	0.0814739	0.036719	1.029251	5.44032
8142	-2079.342	-2233.331	153.9893	1.17468	0.863108	0.0346469	0.0704807	0.0317646	1.026484	4.348604
8148	-2090.131	-2245.953	155.8219	1.126895	0.713626	0.122924	0.0703806	0.0930688	1.171999	3.234456
8154	-2090.195	-2245.091	154.896	1.61126	0.813781	0.108431	0.0620826	0.0157052	1.24662	3.479121
8160	-2099.945	-2252.152	152.2068	1.337503	0.733198	0.118024	0.11874	0.0300379	1.084297	5.227486
8166	-2091.742	-2245.822	154.08	1.579381	0.790035	0.116285	0.0723644	0.0213152	1.295773	3.937853
8172	-2095.675	-2248.541	152.8658	1.433828	0.76868	0.178268	0.0044279	0.0486239	1.085668	4.813016
8178	-2090.398	-2245.153	154.7546	1.591857	0.735926	0.247327	0.00565979	0.0110869	1.224264	3.583971
8184	-2083.444	-2234.537	151.0929	1.379032	0.631271	0.276347	0.0653434	0.0270385	1.133899	5.792219
8190	-2083.998	-2235.842	151.8438	1.264985	0.803754	0.0750662	0.0713576	0.0498222	0.8689918	5.582695
8196	-2088.953	-2242.201	153.2475	0.9208273	0.53827	0.279361	0.144736	0.0376333	1.001983	4.918543
8202	-2086.003	-2238.699	152.6951	0.9501976	0.633918	0.147353	0.170456	0.0482737	1.035639	5.189834
8208	-2083.801	-2235.96	152.1589	1.408473	0.719694	0.041369	0.211832	0.0271049	1.085259	5.21828
8214	-2072.983	-2225.776	152.7936	1.097944	0.759287	0.116912	0.0860827	0.0377183	1.143714	4.993924
8220	-2081.088	-2233.291	152.2029	1.153743	0.686048	0.105635	0.174237	0.0340801	1.293792	5.208359
8226	-2089.38	-2243.796	154.4159	0.9910619	0.729405	0.0844285	0.137671	0.0484959	1.147277	4.140045
8232	-2091.371	-2243.252	151.8811	1.187192	0.741966	0.0858824	0.140042	0.0321098	0.8852184	5.593293
8238	-2079.154	-2232.61	153.4554	1.693758	0.867402	0.054744	0.0520173	0.0258365	1.151112	4.321571
8244	-2085.899	-2236.437	150.5379	1.822687	0.828139	0.0345273	0.106357	0.0309772	1.036322	5.94557
8250	-2092.978	-2248.203	155.2258	1.55685	0.842148	0.0404544	0.114297	0.00309995	1.429366	3.204695
8256	-2077.854	-2232.982	155.1281	1.343365	0.76703	0.216441	0.0159325	0.00059716	1.295012	3.451217
8262	-2087.129	-2239.314	152.1848	1.039134	0.553254	0.164507	0.273497	0.00874138	1.118884	5.376487
8268	-2078.505	-2229.999	151.4937	1.038436	0.626661	0.265936	0.102573	0.00482999	0.9894839	5.827378
8274	-2093.113	-2246.095	152.9818	1.053623	0.572269	0.291937	0.131167	0.004627	1.027917	4.977827
8280	-2086.924	-2238.922	151.9976	1.053623	0.674872	0.265773	0.0471634	0.0121923	1.052997	5.507951
8286	-2075.994	-2229.134	153.14	1.110142	0.714809	0.201945	0.0499545	0.0332912	1.167803	4.780971
8292	-2076.084	-2230.315	154.231	1.098693	0.711977	0.157722	0.117173	0.013128	1.256127	4.122801
8298	-2074.482	-2228.931	154.4483	0.8338521	0.602599	0.31974	0.0589038	0.0187565	1.091613	4.244513
8304	-2079.135	-2232.753	153.6187	1.394578	0.735874	0.173809	0.0674118	0.0229048	1.108878	4.397161
8310	-2080.366	-2234.256	153.8906	1.211889	0.700431	0.169866	0.107901	0.0218016	1.270952	4.246257
8316	-2081.229	-2235.624	154.3945	1.172369	0.813332	0.119326	0.0470371	0.0203048	1.25565	3.989452
8322	-2088.576	-2242.752	154.1764	1.493324	0.812165	0.128917	0.0498984	0.0090193	1.20797	3.975004
8328	-2085.257	-2240.643	155.3865	1.27222	0.586917	0.370506	0.0360594	0.00651786	1.34635	3.30761
8334	-2085.003	-2235.675	150.6713	1.409378	0.763934	0.0465165	0.187391	0.0021581	0.7798512	6.200647
8340	-2085.009	-2239.852	154.8435	1.354826	0.502058	0.366314	0.11255	0.019078	1.342121	3.583612
8346	-2090.11	-2245.86	155.7494	1.241815	0.593126	0.329707	0.0103566	0.0668104	1.346097	3.109476
8352	-2083.67	-2235.076	151.4059	1.627336	0.783781	0.10303	0.0585857	0.0546035	1.11527	5.513352
8358	-2077.417	-2231.161	153.744	1.282685	0.697982	0.206837	0.0530477	0.0421332	1.278872	4.287511
8364	-2088.856	-2243.385	154.5291	1.34843	0.68146	0.106592	0.156501	0.0554471	1.172536	3.866461
8370	-2072.932	-2227.592	154.6608	1.318239	0.79439	0.124256	0.0458531	0.0355016	1.250971	3.761315
8376	-2080.48	-2233.574	153.0939	1.671212	0.807433	0.0986698	0.0529225	0.0409751	1.298344	4.45287
8382	-2088.837	-2242.109	153.2712	2.119217	0.755382	0.172205	0.0495109	0.022902	1.238273	4.19077
8388	-2093.727	-2249.961	156.2339	1.997705	0.961727	0.0107121	0.0206288	0.00693239	1.380977	2.405473
8394	-2080.825	-2236.219	155.3933	1.442859	0.771054	0.110542	0.0704481	0.0479556	1.343283	3.214689
8400	-2086.973	-2240.939	153.966	1.127459	0.678487	0.281801	0.0100376	0.0296748	1.150036	4.317489
8406	-2080.36	-2234.055	153.6952	1.462222	0.763472	0.207313	0.00738434	0.0218309	1.170454	4.285441
8412	-2080.111	-2235.39	155.2788	1.263065	0.839187	0.126797	0.0267384	0.00727763	1.254621	3.429647
8418	-2084.204	-2239.756	155.5517	1.037665	0.662068	0.296953	0.0375198	0.00345872	1.19758	3.429647
8424	-2081.055	-2236.682	155.6269	1.45781	0.767016	0.186487	0.0441149	0.00238138	1.374843	3.049131
8430	-2082.685	-2237.895	155.2105	0.9222282	0.52369	0.392259	0.00209384	0.081957	1.249545	3.66554
8436	-2075.511	-2229.678	154.1672	1.208148	0.827244	0.167737	0.00220259	0.00281657	1.249545	4.103303
8442	-2090.403	-2243.576	153.1734	1.309126	0.68708	0.267801	0.0184455	0.0266734	1.098156	4.696622
8448	-2087.869	-2241.189	153.3207	1.16212	0.706634	0.275422	0.00559231	0.0123519	1.177567	4.646511
8454	-2098.052	-2251.517	153.4652	1.336147	0.656536	0.321284	0.0160564	0.00612368	1.245904	4.436001
8460	-2090.038	-2244.121	154.083	0.940741	0.649905	0.318039	0.0158942	0.0161613	1.240079	4.304974
8466	-2093.907	-2247.822	153.9143	1.265266	0.714895	0.238945	0.0333057	0.0128546	1.224785	4.230749
8472	-2078.552	-2233.536	154.9846	0.9519776	0.714378	0.238773	0.0186829	0.0281668	1.241997	3.782917
8478	-2079.906	-2235.089	155.182	0.7669533	0.668089	0.261127	0.0444415	0.0263418	1.236039	3.782917
8484	-2083.357	-2236.649	153.2914	1.001618	0.70528	0.201591	0.0873316	0.00579732	1.056435	4.818262
8490	-2077.598	-2229.985	152.3871	1.040135	0.668698	0.263018	0.0620282	0.00625527	1.014139	5.322156
8496	-2076.03	-2227.787	151.7564	1.599372	0.730891	0.192881	0.0693907	0.00683705	1.062954	5.362045
8502	-2079.431	-2232.652	153.2209	1.154077	0.761282	0.106515	0.117083	0.0151205	1.142843	4.726105
8508	-2077.43	-2231.437	154.0067	1.280724	0.68593	0.228189	0.0660903	0.0197901	1.133249	4.222155
8514	-2072.729	-2226.266	153.5363	0.8821882	0.633572	0.316468	0.0441619	0.00579878	0.9687401	4.798221
8520	-2086.411	-2241.576	155.165	1.253623	0.659932	0.228737	0.0686833	0.0426479	1.397959	3.417457
8526	-2089.45	-2242.922	153.4718	1.213724	0.684886	0.224133	0.0694394	0.0215411	1.280718	4.476295
8532	-2083.229	-2234.21	150.9809	0.9901988	0.622945	0.270571	0.102104	0.00438034	0.799571	6.236653
8538	-2075.402	-2227.282	151.88	1.249458	0.69788	0.141849	0.154376	0.00589571	0.9962897	5.500745
8544	-2083.692	-2235.772	152.0808	1.013338	0.589361	0.274031	0.0883857	0.048223	1.022882	5.500745
8550	-2080.14	-2234.378	154.2384	1.013338	0.729911	0.081898	0.173779	0.0144121	1.08333	4.264417
8556	-2083.398	-2237.361	153.9632	1.330751	0.691766	0.0574284	0.22937	0.0214348	1.056527	4.264417
8562	-2070.345	-2225.09	154.7458	1.140684	0.726257	0.0790113	0.168958	0.0257739	1.223645	3.823731
8568	-2077.919	-2231.345	153.426	1.039612	0.821828	0.0894088	0.0632298	0.025534	1.220283	4.630269
8574	-2086.661	-2240.634	153.973	1.154042	0.615946	0.226859	0.131221	0.0259741	1.167108	4.289476
8580	-2085.087	-2237.66	152.5726	1.238338	0.701902	0.147687	0.149326	0.00108506	1.262662	4.976318
8586	-2085.68	-2240.061	154.3803	1.234593	0.805161	0.0612778	0.129232	0.00433008	1.387345	3.888553
8592	-2079.865	-2233.725	153.8602	1.039156	0.656538	0.147579	0.191883	0.00399906	1.323935	4.327763
8598	-2070.964	-2225.465	154.5015	1.185193	0.805689	0.115026	0.0752227	0.00406268	1.187075	3.960506
8604	-2091.611	-2248.262	156.6505	1.070044	0.649244	0.119068	0.196243	0.0354442	1.418288	2.619146
8610	-2069.694	-2224.145	154.451	1.301489	0.787312	0.178437	0.0313639	0.00288723	1.234462	3.900211
8616	-2079.476	-2233.308	153.8322	1.140453	0.796522	0.108659	0.0897383	0.0050816	1.347537	4.274386
8622	-2087.129	-2242.912	155.7827	1.374425	0.792399	0.108096	0.0892739	0.0102305	1.492276	2.929327
8628	-2092.1	-2248.039	155.9381	1.374425	0.872349	0.0389907	0.0773973	0.0112627	1.280122	2.963545
8634	-2095.157	-2249.07	153.9131	1.437724	0.872857	0.035723	0.0774424	0.0139772	1.267797	4.118713
8640	-2088.739	-2245.02	156.2805	1.514457	0.839828	0.0970791	0.0505265	0.0125663	1.553397	2.511549
8646	-2089.54	-2245.911	156.3711	1.03273	0.715443	0.075572	0.201549	0.00743612	1.477485	2.776848
8652	-2093.068	-2245.839	152.771	1.034212	0.680445	0.195142	0.117299	0.00711317	1.166202	5.028725
8658	-2082.248	-2235.235	152.9861	1.034212	0.655254	0.263196	0.0777145	0.00383546	1.083848	4.954991
8664	-2093.3	-2248.227	154.9275	1.798628	0.784059	0.067445	0.0724149	0.0760811	1.385614	3.289708
8670	-2090.733	-2245.172	154.4389	1.097281	0.690761	0.254714	0.0464744	0.00805052	1.314587	3.971627
8676	-2093.791	-2247.142	153.3508	1.095353	0.669392	0.253028	0.0732549	0.00432481	1.304105	4.594764
8682	-2093.268	-2246.506	153.2383	1.220554	0.57677	0.387564	0.0277057	0.00795999	1.113445	4.697592
8688	-2083.712	-2239.262	155.5503	1.307238	0.687423	0.265665	0.033021	0.013891	1.400814	3.159451
8694	-2077.461	-2233.004	155.5433	1.303272	0.801771	0.0194437	0.162584	0.0162017	1.448097	3.137702
8700	-2095.362	-2247.413	152.0507	1.29301	0.78206	0.0263773	0.169036	0.0225263	1.21739	5.26261
8706	-2102.202	-2253	150.7981	1.16252	0.67424	0.055595	0.238396	0.0317693	1.036015	6.115771
8712	-2081.421	-2234.589	153.1683	1.593752	0.821989	0.141527	0.0350173	0.00146629	1.211334	4.496168
8718	-2084.795	-2239.729	154.9339	1.227492	0.641858	0.315145	0.0402761	0.00272091	1.384799	3.574195
8724	-2081.358	-2236.644	155.2854	1.196079	0.62379	0.306274	0.0679229	0.00201325	1.367333	3.396458
8730	-2083.97	-2238.368	154.3981	1.254584	0.694622	0.0797439	0.216436	0.00919828	1.195433	3.977627
8736	-2078.921	-2234.947	156.0256	1.366183	0.725057	0.210818	0.054866	0.00925902	1.349412	2.873398
8742	-2089.488	-2241.398	151.9101	1.172774	0.646578	0.339958	0.0112875	0.00217671	1.024041	5.508575
8748	-2090.94	-2243.446	152.5061	1.004	0.460947	0.502244	0.0342783	0.00253022	1.208922	5.168547
8754	-2088.698	-2243.802	155.1038	1.070467	0.635173	0.361006	0.00308528	0.000735876	1.351164	3.582418
8760	-2070.44	-2224.196	153.7558	1.059172	0.696717	0.297961	0.00338423	0.00193761	1.123696	4.48844
8766	-2075.432	-2229.89	154.4574	1.164581	0.61719	0.345113	0.0181983	0.0194992	1.165246	4.009396
8772	-2082.884	-2237.026	154.1414	1.135983	0.589059	0.188684	0.10149	0.120767	1.182972	4.194845
8778	-2089.971	-2244.593	154.6224	1.145211	0.569353	0.234497	0.0460607	0.15009	1.05742	3.987315
8784	-2079.951	-2235.55	155.5983	1.099678	0.661964	0.309573	0.0161799	0.0122833	1.259209	3.330451
8790	-2089.892	-2246.351	156.4592	1.025346	0.636104	0.169186	0.137732	0.0569783	1.519461	2.701785
8796	-2087.523	-2242.833	155.3102	1.025346	0.666419	0.177249	0.0913551	0.064977	1.361976	3.481847
8802	-2084.454	-2239.274	154.8208	1.436097	0.816585	0.0371282	0.096748	0.0495384	1.467249	3.481847
8808	-2086.835	-2241.881	155.0453	1.436097	0.853002	0.0534611	0.0546097	0.0389275	1.329008	3.431401
8814	-2083.766	-2236.374	152.6076	1.62865	0.638823	0.273301	0.0793302	0.00854585	1.118929	4.845587
8820	-2084.252	-2237.71	153.4575	1.754982	0.446831	0.408492	0.135705	0.00897198	1.110904	4.315095
8826	-2066.403	-2220.991	154.5883	1.347457	0.792416	0.162532	0.0253331	0.0197191	1.1702	3.834302
8832	-2071.952	-2227.423	155.4715	1.650948	0.688301	0.285419	0.0177926	0.00848724	1.326321	3.072966
8838	-2075.277	-2230.794	155.5172	0.9316446	0.418182	0.542829	0.0318743	0.00711424	1.10008	3.568751
8844	-2076.176	-2231.13	154.9536	1.354243	0.652801	0.319739	0.024507	0.00295376	1.501693	3.42666
8850	-2081.295	-2237.154	155.8586	1.057133	0.775044	0.183041	0.0361876	0.00572737	1.333645	3.157184
8856	-2075.985	-2232.235	156.2503	0.9708173	0.656278	0.257041	0.0502122	0.0364688	1.271842	3.011609
8862	-2083.899	-2240.146	156.2465	0.9882967	0.651129	0.260892	0.0509644	0.0370152	1.258035	3.011609
8868	-2074.051	-2230.51	156.4593	1.30534	0.844916	0.0249214	0.101306	0.0288568	1.429531	2.592631
8874	-2072.538	-2225.502	152.9644	1.133508	0.725443	0.135958	0.123656	0.0149425	1.301673	4.791696
8880	-2075.293	-2225.824	150.5317	1.573345	0.832872	0.0411081	0.106618	0.019402	1.176217	5.983527
8886	-2086.929	-2239.324	152.3948	1.537554	0.876411	0.0645306	0.0386423	0.0204162	1.106387	5.013665
8892	-2081.707	-2237.102	155.3946	0.9407118	0.706228	0.214766	0.0671319	0.0118745	1.155228	3.602552
8898	-2078.845	-2231.895	153.0503	1.086423	0.663442	0.197958	0.13191	0.00669019	1.272876	4.785304
8904	-2097.213	-2250.584	153.371	1.086423	0.712128	0.121477	0.14159	0.0248057	0.9339719	4.795441
8910	-2074.154	-2228.203	154.0495	1.851825	0.854773	0.0292906	0.108284	0.00765236	1.2678	3.844587
8916	-2070.822	-2223.878	153.0566	2.168784	0.859499	0.0333624	0.0900035	0.0171349	1.235898	4.293455
8922	-2070.221	-2223.029	152.8082	1.596618	0.832429	0.0162899	0.127086	0.0241948	1.129721	4.742517
8928	-2069.359	-2222.837	153.4784	1.026118	0.825963	0.00861077	0.146676	0.0187503	0.9807152	4.742517
8934	-2074.485	-2229.782	155.2972	1.007396	0.726346	0.0780052	0.184313	0.0113364	1.12712	3.636448
8940	-2078.057	-2233.634	155.5763	1.301457	0.660712	0.155563	0.152349	0.0313765	1.361199	3.170695
8946	-2081.221	-2238.016	156.795	1.301457	0.686489	0.161632	0.127395	0.0244834	1.419266	2.391253
8952	-2081.713	-2236.004	154.2908	1.364427	0.685264	0.166925	0.109472	0.0383388	1.224742	3.964876
8958	-2082.336	-2235.839	153.5022	1.364427	0.664884	0.173585	0.12559	0.035941	1.12599	4.468314
8964	-2077.103	-2230.691	153.588	1.061868	0.739612	0.0975974	0.131668	0.0311233	0.9916139	4.655329
8970	-2092.373	-2248.67	156.2968	1.05057	0.821008	0.063774	0.104179	0.0110392	1.484874	2.806904
8976	-2076.068	-2230.118	154.05	1.219321	0.702877	0.111345	0.168262	0.0175153	1.075081	4.262945
8982	-2081.388	-2234.276	152.8878	1.199971	0.671183	0.0534756	0.261261	0.0140805	0.9933946	4.970786
8988	-2075.656	-2227.205	151.5498	1.311952	0.702328	0.0934208	0.202513	0.00173847	1.048768	5.621682
8994	-2081.219	-2232.693	151.4744	1.419482	0.55095	0.322188	0.126064	0.000798398	0.7781021	5.758494
9000	-2074.541	-2227.928	153.3867	1.091606	0.585016	0.162001	0.252264	0.000718629	0.9386782	4.781242
9006	-2079.083	-2232.073	152.9894	1.42644	0.488323	0.296395	0.210569	0.00471248	1.025468	4.781242
9012	-2104.31	-2256.836	152.5256	1.459635	0.706482	0.224683	0.0306365	0.038198	0.8345211	5.129211
9018	-2095.417	-2247.954	152.5374	1.720156	0.673131	0.282635	0.00786298	0.0363707	1.132342	4.835393
9024	-2102.57	-2252.988	150.4179	1.208365	0.567724	0.151012	0.27117	0.0100941	0.9933251	6.322095
9030	-2091.779	-2242.717	150.938	1.128524	0.550554	0.343487	0.045864	0.0600946	0.9447689	6.106988
9036	-2087.206	-2238.183	150.9767	1.09257	0.539498	0.330922	0.0706926	0.0588878	0.8698977	6.145646
9042	-2106.101	-2259.754	153.653	1.272455	0.761012	0.0157819	0.219278	0.00392783	1.211942	4.382064
9048	-2106.047	-2259.019	152.9725	1.3699	0.867896	0.0174677	0.101562	0.0130747	1.085213	4.785424
9054	-2101.268	-2252.893	151.625	1.404776	0.640908	0.207683	0.0780496	0.073359	0.9392578	5.594726
9060	-2082.529	-2238.053	155.5235	1.206354	0.692058	0.222962	0.0327672	0.0522132	1.301092	3.289695
9066	-2086.957	-2240.016	153.0592	1.157336	0.558265	0.3645	0.0315315	0.0457036	1.328026	4.711192
9072	-2088.363	-2243.838	155.4748	0.9827135	0.61566	0.310499	0.0342095	0.0396319	1.183601	3.514742
9078	-2077.229	-2229.784	152.5554	1.315048	0.725656	0.198348	0.0403215	0.0356742	1.138622	5.015506
9084	-2070.671	-2223.693	153.0223	1.235705	0.63247	0.274856	0.0394279	0.0532458	0.9965976	4.875524
9090	-2073.669	-2228.033	154.3638	1.003854	0.64773	0.281487	0.047633	0.0231497	1.13299	4.170501
9096	-2081.143	-2236.177	155.0341	0.9782116	0.737343	0.238964	0.01055	0.0131432	1.181786	3.773817
9102	-2068.983	-2222.778	153.7942	1.001849	0.623804	0.292912	0.072164	0.0111194	1.184556	4.464557
9108	-2082.172	-2236.48	154.3082	1.001849	0.566141	0.346626	0.0646678	0.0225652	1.238123	4.143447
9114	-2095.659	-2250.689	155.0306	1.504772	0.756399	0.136573	0.0334462	0.0735822	1.599466	3.245867
9120	-2086.667	-2240.735	154.0677	1.341449	0.754675	0.134348	0.0648084	0.0461685	1.410421	3.998114
9126	-2076.667	-2232.362	155.6947	1.443284	0.742734	0.150465	0.0957611	0.0110405	1.486922	2.948812
9132	-2090.162	-2243.225	153.0637	1.254902	0.66608	0.213272	0.0468573	0.0737914	0.9039486	4.894129
9138	-2087.922	-2240.835	152.9126	1.308973	0.708755	0.140829	0.104224	0.0461918	1.074254	4.855653
9144	-2092.663	-2246.288	153.6251	1.133167	0.65156	0.0518838	0.17033	0.126226	1.007734	4.586618
9150	-2083.795	-2234.99	151.1951	1.37647	0.721834	0.108294	0.0924224	0.0774495	1.216612	5.692214
9156	-2090.535	-2241.617	151.0817	1.103347	0.611715	0.197694	0.107388	0.0832034	1.072648	5.972234
9162	-2102.391	-2256.164	153.7726	1.702037	0.593556	0.2526	0.141098	0.0127452	1.146095	4.14071
9168	-2097.883	-2251.376	153.4931	1.789476	0.767449	0.213039	0.00279555	0.0167164	1.278179	4.184546
9174	-2094.805	-2248.647	153.8424	1.12901	0.532537	0.365979	0.0727666	0.028717	1.151748	4.385517
9180	-2092.126	-2246.155	154.0296	1.081224	0.741489	0.153714	0.0751254	0.029671	0.930298	4.431004
9186	-2087.733	-2239.835	152.102	1.419804	0.655704	0.258217	0.0676081	0.0184708	0.9507372	5.318508
9192	-2085.576	-2239.418	153.8428	1.09027	0.663216	0.204034	0.0852798	0.0474702	1.104791	4.43293
9198	-2096.775	-2252.583	155.8078	1.636058	0.853142	0.0889665	0.0502862	0.00760549	1.413211	2.825598
9204	-2089.24	-2244.497	155.2569	1.236681	0.571127	0.406876	0.0207402	0.00125702	1.372528	3.387739
9210	-2088.376	-2243.694	155.3183	1.434533	0.861072	0.0544871	0.0740937	0.0103472	1.390935	3.235188
9216	-2088.661	-2244.974	156.3135	1.401512	0.823634	0.0540754	0.0735339	0.0487567	1.487452	2.593348
9222	-2086.86	-2244.699	157.8384	1.094305	0.676537	0.243026	0.0641809	0.0162567	1.773545	1.584374
9228	-2086.365	-2243.7	157.3351	1.50985	0.657888	0.236326	0.0908485	0.0149373	1.773545	1.673041
9234	-2092.76	-2251.194	158.4338	0.9707326	0.65236	0.234341	0.0900852	0.0232137	2.021805	0.987257
9240	-2095.2	-2253.237	158.037	1.219068	0.631514	0.276345	0.068559	0.0235824	1.981533	1.169747
9246	-2090.834	-2249.06	158.2259	1.267121	0.633675	0.315216	0.0286756	0.0224335	1.790048	1.132509
9252	-2072.222	-2227.026	154.8046	0.9563311	0.576593	0.373217	0.0362516	0.0139386	1.310397	3.844608
9258	-2079.456	-2232.032	152.5767	2.301225	0.672783	0.286651	0.0313352	0.00923144	0.909166	4.694495
9264	-2078.628	-2231.754	153.1264	1.640861	0.801409	0.0915866	0.0994977	0.00750626	0.9878495	4.623172
9270	-2103.424	-2256.494	153.0694	1.424243	0.628058	0.29018	0.0536024	0.0281594	0.9958359	4.754191
9276	-2094.19	-2247.524	153.3342	1.125068	0.667728	0.230935	0.0251823	0.0761553	1.007132	4.754191
9282	-2086.516	-2243.604	157.0877	1.551205	0.892913	0.0155263	0.0852861	0.00627479	1.580522	1.952873
9288	-2092.034	-2244.852	152.8182	1.408392	0.727997	0.0237702	0.238626	0.00960646	1.013789	4.892155
9294	-2095.545	-2251.171	155.6257	1.838933	0.893868	0.00164302	0.00872327	0.0957655	1.396049	2.847284
9300	-2093.648	-2250.205	156.5573	1.461911	0.885562	0.000590699	0.0177081	0.0961396	1.517983	2.388469
9306	-2082.364	-2238.729	156.3647	2.151026	0.862933	0.000707502	0.0212096	0.11515	1.577324	2.122918
9312	-2078.352	-2235.017	156.6649	1.588748	0.809518	0.0021234	0.122033	0.0663251	1.550265	2.229849
9318	-2081.451	-2238.175	156.7248	1.54437	0.853408	0.00140403	0.12865	0.0165383	1.462231	2.272108
9324	-2083.136	-2238.334	155.1984	1.848503	0.947176	0.0205844	0.00870052	0.0235388	1.377159	3.110904
9330	-2088.163	-2244.659	156.4963	0.1834612	0.118581	0.75636	0.0638134	0.061246	1.213172	3.271686
9336	-2069.253	-2223.349	154.0962	0.1739837	0.179801	0.747947	0.0673525	0.00489903	1.216259	4.638121
9342	-2085.708	-2239.297	153.5887	0.1756587	0.50444	0.403259	0.0689901	0.0233105	0.9818913	5.053208
9348	-2085.601	-2239.474	153.8728	0.1621299	0.555903	0.386077	0.0423516	0.015668	1.067866	4.834418
9354	-2094.056	-2248.747	154.6916	1.70548	0.744569	0.0639138	0.172969	0.018548	1.375785	3.477726
9360	-2081.966	-2237.132	155.1658	1.596745	0.833722	0.0356826	0.0960686	0.0345272	1.326697	3.280975
9366	-2092.526	-2247.279	154.7534	1.758873	0.785416	0.0269696	0.175147	0.0124676	1.25553	3.486675
9372	-2078.618	-2233.71	155.0924	1.462299	0.86713	0.0418109	0.0862252	0.00483376	1.192337	3.470358
9378	-2082.892	-2238.02	155.128	1.630259	0.751288	0.113906	0.127659	0.00714651	1.294969	3.305439
9384	-2097.159	-2251.542	154.3829	0.1783071	0.111429	0.733392	0.117095	0.038085	1.179802	4.501209
9390	-2096.178	-2250.935	154.7563	1.510376	0.772984	0.144828	0.0719905	0.0101972	1.319069	3.568147
9396	-2089.812	-2242.723	152.9117	1.141374	0.565712	0.252771	0.158996	0.0225212	1.338944	4.796089
9402	-2084.201	-2240.187	155.9863	0.1651591	0.0795957	0.77043	0.052784	0.0971906	1.208661	3.556735
9408	-2081.533	-2236.201	154.6674	0.1548042	0.112653	0.589652	0.0361791	0.261516	1.183966	4.314437
9414	-2083.74	-2239.415	155.675	0.938481	0.562955	0.353979	0.0374565	0.0456096	1.165072	3.434726
9420	-2093.037	-2247.735	154.6981	0.1510816	0.116096	0.303745	0.016334	0.563825	1.196333	4.28512
9426	-2089.845	-2246.882	157.0368	0.1524803	0.84408	0.115227	0.00939768	0.0312958	1.206483	2.920721
9432	-2091.374	-2245.817	154.4433	1.45671	0.657767	0.316119	0.00482834	0.0212863	1.346249	3.76059
9438	-2095.644	-2246.537	150.8933	1.139285	0.518215	0.401051	0.0231705	0.0575639	0.9152069	6.141823
9444	-2091.951	-2246.332	154.3802	0.1434468	0.201813	0.144137	0.00894523	0.645105	1.191973	4.455676
9450	-2087.221	-2240.563	153.3426	0.9634782	0.482111	0.376929	0.0308589	0.110101	0.9833114	4.851849
9456	-2085.372	-2238.165	152.7933	1.26974	0.77502	0.191915	0.0206858	0.0123791	0.9634748	5.003775
9462	-2078.216	-2231.526	153.3101	1.26974	0.73515	0.0972157	0.153018	0.014616	1.077598	4.651824
9468	-2079.108	-2234.077	154.9684	1.273467	0.816654	0.075612	0.10386	0.00387366	1.14859	3.666434
9474	-2085.503	-2242.498	156.9946	0.1309004	0.0757336	0.752994	0.00247486	0.168798	1.383407	2.800414
9480	-2085.111	-2242.341	157.23	0.1370739	0.179925	0.677631	0.00519197	0.137252	1.561332	2.559281
9486	-2079.302	-2237.242	157.9401	0.1538723	0.188632	0.44078	0.00905251	0.361535	1.561332	2.13711
9492	-2080.188	-2234.997	154.8089	0.20245	0.232689	0.709326	0.000935128	0.0570503	1.370888	4.167018
9498	-2081.231	-2237.351	156.12	0.153599	0.38725	0.401562	0.00888942	0.202299	1.194015	3.473283
9504	-2082.233	-2239.841	157.6077	0.1780749	0.399379	0.389858	0.00212835	0.208634	1.401727	2.47956
9510	-2077.948	-2235.151	157.2032	0.1409034	0.228915	0.660868	0.00111301	0.109105	1.439078	2.658826
9516	-2087.25	-2244.267	157.0171	0.1459938	0.358753	0.13915	0.00089105	0.501207	1.327236	2.849632
9522	-2091.866	-2247.281	155.4155	0.1364301	0.226333	0.363342	0.000126241	0.410199	1.339947	3.769812
9528	-2081.458	-2238.13	156.6712	0.1364301	0.346858	0.520956	0.000462423	0.131724	1.174275	3.132148
9534	-2078.606	-2234.431	155.8243	0.1815083	0.27555	0.582915	0.00106608	0.140469	1.268473	3.630909
9540	-2072.06	-2228.512	156.4523	0.1863209	0.0766328	0.359425	0.00255008	0.561392	1.298226	3.249515
9546	-2076.162	-2230.454	154.2921	0.1749241	0.314463	0.275057	0.00269935	0.407781	1.137841	4.573055
9552	-2080.494	-2235.501	155.0071	0.1644877	0.156152	0.517628	0.00188783	0.324332	1.25607	4.09209
9558	-2076.028	-2231.128	155.1008	0.177211	0.272806	0.262575	0.00123573	0.463383	1.183297	4.09209
9564	-2084.909	-2240.998	156.0891	0.1547423	0.570659	0.249422	0.00454719	0.175372	1.199264	3.489832
9570	-2091.572	-2248.192	156.6191	0.1805312	0.364015	0.268586	0.00928549	0.358114	1.512392	3.018523
9576	-2086.452	-2242.286	155.8347	0.1805312	0.262932	0.52994	0.00394357	0.203185	1.237171	3.642276
9582	-2070.245	-2224.089	153.844	0.1775418	0.322086	0.379811	0.00572144	0.292382	1.229939	4.77453
9588	-2073.765	-2229.201	155.4362	0.1658322	0.19197	0.444089	0.0111449	0.352797	0.9963782	3.996857
9594	-2075.043	-2230.71	155.6674	0.1770675	0.226704	0.41186	0.0105793	0.350857	1.190118	3.763392
9600	-2075.949	-2232.531	156.5825	0.2025767	0.0712066	0.466373	0.00300627	0.459414	1.25385	3.208
9606	-2077.381	-2233.441	156.0598	0.2146374	0.0488766	0.828598	0.00115439	0.121371	1.153511	3.578027
9612	-2071.361	-2226.658	155.2967	0.2146374	0.134239	0.705178	0.00506088	0.155522	1.17779	4.003601
9618	-2079.035	-2234.479	155.4434	0.1982305	0.230635	0.487341	0.0476261	0.234398	1.296616	3.844951
9624	-2075.644	-2231.127	155.4832	0.1726679	0.107719	0.734771	0.0293255	0.128184	1.154256	3.886181
9630	-2083.901	-2240.758	156.8569	0.1718368	0.340574	0.418147	0.0137087	0.227571	1.150957	3.084828
9636	-2079.091	-2236.564	157.4731	0.1955557	0.188378	0.552032	0.018098	0.241492	1.340838	2.613767
9642	-2092.233	-2247.247	155.0149	1.316798	0.801921	0.133153	0.0599197	0.00500604	1.387017	3.477677
9648	-2080.739	-2234.898	154.1598	1.651485	0.750925	0.187321	0.0600457	0.00170894	1.34635	3.828514
9654	-2071.521	-2229.357	157.8357	0.1469301	0.065998	0.806438	0.00860797	0.118956	1.396538	2.299774
9660	-2084.464	-2240.842	156.3777	0.1725666	0.199949	0.380412	0.0459767	0.373663	1.310539	3.275166
9666	-2081.75	-2237.468	155.7176	0.1881514	0.0586292	0.793743	0.0457321	0.101895	1.250416	3.707783
9672	-2079.708	-2236.343	156.6346	0.196409	0.0823745	0.63124	0.0582151	0.22817	1.217789	3.195396
9678	-2074.544	-2230.558	156.0137	0.2024341	0.0377976	0.837542	0.0199639	0.104696	1.249806	3.54421
9684	-2083.3	-2238.299	154.9995	0.187196	0.285813	0.599665	0.0382353	0.0762872	1.26098	4.112835
9690	-2079.71	-2233.929	154.2185	1.175429	0.817392	0.048559	0.105162	0.0288864	1.148293	4.149289
9696	-2081.434	-2232.603	151.1697	1.294958	0.686596	0.121154	0.168428	0.0238224	0.932759	5.90185
9702	-2080.367	-2234.281	153.914	0.1573349	0.19473	0.437823	0.0777888	0.289658	0.9629205	4.864453
9708	-2096.687	-2252.769	156.082	0.1653422	0.181976	0.566635	0.0691983	0.18219	1.190232	3.511923
9714	-2094.992	-2250.003	155.0108	1.31482	0.814141	0.0662848	0.106044	0.0135301	1.230701	3.572196
9720	-2081.119	-2237.121	156.0019	0.168419	0.0478769	0.87193	0.0624332	0.0177598	1.209912	3.550317
9726	-2078.34	-2234.003	155.6632	0.1689296	0.0695208	0.810602	0.0692551	0.0506222	1.040207	3.84477
9732	-2078.122	-2233.384	155.262	0.174041	0.0409845	0.857232	0.0419816	0.0598019	0.9564802	4.126762
9738	-2084.52	-2238.971	154.4509	0.221944	0.0590028	0.778042	0.140484	0.0224715	0.993965	4.588309
9744	-2084.205	-2237.978	153.773	0.1889536	0.196422	0.733239	0.0448606	0.0254782	1.017551	4.940434
9750	-2087.724	-2242.753	155.0286	0.1820674	0.102841	0.693291	0.0424166	0.161451	0.9977549	4.242288
9756	-2077.587	-2229.967	152.3806	0.2108821	0.228949	0.685302	0.071945	0.0138039	1.012534	5.72175
9762	-2077.647	-2230.238	152.5912	0.1866245	0.393916	0.530423	0.0583271	0.0173341	0.9390338	5.63509
9768	-2075.436	-2229.28	153.8443	0.2111222	0.180925	0.739371	0.0614437	0.0182603	1.086688	4.872577
9774	-2072.229	-2228.049	155.8201	0.2132536	0.128721	0.825516	0.0423549	0.00340757	1.18869	3.696139
9780	-2069.201	-2224.87	155.6684	0.1884122	0.124353	0.847929	0.0241837	0.0035345	1.320018	3.696139
9786	-2072.756	-2227.4	154.644	0.222237	0.304387	0.645303	0.0416584	0.00865161	1.440582	4.227572
9792	-2076.857	-2232.752	155.8943	0.1989141	0.0393432	0.89636	0.0451296	0.0191668	1.440582	3.500932
9798	-2090.023	-2244.531	154.5077	0.2040518	0.0758678	0.596909	0.100414	0.226808	1.396988	4.323616
9804	-2082.083	-2239.079	156.9962	1.41827	0.763011	0.167911	0.0636333	0.00544411	1.529065	2.123926
9810	-2085.126	-2242.148	157.0214	0.2117221	0.388952	0.466063	0.0653296	0.0796558	1.389775	2.867603
9816	-2079.783	-2236.354	156.571	0.1984086	0.249585	0.725498	0.0186307	0.00628675	1.260559	3.208783
9822	-2085.753	-2242.518	156.7642	0.1830417	0.472984	0.424838	0.091458	0.01072	1.151807	3.149064
9828	-2093.326	-2248.18	154.8534	0.1859618	0.51984	0.451102	0.0141428	0.0149153	1.098829	4.28698
9834	-2058.465	-2213.385	154.9198	1.250848	0.781045	0.182999	0.0300835	0.00587241	1.405179	3.557917
9840	-2061.58	-2215.554	153.9748	1.189288	0.665389	0.264753	0.0627749	0.00708251	1.265535	4.213676
9846	-2076.013	-2229.964	153.9515	1.153774	0.667042	0.256357	0.069743	0.00685791	1.018507	4.385714
9852	-2082.01	-2234.72	152.7102	1.353286	0.78721	0.174218	0.0174429	0.0211286	1.081965	4.941692
9858	-2080.861	-2234.283	153.4216	1.338097	0.794784	0.130705	0.0551227	0.0193884	1.110998	4.535434
9864	-2083.192	-2237.723	154.5313	1.399858	0.759737	0.19995	0.0191342	0.0211792	1.107968	3.875861
9870	-2077.697	-2232.753	155.0564	1.011454	0.674341	0.255567	0.0328141	0.0372776	1.237603	3.709509
9876	-2085.254	-2238.528	153.2748	1.444189	0.87718	0.0316453	0.0426844	0.0484906	1.099511	4.571282
9882	-2069.971	-2223.954	153.9825	1.328884	0.714502	0.20038	0.0774694	0.00764778	1.145579	4.203929
9888	-2070.984	-2225.059	154.0752	1.182863	0.676011	0.243608	0.073296	0.00708563	1.10853	4.249226
9894	-2081.584	-2233.878	152.2939	1.46486	0.658509	0.26319	0.0713984	0.00690218	1.178494	5.064407
9900	-2078.432	-2233.284	154.8517	1.386275	0.694703	0.275209	0.0279641	0.00212406	1.315826	3.577769
9906	-2079.099	-2230.988	151.8899	1.115975	0.664211	0.274985	0.0410211	0.0197828	1.07384	5.522236
9912	-2076.943	-2232.132	155.1893	1.250857	0.716444	0.24675	0.0144028	0.022403	1.401148	3.402862
9918	-2077.702	-2230.721	153.0185	1.493585	0.774806	0.12887	0.0292429	0.0670807	1.220133	4.623263
9924	-2083.016	-2238.673	155.6564	1.115063	0.591654	0.354978	0.0161953	0.0371731	1.24168	3.297735
9930	-2078.482	-2232.947	154.4652	1.594773	0.880431	0.0653133	0.0301531	0.0241022	1.139421	3.799002
9936	-2079.752	-2234.419	154.6664	1.339719	0.802924	0.0208448	0.162555	0.013676	1.147695	3.806373
9942	-2079.392	-2232.199	152.807	1.114091	0.675669	0.183882	0.136792	0.00365759	1.045949	5.032093
9948	-2080.371	-2235.501	155.1302	1.19151	0.87812	0.107068	0.0100583	0.00475352	1.257154	3.553939
9954	-2085.031	-2239.682	154.651	1.124035	0.458699	0.468201	0.0496405	0.02346	1.407566	3.781632
9960	-2088.841	-2244.022	155.1813	0.8572522	0.541901	0.286814	0.101391	0.0698941	1.342302	3.667462
9966	-2096.057	-2250.76	154.7035	1.135235	0.81127	0.115314	0.0453147	0.0281012	1.258925	3.830774
9972	-2081.179	-2236.211	155.032	1.330467	0.788957	0.0814392	0.0378023	0.091802	1.223141	3.556014
9978	-2082.261	-2238.02	155.7592	1.330467	0.896491	0.0296809	0.0305633	0.0432647	1.49351	2.966607
9984	-2072.087	-2226.05	153.9632	1.331768	0.684785	0.219796	0.0361202	0.059299	1.212699	4.175289
9990	-2074.177	-2228.251	154.0741	1.887116	0.847803	0.105503	0.0117947	0.034899	1.013112	3.960815
9996	-2077.388	-2231.837	154.4484	1.035225	0.808378	0.112586	0.050802	0.0282341	1.134405	4.103814
10002	-2073.096	-2227.205	154.109	1.292842	0.608453	0.221066	0.111474	0.059007	1.115451	4.167881
10008	-2089.229	-2244.991	155.7616	1.122689	0.835738	0.0952514	0.0408902	0.0281199	1.285751	3.205192
10014	-2091.845	-2244.483	152.6384	1.978494	0.838638	0.111843	0.0411341	0.00838519	1.098987	4.684736
10020	-2085.14	-2242.285	157.1441	0.9328291	0.742913	0.209877	0.0336352	0.0135753	1.493543	2.348794
10026	-2078.397	-2232.091	153.6945	1.465138	0.65075	0.295078	0.0391129	0.0150588	1.398847	4.154829
10032	-2092.15	-2245.973	153.8227	1.224417	0.706428	0.222418	0.0370068	0.034147	1.276431	4.274918
10038	-2085.684	-2240.58	154.8966	1.320158	0.840372	0.116015	0.0392407	0.0043725	1.510018	3.473137
10044	-2075.593	-2229.341	153.7478	1.611591	0.771969	0.101819	0.0570814	0.0691301	1.137997	4.20175
10050	-2076.713	-2232.021	155.3079	1.031052	0.833024	0.0999626	0.0275935	0.03942	1.075813	3.646334
10056	-2078.923	-2230.412	151.4893	1.036006	0.624606	0.299799	0.0365875	0.0390073	0.9499749	5.852697
10062	-2069.507	-2221.642	152.1352	1.688133	0.739447	0.174362	0.0400117	0.0461793	1.157704	5.059507
10068	-2072.434	-2224.979	152.545	1.403192	0.741969	0.193435	0.0205941	0.0440021	1.201044	4.942514
10074	-2075.685	-2228.917	153.2322	1.206298	0.761282	0.19847	0.0115333	0.0287148	1.273133	4.619053
10080	-2081.598	-2234.345	152.747	1.493616	0.707047	0.214188	0.0477769	0.0309889	1.147321	4.815829
10086	-2078.079	-2233.625	155.5461	1.240502	0.768929	0.0585092	0.161427	0.0111346	1.254527	3.285007
10092	-2080.516	-2235.618	155.1024	1.139366	0.798936	0.0431131	0.145827	0.0121239	1.241269	3.608268
10098	-2067.929	-2220.805	152.8763	1.294788	0.763351	0.0771218	0.139331	0.020196	1.096979	4.870452
10104	-2072.772	-2226.348	153.5762	1.42674	0.75452	0.193076	0.0265194	0.0258842	1.034406	4.446996
10110	-2082.536	-2234.656	152.1196	1.7179	0.712292	0.118223	0.142321	0.0271646	1.049182	5.1149
10116	-2081.658	-2234.235	152.5765	1.177833	0.710405	0.120558	0.141944	0.0270927	0.9053686	5.203868
10122	-2081.246	-2234.338	153.0921	1.657344	0.770674	0.0150899	0.184845	0.0293912	1.161627	4.537254
10128	-2085.271	-2237.771	152.4997	1.657344	0.819912	0.0418729	0.101039	0.0371756	1.042295	4.935133
10134	-2091.117	-2243.289	152.1719	2.110645	0.859235	0.0355142	0.0856958	0.0195553	1.078615	4.901758
10140	-2085.945	-2239.26	153.3151	1.508207	0.676827	0.0781986	0.193546	0.0514287	1.317107	4.394876
10146	-2073.602	-2228.912	155.3102	1.260052	0.654985	0.288037	0.0127214	0.0442571	1.255825	3.412212
10152	-2073.63	-2227.491	153.8612	1.315306	0.774562	0.105724	0.0544285	0.0652863	1.192412	4.253195
10158	-2091.22	-2244.02	152.8006	1.599194	0.833322	0.0330745	0.0938851	0.0397189	1.160361	4.728401
10164	-2074.939	-2227.41	152.471	1.08455	0.779566	0.137344	0.0567873	0.0263027	1.328384	5.077737
10170	-2080.647	-2234.852	154.205	1.418102	0.754721	0.142703	0.0590027	0.0435736	1.31468	3.935145
10176	-2079.316	-2233.995	154.6797	1.058388	0.531351	0.427685	0.0140556	0.0269084	1.1756	3.935145
10182	-2073.835	-2228.856	155.0214	1.32614	0.569489	0.317416	0.102225	0.0108698	1.324707	3.505318
10188	-2066.962	-2222.898	155.9366	0.9806515	0.743859	0.199764	0.0495365	0.00684086	1.488746	3.063598
10194	-2078.693	-2234.506	155.8125	1.106304	0.728168	0.19555	0.0742148	0.00206653	1.488746	3.063598
10200	-2072.783	-2226.403	153.6208	1.373896	0.792868	0.144773	0.0606766	0.00168336	1.280763	4.30927
10206	-2071.136	-2224.736	153.6006	1.155803	0.78138	0.142675	0.0739937	0.00195155	1.171893	4.495935
10212	-2077.971	-2231.081	153.1104	1.005587	0.591373	0.218429	0.158532	0.0316667	1.016467	4.939152
10218	-2090.956	-2243.806	152.8498	1.298002	0.672558	0.0549934	0.180295	0.0921534	0.9971911	4.939152
10224	-2090.499	-2242.69	152.1911	1.175147	0.778041	0.0636185	0.105562	0.0527792	0.9411275	5.398292
10230	-2089.398	-2241.893	152.4954	1.369639	0.691413	0.126768	0.134917	0.0469027	1.053211	5.068829
10236	-2090.984	-2244.981	153.9974	1.742488	0.715247	0.109115	0.131328	0.0443095	1.106233	4.016699
10242	-2080.607	-2234.524	153.9169	1.53656	0.852619	0.0435494	0.102292	0.00153955	1.062331	4.1847
10248	-2075.754	-2229.014	153.2605	1.34985	0.695319	0.0535313	0.248936	0.00221362	1.143839	4.601509
10254	-2084.966	-2239.244	154.2776	1.209662	0.670784	0.206786	0.11388	0.00855098	1.272688	4.026357
10260	-2076.49	-2231.14	154.6502	1.135987	0.786166	0.0917804	0.110825	0.0112283	1.25822	3.861381
10266	-2080.768	-2235.721	154.9532	1.052439	0.709431	0.231424	0.0490125	0.0101324	1.179042	3.77943
10272	-2086.007	-2240.122	154.1154	1.265141	0.650523	0.317111	0.0303407	0.00202565	1.190864	4.135884
10278	-2093.177	-2246.474	153.2977	0.8970821	0.532183	0.447606	0.0189941	0.00121717	1.021312	4.893409
10284	-2086.634	-2239.46	152.8254	1.224527	0.826329	0.0391999	0.126543	0.00792797	1.171861	4.893409
10290	-2070.76	-2224.248	153.4875	1.510499	0.845324	0.0687638	0.0606652	0.0252471	1.218108	4.352317
10296	-2081.559	-2235.619	154.0607	1.510499	0.74928	0.0602193	0.137359	0.0531408	1.183198	4.046732
10302	-2088.227	-2243.718	155.4918	1.175506	0.754156	0.092477	0.138253	0.0151138	1.301886	3.325077
10308	-2083.774	-2239.016	155.2415	1.078404	0.728812	0.185864	0.054948	0.0303762	1.23057	3.567979
10314	-2088.204	-2241.564	153.3607	1.25958	0.742264	0.0571025	0.169696	0.0309369	1.365763	4.466854
10320	-2092.012	-2247.89	155.8787	1.602019	0.536766	0.349517	0.0884232	0.0252937	1.441434	2.782516
10326	-2100.515	-2256.627	156.1119	1.573228	0.519035	0.252485	0.156059	0.0724212	1.273931	2.757207
10332	-2078.968	-2231.18	152.2114	1.285628	0.724397	0.130808	0.136976	0.00781948	1.220211	5.175922
10338	-2079.183	-2233.712	154.5294	1.327782	0.70239	0.126834	0.115115	0.0556615	1.378309	3.758642
10344	-2090.652	-2247.316	156.6638	0.9614154	0.771546	0.0738148	0.117825	0.0368134	1.505144	2.624061
10350	-2082.199	-2237.829	155.6307	1.476126	0.80672	0.10656	0.0754053	0.0113154	1.510764	2.955729
10356	-2080.56	-2236.211	155.6512	1.568015	0.680671	0.107281	0.194576	0.0174715	1.411549	2.955729
10362	-2073.444	-2228.79	155.346	1.382097	0.725929	0.047924	0.207514	0.0186332	1.334516	3.279614
10368	-2078.662	-2232.427	153.7647	1.418355	0.770315	0.0378467	0.177123	0.0147151	1.013908	4.356429
10374	-2075.486	-2229.819	154.3337	1.318275	0.770315	0.0378467	0.177123	0.0147151	1.112681	4.028259
10380	-2071.018	-2226.369	155.3504	1.274711	0.822956	0.0166999	0.140422	0.0199225	1.318247	3.343987
10386	-2066.078	-2220.534	154.4557	1.077659	0.828478	0.0101017	0.141364	0.0200562	1.218022	4.028159
10392	-2068.962	-2220.681	151.7189	1.683477	0.785067	0.018846	0.141952	0.0541355	1.212903	5.261493
10398	-2058.527	-2211.231	152.7049	1.157019	0.612636	0.195691	0.164494	0.0271779	1.189827	4.98598
10404	-2064.104	-2218.619	154.5151	1.266227	0.719283	0.228752	0.0313888	0.0205758	1.404399	3.78433
10410	-2084.407	-2238.116	153.7086	1.163314	0.686006	0.239254	0.0498736	0.0248658	1.239483	4.392989
10416	-2092.231	-2245.553	153.3217	1.532092	0.707138	0.196868	0.038006	0.0579882	1.031306	4.540522
10422	-2082.087	-2235.227	153.1398	1.556323	0.777326	0.160232	0.0225431	0.0398993	1.192535	4.540522
10428	-2078.585	-2233.163	154.5783	1.556323	0.746794	0.185891	0.0626372	0.00467755	1.556943	3.510456
10434	-2082.398	-2237.018	154.6205	1.141098	0.719545	0.176651	0.0852229	0.0185803	1.520786	3.724421
10440	-2066.008	-2220.517	154.509	1.363359	0.715332	0.233819	0.0417465	0.00910157	1.323777	3.783333
10446	-2072.626	-2224.883	152.2571	1.13256	0.518971	0.299458	0.172457	0.00911493	1.07126	5.312569
10452	-2077.388	-2229.146	151.7587	1.615046	0.767856	0.0770797	0.137647	0.0174178	1.280182	5.23357
10458	-2079.633	-2235.131	155.4978	1.39389	0.805127	0.00426143	0.168175	0.0224359	1.182248	3.273662
10464	-2088.241	-2243.983	155.742	1.668589	0.82979	0.0757059	0.071604	0.0229004	1.353285	2.8855
10470	-2091.335	-2247.937	156.602	1.446871	0.82979	0.0757059	0.071604	0.0229004	1.435198	2.420829
10476	-2099.66	-2256.589	156.9292	1.023823	0.6616	0.0922344	0.191451	0.0547143	1.503087	2.420829
10482	-2088.486	-2241.261	152.7758	1.45959	0.751448	0.0013511	0.244507	0.00269342	1.17289	4.801971
10488	-2090.805	-2244.059	153.2548	1.219648	0.774605	0.00141023	0.220564	0.00342088	1.355836	4.552916
10494	-2077.855	-2231.907	154.0516	1.235098	0.811685	0.00999522	0.175733	0.00258656	1.252846	4.152814
10500	-2078.49	-2235.784	157.2938	1.142871	0.768444	0.180078	0.0419558	0.0095221	1.632035	2.027203
10506	-2074.231	-2230.937	156.7055	1.274812	0.770145	0.160393	0.0570688	0.0123934	1.539631	2.387191
10512	-2085.478	-2239.047	153.5683	1.06915	0.692491	0.124332	0.182026	0.00115097	1.155814	4.570272
10518	-2085.806	-2240.4	154.5942	1.102925	0.691905	0.160819	0.142296	0.00498062	1.401677	3.829477
10524	-2077.749	-2233.711	155.9618	1.599546	0.834419	0.0647046	0.0863089	0.0145672	1.66322	2.596551
10530	-2079.528	-2236.053	156.5249	1.182987	0.854937	0.00375856	0.137284	0.00402036	1.338714	2.67846
10536	-2080.861	-2236.343	155.4814	1.374656	0.807891	0.00355173	0.157119	0.0314381	1.582616	3.055853
10542	-2093.501	-2247.809	154.3082	0.8460507	0.603576	0.240441	0.154606	0.00137701	1.17987	4.266701
10548	-2085.092	-2240.716	155.6246	1.374088	0.724765	0.0920861	0.173705	0.00944328	1.331464	3.120562
10554	-2091.069	-2245.985	154.9155	1.683206	0.553372	0.356068	0.0792242	0.0113356	1.277173	3.415108
10560	-2090.276	-2244.935	154.6591	1.683206	0.811733	0.135604	0.0360351	0.016628	1.340209	3.528062
10566	-2092.157	-2247.91	155.7539	1.401727	0.716805	0.094242	0.180482	0.00847076	1.427914	2.970761
10572	-2088.997	-2243.253	154.256	1.594633	0.656858	0.225925	0.0736876	0.0435299	1.427849	3.753447
10578	-2085.922	-2238.114	152.1921	1.386357	0.640908	0.090172	0.175447	0.0934735	1.024154	5.244576
10584	-2091.343	-2246.469	155.1261	1.518403	0.648833	0.0620822	0.174897	0.114188	1.368884	3.318634
10590	-2086.585	-2241.757	155.1713	2.089327	0.918167	0.0152666	0.0384867	0.02808	1.267853	3.083481
10596	-2090.606	-2244.54	153.9338	1.57754	0.852594	0.0128735	0.110854	0.0236783	1.222869	4.063939
10602	-2082.612	-2236.037	153.4253	1.482414	0.751187	0.042201	0.161702	0.0449098	1.195763	4.413713
10608	-2075.104	-2227.058	151.954	1.293502	0.822873	0.0528261	0.0723274	0.0519734	1.027544	5.420399
10614	-2082.664	-2234.353	151.6891	1.585471	0.773494	0.105824	0.105962	0.0147201	1.036022	5.420399
10620	-2078.58	-2231.581	153.0012	1.215979	0.663346	0.194718	0.122594	0.0193427	1.23997	4.761806
10626	-2070.937	-2223.345	152.408	1.209895	0.663049	0.18191	0.147871	0.00716961	1.160931	5.138917
10632	-2082.786	-2234.451	151.664	1.782973	0.865664	0.070481	0.0537392	0.010116	1.051681	5.33649
10638	-2076.55	-2229.742	153.1929	1.176647	0.801141	0.0929928	0.0977014	0.00816538	1.055652	4.778453
10644	-2081.135	-2235.956	154.8208	0.8866689	0.662529	0.056422	0.27183	0.00921866	1.099646	3.996858
10650	-2082.511	-2236.967	154.4562	1.090283	0.803935	0.109134	0.077617	0.00931465	1.443144	3.891999
10656	-2074.341	-2230.918	156.5776	1.067488	0.644439	0.27846	0.068839	0.00826122	1.427567	2.659902
10662	-2083.928	-2239.156	155.228	1.055428	0.647883	0.233497	0.10591	0.0127101	1.468383	3.450298
10668	-2072.379	-2227.611	155.2322	1.344206	0.798891	0.0360901	0.127137	0.0378818	1.444139	3.302127
10674	-2081.755	-2237.209	155.4539	1.559947	0.562529	0.140237	0.230721	0.0665123	1.477475	3.03865
10680	-2088.171	-2245.191	157.0196	1.481309	0.83826	0.123278	0.0133627	0.0250988	1.478674	2.105509
10686	-2085.302	-2241.226	155.924	1.481309	0.75734	0.0974487	0.125455	0.0197557	1.314768	2.894376
10692	-2086.956	-2243.071	156.115	1.158417	0.828888	0.0689939	0.0888228	0.0132955	1.313575	2.957172
10698	-2088.114	-2244.031	155.9176	1.569314	0.747401	0.0622112	0.127853	0.0625344	1.461871	2.763136
10704	-2080.936	-2238.04	157.1036	1.418283	0.733647	0.193269	0.0453303	0.0277531	1.622079	1.991592
10710	-2087.213	-2244.271	157.0573	1.007368	0.762615	0.14311	0.0335656	0.0607101	1.455381	2.380371
10716	-2097.521	-2254.752	157.2312	1.26967	0.683443	0.171492	0.0184041	0.12666	1.523444	2.061468
10722	-2088.147	-2244.989	156.8416	1.362879	0.739308	0.141228	0.0151562	0.104308	1.554467	2.239759
10728	-2080.455	-2236.802	156.3468	1.703382	0.853156	0.0814463	0.00874058	0.0566569	1.544479	2.37619
10734	-2083.466	-2239.756	156.2906	1.72391	0.80928	0.128685	0.00829107	0.0537431	1.528806	2.411122
10740	-2082.112	-2238.828	156.7165	1.140326	0.767574	0.0529034	0.128549	0.0509735	1.617335	2.411122
10746	-2089.457	-2245.745	156.2881	1.594398	0.61718	0.195155	0.168062	0.0196024	1.396341	2.56238
10752	-2091.265	-2247.248	155.983	1.594398	0.832601	0.0736051	0.0633868	0.0304075	1.369397	2.766769
10758	-2085.884	-2241.228	155.3444	1.261003	0.76728	0.118512	0.0787604	0.0354475	1.389723	3.312971
10764	-2079.427	-2234.655	155.2278	1.117807	0.759706	0.134265	0.0978038	0.00822536	1.240909	3.547623
10770	-2083.365	-2239.322	155.9577	1.556788	0.823652	0.0893861	0.0743923	0.0125695	1.543175	2.695312
10776	-2086.537	-2241.966	155.4299	1.552235	0.646465	0.0826249	0.225964	0.0449462	1.386117	3.111456
10782	-2081.646	-2235.303	153.6565	1.270566	0.77266	0.105726	0.117527	0.00408698	1.168425	4.405647
10788	-2076.804	-2231.651	154.8469	1.169121	0.561867	0.284154	0.134674	0.019305	1.193016	3.767451
10794	-2071.725	-2226.037	154.3118	1.248239	0.734854	0.216849	0.0207259	0.0275714	1.269411	3.988071
10800	-2081.963	-2237.004	155.0406	1.028219	0.543107	0.310789	0.0903871	0.0557162	1.255273	3.698769
10806	-2074.28	-2228.654	154.3732	1.329551	0.650309	0.32354	0.0208182	0.00533305	1.120693	3.995275
10812	-2078.874	-2232.896	154.0217	1.579014	0.565593	0.277431	0.0423294	0.114646	1.088332	4.089842
10818	-2074.927	-2229.529	154.6026	0.9396423	0.596567	0.289171	0.0747159	0.0395455	1.198486	4.034052
10824	-2081.481	-2236.246	154.7648	1.477549	0.699006	0.261724	0.0278352	0.0114352	1.369434	3.550389
10830	-2085.543	-2240.317	154.7736	0.9562816	0.561519	0.343382	0.0873491	0.00775009	1.063243	4.003993
10836	-2079.788	-2234.652	154.8646	1.194805	0.62843	0.257872	0.0841096	0.0295878	1.283626	3.690888
10842	-2075.426	-2230.12	154.6944	1.114379	0.631052	0.258948	0.0844606	0.0255388	1.337863	3.802159
10848	-2077.118	-2231.145	154.0266	1.114379	0.762064	0.16735	0.0636487	0.00693778	1.142985	4.294349
10854	-2088.559	-2244.59	156.0307	1.321698	0.837279	0.0912786	0.0666555	0.00478737	1.229775	2.966719
10860	-2092.031	-2247.005	154.9737	2.022676	0.863466	0.0466642	0.061262	0.0286082	1.253137	3.238889
10866	-2082.154	-2237.162	155.0078	2.187667	0.779356	0.11075	0.0951628	0.0147317	1.355536	3.086147
10872	-2076.213	-2230.483	154.2704	1.56277	0.792064	0.0756132	0.122264	0.010058	1.312798	3.826901
10878	-2079.96	-2233.856	153.896	1.378752	0.705094	0.229715	0.0410028	0.0241879	1.129487	4.23666
10884	-2077.546	-2230.656	153.1101	1.130801	0.762537	0.203064	0.0143337	0.0200656	1.14106	4.801465
10890	-2086.011	-2237.497	151.4863	1.045303	0.671351	0.0903932	0.186743	0.0515122	1.012679	5.814985
10896	-2090.866	-2242.658	151.7921	1.437722	0.737412	0.103593	0.129333	0.0296616	0.9730968	5.468267
10902	-2092.841	-2248.358	155.5172	1.424388	0.685265	0.0849315	0.217915	0.011889	1.244206	3.209624
10908	-2082.058	-2237.844	155.7857	1.261222	0.668973	0.185237	0.119983	0.0258072	1.441421	3.020061
10914	-2088.806	-2243.653	154.8477	1.082222	0.670048	0.228868	0.0563569	0.0447272	1.25761	3.778097
10920	-2078.887	-2234.747	155.8597	1.169845	0.709348	0.22461	0.0368202	0.029222	1.293643	3.115369
10926	-2078.45	-2231.949	153.4991	2.173171	0.819918	0.14601	0.0293315	0.0047412	1.487113	3.896499
10932	-2085.818	-2240.371	154.553	1.137953	0.778891	0.127963	0.0679121	0.0252337	1.031309	4.045816
10938	-2071.946	-2227.668	155.7216	1.002227	0.654263	0.241088	0.0855782	0.0190707	1.271862	3.306975
10944	-2074.134	-2229.966	155.8319	1.002227	0.668412	0.256999	0.0609967	0.0135928	1.38451	3.175125
10950	-2093.672	-2250.917	157.2445	1.672735	0.772487	0.122065	0.085936	0.0195118	1.876895	1.564766
10956	-2095.793	-2253.076	157.283	1.41521	0.498512	0.327874	0.147052	0.0265624	1.619412	1.8742
10962	-2116.621	-2270.194	153.5735	1.046255	0.80114	0.142344	0.0549711	0.00154477	1.003834	4.6652
10968	-2108.989	-2263.697	154.7083	1.689551	0.648476	0.230971	0.116925	0.00362773	1.2202	3.56626
10974	-2082.547	-2240.544	157.9969	1.021999	0.637227	0.273738	0.0672349	0.0217999	1.914919	1.412673
10980	-2087.629	-2246.219	158.5903	0.8019357	0.69052	0.212999	0.0728579	0.023623	1.909296	1.111324
10986	-2087.251	-2245.322	158.0712	1.416812	0.776142	0.12959	0.0098432	0.0844248	1.909296	1.039877
10992	-2089.336	-2245.834	156.4986	1.416812	0.789262	0.050713	0.102233	0.0577919	1.559913	2.424035
10998	-2096.771	-2254.364	157.5933	1.234905	0.676557	0.172158	0.110411	0.0408733	1.530153	1.835025
11004	-2081.324	-2236.96	155.6361	1.152449	0.708095	0.156565	0.128127	0.00721352	1.395279	3.197726
11010	-2079.381	-2235.54	156.1589	1.108261	0.83715	0.0615773	0.0825993	0.0186733	1.54599	2.819275
11016	-2088.629	-2243.204	154.5749	1.63702	0.691899	0.174227	0.131611	0.0022619	1.445999	3.537598
11022	-2088.077	-2242.321	154.2444	1.078033	0.696683	0.177868	0.119838	0.00561139	1.316289	4.092422
11028	-2075.715	-2230.642	154.9264	1.3933	0.690178	0.13379	0.168158	0.00787398	1.393986	3.485075
11034	-2075.96	-2229.961	154.0008	1.235595	0.691613	0.0884053	0.213558	0.0064238	1.216886	4.201828
11040	-2080.235	-2232.909	152.6743	1.529593	0.699884	0.126407	0.165978	0.00773093	1.098042	4.866607
11046	-2074.627	-2228.739	154.1122	1.168829	0.754996	0.154452	0.080489	0.0100636	1.128042	4.224745
11052	-2086.711	-2241.294	154.5831	1.168829	0.747079	0.0675925	0.0792406	0.106088	1.152572	3.942457
11058	-2094.093	-2249.693	155.6001	1.38003	0.788069	0.0164332	0.0835884	0.111909	1.270109	3.16848
11064	-2096.534	-2250.969	154.4349	1.211722	0.690975	0.0492227	0.161681	0.0981213	1.116768	4.024447
11070	-2093.572	-2244.644	151.0716	1.68196	0.773487	0.110564	0.0907713	0.0251782	1.028266	5.719868
11076	-2101.295	-2254.556	153.2616	1.303841	0.714593	0.132811	0.139775	0.0128215	1.346304	4.510659
11082	-2095.019	-2247.485	152.4659	1.005407	0.466465	0.409107	0.115294	0.00913381	1.298734	5.140308
11088	-2096.836	-2248.845	152.0091	1.128959	0.361322	0.453395	0.120182	0.0651005	1.034574	5.471406
11094	-2087.709	-2242.397	154.6881	0.8357602	0.382237	0.51715	0.0688711	0.0317418	1.287498	3.995416
11100	-2084.085	-2240.477	156.3925	0.9135312	0.474164	0.480539	0.0222105	0.0230868	1.443965	2.85719
11106	-2080.467	-2235.911	155.4441	0.7313143	0.547843	0.413206	0.0190984	0.0198519	1.108017	3.727273
11112	-2084.84	-2240.914	156.074	0.891444	0.542835	0.409429	0.0280664	0.0196704	1.285016	3.157207
11118	-2088.246	-2243.74	155.4937	1.070555	0.549401	0.326486	0.110251	0.0138623	1.269485	3.402506
11124	-2092.808	-2244.798	151.99	1.617565	0.858466	0.0380045	0.0756031	0.027926	1.100697	5.203769
11130	-2079.22	-2232.861	153.6413	1.290821	0.752093	0.0798454	0.129435	0.0386264	1.152685	4.412588
11136	-2081.31	-2232.889	151.5787	0.9965483	0.672285	0.200155	0.118463	0.00909622	1.013431	5.790562
11142	-2080.202	-2231.868	151.6659	0.9117233	0.602176	0.24841	0.138125	0.0112892	0.9314084	5.834694
11148	-2083.615	-2236.133	152.5186	0.9656779	0.595311	0.268224	0.126155	0.0103108	0.8164245	5.399703
11154	-2083.353	-2235.134	151.7808	1.014101	0.778274	0.104602	0.103841	0.0132835	0.9837204	5.686545
11160	-2085.742	-2239.255	153.513	0.8963619	0.70904	0.209097	0.0752901	0.00657264	1.328842	4.601607
11166	-2076.322	-2230.822	154.5001	1.146473	0.669017	0.248209	0.0710402	0.0117336	1.255014	3.943519
11172	-2058.246	-2209.136	150.8898	1.59789	0.719741	0.231004	0.0257372	0.0235181	1.025089	5.859214
11178	-2064.1	-2218.051	153.9509	2.263402	0.886307	0.00341896	0.0601389	0.0501355	1.451865	3.619256
11184	-2054.486	-2207.919	153.4327	1.185695	0.780263	0.0177662	0.152154	0.0498174	1.298769	4.502984
11190	-2070.432	-2223.806	153.3742	1.165611	0.731281	0.0326521	0.187858	0.0482093	1.318251	4.535688
11196	-2080.014	-2234.546	154.5322	1.660499	0.825553	0.0918564	0.0462552	0.0363358	1.484045	3.529017
11202	-2069.972	-2225.906	155.934	1.333719	0.728046	0.091278	0.155473	0.0252032	1.668638	2.752734
11208	-2078.661	-2233.388	154.7277	1.471468	0.736629	0.149483	0.109175	0.00471257	1.544443	3.473064
11214	-2095.495	-2252.527	157.0321	1.144582	0.846415	0.0769392	0.0561926	0.0204532	1.549449	2.250849
11220	-2079.463	-2235.501	156.0381	1.384284	0.810978	0.115585	0.0538399	0.0195969	1.406838	2.821134
11226	-2084.459	-2241.499	157.0403	1.058407	0.753098	0.137616	0.084536	0.0247496	1.560353	2.292261
11232	-2086.166	-2236.471	150.3051	1.254399	0.663161	0.0517991	0.27521	0.00983011	0.9449246	6.386229
11238	-2081.174	-2232.674	151.5004	1.219275	0.664519	0.0542427	0.245685	0.0355541	0.9807183	5.73312
11244	-2081.664	-2232.778	151.1137	0.9489476	0.579782	0.180547	0.213831	0.0258408	0.8939031	6.135729
11250	-2094.44	-2244.881	150.4415	0.9518256	0.724362	0.0939475	0.154618	0.0270721	0.9686535	6.458674
11256	-2081.416	-2231.831	150.4148	1.080716	0.683831	0.168039	0.140388	0.00774208	1.121727	6.3205
11262	-2092.838	-2249.524	156.6858	1.235952	0.557525	0.403319	9.22333e-05	0.0390637	1.525944	2.431015
11268	-2096.238	-2250.56	154.3226	1.26105	0.709589	0.236634	0.000197819	0.05358	1.273175	3.972943
11274	-2087.694	-2241.746	154.0525	1.732184	0.783301	0.18025	0.000102351	0.0363466	1.195209	3.939014
11280	-2084.802	-2238.43	153.6276	1.120124	0.684213	0.106503	0.198241	0.0110426	0.9075593	4.648417
11286	-2088.54	-2243.464	154.9235	0.9969497	0.69959	0.0612443	0.175174	0.063992	1.202138	3.81494
11292	-2094.612	-2248.352	153.74	1.00797	0.69402	0.0307276	0.218422	0.0568307	1.086281	4.546896
11298	-2085.504	-2238.491	152.987	1.202052	0.624337	0.193906	0.126114	0.055642	1.01973	4.899866
11304	-2088.729	-2241.71	152.9813	1.202052	0.56841	0.173069	0.154038	0.104484	1.0906	4.863575
11310	-2078.311	-2232.769	154.4572	0.9704316	0.665568	0.214006	0.0810676	0.0393577	1.115567	4.146343
11316	-2083.619	-2237.775	154.1562	1.213196	0.622938	0.200299	0.139926	0.0368368	1.196573	4.136991
11322	-2088.703	-2242.353	153.6501	1.146523	0.610827	0.30093	0.0646548	0.0235885	1.25297	4.427421
11328	-2085.501	-2239.235	153.734	1.649697	0.715442	0.137928	0.114567	0.0320634	1.293267	4.103376
11334	-2078.974	-2233.985	155.0108	1.447548	0.764498	0.121682	0.0855291	0.0282904	1.275503	3.476995
11340	-2077.87	-2232.738	154.8679	1.272049	0.651314	0.200216	0.111567	0.0369029	1.294167	3.641102
11346	-2081.996	-2236.591	154.5949	1.701216	0.703199	0.16041	0.11082	0.0255711	1.195164	3.641102
11352	-2078.587	-2233.862	155.2747	1.453592	0.845775	0.010555	0.0860757	0.057594	1.366676	3.265437
11358	-2077.947	-2231.498	153.5508	1.541725	0.767226	0.188034	0.0370448	0.00769556	1.301727	4.25405
11364	-2080.892	-2235.655	154.7631	1.646162	0.771897	0.189178	0.0105467	0.0283781	1.313525	3.50074
11370	-2073.693	-2229.587	155.8937	1.210345	0.723975	0.24736	0.00190007	0.0267651	1.40726	3.004289
11376	-2082.466	-2236.459	153.9928	1.586691	0.740304	0.252939	0.00194293	0.00481401	1.422065	3.911939
11382	-2087.084	-2239.756	152.6717	1.57541	0.806995	0.177182	0.0131931	0.00262999	1.201025	4.788866
11388	-2078.427	-2232.316	153.889	1.351419	0.596933	0.366691	0.0332469	0.00312908	1.235066	4.194655
11394	-2072.167	-2226.223	154.056	1.548665	0.622901	0.348136	0.0220511	0.00691218	1.197924	4.022391
11400	-2079.724	-2233.001	153.2768	1.548665	0.809767	0.0450634	0.125238	0.0199313	1.250403	4.434544
11406	-2083.636	-2236.832	153.1957	1.595084	0.800701	0.0600347	0.10311	0.0361537	1.126726	4.527738
11412	-2074.624	-2225.005	150.3811	1.455443	0.814476	0.00767391	0.144029	0.0338205	1.156713	6.131393
11418	-2074.271	-2229.773	155.5025	1.227959	0.700354	0.122039	0.13182	0.0457873	1.385203	3.240472
11424	-2072.536	-2228.183	155.6465	1.222185	0.632864	0.28523	0.0626275	0.0192788	1.246637	3.240472
11430	-2078.349	-2233.411	155.0617	1.27707	0.637254	0.269668	0.0725125	0.0205652	1.494272	3.408846
11436	-2076.136	-2231.038	154.902	1.27707	0.67141	0.243349	0.0645391	0.0207019	1.33331	3.595887
11442	-2073.385	-2227.911	154.5262	0.9755892	0.589282	0.318426	0.0740836	0.018208	1.29902	3.999483
11448	-2079.235	-2234.177	154.9417	1.211955	0.727026	0.164091	0.0914005	0.0174828	1.254746	3.653578
11454	-2087.352	-2244.772	157.4197	1.012732	0.841472	0.0890447	0.0539213	0.0155621	1.6772	1.998059
11460	-2074.317	-2230.687	156.3705	1.138884	0.852138	0.0918306	0.0473828	0.00864884	1.559815	2.663348
11466	-2096.499	-2251.928	155.4289	1.876837	0.852138	0.0918306	0.0473828	0.00864884	1.359581	2.97025
11472	-2099.194	-2255.192	155.9982	1.040512	0.672011	0.113821	0.198602	0.0155662	1.359736	3.068249
11478	-2109.423	-2263.057	153.6338	1.278575	0.782797	0.16922	0.0408306	0.00715225	1.178074	4.408867
11484	-2105.659	-2259.555	153.8958	1.33451	0.766846	0.0368893	0.192848	0.0034173	1.116824	4.266485
11490	-2106.243	-2259.595	153.3514	1.527054	0.747908	0.0615739	0.169892	0.0206262	1.137945	4.466231
11496	-2101.143	-2255.169	154.0256	1.13427	0.73013	0.0968334	0.165854	0.0071826	0.9403677	4.398555
11502	-2094.558	-2250.042	155.4839	0.9774746	0.578732	0.191603	0.220932	0.00873288	1.170481	3.520126
11508	-2090.714	-2243.014	152.3005	0.9456142	0.60301	0.248388	0.144551	0.00405063	1.084552	5.383308
11514	-2078.166	-2232.942	154.7763	0.9361319	0.616293	0.25386	0.128874	0.00097249	1.260522	3.901208
11520	-2077.164	-2232.837	155.6732	0.9100852	0.51682	0.444179	0.0389016	9.94123e-05	1.325654	3.358647
11526	-2074.58	-2231.411	156.8316	0.9200304	0.807707	0.10561	0.0866296	5.35709e-05	1.482702	2.560073
11532	-2077.895	-2235.591	157.6957	1.24734	0.884259	0.0335431	0.0820912	0.000106203	1.570652	1.727623
11538	-2076.887	-2233.657	156.7704	1.485646	0.809189	0.0730814	0.117663	6.6316e-05	1.626071	2.169497
11544	-2076.555	-2234.054	157.4993	1.345021	0.683104	0.217515	0.0993295	5.16876e-05	1.563285	1.807283
11550	-2077.471	-2232.711	155.2393	1.073927	0.637546	0.270384	0.0920196	5.02542e-05	1.349826	3.502371
11556	-2084.522	-2239.495	154.9726	1.359414	0.587508	0.284962	0.127412	0.000118616	1.313439	3.522775
11562	-2088.51	-2241.895	153.3849	0.8982634	0.587793	0.236089	0.176	0.000118673	1.184059	4.753295
11568	-2086.233	-2239.04	152.8072	0.994789	0.304809	0.541991	0.153074	0.000125993	1.11929	5.056483
11574	-2086.155	-2240.922	154.7665	0.9943434	0.574033	0.166346	0.248864	0.0107575	1.322974	3.837243
11580	-2083.343	-2235.559	152.2162	1.126117	0.577636	0.198962	0.214146	0.00925674	1.15368	5.293081
11586	-2084.992	-2237.846	152.8545	1.215176	0.81772	0.0839376	0.0939797	0.00436247	0.9558585	5.002235
11592	-2083.419	-2238.976	155.5563	1.412228	0.657806	0.211104	0.125654	0.00543558	1.419858	3.08837
11598	-2104.344	-2260.613	156.2686	0.7618538	0.64371	0.255125	0.0898913	0.0112731	1.421562	3.040255
11604	-2078.404	-2232.852	154.4486	1.724905	0.7894	0.0116214	0.182431	0.0165471	1.207526	3.707493
11610	-2092.876	-2249.541	156.6646	1.264883	0.774955	0.00863497	0.188606	0.0278045	1.322968	2.554445
11616	-2103.073	-2257.59	154.5172	1.295455	0.751247	0.0122074	0.139083	0.0974623	1.295274	3.830452
11622	-2087.775	-2244.991	157.2159	1.166528	0.629156	0.203096	0.148002	0.0197458	1.708155	2.013326
11628	-2103.539	-2261.602	158.0639	1.279842	0.660183	0.213112	0.102828	0.0238778	1.766887	1.28067
11634	-2085.152	-2241.283	156.1318	1.218254	0.616451	0.150833	0.218653	0.014062	1.500316	2.799729
11640	-2086.187	-2244.017	157.83	0.8794621	0.609003	0.306906	0.0685022	0.0155883	1.741293	1.766986
11646	-2089.343	-2247.206	157.8626	0.9451195	0.581048	0.354554	0.0463897	0.0180084	1.73598	1.700654
11652	-2091.083	-2247.738	156.6542	1.253849	0.809956	0.113828	0.0701771	0.006039	1.907751	2.196976
11658	-2089.054	-2246.04	156.9859	1.111629	0.717179	0.0595383	0.21946	0.00382274	1.488042	2.339954
11664	-2095.281	-2246.195	150.9135	1.195896	0.619966	0.235851	0.12738	0.0168035	0.953038	6.080865
11670	-2074.273	-2228.892	154.6187	1.690163	0.850506	0.0869727	0.0498157	0.0127053	1.198844	3.630364
11676	-2083.311	-2239.029	155.718	1.494708	0.785146	0.150331	0.0527939	0.0117289	1.204934	3.07709
11682	-2078.323	-2229.964	151.6414	1.304386	0.690863	0.135896	0.136049	0.037193	1.193924	5.49544
11688	-2074.039	-2227.043	153.0039	1.366482	0.703808	0.224473	0.0338288	0.0378899	0.9960139	4.819365
11694	-2075.18	-2227.925	152.745	1.285063	0.769582	0.107913	0.081074	0.0414309	1.137127	4.926232
11700	-2086.358	-2239.195	152.8378	1.165906	0.737832	0.113645	0.108349	0.0401729	1.01763	5.0031
11706	-2076.309	-2229.088	152.7798	1.127933	0.593856	0.203794	0.150067	0.0522829	1.111979	5.0031
11712	-2076.948	-2229.342	152.3942	1.34779	0.660077	0.205357	0.076452	0.058113	1.035202	5.145815
11718	-2077.061	-2230.972	153.9119	1.255798	0.692286	0.215378	0.0801826	0.0121529	1.176011	4.264749
11724	-2088.265	-2240.457	152.1919	1.311945	0.669032	0.160245	0.0865744	0.0841489	1.024814	5.281442
11730	-2066.824	-2221.609	154.7852	0.8097397	0.665591	0.256108	0.0605834	0.0177173	1.194165	4.00878
11736	-2071.194	-2225.768	154.5741	1.315985	0.822049	0.104656	0.0403113	0.0329836	1.431091	3.708552
11742	-2067.868	-2223.426	155.5579	1.214547	0.815335	0.0592993	0.0996046	0.0257612	1.426553	3.190643
11748	-2071.501	-2225.678	154.1768	1.227596	0.761721	0.121157	0.093055	0.0240673	1.191296	4.120608
11754	-2066.47	-2219.284	152.8137	1.343592	0.771518	0.122715	0.0944989	0.0112681	1.021462	4.922649
11760	-2074.645	-2227.959	153.3143	1.317771	0.771518	0.122715	0.0944989	0.0112681	1.311242	4.493593
11766	-2065.707	-2218.291	152.5837	1.081915	0.621927	0.212375	0.12632	0.039378	1.037309	5.177993
11772	-2068.67	-2223.06	154.3899	0.9714136	0.603464	0.302579	0.0557481	0.0382089	1.276347	4.092596
11778	-2079.876	-2235.795	155.9194	1.363577	0.834298	0.0581834	0.0637944	0.0437237	1.599887	2.787173
11784	-2079.236	-2234.643	155.4078	1.217389	0.691951	0.232019	0.0529098	0.02312	1.493999	3.238007
11790	-2084.126	-2238.699	154.5739	1.217389	0.635535	0.258788	0.0762943	0.0293827	1.322422	3.823887
11796	-2089.437	-2240.232	150.7956	1.555384	0.750079	0.179637	0.0540422	0.0162417	0.8078323	6.048795
11802	-2084.374	-2236.309	151.9354	1.296503	0.637981	0.223973	0.0621722	0.0758729	0.7094014	5.604092
11808	-2076.068	-2229.305	153.2371	1.150958	0.69692	0.186311	0.0809945	0.0357746	0.9693123	4.815623
11814	-2092.09	-2245.766	153.6762	1.089005	0.584473	0.234897	0.154849	0.0257805	1.15647	4.498355
11820	-2091.631	-2247.672	156.0404	1.413076	0.72149	0.168719	0.0767576	0.0330327	1.502453	2.745882
11826	-2098.92	-2255.734	156.8139	1.091239	0.679352	0.12219	0.178998	0.0194589	1.424666	2.500765
11832	-2089.398	-2245.51	156.1128	0.9776667	0.660614	0.174204	0.136126	0.0290556	1.282839	3.083167
11838	-2092.128	-2246.611	154.4836	1.256876	0.600124	0.260987	0.123662	0.0152283	1.281377	3.878222
11844	-2092.312	-2248.71	156.3987	0.7701843	0.621839	0.198511	0.167739	0.0119113	1.309043	3.024492
11850	-2085.323	-2240.302	154.9792	1.553491	0.764312	0.0800492	0.11882	0.036818	1.476465	3.324163
11856	-2085.996	-2242	156.0043	1.298993	0.735103	0.148995	0.0837492	0.0321528	1.567405	2.790952
11862	-2090.222	-2246.746	156.5232	1.21231	0.626631	0.126476	0.195081	0.0518119	1.428923	2.606805
11868	-2086.444	-2243.214	156.7699	1.096817	0.6349	0.232603	0.10701	0.0254877	1.482526	2.488709
11874	-2086.241	-2239.564	153.3233	1.328894	0.71418	0.134659	0.0947049	0.0564568	1.054361	4.627074
11880	-2085.553	-2237.33	151.7764	1.23752	0.640782	0.320904	0.0287765	0.00953683	1.069361	5.523656
11886	-2096.598	-2248.235	151.6369	1.068027	0.606779	0.343808	0.0381766	0.0112368	1.18587	5.625337
11892	-2091.617	-2246.11	154.4925	1.516553	0.790097	0.170308	0.022901	0.0166936	1.201157	3.785974
11898	-2083.16	-2236.081	152.9211	1.10314	0.706461	0.22912	0.0535337	0.0108859	1.201157	4.88827
11904	-2077.675	-2230.895	153.2197	0.9657062	0.58002	0.354435	0.0609736	0.00457175	1.09261	4.858169
11910	-2086.484	-2237.351	150.8661	1.392559	0.778866	0.181884	0.0323892	0.00686046	0.9949936	5.985489
11916	-2089.802	-2242.178	152.3766	1.189412	0.700084	0.238266	0.0591038	0.00254629	1.125732	5.186488
11922	-2103.097	-2254.948	151.8506	0.7702456	0.44089	0.420695	0.137045	0.00136906	1.198706	5.667684
11928	-2090.83	-2241.174	150.344	1.145616	0.706133	0.271259	0.0220442	0.000563748	1.030556	6.374331
11934	-2093.837	-2247.425	153.5886	0.7280031	0.567952	0.384109	0.0472798	0.000659182	1.071771	4.801545
11940	-2093.264	-2243.305	150.0408	1.223762	0.623961	0.319653	0.045448	0.0109375	1.069758	6.477302
11946	-2090.356	-2239.938	149.5821	1.29592	0.635539	0.309812	0.0440488	0.0106007	0.8690846	6.797694
11952	-2085.607	-2236.006	150.3987	2.090108	0.859698	0.0709576	0.0598061	0.0095385	0.8814283	5.995152
11958	-2083.423	-2233.938	150.5143	1.508065	0.759991	0.132716	0.103984	0.00330889	0.9640548	6.138963
11964	-2086.015	-2238.1	152.0856	1.350967	0.720637	0.148802	0.124299	0.00626142	1.173253	5.238562
11970	-2092.827	-2245.674	152.8462	1.072245	0.79734	0.0605112	0.111682	0.0304661	0.9951252	5.061147
11976	-2089.37	-2242.832	153.4621	1.039883	0.706236	0.0893838	0.200533	0.00384726	1.218763	4.610701
11982	-2095.491	-2251.095	155.6039	0.9930102	0.496071	0.23993	0.235171	0.0288287	1.311328	3.358392
11988	-2100.351	-2255.746	155.3947	1.058361	0.475855	0.22957	0.266991	0.0275839	1.284847	3.458488
11994	-2085.055	-2237.193	152.1378	1.763307	0.677966	0.0336827	0.282725	0.00562708	0.9742348	5.12604
12000	-2079.579	-2231.852	152.2735	1.547297	0.707717	0.030561	0.256523	0.00519972	0.9850164	5.143628
12006	-2091.148	-2244.564	153.416	1.069126	0.677263	0.0440468	0.25998	0.0187107	1.117879	4.676944
12012	-2089.177	-2244.652	155.4752	1.601274	0.820884	0.0971051	0.0189527	0.0630586	1.447119	3.023225
12018	-2083.666	-2239.041	155.3748	1.535428	0.640914	0.295898	0.0147975	0.04839	1.281395	3.214875
12024	-2075.012	-2231.808	156.7967	1.397615	0.667377	0.20322	0.128905	0.00049784	1.694754	2.157957
12030	-2081.107	-2238.091	156.9848	1.16917	0.812209	0.0944019	0.0917393	0.00165	1.605903	2.229842
12036	-2072.603	-2228.46	155.8576	1.268062	0.852917	0.0489404	0.0922395	0.00590268	1.290747	3.06341
12042	-2069.442	-2224.825	155.3825	1.444415	0.777052	0.148765	0.0639042	0.010278	1.349832	3.216434
12048	-2081.038	-2236.239	155.2009	1.876039	0.68469	0.186411	0.113456	0.0154424	1.349832	3.112933
12054	-2081.247	-2235.602	154.3547	1.395682	0.840627	0.119025	0.0386598	0.00168812	1.338537	3.847007
12060	-2100.461	-2253.456	152.995	1.337166	0.820448	0.0768556	0.0967794	0.00591741	1.00078	4.836422
12066	-2072.016	-2225.652	153.6368	1.325583	0.74263	0.233779	0.0182347	0.00535616	1.172044	4.386289
12072	-2071.674	-2226.845	155.1707	1.392418	0.751256	0.235304	0.00802233	0.00541837	1.22608	3.440893
12078	-2082.425	-2236.397	153.9724	1.438608	0.801002	0.19037	0.00658838	0.00203904	1.190863	4.128268
12084	-2073.979	-2229.637	155.6583	1.203533	0.648828	0.278158	0.0513443	0.0216689	1.351285	3.181892
12090	-2080.797	-2234.393	153.5964	1.332552	0.704119	0.182599	0.0838118	0.029471	1.179689	4.401178
12096	-2081.474	-2234.871	153.3974	1.332552	0.838704	0.131338	0.0264289	0.00352878	1.160426	4.524114
12102	-2081.825	-2237.065	155.2403	1.216903	0.815046	0.0540021	0.118635	0.0123169	1.396899	3.394042
12108	-2093.455	-2247.091	153.6355	1.263098	0.835737	0.0522187	0.101506	0.0105384	0.9836024	4.525425
12114	-2100.399	-2257.327	156.9278	1.006166	0.795736	0.11538	0.065717	0.023167	1.432726	2.476929
12120	-2087.328	-2241.333	154.0053	2.022292	0.835832	0.0450713	0.0480695	0.0710275	1.01457	3.940568
12126	-2083.741	-2239.09	155.349	1.769159	0.844648	0.0898559	0.0654242	7.21549e-05	1.32791	3.087888
12132	-2091.502	-2249.471	157.9685	1.093202	0.755658	0.132806	0.0753603	0.0361754	1.90252	1.389887
12138	-2089.657	-2247.984	158.3274	0.8774338	0.70916	0.174824	0.0866484	0.029367	1.672468	1.457447
12144	-2087.121	-2241.345	154.2246	1.213386	0.830853	0.136492	0.0324638	0.000190852	1.129773	4.135972
12150	-2084.414	-2237.987	153.5732	1.190118	0.531071	0.439931	0.0280184	0.000980156	1.320721	4.409164
12156	-2076.454	-2230.407	153.9532	0.9977356	0.669137	0.293685	0.021913	0.0152655	1.128008	4.409164
12162	-2093.982	-2247.993	154.0104	1.025452	0.561281	0.388582	0.0406728	0.00946428	1.177578	4.333272
12168	-2080.563	-2234.377	153.814	1.268771	0.61918	0.355036	0.0177376	0.00804667	1.119669	4.345218
12174	-2078.159	-2232.781	154.6218	0.9640859	0.656206	0.279585	0.0187983	0.0454102	1.052273	4.092371
12180	-2076.488	-2230.957	154.4696	1.558555	0.786659	0.158225	0.0113478	0.0437679	1.190337	3.784729
12186	-2085.426	-2239.951	154.5256	0.9503997	0.564965	0.231532	0.140521	0.062982	1.326115	3.998929
12192	-2083.543	-2237.31	153.7672	1.258293	0.557007	0.337346	0.0435519	0.0620949	0.9460376	4.474952
12198	-2090.725	-2244.228	153.5028	1.421303	0.83662	0.0572786	0.0628433	0.0432586	1.06299	4.474952
12204	-2083.166	-2235.099	151.9327	1.47763	0.717275	0.105238	0.155459	0.0220281	0.9253611	5.397946
12210	-2078.497	-2231.273	152.7762	1.149311	0.710161	0.1491	0.10953	0.0312091	1.024187	5.04244
12216	-2077.683	-2231.739	154.056	1.421968	0.559406	0.185515	0.209224	0.0458548	0.9471422	4.227537
12222	-2078.089	-2232.21	154.1209	1.346119	0.637246	0.245116	0.0935055	0.0241316	1.161857	4.107133
12228	-2077.464	-2232.808	155.3437	1.46067	0.664619	0.270749	0.0361919	0.0284406	1.291944	3.265152
12234	-2100.056	-2255.235	155.1797	1.123599	0.575955	0.227506	0.135906	0.0606339	1.221523	3.583626
12240	-2079.641	-2235.08	155.4394	1.153096	0.743193	0.1618	0.0775893	0.0174183	1.319064	3.358385
12246	-2080.957	-2235.568	154.6113	1.163991	0.838325	0.129124	0.0192338	0.0133165	1.139393	3.93646
12252	-2067.407	-2221.584	154.1774	1.054503	0.79433	0.156286	0.0325419	0.0168423	1.026722	4.307895
12258	-2073.776	-2224.807	151.0318	1.351583	0.710382	0.139769	0.136263	0.0135858	0.8853872	5.974896
12264	-2065.846	-2219.799	153.9529	1.020744	0.612154	0.302167	0.0767167	0.00896229	1.076683	4.425345
12270	-2082.179	-2236.158	153.9787	1.04125	0.642789	0.275551	0.0778311	0.00382844	1.368787	4.2341
12276	-2083.511	-2237.846	154.335	1.477705	0.679623	0.265002	0.049082	0.00629317	1.15274	3.923538
12282	-2080.149	-2233.544	153.3947	1.002004	0.562222	0.381662	0.0385699	0.0175462	1.168683	4.69762
12288	-2080.817	-2235.233	154.4155	1.002004	0.755209	0.21998	0.0150947	0.00971664	1.09621	4.163036
12294	-2084.215	-2236.133	151.9171	1.097825	0.63667	0.228266	0.124938	0.0101256	1.210392	5.441842
12300	-2076.109	-2230.27	154.1608	1.413074	0.733493	0.164976	0.0898659	0.0116654	1.053652	4.111995
12306	-2088.703	-2243.892	155.1895	1.289878	0.733607	0.165002	0.0898799	0.0115112	1.14901	3.529013
12312	-2087.854	-2240.771	152.9172	1.66101	0.81325	0.119075	0.0666488	0.00102572	1.187394	4.619262
12318	-2081.777	-2233.918	152.1402	1.223562	0.729024	0.104413	0.162457	0.00410578	1.110433	5.307773
12324	-2083.044	-2237.44	154.3959	1.362884	0.736119	0.162618	0.0967786	0.00448406	1.317444	3.85228
12330	-2072.028	-2227.151	155.1225	1.194939	0.592717	0.356457	0.0441304	0.00669558	1.324968	3.51708
12336	-2072.224	-2228.155	155.931	1.01586	0.629088	0.337354	0.0309231	0.00263496	1.356116	3.125041
12342	-2077.201	-2232.675	155.4739	1.022198	0.629535	0.359916	0.00773793	0.00281118	1.229714	3.465296
12348	-2090.655	-2245.02	154.3652	1.165187	0.595435	0.388142	0.0123528	0.0040707	1.11243	4.091795
12354	-2103.437	-2259.074	155.6379	1.165778	0.589073	0.242479	0.163839	0.00460976	1.287918	3.252656
12360	-2091.833	-2248.884	157.0511	0.9940002	0.575504	0.251206	0.163199	0.0100911	1.598768	2.30164
12366	-2097.244	-2254.614	157.37	1.101836	0.779106	0.149526	0.0673944	0.0039735	1.513134	2.081592
12372	-2100.015	-2254.597	154.5822	1.396305	0.567696	0.384862	0.0455494	0.00189264	1.081691	3.863554
12378	-2102.187	-2254.96	152.7727	1.773382	0.648577	0.327877	0.0224925	0.00105324	1.084028	4.70705
12384	-2088.435	-2240.833	152.3979	1.177983	0.761751	0.158016	0.0696184	0.0106143	1.07177	5.210505
12390	-2088.926	-2242.601	153.6743	1.370443	0.764617	0.160682	0.0540344	0.0206671	1.10808	4.378394
12396	-2081.379	-2234.531	153.1517	1.355853	0.759863	0.129161	0.0904379	0.0205386	1.134655	4.664589
12402	-2073.178	-2227.185	154.007	1.42581	0.833559	0.0777966	0.0688689	0.0197758	1.156472	4.134581
12408	-2069.3	-2223.869	154.5692	1.08743	0.776048	0.0734697	0.137953	0.0125293	1.185591	3.97638
12414	-2082.075	-2235.694	153.6188	1.13876	0.732794	0.151299	0.104843	0.0110641	1.040097	4.568963
12420	-2087.217	-2243.737	156.5205	1.196055	0.658799	0.255813	0.0748608	0.010527	1.400047	2.635776
12426	-2081.528	-2238.845	157.3167	1.037677	0.732961	0.112647	0.132754	0.0216374	1.516806	2.155248
12432	-2082.124	-2239.293	157.1693	1.069656	0.644352	0.204176	0.126211	0.0252614	1.622656	2.161784
12438	-2083	-2240.96	157.9599	1.180826	0.647045	0.239488	0.0958371	0.0176297	1.689874	1.494733
12444	-2088.679	-2246.299	157.6205	1.173715	0.819507	0.0763667	0.0791778	0.0249489	1.607295	1.802864
12450	-2085.604	-2242.848	157.2441	1.168574	0.661915	0.177328	0.143164	0.0175943	1.527814	2.11246
12456	-2068.793	-2225.16	156.367	1.168574	0.731835	0.152652	0.102423	0.0130898	1.447339	2.717105
12462	-2071.261	-2225.932	154.6706	1.2837	0.749494	0.206889	0.0408155	0.00280092	1.271747	3.761877
12468	-2079.974	-2236.186	156.2116	1.00275	0.690958	0.262414	0.0438883	0.00273928	1.385053	2.947589
12474	-2082.911	-2238.317	155.4058	1.012726	0.615576	0.278309	0.0998811	0.00623407	1.318258	3.458858
12480	-2088.669	-2246.942	158.2733	0.9116753	0.734571	0.0833333	0.119554	0.0625423	1.705026	1.447053
12486	-2084.038	-2241.928	157.89	0.9116753	0.577595	0.312438	0.0624988	0.0474681	1.701142	1.729951
12492	-2078.29	-2235.95	157.66	1.096981	0.731696	0.211647	0.0153525	0.0413048	1.479371	1.91384
12498	-2089.56	-2246.066	156.5067	1.08302	0.761555	0.175823	0.0212022	0.0414192	1.307712	2.767537
12504	-2095.834	-2252.161	156.3271	1.063274	0.811275	0.158273	0.0192818	0.0111706	1.243119	2.92735
12510	-2084.796	-2240.116	155.3198	1.565435	0.742344	0.2247	0.0208667	0.0120888	1.344958	3.194667
12516	-2087.927	-2242.799	154.8716	0.9449073	0.618889	0.346751	0.0242605	0.0100991	1.162312	3.897769
12522	-2088.937	-2243.831	154.8936	0.9449073	0.624886	0.315741	0.0524538	0.00691897	1.140289	3.897769
12528	-2099.85	-2254.102	154.2518	1.021617	0.56364	0.321075	0.101964	0.0133213	1.05136	4.270249
12534	-2083.848	-2236.096	152.2472	1.358347	0.709161	0.230748	0.0485341	0.0115575	0.9540584	5.266755
12540	-2088.62	-2244.324	155.7039	1.809613	0.708858	0.195603	0.00650162	0.0890373	1.38851	2.818411
12546	-2087.289	-2242.411	155.1221	1.384034	0.785126	0.176244	0.00216258	0.0364671	1.336774	3.40892
12552	-2089.958	-2243.45	153.4922	1.733848	0.812167	0.145163	0.00494692	0.037723	1.161651	4.276398
12558	-2086.607	-2241.591	154.9836	1.080762	0.759059	0.180876	0.0136111	0.0464539	1.378693	3.630352
12564	-2091.329	-2245.639	154.3096	1.770605	0.815822	0.0954595	0.0426591	0.0460595	1.211651	3.764111
12570	-2091.635	-2243.453	151.8179	1.517439	0.674792	0.263086	0.0355332	0.0265893	0.9413262	5.433447
12576	-2087.791	-2240.272	152.4811	1.14738	0.618653	0.330414	0.0325771	0.0183559	1.305098	5.05137
12582	-2084.008	-2237.232	153.2236	1.14738	0.597964	0.347958	0.0459055	0.00817247	1.326687	4.625248
12588	-2069.918	-2223.488	153.5698	1.284474	0.564625	0.370464	0.0448926	0.020019	1.115439	4.477145
12594	-2095.879	-2248.793	152.9137	1.679902	0.696096	0.170111	0.0519486	0.0818446	1.019935	4.70633
12600	-2085.901	-2236.958	151.0572	1.35993	0.846281	0.0890795	0.0434974	0.0211418	0.9226677	5.936557
12606	-2095.005	-2249.095	154.09	1.079056	0.801197	0.0529832	0.125804	0.0200155	1.144267	4.277199
12612	-2083.146	-2235.681	152.535	0.9654246	0.556245	0.138734	0.295953	0.00906846	0.9313718	5.3274
12618	-2087.88	-2241.423	153.5434	0.8531949	0.581638	0.225681	0.185349	0.00733184	1.036968	4.772881
12624	-2083.342	-2238.143	154.8018	1.119747	0.522886	0.345343	0.120551	0.0112194	1.079375	3.88601
12630	-2077.121	-2230.389	153.2682	1.172527	0.72582	0.205005	0.0632852	0.00588982	1.000124	4.769597
12636	-2073.673	-2228.689	155.0166	0.9443429	0.677322	0.241035	0.0746914	0.00695137	1.140088	3.827592
12642	-2081.632	-2236.277	154.6445	1.481212	0.672728	0.187533	0.132834	0.00690422	1.052324	3.801686
12648	-2075.975	-2231.163	155.1877	1.099038	0.787669	0.132449	0.0709985	0.00888352	1.350817	3.517586
12654	-2074.647	-2229.878	155.2316	1.251747	0.753654	0.140304	0.0970491	0.00899326	1.202854	3.493595
12660	-2083.285	-2239.02	155.7346	1.244447	0.607587	0.268347	0.120826	0.00323968	1.273539	3.159963
12666	-2081.56	-2235.805	154.2452	0.7755179	0.415467	0.563858	0.013406	0.00726857	1.143654	4.364501
12672	-2090.667	-2243.695	153.0281	0.8433324	0.60354	0.387388	0.00407775	0.00499374	1.021931	5.073757
12678	-2075.524	-2230.355	154.8312	1.102817	0.570794	0.341935	0.081416	0.0058553	1.277389	3.764651
12684	-2074.386	-2231.026	156.6402	1.072354	0.742311	0.157067	0.0661348	0.034487	1.38104	2.6471
12690	-2062.023	-2219.812	157.7895	1.126654	0.788381	0.166816	0.0282484	0.0165552	1.758123	1.608406
12696	-2056.519	-2214.124	157.6045	1.007488	0.736566	0.220605	0.0240431	0.0187857	1.695884	1.864284
12702	-2058.93	-2215.976	157.0464	1.250384	0.811693	0.141281	0.0263243	0.0207018	1.767462	2.034129
12708	-2071.702	-2229.688	157.9863	1.023021	0.857199	0.0614877	0.0488132	0.0325002	1.596515	1.656122
12714	-2067.068	-2225.17	158.102	0.9600944	0.666824	0.16927	0.134378	0.0295281	1.780649	1.482322
12720	-2070.027	-2227.347	157.3201	0.9090893	0.773231	0.102707	0.115253	0.0088087	1.550849	2.214917
12726	-2067.605	-2222.815	155.2109	1.023688	0.607719	0.140366	0.234028	0.0178866	1.319937	3.565159
12732	-2077.788	-2233.136	155.348	1.023688	0.57265	0.217026	0.189731	0.0205926	1.292846	3.501087
12738	-2078.952	-2234.632	155.6802	1.151044	0.860572	0.115932	0.0124954	0.0110003	1.292846	3.233072
12744	-2081.197	-2235.46	154.2635	1.17979	0.881371	0.0964997	0.00808075	0.014049	1.166619	4.110919
12750	-2089.677	-2243.943	154.2656	1.651577	0.830515	0.147287	0.00761449	0.0145837	1.381459	3.747318
12756	-2075.881	-2230.743	154.8623	1.119195	0.691046	0.262747	0.0210461	0.0251608	1.111785	3.832968
12762	-2078.301	-2234.726	156.4254	1.272462	0.679441	0.260253	0.00587152	0.0544346	1.469609	2.607488
12768	-2076.479	-2233.076	156.597	1.249841	0.78345	0.175216	0.0223775	0.0189556	1.419703	2.544984
12774	-2075.106	-2228.948	153.8422	1.228089	0.74699	0.0892581	0.0943116	0.06944	1.118205	4.351442
12780	-2077.025	-2233.469	156.444	1.432825	0.718401	0.223928	0.0453461	0.0123244	1.511983	2.479569
12786	-2075.229	-2231.811	156.5819	1.324777	0.6551	0.307792	0.0201679	0.0169401	1.551791	2.428671
12792	-2073.8	-2228.393	154.5934	1.127214	0.619775	0.339678	0.0158299	0.0247176	1.16238	3.95378
12798	-2069.051	-2223.655	154.6045	1.541884	0.888804	0.0655984	0.0101504	0.0354469	1.172886	3.725182
12804	-2077.923	-2233.464	155.541	1.164288	0.606343	0.23872	0.145525	0.00941183	1.485683	3.1938
12810	-2074.206	-2227.625	153.419	1.142312	0.707235	0.223961	0.0586756	0.0101286	1.118006	4.635408
12816	-2076.773	-2230.64	153.8675	1.248408	0.680079	0.268507	0.0415823	0.00983203	1.111764	4.330104
12822	-2073.718	-2227.465	153.7469	1.201644	0.661346	0.209703	0.125083	0.00386789	1.115665	4.420668
12828	-2079.076	-2233.131	154.0544	1.22765	0.785065	0.116797	0.0643902	0.0337475	1.146078	4.215789
12834	-2074.482	-2227.17	152.6888	1.415008	0.758193	0.190074	0.0323723	0.0193602	1.053232	4.93897
12840	-2090.022	-2244.843	154.8208	1.18091	0.748756	0.225642	0.00615042	0.0194523	1.148885	3.801458
12846	-2084.375	-2239.095	154.7194	1.252577	0.700088	0.188864	0.0947654	0.0162817	1.183037	3.801458
12852	-2084.609	-2238.962	154.3537	1.440895	0.692411	0.189188	0.0921997	0.0262013	1.378743	3.801458
12858	-2079.553	-2234.555	155.0028	1.423317	0.783942	0.0100476	0.190825	0.0151859	1.39156	3.426262
12864	-2087.395	-2238.718	151.3236	1.57466	0.818921	0.00851289	0.161677	0.0108889	1.115134	5.582921
12870	-2073.502	-2225.77	152.2678	1.839864	0.869973	0.00269203	0.104091	0.0232443	1.061252	4.971991
12876	-2077.262	-2232.038	154.7762	1.372642	0.847093	0.0365617	0.104045	0.0123012	1.394715	3.582859
12882	-2074.994	-2229.6	154.6061	1.400412	0.786961	0.0957577	0.0941371	0.0231443	1.178309	3.792107
12888	-2075.22	-2228.161	152.9404	1.383012	0.68468	0.141731	0.139333	0.034256	1.128814	4.772426
12894	-2077.59	-2230.748	153.1584	0.9179123	0.622541	0.229251	0.104322	0.0438858	1.020938	4.95923
12900	-2078.513	-2232.378	153.8649	1.576891	0.657777	0.242227	0.0536262	0.0463697	1.057535	4.197518
12906	-2073.783	-2229.747	155.9644	1.524276	0.744504	0.0877066	0.127132	0.0406573	1.513874	2.726174
12912	-2076.83	-2228.879	152.0491	0.9182493	0.513978	0.305058	0.16786	0.0131047	1.056028	5.552701
12918	-2067.172	-2216.441	149.2685	1.382366	0.60708	0.237013	0.130418	0.0254894	1.159711	6.767874
12924	-2068.266	-2223.12	154.8536	1.232486	0.781183	0.124261	0.0866109	0.00794494	0.992176	3.844813
12930	-2074.322	-2226.669	152.347	1.274499	0.71771	0.102212	0.164947	0.0151308	0.9818373	5.238464
12936	-2082.304	-2234.536	152.2318	1.223991	0.737843	0.110115	0.143042	0.00899991	1.143949	5.238464
12942	-2076.862	-2232.061	155.1997	0.9057544	0.734356	0.138715	0.115592	0.0113374	1.255896	3.677867
12948	-2089.173	-2243.976	154.8025	1.586898	0.762397	0.0583654	0.165414	0.0138235	1.193187	3.576635
12954	-2074.857	-2227.227	152.3707	1.24061	0.725827	0.0988847	0.157479	0.017809	0.9910858	5.237596
12960	-2075.868	-2227.419	151.5509	1.209165	0.742666	0.0779795	0.161133	0.0182222	0.9470368	5.729074
12966	-2076.319	-2228.382	152.063	1.50815	0.794662	0.117543	0.0682969	0.019498	1.088919	5.221136
12972	-2085.11	-2239.081	153.9704	1.388024	0.649525	0.141326	0.1997	0.00944912	1.036596	4.242429
12978	-2095.71	-2252.381	156.6711	1.079294	0.763369	0.0717247	0.151742	0.013164	1.551638	2.517922
12984	-2087.336	-2244.659	157.3232	1.2061	0.610947	0.231082	0.136423	0.0215478	1.640553	1.961793
12990	-2062.192	-2219.484	157.292	1.044824	0.674877	0.255263	0.0460577	0.0238025	1.643173	2.084084
12996	-2077.433	-2234.448	157.0145	1.305088	0.807713	0.163547	0.0155446	0.0131962	1.691982	2.071772
13002	-2087.478	-2244.707	157.2292	1.102687	0.788198	0.174719	0.021906	0.0151765	1.689545	2.057593
13008	-2092.806	-2250.056	157.2504	1.188745	0.691937	0.202094	0.0383468	0.0676222	1.600064	2.048132
13014	-2108.436	-2261.272	152.8354	1.492179	0.757836	0.100635	0.119585	0.0219447	1.062826	4.814309
13020	-2083.696	-2241.681	157.9856	1.052965	0.715558	0.0639456	0.205904	0.014592	1.560954	1.660865
13026	-2078.425	-2236.529	158.1041	0.8973714	0.612491	0.29103	0.0789584	0.0175212	1.599121	1.660865
13032	-2082.524	-2240.439	157.9155	0.7377461	0.44813	0.286075	0.190275	0.0755203	1.810527	1.762431
13038	-2080.103	-2237.212	157.1088	1.386319	0.663044	0.292014	0.035013	0.00992892	1.760235	1.914281
13044	-2069.274	-2226.362	157.0883	1.329908	0.793667	0.121838	0.0419107	0.0425849	1.690293	2.009057
13050	-2064.895	-2222.109	157.2135	1.329908	0.731382	0.112276	0.117098	0.039243	1.625741	1.968544
13056	-2065.916	-2222.584	156.6685	1.190992	0.658493	0.186288	0.119887	0.0353321	1.507184	2.480186
13062	-2068.087	-2224.739	156.6521	1.211287	0.721794	0.21228	0.0570209	0.00890491	1.506064	2.479191
13068	-2077.791	-2233.613	155.8216	1.25287	0.745604	0.187076	0.0582268	0.00909324	1.452877	2.996309
13074	-2089.742	-2246.713	156.9708	1.370079	0.648633	0.248883	0.0876059	0.0148783	1.452877	2.217814
13080	-2086.694	-2242.827	156.1329	1.189086	0.769325	0.145205	0.0853388	0.000131451	1.488222	2.823088
13086	-2078.565	-2234.991	156.4262	1.285694	0.830352	0.151985	0.0169651	0.000697135	1.427157	2.625668
13092	-2072.254	-2227.483	155.2295	1.216458	0.86211	0.0816853	0.054965	0.00123955	1.294368	3.46065
13098	-2070.381	-2224.967	154.5863	1.089311	0.880147	0.0552208	0.0631139	0.00151858	1.122723	4.001501
13104	-2095.458	-2250.24	154.7828	1.260649	0.61745	0.191426	0.186103	0.00502057	1.146026	3.781965
13110	-2089.841	-2244.81	154.9683	1.127699	0.62457	0.190695	0.165155	0.0195797	1.209607	3.710751
13116	-2096.902	-2249.666	152.7645	1.152452	0.570103	0.332533	0.0682982	0.0290664	1.095101	5.007881
13122	-2084.582	-2237.772	153.1901	1.319658	0.907719	0.00614342	0.0835247	0.00261306	1.097474	4.682249
13128	-2069.501	-2222.14	152.638	1.513003	0.84125	0.0105684	0.143686	0.0044952	1.101731	4.892668
13134	-2084.113	-2235.271	151.1572	1.161365	0.553042	0.390335	0.0113528	0.0452696	0.8788175	6.006309
13140	-2078.023	-2230.055	152.0312	1.25568	0.653755	0.243193	0.047898	0.0551542	1.072144	5.372553
13146	-2092.845	-2247.123	154.2784	1.128655	0.744623	0.176364	0.0782868	0.000726242	1.145046	4.142527
13152	-2079.308	-2229.241	149.9331	1.128655	0.763846	0.172568	0.062778	0.000808318	1.001482	6.621461
13158	-2086.889	-2239.502	152.6127	1.350458	0.567084	0.347902	0.0837582	0.00125491	0.8868099	5.105642
13164	-2078.829	-2231.599	152.7702	0.9234238	0.597905	0.315958	0.0849359	0.00120164	0.8904683	5.243667
13170	-2079.955	-2232.768	152.813	0.9423212	0.578662	0.346801	0.0714308	0.00310705	1.083547	5.102452
13176	-2082.564	-2235.78	153.2158	1.155573	0.719611	0.197523	0.0800485	0.00281705	1.447926	4.557171
13182	-2072.711	-2227.916	155.2048	1.363304	0.699519	0.234695	0.0627618	0.00302424	1.617148	3.205984
13188	-2078.482	-2233.927	155.4446	1.466259	0.68206	0.283199	0.0329711	0.00177051	1.542187	3.05365
13194	-2082.85	-2239.858	157.0084	1.300995	0.67202	0.245871	0.0789694	0.00313967	1.474367	2.22006
13200	-2079.887	-2236.686	156.799	1.464817	0.834945	0.0684731	0.093882	0.00270003	1.537487	2.22006
13206	-2074.428	-2230.006	155.5777	1.289431	0.690103	0.168706	0.135438	0.00575265	1.437723	3.130925
13212	-2075.631	-2231.609	155.9781	1.300802	0.687107	0.167973	0.13485	0.0100699	1.608566	2.780797
13218	-2074.091	-2231.777	157.6863	1.145851	0.839936	0.0768359	0.0791476	0.00407999	1.770041	1.660859
13224	-2069.832	-2227.268	157.436	1.28011	0.784736	0.162845	0.0503301	0.00208931	1.894113	1.660859
13230	-2089.857	-2246.629	156.7727	1.410024	0.691024	0.136476	0.167082	0.00541898	1.66607	2.184994
13236	-2084.166	-2241.232	157.0659	1.288581	0.747053	0.121842	0.127236	0.00386806	1.543326	2.145402
13242	-2086.077	-2242.354	156.277	1.628523	0.770581	0.130827	0.0946833	0.00390923	1.396809	2.551232
13248	-2078.891	-2233.762	154.8714	1.182616	0.729044	0.049032	0.215453	0.00647099	1.343549	3.658916
13254	-2081.522	-2235.748	154.2256	1.155053	0.628933	0.234069	0.132471	0.00452788	1.210823	4.12076
13260	-2092.566	-2247.002	154.4363	0.7117296	0.548722	0.318811	0.0954935	0.0369735	1.192272	4.267032
13266	-2084.642	-2238.621	153.9783	1.050899	0.478255	0.408841	0.0654896	0.0474145	1.138379	4.359323
13272	-2097.863	-2252.203	154.3398	0.6631217	0.498607	0.400722	0.0737677	0.0269026	1.290206	4.295361
13278	-2100.081	-2254.578	154.4977	1.838736	0.808446	0.134153	0.0144109	0.0429898	1.199901	3.630983
13284	-2084.672	-2237.519	152.8472	1.736431	0.734936	0.230177	0.0131005	0.0217867	1.380641	4.51556
13290	-2076.613	-2228.386	151.7724	1.487613	0.681088	0.241593	0.0290339	0.0482847	1.047301	5.414307
13296	-2077.784	-2230.197	152.4135	1.414146	0.629144	0.278357	0.0272351	0.0652642	1.097337	5.067829
13302	-2081.7	-2234.565	152.865	1.092807	0.60938	0.255525	0.0570275	0.0780669	1.213031	4.918465
13308	-2082.778	-2234.122	151.3438	1.034485	0.622158	0.329295	0.00615542	0.0423915	0.9205736	5.949038
13314	-2082.972	-2236.022	153.0506	1.140358	0.622158	0.329295	0.00615542	0.0423915	1.210896	4.790537
13320	-2070.024	-2224.647	154.6226	1.184271	0.648614	0.333953	0.00641716	0.0110155	1.153343	3.910985
13326	-2077.49	-2233.437	155.9467	1.455209	0.717241	0.226041	0.0062601	0.0504582	1.547179	2.753129
13332	-2089.4	-2244.678	155.2787	1.175399	0.651225	0.236315	0.017794	0.0946664	1.38057	3.404091
13338	-2085.237	-2240.216	154.9794	0.999912	0.642175	0.321656	0.0143171	0.0218525	1.316154	3.715279
13344	-2084.684	-2237.554	152.871	1.460469	0.527502	0.441913	0.0197597	0.0108252	1.122133	4.776741
13350	-2084.986	-2239.377	154.3904	1.20104	0.648666	0.338393	0.00619192	0.00674916	1.288326	3.957568
13356	-2085.959	-2242.1	156.1408	0.9887921	0.713861	0.268774	0.00830835	0.00905607	1.33557	3.02818
13362	-2096.866	-2254.942	158.0762	0.8525363	0.66439	0.309514	0.00956771	0.0165284	1.817657	1.556126
13368	-2082.968	-2240.347	157.3783	0.9237693	0.567494	0.412378	0.00942257	0.0107058	1.721572	2.055643
13374	-2085.091	-2241.112	156.0209	1.672619	0.832597	0.00792257	0.114141	0.0453399	1.312305	2.738821
13380	-2096.644	-2252.86	156.2164	1.116531	0.620055	0.337725	0.0244225	0.0177975	1.543336	2.781033
13386	-2084.166	-2239.877	155.7109	1.183281	0.800991	0.0783062	0.0814252	0.0392777	1.475759	3.087936
13392	-2084.491	-2240.714	156.2224	1.041023	0.826857	0.110273	0.0458834	0.0169862	1.462744	2.871155
13398	-2091.853	-2247.656	155.8038	1.084804	0.814216	0.140569	0.0414818	0.0037334	1.462744	3.096808
13404	-2092.246	-2249.495	157.2493	1.025474	0.752748	0.161955	0.0821244	0.00317236	1.584224	2.16307
13410	-2083.979	-2238.188	154.2091	1.268613	0.717751	0.230783	0.0478273	0.00363854	1.107479	4.12822
13416	-2084.242	-2236.628	152.3852	1.125729	0.737347	0.228255	0.0306602	0.00373787	1.078599	5.241399
13422	-2088.302	-2242.142	153.84	1.117069	0.720978	0.228249	0.0299795	0.0207935	1.051989	4.44962
13428	-2079.867	-2232.439	152.5724	0.8893026	0.549542	0.320679	0.115663	0.0141165	0.893866	5.370271
13434	-2073.458	-2229.428	155.9705	1.280067	0.847679	0.103786	0.0429282	0.00560639	1.473473	2.87901
13440	-2068.844	-2225.414	156.5703	1.183282	0.613405	0.187878	0.190599	0.00811879	1.562616	2.511512
13446	-2076.29	-2233.711	157.4218	1.134874	0.834332	0.095976	0.0517717	0.0179199	1.650792	1.934134
13452	-2065.402	-2222.035	156.6325	1.306416	0.848665	0.102739	0.0392075	0.00938816	1.593686	2.380807
13458	-2067.079	-2224.031	156.9513	1.308823	0.821695	0.124241	0.0379615	0.016102	1.531863	2.215168
13464	-2072.949	-2229.136	156.1874	1.161901	0.837976	0.0689984	0.0766049	0.016421	1.740136	2.651447
13470	-2096.723	-2250.297	153.5741	1.400406	0.738809	0.134828	0.0874635	0.0388989	1.070281	4.441109
13476	-2098.391	-2251.238	152.8467	1.583909	0.680658	0.190009	0.123259	0.00607415	1.1017	4.74261
13482	-2068.086	-2223.972	155.886	1.036035	0.867164	0.0569902	0.0683123	0.00753312	1.369113	3.132156
13488	-2066.538	-2222.868	156.3299	1.181372	0.88447	0.0715282	0.0333082	0.0106932	1.434785	2.740048
13494	-2075.29	-2231.175	155.8843	1.565985	0.664651	0.293607	0.02503	0.0167123	1.257144	2.909333
13500	-2075.619	-2231.2	155.5807	1.226654	0.649158	0.212442	0.073477	0.0649226	1.305168	3.242289
13506	-2070.13	-2225.466	155.3355	1.377422	0.818119	0.0918405	0.0684765	0.0215644	1.312111	3.301487
13512	-2067.129	-2223.127	155.9982	1.370544	0.675008	0.191068	0.114025	0.0198995	1.437634	2.834131
13518	-2074.009	-2230.865	156.8557	0.973923	0.785866	0.103374	0.0977699	0.0129908	1.480757	2.512221
13524	-2069.927	-2226.26	156.3336	1.195007	0.823002	0.0995306	0.0703163	0.00715157	1.533057	2.669608
13530	-2077.091	-2233.004	155.9126	1.152738	0.740454	0.210296	0.047098	0.00215154	1.551743	2.938916
13536	-2074.439	-2230.867	156.4286	1.254384	0.798164	0.115129	0.0839005	0.00280664	1.479334	2.609832
13542	-2068.558	-2223.919	155.3611	1.255758	0.762161	0.139448	0.0941855	0.00420515	1.21407	3.409175
13548	-2088.764	-2242.236	153.472	1.234503	0.647135	0.122998	0.222453	0.00741374	1.095492	4.569373
13554	-2084.136	-2236.431	152.2956	1.501052	0.764572	0.0717312	0.161432	0.00226463	1.116195	5.080665
13560	-2088.556	-2241.929	153.3738	1.506194	0.75496	0.200928	0.024547	0.0195656	0.9464285	4.571413
13566	-2086.91	-2238.865	151.9554	1.483215	0.663501	0.29773	0.0215733	0.0171953	0.9115734	5.390339
13572	-2078.9	-2230.554	151.6544	1.871676	0.763056	0.208356	0.0159081	0.0126798	0.8939124	5.390339
13578	-2086.831	-2239.854	153.0226	1.457228	0.620368	0.131509	0.200098	0.0480249	0.8352343	4.853825
13584	-2073.174	-2225.965	152.7909	1.41653	0.865272	0.0733004	0.0415137	0.0199141	1.102617	4.853825
13590	-2072.525	-2227.117	154.5922	1.232302	0.807182	0.134422	0.0217958	0.0366002	1.170253	3.892791
13596	-2071.826	-2225.519	153.6922	1.430011	0.771971	0.136574	0.0178676	0.0735876	1.084417	4.351757
13602	-2091.236	-2243.606	152.3696	1.101706	0.70514	0.064509	0.174112	0.0562388	1.095275	5.253664
13608	-2087.532	-2244.211	156.6796	0.8936928	0.75123	0.119497	0.117712	0.0115618	1.241507	2.818187
13614	-2082.658	-2235.62	152.9621	1.254781	0.652891	0.339904	0.00546441	0.00174079	0.9005589	4.952607
13620	-2098.983	-2254.606	155.6232	0.9529093	0.741373	0.155012	0.095661	0.0079539	1.274246	3.392555
13626	-2094.726	-2245.755	151.0284	1.112516	0.553716	0.368896	0.0714472	0.0059406	1.013376	6.028817
13632	-2095.851	-2251.025	155.1736	0.7292192	0.48048	0.462037	0.0527143	0.00476852	1.293528	3.777584
13638	-2092.058	-2247.386	155.328	0.6971825	0.531131	0.405385	0.0582122	0.00527121	1.297933	3.705492
13644	-2080.21	-2235.373	155.1628	0.7496371	0.595395	0.314492	0.0861657	0.00394669	1.330126	3.75029
13650	-2078.765	-2235.089	156.3243	0.7985503	0.748394	0.16951	0.0753072	0.00678815	1.399301	2.997108
13656	-2095.633	-2251.539	155.9056	0.8729457	0.641316	0.142659	0.209176	0.00684909	1.396392	3.20232
13662	-2091.059	-2245.877	154.8187	1.44332	0.802184	0.0696627	0.122091	0.00606246	1.297959	3.577984
13668	-2096.861	-2249.536	152.6754	1.389389	0.717063	0.114709	0.158997	0.00923026	1.463113	4.730543
13674	-2085.912	-2242.854	156.9419	1.150167	0.687506	0.0116977	0.230557	0.0702394	1.479437	2.349782
13680	-2089.211	-2245.834	156.6231	0.9449874	0.827529	0.0369202	0.115026	0.0205244	1.316721	2.774882
13686	-2079.352	-2235.284	155.9327	1.663247	0.795591	0.0115529	0.180121	0.0127349	1.536803	2.659929
13692	-2075.02	-2230.546	155.526	0.9867742	0.800364	0.00743335	0.181202	0.0110004	1.150244	3.501943
13698	-2074.504	-2230.16	155.6561	1.248959	0.800452	0.00743416	0.19173	0.000384303	1.264201	3.209584
13704	-2086.84	-2242.257	155.4166	1.594877	0.817609	0.00759351	0.174546	0.000251322	1.198162	3.209584
13710	-2087.612	-2241.255	153.6433	1.345993	0.73139	0.144477	0.12125	0.00288327	1.12746	4.397317
13716	-2081.176	-2235.934	154.7575	0.8508894	0.703248	0.179562	0.114745	0.00244479	1.104896	4.051081
13722	-2091.712	-2245.09	153.3779	1.233688	0.56866	0.207009	0.224048	0.00028285	1.241811	4.540451
13728	-2082.127	-2235.782	153.6549	1.332294	0.563811	0.323975	0.112072	0.000141486	1.140344	4.39052
13734	-2081.232	-2236.582	155.3498	1.610696	0.848941	0.117842	0.0203407	0.0128758	1.326111	3.16548
13740	-2073.397	-2228.915	155.5187	1.324147	0.762982	0.0882612	0.142036	0.00672109	1.406863	3.16548
13746	-2091.778	-2246.299	154.5214	1.692679	0.767373	0.0887691	0.142853	0.00100532	1.211083	3.678431
13752	-2088.083	-2242.101	154.0178	1.926618	0.806239	0.0489299	0.143801	0.00102955	1.289013	3.817389
13758	-2080.117	-2235.598	155.4806	1.262807	0.741767	0.16147	0.0960756	0.000687856	1.284982	3.293449
13764	-2089.141	-2243.706	154.5655	1.054882	0.582762	0.126857	0.232623	0.0577584	1.161706	4.010393
13770	-2078.52	-2231.671	153.1508	1.350789	0.746737	0.0592546	0.163434	0.0305739	1.074454	4.701348
13776	-2077.595	-2230.268	152.6729	1.388884	0.790225	0.0232536	0.157127	0.029394	1.094706	4.937627
13782	-2081.723	-2235.102	153.3795	1.388884	0.712576	0.147928	0.118032	0.0214635	1.051325	4.566989
13788	-2080.218	-2234.245	154.0271	1.138459	0.628353	0.164158	0.188562	0.0189266	1.157781	4.272542
13794	-2078.145	-2230.663	152.5183	1.340047	0.770323	0.0376671	0.168807	0.0232029	1.004873	5.097718
13800	-2070.044	-2224.66	154.6163	1.127257	0.781625	0.0382197	0.156612	0.0235433	1.219687	3.907794
13806	-2081.594	-2236.069	154.4746	1.478961	0.739927	0.164489	0.0746943	0.0208899	1.268841	3.775958
13812	-2079.765	-2234.57	154.8054	1.152434	0.852863	0.0789918	0.054397	0.0137485	1.235736	3.775958
13818	-2075.618	-2230.852	155.2346	0.9700608	0.713246	0.163438	0.0925459	0.0307701	1.318047	3.583691
13824	-2096.106	-2254.358	158.2519	1.020619	0.678881	0.214215	0.101282	0.00562247	1.981755	1.149244
13830	-2098.58	-2253.772	155.1921	1.372038	0.565033	0.370772	0.0562118	0.00798308	1.006716	3.566989
13836	-2097.939	-2251.959	154.0199	0.9374953	0.504016	0.401281	0.0567395	0.0379631	1.253828	4.334769
13842	-2094.245	-2245.397	151.1516	1.307218	0.516082	0.350716	0.11891	0.0142926	1.121169	5.802611
13848	-2083.221	-2236.375	153.1538	1.331877	0.772948	0.0826062	0.111069	0.0333771	1.117526	4.685159
13854	-2086.299	-2237.635	151.3363	1.663235	0.765981	0.0818616	0.13245	0.0197067	1.086897	5.550895
13860	-2087.026	-2239.068	152.0415	1.587901	0.778195	0.166178	0.0186503	0.0369763	1.05407	5.214801
13866	-2099.56	-2250.043	150.4828	1.498566	0.725352	0.154894	0.0578925	0.0618612	1.179834	6.043022
13872	-2111.139	-2263.308	152.1698	1.342067	0.65429	0.190566	0.0790362	0.0761078	1.205277	5.178717
13878	-2092.48	-2247.319	154.8397	0.9743793	0.544169	0.358743	0.0344951	0.0625929	1.389185	3.768515
13884	-2090.619	-2242.805	152.1859	1.42019	0.645361	0.250802	0.00325462	0.100582	1.074053	5.203826
13890	-2095.419	-2245.701	150.2818	1.70381	0.781015	0.0891878	0.00319098	0.126606	0.8475655	6.239696
13896	-2087.015	-2240.933	153.9185	1.267304	0.6544	0.251191	0.00315243	0.0912567	1.130646	4.280655
13902	-2082.169	-2233.333	151.1639	1.085815	0.646713	0.24824	0.0480407	0.0570062	0.9438194	6.007015
13908	-2097.325	-2248.303	150.9776	1.285758	0.488023	0.384454	0.0583198	0.0692036	0.9405962	6.007015
13914	-2085.383	-2238.169	152.7854	2.031718	0.872631	0.00598721	0.111697	0.00968508	1.03965	4.61325
13920	-2087.91	-2241.026	153.1162	1.565019	0.828981	0.0175708	0.128356	0.0250924	1.079207	4.61325
13926	-2090.828	-2243.217	152.3885	1.679227	0.741668	0.0182124	0.214111	0.0260087	1.078122	4.967029
13932	-2110.935	-2262.419	151.4839	1.340688	0.869359	0.0387328	0.0614214	0.0304865	1.186501	5.567924
13938	-2088.674	-2241.457	152.7832	1.483684	0.838372	0.0399228	0.0923054	0.0293999	1.200227	4.770884
13944	-2095.922	-2248.3	152.3787	1.280428	0.758473	0.0320125	0.185239	0.0242751	1.096844	5.154254
13950	-2091.075	-2247.328	156.2535	1.016285	0.688257	0.185401	0.110786	0.0155557	1.47716	2.858496
13956	-2076.047	-2229.787	153.7397	1.315064	0.713069	0.150459	0.0785102	0.0579626	1.320689	4.249469
13962	-2076.891	-2233.417	156.5263	1.262229	0.614891	0.24719	0.116418	0.0215011	1.433363	2.573267
13968	-2079.498	-2234.552	155.0534	1.022076	0.612353	0.206091	0.0661801	0.115375	1.327949	3.652853
13974	-2094.191	-2248.54	154.349	2.105511	0.787704	0.103427	0.0997563	0.00911232	1.354644	3.510075
13980	-2085.945	-2241.348	155.4022	1.084977	0.785793	0.052751	0.148308	0.0131481	1.546245	3.285326
13986	-2088.939	-2243.288	154.3496	1.382261	0.718678	0.06594	0.171402	0.0439793	1.278346	3.891335
13992	-2099.678	-2253.583	153.9049	1.405808	0.853609	0.0308648	0.0415182	0.0740076	1.340317	4.098122
13998	-2085.392	-2240.273	154.8805	1.36862	0.740488	0.0423799	0.105829	0.111303	1.21052	3.631344
14004	-2079.007	-2234.336	155.3284	0.9628257	0.642661	0.195567	0.149887	0.0118853	1.486151	3.435232
14010	-2075.207	-2232.88	157.6728	1.02038	0.708361	0.21556	0.0508757	0.0252032	1.689879	1.812705
14016	-2075.212	-2232.927	157.7147	1.03853	0.778528	0.126414	0.0896373	0.00542049	1.727408	1.744905
14022	-2076.62	-2230.99	154.37	1.173713	0.696693	0.224652	0.063768	0.0148877	1.271628	3.993555
14028	-2082.104	-2235.262	153.1576	1.013082	0.588167	0.306057	0.0868753	0.0189007	1.12225	4.849811
14034	-2087.717	-2241.734	154.0171	0.9860251	0.55247	0.37163	0.0707185	0.00518156	0.8993671	4.508531
14040	-2089.641	-2247.866	158.225	0.9236715	0.648458	0.325023	0.0199778	0.00654078	1.687882	1.487449
14046	-2085.621	-2243.591	157.9704	1.01019	0.559823	0.335956	0.0343905	0.0698299	1.710424	1.594595
14052	-2087.598	-2240.04	152.4414	1.1598	0.611321	0.282369	0.103123	0.00318779	0.9782135	5.247783
14058	-2081.378	-2235.536	154.1578	1.647642	0.769634	0.187175	0.0364069	0.00678429	1.291016	3.863272
14064	-2084.027	-2240.77	156.743	1.28575	0.824175	0.0580859	0.0913783	0.0263603	1.508301	2.376913
14070	-2084.625	-2239.703	155.0773	1.647642	0.847984	0.0136232	0.129842	0.00855019	1.188141	3.38958
14076	-2083.206	-2237.601	154.3954	1.59634	0.874863	0.0238073	0.0863878	0.0149419	1.214072	3.795446
14082	-2086.679	-2242.254	155.5755	1.382625	0.823446	0.0123912	0.0914984	0.072664	1.517557	3.034236
14088	-2080.235	-2237.61	157.3757	1.096345	0.830292	0.021937	0.125158	0.0226135	1.672423	1.975664
14094	-2085.153	-2241.883	156.7305	1.577553	0.84143	0.0339059	0.0969298	0.0277345	1.724428	2.079928
14100	-2078.255	-2233.707	155.4513	1.28113	0.811817	0.0529019	0.10759	0.0276911	1.163253	3.372294
14106	-2072.146	-2227.865	155.719	0.9758372	0.86702	0.0448145	0.0797836	0.00838196	1.36905	3.266792
14112	-2080.46	-2236.291	155.8309	2.124841	0.885265	0.048997	0.0472539	0.018484	1.422053	2.573115
14118	-2087.724	-2242.684	154.9601	1.481497	0.860752	0.0448394	0.0764366	0.0179721	1.415113	3.407665
14124	-2075.668	-2228.584	152.9157	1.481497	0.745991	0.0208305	0.219692	0.0134859	1.036492	4.7894
14130	-2070.519	-2223.531	153.0123	1.290129	0.822939	0.035425	0.126776	0.0148603	1.110632	4.7894
14136	-2083.989	-2237.246	153.2575	1.477234	0.797312	0.0725428	0.106826	0.0233194	1.019658	4.60964
14142	-2093.298	-2248.695	155.3966	1.251975	0.759356	0.0439087	0.124358	0.0723766	1.16588	3.41866
14148	-2084.88	-2238.997	154.1178	1.113402	0.792489	0.0487159	0.149416	0.00937852	1.145884	4.241632
14154	-2083.549	-2236.163	152.6142	1.485646	0.763031	0.105337	0.121305	0.0103271	1.048275	4.948813
14160	-2080.139	-2234.532	154.3928	1.40345	0.777666	0.113838	0.0973345	0.0111605	1.218648	3.889997
14166	-2076.736	-2230.99	154.2537	1.151965	0.739393	0.159798	0.0925442	0.00826429	1.245852	4.086514
14172	-2084	-2238.193	154.1926	1.160521	0.689167	0.215346	0.0870712	0.00841611	1.298747	4.086514
14178	-2081.852	-2235.608	153.756	1.052663	0.675148	0.259769	0.0597399	0.00534336	1.261493	4.414298
14184	-2085.829	-2240.151	154.3217	0.9776728	0.636799	0.184839	0.157611	0.020751	1.041989	4.260901
14190	-2088.98	-2243.005	154.0248	1.181948	0.670425	0.186581	0.126358	0.0166362	1.124653	4.269102
14196	-2085.864	-2239.871	154.0077	1.019654	0.667354	0.190463	0.128986	0.0131967	1.299424	4.269102
14202	-2081.615	-2235.633	154.0182	1.064521	0.511107	0.277334	0.17671	0.0348493	1.146276	4.324758
14208	-2080.909	-2234.57	153.6612	1.271667	0.624797	0.095633	0.216017	0.0635531	1.095096	4.443737
14214	-2078.352	-2231.698	153.346	2.060564	0.835411	0.0239927	0.111615	0.0289812	1.127288	4.235777
14220	-2067.06	-2222.894	155.8339	1.527696	0.72439	0.218297	0.0454991	0.0118139	1.381276	2.884435
14226	-2069.703	-2225.706	156.0026	1.089235	0.681775	0.227396	0.0721063	0.0187225	1.254507	3.099864
14232	-2069.849	-2225.734	155.8855	1.116267	0.783093	0.140408	0.0445226	0.0319767	1.345334	3.099864
14238	-2074.9	-2230.482	155.5823	1.116267	0.727857	0.201876	0.0378696	0.0323979	1.218327	3.354444
14244	-2073.115	-2227.88	154.7658	1.350119	0.73379	0.124958	0.126463	0.0147893	1.310412	3.649549
14250	-2066.423	-2221.334	154.9107	1.244141	0.749692	0.0934608	0.129204	0.0276431	1.262598	3.649549
14256	-2071.036	-2225.361	154.3253	1.396518	0.837456	0.0593977	0.0774442	0.0257018	1.389317	3.834247
14262	-2072.788	-2227.027	154.2387	1.145042	0.77579	0.0908167	0.109584	0.0238093	1.296328	4.070056
14268	-2077.729	-2231.1	153.3708	1.325717	0.77579	0.0908167	0.109584	0.0238093	1.213745	4.512553
14274	-2093.242	-2248.002	154.7601	1.247602	0.853675	0.0498621	0.083183	0.01328	1.404609	3.652662
14280	-2085.554	-2241.305	155.7511	1.480643	0.842389	0.086333	0.0606925	0.0105853	1.487133	2.895047
14286	-2078.952	-2235.4	156.449	1.196321	0.508626	0.396775	0.0859462	0.00865316	1.623493	2.541486
14292	-2081.419	-2238.024	156.6043	1.028522	0.722088	0.23766	0.0366943	0.00355726	1.630632	2.541486
14298	-2089.075	-2244.887	155.8115	0.9194078	0.709736	0.233595	0.0455466	0.0111219	1.558575	3.133586
14304	-2081.681	-2237.343	155.6622	1.283825	0.68354	0.253153	0.0525953	0.0107114	1.381684	3.117037
14310	-2086.227	-2242.055	155.8274	1.254596	0.613609	0.333365	0.0456393	0.00738693	1.177502	3.1563
14316	-2098.467	-2252.868	154.4005	1.149345	0.566054	0.332824	0.0896024	0.01152	1.187025	4.037761
14322	-2077.143	-2231.795	154.6522	1.393787	0.766813	0.142552	0.0644809	0.0261536	1.254088	3.725236
14328	-2076.783	-2231.054	154.2714	1.140233	0.746431	0.166041	0.0620704	0.0254584	1.124548	4.151876
14334	-2077.912	-2233.075	155.1631	0.9456057	0.787419	0.146894	0.0556088	0.0100779	1.111389	3.759043
14340	-2078.412	-2233.249	154.8379	1.282968	0.727902	0.20519	0.0298787	0.0370298	1.110062	3.759043
14346	-2082.394	-2236.262	153.8681	1.290275	0.738643	0.208218	0.0421917	0.0109469	1.196615	4.259851
14352	-2084.594	-2239.131	154.5365	1.019151	0.65395	0.222983	0.105075	0.017992	1.308726	3.963154
14358	-2085.202	-2239.876	154.6739	1.288261	0.669532	0.252269	0.0681397	0.01006	1.153909	3.82547
14364	-2082.547	-2236.929	154.3826	1.236629	0.835277	0.0981388	0.0605853	0.00599898	1.244851	3.967798
14370	-2083.13	-2236.357	153.2272	1.236629	0.835277	0.0981388	0.0605853	0.00599898	1.155355	4.671921
14376	-2083.717	-2235.386	151.6689	1.035007	0.652517	0.227233	0.11555	0.00470007	1.039398	5.705984
14382	-2090.995	-2245.612	154.6171	1.191048	0.737611	0.106118	0.153384	0.0028858	1.096208	3.943142
14388	-2088.598	-2242.157	153.5588	1.363893	0.875911	0.0558095	0.0662923	0.00198725	1.309933	4.332938
14394	-2088.702	-2242.262	153.5604	1.54906	0.757587	0.0589074	0.181536	0.00196949	1.216559	4.293297
14400	-2089.472	-2243.754	154.2814	0.9636625	0.555645	0.417817	0.0196605	0.00687744	1.159945	4.224844
14406	-2082.068	-2236.212	154.144	1.246573	0.792712	0.13847	0.0643634	0.0044548	1.115961	4.172004
14412	-2082.886	-2235.833	152.947	1.396504	0.729766	0.238912	0.0284855	0.00283623	0.9907183	4.839112
14418	-2076.964	-2230.001	153.0375	1.40318	0.846263	0.131693	0.0193727	0.00267192	1.22576	4.653859
14424	-2078.052	-2230.72	152.6679	0.9866538	0.614845	0.355318	0.0260465	0.00378994	1.001515	5.203406
14430	-2077.833	-2230.495	152.6627	1.788996	0.873788	0.0851567	0.0370161	0.00403878	1.138387	4.731237
14436	-2083.519	-2236.928	153.4085	1.542585	0.798266	0.125042	0.0657356	0.0109557	1.102361	4.446644
14442	-2085.361	-2240.234	154.8738	1.197169	0.751462	0.0946685	0.121441	0.0324287	1.128381	3.773924
14448	-2096.233	-2250.183	153.9501	1.117657	0.773593	0.126695	0.0919027	0.00780877	1.00632	4.412979
14454	-2088.21	-2241.005	152.7952	1.280395	0.832788	0.0647593	0.0940459	0.00840629	1.212509	4.858664
14460	-2081.082	-2235.509	154.4263	1.280395	0.812474	0.0795432	0.0990203	0.00896283	1.290169	3.893575
14466	-2071.198	-2227.01	155.8122	1.151728	0.800031	0.078325	0.0975038	0.0241404	1.353228	3.118515
14472	-2070.586	-2227.398	156.8113	1.151728	0.751405	0.168963	0.0333805	0.0462515	1.511601	2.411161
14478	-2076.228	-2232.883	156.6548	1.282604	0.818518	0.120476	0.0286647	0.0323407	1.472265	2.457059
14484	-2072.856	-2227.904	155.0473	1.356123	0.748155	0.169236	0.0398633	0.0427458	1.521876	3.35886
14490	-2063.852	-2218.378	154.5262	1.110111	0.665539	0.286769	0.0204331	0.0272589	1.257238	3.947401
14496	-2067.289	-2222.333	155.0434	1.164897	0.813345	0.149573	0.0274014	0.00968037	1.140391	3.68674
14502	-2073.349	-2228.853	155.5036	1.237576	0.768	0.0766324	0.140307	0.0150601	1.014863	3.452272
14508	-2064.381	-2218.491	154.1093	1.129248	0.756394	0.215178	0.0196597	0.00876838	1.03514	4.300494
14514	-2071.031	-2224.927	153.8966	1.179064	0.75529	0.186617	0.048668	0.00942526	1.200204	4.300494
14520	-2083.18	-2237.84	154.6603	1.20796	0.698143	0.197508	0.0765301	0.0278183	1.120423	3.895379
14526	-2074.465	-2227.187	152.7227	1.699252	0.853687	0.081023	0.0370213	0.0282692	1.037664	4.794325
14532	-2099.891	-2253.515	153.6238	1.225159	0.748395	0.114118	0.134672	0.00281564	0.9337598	4.579853
14538	-2103.266	-2256.435	153.1687	1.579404	0.77567	0.0833606	0.137518	0.00345103	1.099198	4.565787
14544	-2092.957	-2244.426	151.4694	1.057629	0.753506	0.0360314	0.202913	0.00754995	0.8281597	5.918434
14550	-2083.912	-2240.026	156.1142	1.286189	0.693544	0.110098	0.173047	0.023312	1.431775	2.81374
14556	-2091.16	-2247.926	156.7656	1.286189	0.883986	0.0509767	0.0561616	0.00887581	1.423556	2.415959
14562	-2094.436	-2247.041	152.6052	1.279626	0.906453	0.00744513	0.0775951	0.00850712	1.265699	4.935256
14568	-2091.784	-2246.02	154.2359	1.376972	0.678907	0.0487562	0.239168	0.0331687	1.243182	3.979302
14574	-2074.975	-2230.922	155.9471	1.301046	0.743751	0.138044	0.0818681	0.0363368	1.354274	2.953427
14580	-2086.983	-2239.993	153.0097	1.541927	0.803054	0.0639923	0.104531	0.0284231	0.9405679	4.761429
14586	-2093.141	-2247.268	154.1272	1.010031	0.773753	0.0348619	0.18288	0.00850486	0.987902	4.383087
14592	-2091.962	-2245.1	153.1383	0.8618828	0.557868	0.246877	0.171761	0.0234947	0.9732193	5.028958
14598	-2079.654	-2233.555	153.9007	1.013741	0.737943	0.182884	0.0617691	0.0174046	1.289364	4.338668
14604	-2089.321	-2242.081	152.76	1.555381	0.692128	0.24963	0.0419174	0.0163241	1.164402	4.769526
14610	-2085.46	-2239.353	153.8927	1.243183	0.751337	0.181965	0.048977	0.0177206	1.059475	4.348132
14616	-2090.845	-2242.972	152.1271	1.146194	0.512408	0.399077	0.06314	0.0253753	1.16874	5.32332
14622	-2084.606	-2237.871	153.2648	1.49789	0.799821	0.0445148	0.0985556	0.0571084	1.176353	4.507501
14628	-2079.705	-2234.346	154.6412	1.301412	0.83783	0.0520122	0.0503355	0.0598222	1.109034	3.863083
14634	-2090.69	-2246.268	155.578	1.356116	0.84453	0.0562422	0.0389273	0.0603006	1.247706	3.207591
14640	-2086.32	-2241.309	154.9889	1.968914	0.943593	0.0292471	0.00846499	0.0186947	1.276699	3.23989
14646	-2078.715	-2232.615	153.9002	1.484845	0.816562	0.0156801	0.139356	0.0284021	1.118385	4.187583
14652	-2092.807	-2246.316	153.5088	1.336416	0.731041	0.0391207	0.195013	0.0348254	1.054767	4.518902
14658	-2089.368	-2242.861	153.4926	1.264197	0.700434	0.168994	0.113693	0.0168782	1.137116	4.518902
14664	-2084.185	-2238.155	153.9708	1.711562	0.680452	0.184575	0.115607	0.0193656	1.183009	4.002313
14670	-2080.94	-2235.007	154.0671	1.47983	0.778671	0.06154	0.132294	0.0274948	1.319228	3.980543
14676	-2088.483	-2244.114	155.6304	1.07837	0.782755	0.0618628	0.132988	0.0223936	1.319756	3.288082
14682	-2080.879	-2235.999	155.1201	1.248252	0.675073	0.216759	0.0961362	0.0120314	1.168933	3.580216
14688	-2076.692	-2231.217	154.5255	1.005932	0.670946	0.188259	0.128837	0.0119578	1.172512	4.054738
14694	-2080.701	-2236.346	155.6445	1.486681	0.700922	0.17111	0.1171	0.0108685	1.347361	3.040009
14700	-2079.688	-2234.42	154.7318	1.343093	0.750879	0.161937	0.076898	0.0102859	1.259604	3.702315
14706	-2080.957	-2234.451	153.4946	1.392107	0.666885	0.188567	0.132571	0.0119773	1.140579	4.450455
14712	-2075.934	-2231.224	155.2903	1.159605	0.683733	0.168066	0.135921	0.0122799	1.457981	3.360719
14718	-2092.321	-2248.819	156.498	0.8488691	0.596857	0.192999	0.168448	0.0416956	1.300828	2.920242
14724	-2078.542	-2234.454	155.9118	1.218735	0.58773	0.205339	0.165872	0.041058	1.300828	3.052424
14730	-2090.883	-2244.545	153.6625	1.059342	0.62742	0.269381	0.0756136	0.0275858	1.063716	4.574516
14736	-2093.741	-2247.871	154.1301	1.496133	0.844136	0.0669337	0.0651587	0.0237716	1.182584	4.014542
14742	-2094.089	-2246.832	152.7425	1.45686	0.746536	0.0890389	0.16004	0.004385	1.01261	4.911182
14748	-2096.781	-2249.722	152.9414	1.338976	0.725893	0.0855231	0.155615	0.0329687	1.130223	4.793197
14754	-2095.541	-2249.15	153.6098	1.178407	0.78699	0.0566172	0.131504	0.0248894	1.177853	4.475279
14760	-2080.988	-2234.187	153.1994	1.529388	0.861665	0.0550181	0.0641741	0.0191433	1.021508	4.615944
14766	-2081.765	-2234.298	152.5333	1.593711	0.860173	0.0743541	0.0394716	0.0260016	1.086828	4.921083
14772	-2088.192	-2242.515	154.3228	1.178855	0.832394	0.134764	0.0209825	0.0118598	1.533641	3.867695
14778	-2089.569	-2246.173	156.6038	1.322675	0.736687	0.195056	0.0342517	0.0340052	1.425096	2.495616
14784	-2077.543	-2230.028	152.4848	1.719858	0.773364	0.0328189	0.188739	0.00507847	1.259527	4.793887
14790	-2079.809	-2234.028	154.2188	1.207417	0.758705	0.113935	0.112743	0.0146167	1.107644	4.15506
14796	-2077.838	-2232.029	154.1912	1.207417	0.746985	0.159628	0.0837481	0.00963909	1.135258	4.15506
14802	-2076.739	-2229.89	153.1506	1.558496	0.80168	0.098497	0.0938749	0.00594772	1.448354	4.389352
14808	-2075.843	-2229.384	153.5409	1.126894	0.649751	0.243438	0.0991293	0.00768166	1.386173	4.424497
14814	-2079.017	-2233.532	154.5151	1.304307	0.645366	0.283613	0.0542361	0.0167858	1.206015	3.8783
14820	-2077.729	-2230.558	152.8291	1.304307	0.742229	0.138031	0.0856946	0.0340455	0.9439481	4.977055
14826	-2090.713	-2244.37	153.6571	1.574609	0.822714	0.0484341	0.0922157	0.0366363	1.179252	4.247448
14832	-2098.279	-2250.93	152.6506	1.225624	0.778916	0.0191936	0.175498	0.0263929	0.9278193	5.125481
14838	-2088.453	-2239.556	151.1038	1.310022	0.816508	0.0246459	0.146277	0.01257	0.9916738	5.898117
14844	-2085.99	-2240.455	154.465	1.413515	0.871068	0.0500768	0.0523965	0.0264586	1.639786	3.600127
14850	-2096.048	-2250.332	154.2842	1.274157	0.782799	0.149333	0.0450524	0.0228154	1.255561	3.998007
14856	-2093.54	-2248.156	154.6156	1.225316	0.682405	0.254324	0.0412766	0.0219937	1.416213	3.741524
14862	-2081.057	-2235.362	154.305	1.649874	0.783006	0.104953	0.107094	0.00494698	1.285546	3.78072
14868	-2090.696	-2245.621	154.9254	1.157529	0.827084	0.110862	0.0556977	0.00635722	1.263363	3.687916
14874	-2093.2	-2244.184	150.9842	1.412799	0.664008	0.204924	0.0751996	0.0558684	1.350606	5.716648
14880	-2095.358	-2246.539	151.1804	1.487128	0.796057	0.00998603	0.190105	0.00385208	1.031632	5.74826
14886	-2086.514	-2239.265	152.7517	1.303357	0.748386	0.155484	0.0937301	0.00239974	1.067294	4.951999
14892	-2091.72	-2243.142	151.4224	1.004669	0.493448	0.469291	0.025614	0.0116476	0.9561301	5.902891
14898	-2089.327	-2243.487	154.1606	0.8967378	0.356683	0.450411	0.150196	0.0427109	1.285147	4.260982
14904	-2094.787	-2250.135	155.3478	1.500403	0.627164	0.183482	0.149208	0.0401455	1.374794	3.193342
14910	-2075.341	-2230.759	155.4177	1.342114	0.711186	0.118092	0.146154	0.0245675	1.395	3.222732
14916	-2074.94	-2229.203	154.2629	1.240556	0.772128	0.0621307	0.158678	0.00706272	1.367247	3.964145
14922	-2077.418	-2230.753	153.3351	1.330762	0.759335	0.0836334	0.150086	0.0069457	1.051065	4.621394
14928	-2082.655	-2237.922	155.2671	1.351491	0.699768	0.0387997	0.25619	0.0052433	1.179409	3.433263
14934	-2077.224	-2232.556	155.3324	1.209471	0.626806	0.168812	0.195394	0.00898806	1.40765	3.337792
14940	-2091.926	-2243.683	151.7564	1.337836	0.633369	0.264414	0.091506	0.010711	1.001532	5.52125
14946	-2085.189	-2239.147	153.9577	1.170414	0.663633	0.181253	0.136541	0.0185736	1.163804	4.291162
14952	-2085.041	-2242.413	157.3715	1.203595	0.73767	0.138627	0.0832484	0.0404547	1.669138	1.911569
14958	-2080.525	-2237.823	157.2971	1.193964	0.763016	0.114056	0.113661	0.00926614	1.541855	2.052476
14964	-2083.756	-2236.505	152.7491	1.355396	0.762678	0.175444	0.0500282	0.0118491	1.158866	4.876163
14970	-2086.179	-2242.877	156.6983	1.296265	0.723628	0.0690767	0.139815	0.0674801	1.401752	2.466167
14976	-2095.193	-2250.084	154.8913	1.857119	0.829472	0.0712365	0.0789962	0.0202953	1.403611	3.273319
14982	-2077.43	-2232.055	154.6257	1.063133	0.580594	0.323309	0.0767477	0.0193498	1.025445	4.049164
14988	-2083.133	-2236.381	153.2478	1.371462	0.652936	0.22806	0.115107	0.00389716	1.087254	4.62948
14994	-2088.117	-2242.029	153.9117	1.133989	0.678681	0.236477	0.0698787	0.0149643	1.026357	4.41445
15000	-2083.74	-2237.457	153.7172	1.374617	0.641406	0.251562	0.0414097	0.0656225	1.026357	4.398178
15006	-2088.9	-2242.656	153.7553	1.289148	0.72385	0.224783	0.0447222	0.00664477	0.956779	4.459573
15012	-2082.149	-2236.645	154.4955	1.181312	0.606833	0.323537	0.0686538	0.00097639	1.28444	3.910253
15018	-2078.49	-2231.56	153.0703	1.685103	0.749249	0.162288	0.0847661	0.0036962	1.197709	4.516409
15024	-2091.795	-2245.692	153.8971	0.9851318	0.64813	0.17257	0.17546	0.00384013	1.091241	4.468578
15030	-2085.658	-2238.575	152.917	1.020764	0.6787	0.0953581	0.22192	0.00402125	1.141721	4.968635
15036	-2090.214	-2243.173	152.9595	1.085046	0.727949	0.105593	0.149752	0.0167055	1.224028	4.863942
15042	-2072.963	-2225.976	153.0129	1.155208	0.763411	0.050914	0.165849	0.0198257	1.102766	4.863942
15048	-2080.367	-2234.313	153.9462	1.106115	0.796834	0.10216	0.0904784	0.0105278	1.132475	4.350294
15054	-2083.825	-2236.52	152.6951	1.414289	0.767732	0.0871339	0.114713	0.0304213	1.116846	4.900391
15060	-2074.83	-2226.045	151.2156	1.488314	0.65767	0.0676014	0.251127	0.0236019	1.013646	5.738259
15066	-2083.12	-2232.516	149.3958	1.145152	0.617687	0.178363	0.164883	0.0390679	0.8837282	6.966477
15072	-2064.254	-2217.72	153.4658	1.145152	0.707396	0.0743586	0.209317	0.00892866	1.107204	4.613716
15078	-2068.6	-2222.191	153.5914	1.036463	0.606335	0.178701	0.207384	0.00758047	1.087524	4.613716
15084	-2070.918	-2227.388	156.4696	1.235278	0.591229	0.340441	0.056539	0.0117912	1.512712	2.574792
15090	-2074.765	-2227.235	152.4703	1.658807	0.772257	0.0435094	0.112088	0.0721452	1.262506	4.828196
15096	-2076.567	-2230.949	154.3812	1.329925	0.81157	0.0730894	0.0664941	0.0488468	1.258124	3.911846
15102	-2078.264	-2234.436	156.1718	1.349815	0.69576	0.161014	0.0368059	0.10642	1.512054	2.694109
15108	-2088.497	-2244.989	156.4918	1.037677	0.62627	0.195669	0.132275	0.0457862	1.487121	2.694109
15114	-2078.708	-2235.372	156.6637	1.25964	0.708825	0.126423	0.140318	0.024434	1.458842	2.473218
15120	-2079.136	-2235.734	156.5984	1.252108	0.827492	0.100732	0.0642094	0.00756677	1.657165	2.393903
15126	-2071.414	-2227.688	156.2741	1.543715	0.806886	0.128315	0.0579679	0.00683125	1.618754	2.459007
15132	-2072.666	-2226.36	153.6944	1.286629	0.785125	0.151887	0.0506419	0.0123462	1.554636	4.157135
15138	-2079.326	-2234.58	155.254	1.285082	0.749167	0.127647	0.111868	0.011318	1.619501	3.217524
15144	-2069.012	-2222.016	153.0039	1.369745	0.796262	0.106982	0.0937566	0.00300016	1.369112	4.609047
15150	-2092.227	-2248.877	156.6508	0.9152753	0.607885	0.226991	0.157876	0.00724779	1.328499	2.769297
15156	-2084.922	-2241.024	156.1019	0.8745715	0.554276	0.385654	0.057433	0.00263664	1.325616	3.126789
15162	-2081.33	-2238.633	157.3027	0.9123322	0.502943	0.404519	0.0909446	0.00159259	1.574907	2.208473
15168	-2077.368	-2234.509	157.1409	0.9527287	0.389756	0.47476	0.133224	0.00225993	1.402982	2.395378
15174	-2080.267	-2237.213	156.9455	1.218231	0.550607	0.332521	0.0675516	0.0493207	1.379691	2.369831
15180	-2079.923	-2236.077	156.1548	1.305375	0.569016	0.235015	0.128723	0.0672463	1.377243	2.811532
15186	-2087.451	-2242.711	155.2603	1.100536	0.621328	0.224468	0.122946	0.0312569	1.322201	3.491061
15192	-2084.346	-2234.667	150.3212	1.135912	0.558706	0.399332	0.030899	0.0110637	0.9101231	6.457051
15198	-2078.292	-2228.557	150.2649	1.136093	0.675155	0.300231	0.0232309	0.00138343	0.9474434	6.467262
15204	-2069.676	-2226.095	156.4188	1.006798	0.664338	0.205538	0.0930104	0.0371138	1.312656	2.863695
15210	-2081.275	-2236.022	154.7466	1.05458	0.693509	0.218081	0.0861905	0.00221956	1.172488	3.900723
15216	-2093.008	-2246.745	153.7373	1.405125	0.854249	0.0192563	0.123407	0.00308814	1.058993	4.353085
15222	-2088.398	-2241.459	153.0611	1.19437	0.678514	0.223792	0.077083	0.0206109	1.014155	4.865739
15228	-2087.021	-2243.438	156.417	0.9409199	0.679121	0.247446	0.0491309	0.0243023	1.308213	2.907621
15234	-2084.076	-2239.416	155.3397	1.104649	0.62719	0.0755313	0.24959	0.047689	1.311575	3.448556
15240	-2077.395	-2232.327	154.9326	1.174114	0.741228	0.0469115	0.203477	0.00838339	1.354974	3.621522
15246	-2071.727	-2225.907	154.1794	1.490963	0.782387	0.0492398	0.145585	0.0227882	1.164875	3.999056
15252	-2087.079	-2240.259	153.1797	1.145415	0.73132	0.113334	0.134045	0.0213008	1.199201	4.722246
15258	-2081.708	-2236.972	155.264	1.36054	0.709661	0.149579	0.130075	0.0106849	1.060118	3.499969
15264	-2086.306	-2241.793	155.4865	1.208391	0.759009	0.138239	0.0913244	0.0114279	1.370868	3.269267
15270	-2092.705	-2248.484	155.7786	1.26362	0.713414	0.129934	0.153996	0.00265565	1.273631	3.123172
15276	-2087.533	-2244.743	157.2102	0.9246488	0.606126	0.254192	0.137329	0.00235408	1.412018	2.363854
15282	-2082.044	-2239.991	157.947	0.9960511	0.753607	0.158111	0.0854204	0.00286189	1.667671	1.652633
15288	-2087.744	-2245.864	158.1195	1.073058	0.588111	0.245438	0.14754	0.0189111	1.911176	1.277906
15294	-2087.188	-2245.27	158.0825	1.090371	0.653408	0.216467	0.0923877	0.0377371	2.113419	1.121553
15300	-2086.005	-2244.264	158.259	1.035158	0.695662	0.180634	0.114927	0.00877648	2.168438	0.9497913
15306	-2085.427	-2243.2	157.773	1.578898	0.739405	0.129113	0.122154	0.00932833	2.300924	0.7784428
15312	-2096.265	-2252.85	156.5843	0.1454313	0.254758	0.221703	0.0234953	0.500043	1.301761	3.123966
15318	-2095.278	-2253.069	157.7915	0.219557	0.159861	0.549755	0.087009	0.203374	1.464493	2.347053
15324	-2096.583	-2254.62	158.0374	1.392191	0.617549	0.1965	0.171229	0.0147212	1.998267	1.007344
15330	-2090.703	-2247.799	157.0958	0.1720878	0.420064	0.418583	0.0274361	0.133916	1.386199	2.799424
15336	-2093.742	-2249.77	156.0282	0.2093526	0.0375778	0.647486	0.0424396	0.272497	1.356521	3.476343
15342	-2092.746	-2248.416	155.6705	0.1621803	0.0538463	0.597166	0.0128103	0.336178	1.095967	3.801407
15348	-2103.04	-2257.621	154.5813	0.188316	0.0906378	0.321922	0.0215632	0.565877	1.238146	4.363557
15354	-2085.138	-2241.88	156.742	1.600124	0.83003	0.0357208	0.112325	0.0219242	1.628309	2.122939
15360	-2090.365	-2246.23	155.8655	1.683912	0.821495	0.0876791	0.0614138	0.029412	1.355895	2.801372
15366	-2091.756	-2248.273	156.5161	0.9435036	0.733538	0.161701	0.0968198	0.00794143	1.404528	2.78748
15372	-2091.486	-2247.554	156.0686	1.140303	0.610502	0.203378	0.142443	0.0436774	1.354884	2.970645
15378	-2087.966	-2244.209	156.2431	1.265917	0.82849	0.0899462	0.0603245	0.0212391	1.387701	2.773491
15384	-2089.354	-2244.679	155.3256	1.265917	0.684238	0.175027	0.126692	0.0140427	1.330491	3.356179
15390	-2077.431	-2232.862	155.431	1.401075	0.626996	0.171434	0.191721	0.00984926	1.394022	3.184149
15396	-2071.511	-2228	156.4886	1.427234	0.913451	0.0389557	0.040034	0.00755946	1.486276	2.470833
15402	-2077.506	-2233.257	155.7506	0.9193669	0.727601	0.179407	0.0577378	0.0352537	1.360056	3.287224
15408	-2090.915	-2247.013	156.0986	1.33175	0.762982	0.116997	0.102775	0.0172456	1.413778	2.808862
15414	-2084.848	-2241.188	156.3394	1.123758	0.79788	0.109701	0.0791396	0.0132796	1.286178	2.85832
15420	-2095.036	-2250.724	155.688	0.164711	0.000395751	0.765423	0.0682165	0.165965	1.285189	3.684904
15426	-2084.144	-2239.827	155.6836	0.164711	0.000691999	0.698261	0.119281	0.181766	1.285189	3.687453
15432	-2083.522	-2238.337	154.8155	1.369632	0.796305	0.139178	0.00789558	0.0566213	1.15149	3.702621
15438	-2069.674	-2225.294	155.6193	1.195196	0.826315	0.15339	0.00150986	0.0187845	1.259299	3.264072
15444	-2075.03	-2231.092	156.0622	1.195196	0.719841	0.258937	0.00618146	0.0150413	1.290492	2.981786
15450	-2075.555	-2231.613	156.0579	1.288626	0.732767	0.25478	0.00251602	0.00993762	1.272942	2.942541
15456	-2081.737	-2237.378	155.6409	1.219842	0.841212	0.116772	0.00366115	0.0383552	1.363904	3.175617
15462	-2073.247	-2228.764	155.5166	1.489091	0.643347	0.30562	0.0247041	0.0263283	1.302541	3.141783
15468	-2073.739	-2229.099	155.3607	1.248231	0.762246	0.190784	0.026608	0.0203619	1.302541	3.361607
15474	-2080.668	-2236.219	155.5507	1.459307	0.812095	0.13701	0.0292014	0.0216935	1.508373	3.014013
15480	-2096.761	-2249.707	152.9455	0.2638755	0.0392215	0.80103	0.0711098	0.0886386	0.8348201	5.51501
15486	-2122.793	-2274.065	151.2724	0.250279	0.0413126	0.843737	0.048973	0.0659773	1.292138	6.18024
15492	-2083.974	-2238.204	154.2299	1.648251	0.862115	0.0481601	0.0830362	0.00668874	1.449534	3.730228
15498	-2069.318	-2223.81	154.4921	1.507606	0.738194	0.156038	0.0978836	0.00788473	1.30587	3.730228
15504	-2083.675	-2237.6	153.9249	1.507606	0.75935	0.163507	0.0475643	0.0295783	1.30587	4.05568
15510	-2092.284	-2247.715	155.431	0.3164893	0.0698663	0.87304	0.00988365	0.0472102	1.249509	3.879919
15516	-2084.073	-2239.777	155.7049	0.1916834	0.112207	0.763475	0.0583171	0.0660019	1.250608	3.717182
15522	-2081.407	-2235.543	154.1368	1.48393	0.775153	0.104736	0.101631	0.0184793	1.369344	3.909889
15528	-2082.618	-2236.923	154.3054	1.48393	0.770953	0.104169	0.10108	0.023798	1.159055	3.933778
15534	-2076.472	-2230.758	154.2863	1.233136	0.72589	0.144108	0.124625	0.00537603	1.209155	4.045064
15540	-2069.158	-2223.114	153.9566	1.606111	0.748016	0.148501	0.0914451	0.0120385	1.209155	4.045064
15546	-2072.994	-2225.62	152.627	1.34958	0.830816	0.140774	0.0169978	0.0114121	1.217508	4.914456
15552	-2079.867	-2234.56	154.6928	1.667086	0.730152	0.223589	0.0255389	0.0207196	1.166319	3.617254
15558	-2096.388	-2251.377	154.9886	1.381759	0.948471	0.0362884	0.0118656	0.00337465	1.163265	3.589194
15564	-2086.299	-2241.088	154.7895	0.2145618	0.175703	0.688741	0.0822303	0.0533262	1.199565	4.279671
15570	-2080.755	-2238.257	157.5015	1.147896	0.736859	0.186034	0.0570966	0.0200107	1.720614	1.823757
15576	-2108.782	-2266.021	157.2391	1.147896	0.672264	0.233262	0.0762175	0.0182565	1.663485	2.039402
15582	-2098.666	-2254.204	155.5374	0.1926425	0.0674205	0.778616	0.0821578	0.0718061	1.128399	3.884521
15588	-2102.948	-2259.423	156.4748	0.1933327	0.274934	0.680309	0.0249915	0.019766	1.403911	3.178054
15594	-2078.499	-2233.485	154.9859	0.2290381	0.119997	0.842188	0.0309383	0.00687596	1.169289	4.188851
15600	-2093.128	-2246.797	153.6681	0.277196	0.112509	0.789631	0.0787252	0.0191349	0.8990358	5.079142
15606	-2085.625	-2238.54	152.9151	0.1456494	0.162662	0.751305	0.0804319	0.00560135	0.9138664	5.429186
15612	-2088.614	-2242.213	153.5995	0.2778119	0.341709	0.616481	0.037378	0.00443216	1.032459	5.043053
15618	-2084.223	-2239.902	155.6784	0.1731671	0.238335	0.735177	0.0258306	0.000657606	1.062248	3.827347
15624	-2084.385	-2235.83	151.4453	0.2132233	0.119772	0.844211	0.0347723	0.00124463	0.8999794	6.29404
15630	-2080.305	-2233.783	153.4783	1.026562	0.717829	0.223172	0.0326531	0.026346	1.211403	4.61314
15636	-2075.476	-2230.248	154.7719	0.9575612	0.65925	0.262942	0.055347	0.0224603	1.114373	3.975013
15642	-2092.985	-2249.253	156.268	0.2301372	0.0452007	0.885897	0.0332965	0.0356057	1.359726	3.339408
15648	-2083.084	-2239.426	156.3421	0.210257	0.104373	0.712147	0.087298	0.0961816	1.190694	3.390018
15654	-2084.225	-2236.724	152.4988	1.725805	0.800601	0.070159	0.111368	0.0178717	0.9711615	4.944099
15660	-2083.159	-2237.742	154.5831	1.029118	0.657925	0.266455	0.0634115	0.0122088	1.201306	3.992269
15666	-2092.907	-2245.138	152.2307	1.029118	0.567306	0.381999	0.0372792	0.0134162	1.091533	5.371748
15672	-2086.037	-2239.263	153.2256	1.445555	0.684381	0.223457	0.0759771	0.0161849	1.133488	4.579154
15678	-2088.647	-2242.46	153.8131	0.8999645	0.50988	0.400309	0.0806734	0.00913767	1.260833	4.469089
15684	-2091.403	-2245.925	154.5215	1.21246	0.546614	0.354543	0.0864855	0.0123573	1.166847	3.945923
15690	-2078.017	-2234.364	156.3468	0.211015	0.0888365	0.801782	0.0589591	0.0504219	1.137191	3.418912
15696	-2082.668	-2237.249	154.5815	0.2007999	0.10861	0.676603	0.109921	0.104866	1.03719	4.483477
15702	-2083.095	-2237.578	154.4826	0.2150988	0.171242	0.782352	0.0155814	0.0308246	1.062957	4.529974
15708	-2088.53	-2242.54	154.0096	0.1590542	0.233335	0.468781	0.0241402	0.273744	0.9321704	4.830359
15714	-2099.321	-2253.292	153.9706	1.349514	0.643273	0.300081	0.0501326	0.0065137	1.379798	4.066875
15720	-2083.883	-2236.56	152.6764	0.8779541	0.553866	0.415536	0.0257325	0.00486559	1.108242	5.200883
15726	-2088.641	-2241.954	153.3131	0.8376551	0.417029	0.5645	0.0118607	0.00660984	1.067827	4.893136
15732	-2097.496	-2250.296	152.7995	1.239719	0.670603	0.26612	0.0526481	0.0106289	1.065052	4.959321
15738	-2085.248	-2237.801	152.5525	1.192121	0.683612	0.219875	0.0289231	0.0675896	0.870791	5.228745
15744	-2084.262	-2236.611	152.3492	1.3018	0.696081	0.223886	0.0294506	0.0505831	0.9720705	5.228745
15750	-2089.638	-2243.827	154.1889	0.7925704	0.549083	0.390158	0.0553233	0.00543497	1.132997	4.392178
15756	-2072.222	-2225.235	153.0133	1.305461	0.7875	0.137422	0.0650071	0.0100712	0.9530037	4.868928
15762	-2098.865	-2254.502	155.6367	0.1608647	0.21573	0.713705	0.0257437	0.0448212	1.062254	3.838731
15768	-2095.344	-2250.876	155.5324	0.1665923	0.271047	0.648718	0.0309611	0.0492731	1.190958	3.830965
15774	-2092.106	-2247.666	155.5605	0.1994433	0.0945666	0.56854	0.0424924	0.294401	1.220586	3.821918
15780	-2098.306	-2250.233	151.9262	1.07822	0.787093	0.0826439	0.121817	0.00844577	1.134652	5.489075
15786	-2083.882	-2235.269	151.387	1.122405	0.640848	0.164172	0.16095	0.0340299	1.08015	5.791239
15792	-2083.466	-2237.506	154.0393	0.1570151	0.0683031	0.710532	0.0489829	0.172182	1.073563	4.73238
15798	-2077.942	-2231.968	154.0252	0.2016607	0.190561	0.575253	0.0331519	0.201034	1.150473	4.73238
15804	-2089.91	-2246.177	156.2673	0.1466794	0.132725	0.506931	0.04746	0.312885	1.277805	3.327737
15810	-2105.941	-2258.28	152.3392	1.686924	0.745418	0.0208152	0.19202	0.0417466	1.246205	4.897479
15816	-2079.495	-2233.024	153.5289	1.225991	0.837761	0.0232885	0.115064	0.0238867	1.14307	4.515128
15822	-2080.671	-2233.898	153.2269	1.645666	0.723108	0.0576013	0.15441	0.0648806	1.059684	4.524181
15828	-2071.893	-2225.622	153.7285	1.63915	0.808844	0.0506192	0.0743922	0.066145	1.127303	4.205762
15834	-2073.745	-2226.875	153.1298	1.584032	0.743608	0.0559749	0.155378	0.0450393	1.352046	4.443229
15840	-2071.329	-2226.295	154.9661	1.136302	0.796691	0.0610851	0.119734	0.0224892	1.308802	3.649835
15846	-2084.786	-2237.993	153.2066	1.409859	0.687086	0.235695	0.068871	0.00834829	1.188779	4.576437
15852	-2074.189	-2227.454	153.265	1.23863	0.70907	0.191074	0.0666136	0.0332415	1.251256	4.595929
15858	-2069.562	-2225.185	155.6234	1.3123	0.672772	0.136142	0.130341	0.0607452	1.403773	3.111451
15864	-2072.033	-2227.924	155.8911	1.355314	0.855948	0.0195558	0.0853846	0.0391118	1.388481	2.936883
15870	-2075.374	-2230.256	154.8822	0.1619588	0.146296	0.750476	0.0146101	0.0886184	0.8931337	4.365967
15876	-2060.253	-2215.701	155.4483	0.1757087	0.157344	0.782708	0.0186482	0.0413001	1.155577	3.90811
15882	-2069.31	-2223.867	154.5575	0.1945653	0.0923026	0.831289	0.00947557	0.0669333	0.9909117	4.519946
15888	-2071.898	-2225.975	154.0776	0.1882487	0.1541	0.263102	0.00669738	0.576101	1.250528	4.639871
15894	-2081.203	-2236.349	155.1464	0.149104	0.117387	0.804566	0.029302	0.0487446	1.205612	4.022227
15900	-2083.111	-2239.407	156.2957	1.120865	0.692094	0.145892	0.0775632	0.0844507	1.388538	2.824389
15906	-2087.165	-2242.554	155.3888	1.121976	0.600614	0.132658	0.173631	0.0930966	1.14511	3.507309
15912	-2084.448	-2239.299	154.8514	0.1947053	0.3172	0.426894	0.031278	0.224628	1.089624	4.298583
15918	-2086.087	-2240.97	154.8832	0.1656419	0.115959	0.736175	0.0200706	0.127796	1.018327	4.298583
15924	-2080.19	-2234.949	154.7593	0.1898384	0.0392743	0.572859	0.0346042	0.353262	1.176834	4.298583
15930	-2086.77	-2241.128	154.3574	0.1898384	0.0385581	0.475863	0.0373574	0.448222	0.89925	4.680903
15936	-2090.434	-2244.825	154.391	0.186381	0.124802	0.549875	0.0505552	0.274768	1.065931	4.566433
15942	-2080.947	-2237.249	156.3015	0.2127926	0.146657	0.814613	0.00822059	0.0305092	1.239736	3.385935
15948	-2094.162	-2251.685	157.5227	0.198695	0.219629	0.696888	0.0451105	0.0383722	1.475836	2.50078
15954	-2081.574	-2238.784	157.2102	0.2117752	0.211549	0.67125	0.0434508	0.0737507	1.382227	2.757395
15960	-2082.727	-2239.05	156.3229	0.1715228	0.126884	0.769501	0.0260612	0.077554	1.269179	3.330856
15966	-2080.23	-2236.23	156.0007	0.1715228	0.418602	0.539028	0.0207755	0.0215943	1.320316	3.489649
15972	-2088.318	-2245.361	157.0433	0.190801	0.401955	0.563443	0.0272574	0.00734481	1.310033	2.892342
15978	-2075.958	-2232.747	156.7881	0.1816211	0.33777	0.595888	0.037255	0.0290867	1.319316	3.033815
15984	-2066.355	-2222.198	155.843	0.1789962	0.183237	0.790305	0.0106788	0.0157793	1.340539	3.576264
15990	-2067.586	-2223.734	156.1477	0.1612792	0.0741613	0.809573	0.0202805	0.0959852	1.285883	3.41308
15996	-2074.418	-2230.179	155.7612	0.1878002	0.0729663	0.796528	0.0199537	0.110552	1.314063	3.645486
16002	-2079.983	-2237.207	157.2237	0.1837466	0.0652085	0.553975	0.00170184	0.379114	1.370694	2.740918
16008	-2080.511	-2234.311	153.7996	0.1787398	0.0734245	0.623774	0.000250258	0.302551	1.108144	4.868183
16014	-2078.824	-2234.739	155.9153	0.2174625	0.159946	0.801794	0.000106229	0.0381541	1.075213	3.707964
16020	-2080.752	-2238.034	157.2819	0.1884101	0.134342	0.80942	0.000156146	0.0560825	1.434111	2.669669
16026	-2079.12	-2234.561	155.4415	0.2487459	0.0771964	0.848513	0.0122572	0.0620337	1.358838	3.822036
16032	-2088.69	-2241.196	152.5052	0.1978104	0.0453752	0.678814	0.00234999	0.273461	1.148695	5.573423
16038	-2091.725	-2246.319	154.5946	0.1775907	0.088598	0.780079	0.0115417	0.119781	1.15357	4.396163
16044	-2095.965	-2251.079	155.1136	1.20448	0.854863	0.0458083	0.0824509	0.0168773	1.334856	3.51124
16050	-2085.439	-2241.985	156.5454	0.1975635	0.0532554	0.77724	0.032997	0.136508	1.191291	3.26449
16056	-2078.813	-2234.683	155.8707	0.2322454	0.166874	0.800152	0.00986189	0.0231117	1.248447	3.636631
16062	-2081.861	-2236.425	154.5643	0.2385072	0.193773	0.592185	0.00674222	0.207299	1.043237	4.499545
16068	-2080.653	-2234.434	153.7805	0.19786	0.110644	0.49849	0.0123122	0.378555	0.957223	4.974716
16074	-2087.201	-2243.364	156.1633	0.1781785	0.0395748	0.339681	0.0154927	0.605252	1.099324	3.529579
16080	-2094.703	-2249.859	155.1562	1.203108	0.796848	0.0890894	0.0936093	0.0204534	1.34808	3.479404
16086	-2087.825	-2243.225	155.4004	1.315429	0.826842	0.0599918	0.0827565	0.0304099	1.31751	3.293011
16092	-2079.222	-2234.968	155.7459	0.1568089	0.197205	0.731851	0.0480118	0.0229322	1.297511	3.63495
16098	-2074.635	-2231.647	157.0119	0.1825119	0.344785	0.490487	0.0398041	0.124924	1.63807	2.705937
16104	-2077.101	-2232.238	155.1365	1.480931	0.861989	0.0739436	0.0529739	0.0110935	1.497961	3.255439
16110	-2087.716	-2243.199	155.483	0.1842012	0.0466096	0.579208	0.0283798	0.345802	1.280726	3.82288
16116	-2079.347	-2234.99	155.6426	0.1848463	0.0660859	0.751746	0.0368338	0.145335	1.121943	3.82288
16122	-2084.413	-2236.767	152.3539	1.443173	0.733818	0.219936	0.0341232	0.012123	1.303226	4.972376
16128	-2089.931	-2243.663	153.7318	1.362536	0.75013	0.168618	0.0701465	0.0111056	1.708027	4.009132
16134	-2081.275	-2235.247	153.9719	1.362536	0.755516	0.17702	0.0615998	0.00586379	1.478719	4.002976
16140	-2090.092	-2245.105	155.0132	0.1840776	0.477524	0.4554	0.0105001	0.0565768	1.156277	4.162477
16146	-2094.009	-2248.247	154.2384	0.1468084	0.109868	0.826224	0.0259514	0.0379567	1.108396	4.587615
16152	-2087.703	-2239.906	152.2024	1.52627	0.798573	0.121144	0.0512038	0.0290786	1.187858	5.080568
16158	-2084.871	-2238.676	153.8048	1.104189	0.602045	0.254046	0.107377	0.0365319	1.237374	4.371976
16164	-2095.393	-2249.778	154.3849	1.118505	0.66749	0.281662	0.0103446	0.0405031	1.28349	4.008515
16170	-2085.801	-2239.748	153.947	1.563609	0.7324	0.179294	0.00973556	0.0785699	1.175733	4.089987
16176	-2083.368	-2237.97	154.6014	1.098326	0.693224	0.261839	0.00419486	0.0407425	1.175852	3.957464
16182	-2083.966	-2238.985	155.0199	1.526032	0.783088	0.173205	0.00953551	0.0341715	1.135594	3.513688
16188	-2080.431	-2234.821	154.3902	1.111024	0.821514	0.139128	0.0119089	0.0274485	1.383366	3.952547
16194	-2081.084	-2236.211	155.1269	0.9811015	0.785411	0.171597	0.00916357	0.0338276	1.308503	3.645263
16200	-2090.409	-2244.883	154.4745	1.324741	0.792128	0.173065	0.0113951	0.0234124	1.308503	3.832061
16206	-2082.088	-2234.929	152.841	1.506445	0.77081	0.168407	0.00693142	0.0538516	1.083993	4.79254
16212	-2087.975	-2241.589	153.6139	1.503654	0.713464	0.236041	0.0143077	0.0361874	1.01351	4.399759
16218	-2076.94	-2230.904	153.9633	1.300841	0.629198	0.282513	0.0250165	0.0632724	1.2361	4.177944
16224	-2101.358	-2257.185	155.8265	1.33801	0.61266	0.320653	0.0281802	0.0385062	1.296679	3.040181
16230	-2077.56	-2234.9	157.3395	0.9715573	0.677239	0.248645	0.062002	0.012114	1.752771	2.028576
16236	-2076.199	-2231.882	155.6836	1.011781	0.592266	0.217448	0.179691	0.0105941	1.431947	3.229234
16242	-2078.113	-2232.117	154.0045	1.176881	0.755716	0.00148454	0.229282	0.0135178	1.139022	4.275171
16248	-2084.106	-2237.226	153.1202	1.459134	0.780228	0.0014881	0.196506	0.0217778	1.1481	4.623436
16254	-2078.732	-2231.954	153.2217	1.413408	0.780419	0.00148846	0.196554	0.0215382	1.08677	4.623436
16260	-2090.535	-2243.416	152.881	1.438469	0.840439	0.0453732	0.0826747	0.0315129	1.405383	4.623436
16266	-2078.054	-2228.573	150.5194	1.374511	0.786091	0.0496115	0.132513	0.0317851	1.142472	6.102831
16272	-2094.02	-2250.279	156.2588	1.293066	0.540346	0.261211	0.183289	0.0151545	1.551994	2.647755
16278	-2098.586	-2250.733	152.1471	0.9022064	0.477595	0.393804	0.10935	0.0192512	1.05373	5.509128
16284	-2105.776	-2258.455	152.679	0.8881515	0.478399	0.47653	0.0217748	0.0232953	1.158662	5.165748
16290	-2090.902	-2245.606	154.7041	1.106311	0.620753	0.29639	0.0279439	0.054913	1.116531	3.928173
16296	-2098.775	-2253.44	154.6651	1.180961	0.615136	0.293708	0.0463179	0.0448382	1.26178	3.826092
16302	-2089.766	-2246.628	156.8618	1.177933	0.714064	0.259197	0.0140692	0.0126706	1.450663	2.401939
16308	-2103.753	-2260.017	156.2637	1.001278	0.667039	0.242127	0.0760134	0.0148208	1.322159	2.954974
16314	-2096.633	-2253.414	156.7811	0.1825792	0.106294	0.880638	0.00617676	0.00689195	1.313647	3.042165
16320	-2071.062	-2226.876	155.8137	1.526805	0.857171	0.124182	0.00875113	0.00989601	1.360609	2.909614
16326	-2092.408	-2247.417	155.0093	1.346548	0.716344	0.248953	0.0296982	0.00500555	1.603777	3.338132
16332	-2095.332	-2251.257	155.9252	0.1920525	0.14083	0.741434	0.041826	0.0759097	1.239019	3.596515
16338	-2089.098	-2243.554	154.4552	0.2098815	0.188532	0.703038	0.0134128	0.0950174	1.035602	4.559022
16344	-2095.024	-2249.373	154.3485	0.2061447	0.298529	0.235771	0.0319885	0.433712	1.016962	4.628005
16350	-2088.309	-2241.461	153.1519	0.1944397	0.394703	0.256112	0.0201065	0.329078	1.057555	5.265697
16356	-2086.036	-2239.437	153.4012	0.1833936	0.222034	0.48799	0.012628	0.277347	1.035581	5.133225
16362	-2089.28	-2244.228	154.9487	0.1833936	0.150994	0.447187	0.0216117	0.380207	1.104941	4.227737
16368	-2088.851	-2244.567	155.7159	0.1928453	0.303267	0.554747	0.0528475	0.0891383	1.035575	3.835449
16374	-2091.033	-2245.76	154.7272	0.1928453	0.625032	0.251927	0.0135701	0.109472	1.106503	4.358224
16380	-2091.738	-2247.174	155.4364	1.579241	0.814149	0.049329	0.129639	0.00688309	1.521363	3.013121
16386	-2103.346	-2258.488	155.1418	1.714769	0.83827	0.0498869	0.100117	0.0117262	1.406115	3.190602
16392	-2086.816	-2242.645	155.8289	1.376631	0.610639	0.342629	0.0335704	0.0131615	1.526541	2.87953
16398	-2071.491	-2226.891	155.4002	0.951247	0.668775	0.228069	0.0787412	0.0244151	1.400264	3.450309
16404	-2074.25	-2228.434	154.1844	0.9702874	0.748962	0.0800319	0.142767	0.0282397	1.210119	4.247642
16410	-2100.342	-2257.436	157.0939	0.1608836	0.405342	0.542559	0.0491996	0.00289917	1.320271	2.82844
16416	-2088.529	-2245.121	156.592	0.1711095	0.405026	0.56283	0.0289564	0.00318707	1.321266	3.140507
16422	-2081.997	-2235.491	153.4934	1.541275	0.828707	0.0369477	0.0900195	0.0443256	1.187276	4.351486
16428	-2080.791	-2234.577	153.7859	1.375161	0.773578	0.140828	0.0442169	0.0413769	1.225989	4.246166
16434	-2082.254	-2237.829	155.5749	1.291145	0.771361	0.169966	0.00873557	0.0499377	1.208441	3.267545
16440	-2093.583	-2249.611	156.028	0.2415829	0.289495	0.620279	0.031783	0.0584429	1.358624	3.482016
16446	-2103.454	-2258.99	155.5355	0.2312991	0.229662	0.637665	0.071224	0.0614494	1.285684	3.808596
16452	-2106.196	-2257.07	150.874	1.190346	0.637186	0.290173	0.0561385	0.0165022	0.9841047	6.088294
16458	-2092.81	-2246.043	153.2328	1.398068	0.745813	0.20601	0.0372323	0.0109446	1.255516	4.530101
16464	-2086.383	-2241.614	155.2307	1.353102	0.727187	0.204859	0.0087321	0.0592218	1.159605	3.465277
16470	-2082.143	-2233.597	151.4538	1.34193	0.773139	0.196896	0.00699417	0.0229711	1.080692	5.641937
16476	-2086.162	-2238.471	152.3083	1.344692	0.627958	0.351518	0.00909768	0.0114257	1.004362	5.211975
16482	-2078.678	-2232.2	153.5219	1.269527	0.648657	0.248183	0.0924481	0.0107118	1.329008	4.391535
16488	-2077.848	-2229.311	151.4629	1.521639	0.887093	0.0586396	0.0502792	0.0039881	1.232307	5.466703
16494	-2080.772	-2231.05	150.2774	1.336971	0.790132	0.083488	0.120702	0.00567805	1.114979	6.267838
16500	-2087.65	-2240.017	152.3664	1.115134	0.790132	0.083488	0.120702	0.00567805	1.034448	5.281886
16506	-2091.278	-2244.029	152.7515	0.8884105	0.586409	0.341839	0.0676147	0.00413727	0.8757987	5.281886
16512	-2091.924	-2243.982	152.0587	1.021229	0.490885	0.346591	0.152279	0.0102455	0.9778835	5.533274
16518	-2095.526	-2247.56	152.0342	1.052839	0.521596	0.298066	0.179436	0.000902474	0.9711271	5.533274
16524	-2095.331	-2250.511	155.1799	1.221536	0.592434	0.205298	0.186587	0.0156817	1.304165	3.481141
16530	-2081.88	-2232.942	151.062	1.257883	0.68131	0.180251	0.137037	0.00140186	1.026565	5.928091
16536	-2086.202	-2240.377	154.1758	1.269443	0.690496	0.20832	0.0971674	0.0040169	1.223508	4.080685
16542	-2088.936	-2242.939	154.0035	1.063746	0.756197	0.174791	0.0618671	0.00714487	1.223291	4.289939
16548	-2074.202	-2227.165	152.9625	1.270737	0.852013	0.0738074	0.071489	0.00269101	1.105036	4.830283
16554	-2083.258	-2238.171	154.9136	1.064974	0.741525	0.0724188	0.183416	0.00264038	1.339013	3.70283
16560	-2081.658	-2235.957	154.2996	1.271455	0.795356	0.0908486	0.112431	0.0013638	1.24919	3.994294
16566	-2081.32	-2235.124	153.8041	1.271455	0.822188	0.0593509	0.116224	0.00223658	1.259455	4.2703
16572	-2082.886	-2235.706	152.8205	1.347755	0.806565	0.0775718	0.114016	0.00184689	0.985533	4.93678
16578	-2088.958	-2243.161	154.2029	1.084101	0.714048	0.0894508	0.193591	0.00290931	1.190642	4.184075
16584	-2101.575	-2256.265	154.6904	1.132494	0.64577	0.236761	0.10188	0.0155883	1.078003	3.943592
16590	-2083.359	-2237.86	154.5018	1.086129	0.646872	0.314233	0.034533	0.00436213	1.476806	3.848842
16596	-2087.587	-2240.444	152.8578	1.086129	0.669544	0.236532	0.0760532	0.0178713	1.07706	5.001692
16602	-2092.938	-2247.748	154.8099	1.124054	0.619825	0.210923	0.149101	0.0201502	1.186201	3.817574
16608	-2094.86	-2248.234	153.3735	1.016434	0.695618	0.16839	0.119802	0.0161905	1.175582	4.697541
16614	-2087.166	-2241.51	154.3447	1.093361	0.609915	0.147643	0.221267	0.0211746	1.101103	4.149297
16620	-2088.463	-2243.351	154.8884	1.183729	0.725673	0.144252	0.111561	0.0185135	1.185221	3.740047
16626	-2082.542	-2234.695	152.1529	1.42503	0.759114	0.0656246	0.116703	0.0585584	1.064573	5.224935
16632	-2082.387	-2235.29	152.9027	1.039005	0.644611	0.249475	0.0941343	0.0117797	1.064573	5.009388
16638	-2079.136	-2233.095	153.9594	1.309839	0.753156	0.111758	0.129809	0.00527697	1.204806	4.193275
16644	-2078.161	-2232.952	154.7917	1.053783	0.671572	0.209516	0.111538	0.00737415	1.245934	3.833132
16650	-2084.719	-2238.57	153.8503	1.351137	0.797153	0.129403	0.0688892	0.00455449	1.293053	4.183824
16656	-2092.835	-2246.644	153.809	1.581974	0.720314	0.177231	0.0981081	0.00434702	1.159951	4.168688
16662	-2099.052	-2252.482	153.4301	1.304014	0.806004	0.103281	0.0872011	0.00351412	1.068215	4.572148
16668	-2091.882	-2246.637	154.755	1.186862	0.684387	0.0767486	0.226168	0.0126965	1.347174	3.721854
16674	-2079.617	-2233.588	153.9711	1.096011	0.657776	0.138206	0.193361	0.0106573	1.139838	4.337601
16680	-2072.463	-2224.839	152.3761	1.035728	0.595485	0.361897	0.0358539	0.00676407	1.171288	5.243853
16686	-2078.03	-2231.387	153.357	1.05493	0.563799	0.358117	0.0354794	0.0426051	1.156815	4.695947
16692	-2069.099	-2223.495	154.3961	1.176326	0.625169	0.242086	0.0673461	0.0653993	1.348511	3.933214
16698	-2071.47	-2223.878	152.4084	1.3106	0.638764	0.174307	0.0948352	0.0920938	1.145047	5.095774
16704	-2071.05	-2224.802	153.7517	1.048429	0.759798	0.114779	0.0829282	0.0424943	1.072661	4.525376
16710	-2084.185	-2237.731	153.5463	1.335644	0.651753	0.10137	0.200078	0.0467998	1.18304	4.425963
16716	-2075.516	-2230.011	154.4949	1.182288	0.764441	0.0330089	0.174612	0.0279372	1.185833	3.966556
16722	-2074.758	-2230.05	155.2924	1.144704	0.752557	0.0602171	0.171898	0.0153284	1.213977	3.510593
16728	-2083.703	-2238.335	154.6322	1.40774	0.691707	0.133028	0.157999	0.0172668	1.144145	3.793002
16734	-2069.39	-2225.601	156.2109	1.32685	0.820463	0.0122775	0.146343	0.0209169	1.363124	2.774038
16740	-2095.881	-2250.058	154.1772	1.118592	0.629946	0.184386	0.18498	0.000688361	1.043271	4.26326
16746	-2089.821	-2242.595	152.7737	1.379692	0.647078	0.0375135	0.31451	0.000898839	1.117768	4.87321
16752	-2086.781	-2241.119	154.3384	0.9961627	0.773292	0.0187379	0.207026	0.000943955	0.9594202	4.287662
16758	-2081.706	-2233.726	152.0194	1.253593	0.718181	0.0344897	0.245827	0.00150158	1.188163	5.316088
16764	-2076.312	-2232.054	155.7414	1.275858	0.670698	0.0654217	0.26027	0.00361009	1.408177	3.058402
16770	-2073.278	-2229.364	156.0862	1.055171	0.543816	0.344144	0.109113	0.00292713	1.286319	3.050871
16776	-2075.464	-2232.038	156.5743	1.03954	0.545924	0.236216	0.210582	0.00727749	1.407376	2.691304
16782	-2066.114	-2220.047	153.9326	0.8894102	0.648596	0.24788	0.0982314	0.00529201	1.146314	4.472425
16788	-2075.643	-2229.595	153.9518	0.8645673	0.639374	0.295592	0.0329026	0.0321306	1.246171	4.419764
16794	-2082.95	-2236.642	153.6916	1.306102	0.576364	0.338257	0.0636828	0.0216962	1.08894	4.412271
16800	-2093.287	-2247.053	153.7663	1.187345	0.635898	0.19777	0.110484	0.0558477	1.070369	4.442903
16806	-2082.479	-2235.206	152.7273	1.303487	0.738191	0.0800935	0.166422	0.0152935	1.267543	4.854026
16812	-2075.77	-2230.331	154.5616	1.298318	0.636592	0.00981926	0.272861	0.0807281	1.21178	3.851433
16818	-2071.465	-2226.582	155.117	1.653278	0.676418	0.113413	0.179059	0.0311092	1.300054	3.297677
16824	-2066.056	-2220.395	154.3381	1.171343	0.722026	0.0852601	0.144341	0.0483728	1.153196	4.080646
16830	-2072.14	-2226.731	154.5901	1.016063	0.561402	0.308675	0.0999618	0.0299611	1.011279	4.104077
16836	-2086.568	-2239.761	153.1934	0.9663368	0.412312	0.468827	0.0733555	0.045506	1.062145	4.889448
16842	-2097.489	-2249.278	151.7894	1.104478	0.506373	0.419189	0.033727	0.0407113	0.9746553	5.63803
16848	-2101.751	-2253.577	151.8259	1.161177	0.634408	0.301798	0.0362566	0.0275375	0.8836311	5.63803
16854	-2087.19	-2241.44	154.2498	1.206708	0.730859	0.194807	0.0638718	0.0104628	1.193566	4.088904
16860	-2102.419	-2256.932	154.5128	1.263373	0.763562	0.203524	0.0237701	0.00914405	1.073303	3.977228
16866	-2091.388	-2245.935	154.5469	1.263373	0.812851	0.155289	0.0168632	0.0149972	1.039188	3.977228
16872	-2095.662	-2250.42	154.7574	1.322388	0.608155	0.338837	0.0126166	0.0403913	1.247196	3.705536
16878	-2089.516	-2242.213	152.6976	1.021533	0.600411	0.35116	0.0167686	0.03166	1.052991	5.13923
16884	-2097.127	-2251.174	154.047	1.049994	0.575567	0.372993	0.0178111	0.0336285	1.091385	4.347564
16890	-2085.701	-2240.258	154.5565	1.202729	0.608848	0.214285	0.147133	0.0297335	1.274378	3.869421
16896	-2081.928	-2237.303	155.3752	1.021295	0.717727	0.135159	0.137651	0.00946367	1.124132	3.584866
16902	-2088.772	-2243.271	154.4995	1.312053	0.687091	0.279022	0.0215005	0.0123864	1.064394	3.964335
16908	-2096.725	-2248.989	152.2633	1.121852	0.718231	0.231762	0.0361528	0.0138539	0.9118729	5.40278
16914	-2090.307	-2243.657	153.3507	1.077206	0.7058	0.168122	0.116676	0.00940213	0.9567381	4.799111
16920	-2103.05	-2258.959	155.9089	0.9541742	0.615052	0.284101	0.0872066	0.0136401	1.341078	3.183928
16926	-2083.312	-2239.006	155.6937	1.222683	0.717922	0.175103	0.0953043	0.0116706	1.331861	3.161689
16932	-2084.355	-2239.594	155.2394	1.582815	0.815424	0.137851	0.0373698	0.00935491	1.393717	3.204759
16938	-2094.289	-2249.251	154.9628	1.274487	0.704263	0.141396	0.12344	0.0309011	1.220528	3.627449
16944	-2092.235	-2247.843	155.6083	1.522439	0.814867	0.0140159	0.145165	0.0259517	1.47737	2.965273
16950	-2082.276	-2234.799	152.5226	1.22251	0.652365	0.309986	0.0294403	0.00820923	0.9862075	5.165622
16956	-2078.588	-2231.055	152.4676	1.044324	0.702459	0.276221	0.0128069	0.00851355	1.212682	5.165622
16962	-2081.515	-2236.348	154.8335	1.413329	0.811402	0.134014	0.0371334	0.0174506	1.214762	3.633029
16968	-2079.245	-2232.776	153.5306	1.310197	0.820416	0.0734356	0.0545091	0.0516396	1.113584	4.486978
16974	-2084.74	-2236.489	151.7496	1.534802	0.709154	0.139781	0.121099	0.0299659	1.048645	5.403757
16980	-2085.778	-2239.822	154.0445	1.115986	0.592943	0.24027	0.126223	0.0405642	1.193187	4.25495
16986	-2099.158	-2253.06	153.9027	0.9972866	0.597066	0.263412	0.0950865	0.0444355	1.163476	4.417888
16992	-2082.941	-2237.751	154.8097	1.173358	0.812593	0.0243156	0.129411	0.0336808	1.072491	3.85592
16998	-2095.183	-2249.429	154.2464	1.24317	0.586249	0.14144	0.259695	0.0126161	0.9620109	4.203093
17004	-2096.06	-2247.893	151.8329	1.39075	0.53775	0.355471	0.0944526	0.0123263	1.030413	5.437117
17010	-2093.08	-2244.612	151.5323	1.116787	0.772872	0.0211058	0.18939	0.0166322	1.061439	5.72491
17016	-2089.212	-2242.214	153.0026	1.154938	0.763237	0.047908	0.174637	0.0142173	1.163066	4.836215
17022	-2100.961	-2253.875	152.9135	1.283963	0.702638	0.10938	0.175643	0.0123386	0.9384088	4.943588
17028	-2091.36	-2242.848	151.4877	1.462222	0.765393	0.0778619	0.147939	0.00880599	1.189902	5.504653
17034	-2094.576	-2249.38	154.8039	1.260916	0.697372	0.247387	0.0417485	0.0134919	1.186078	3.746562
17040	-2089.154	-2245.137	155.9824	1.16838	0.699138	0.234049	0.0606525	0.00616084	1.217139	3.088665
17046	-2080.15	-2235.622	155.4718	1.231222	0.686826	0.249905	0.0574343	0.00583395	1.260216	3.330523
17052	-2091.038	-2246.703	155.6648	0.9654744	0.627175	0.169247	0.197463	0.00611544	1.416967	3.276655
17058	-2087.552	-2241.13	153.5781	1.346941	0.72931	0.0374843	0.22962	0.00358553	1.179949	4.40403
17064	-2085.088	-2238.265	153.1764	1.521591	0.838828	0.0560841	0.101762	0.00332583	1.389409	4.425807
17070	-2080.509	-2234.103	153.5938	1.472306	0.721177	0.104067	0.172198	0.00255783	1.419799	4.196594
17076	-2078.252	-2232.267	154.0148	1.418128	0.874404	0.0691736	0.0523319	0.00409075	1.225471	4.094698
17082	-2071.786	-2226.263	154.4768	1.612046	0.70777	0.21433	0.0767981	0.00110243	1.120414	3.794933
17088	-2077.291	-2231.028	153.737	1.116892	0.707725	0.214316	0.0767933	0.00116511	1.120414	4.469202
17094	-2084.703	-2238.894	154.1912	0.750977	0.508884	0.344369	0.143832	0.00291469	1.037878	4.469202
17100	-2084.552	-2236.519	151.9663	1.310086	0.665208	0.283196	0.0477866	0.00381006	1.008764	5.415634
17106	-2087.816	-2240.59	152.7741	1.734431	0.609568	0.319417	0.0421281	0.028887	1.182705	4.668507
17112	-2082.887	-2237.893	155.0069	1.053624	0.654887	0.233855	0.0901088	0.021149	1.367039	3.639081
17118	-2079.825	-2235.949	156.1239	1.19601	0.723446	0.187399	0.0722083	0.0169476	1.476922	2.831478
17124	-2069.425	-2225.444	156.0193	1.064383	0.714285	0.193806	0.0754049	0.0165043	1.546599	2.929308
17130	-2080.174	-2233.431	153.257	1.70701	0.818935	0.0994609	0.0547186	0.0268853	1.465172	4.249988
17136	-2083.288	-2237.037	153.7491	1.756678	0.721983	0.0834676	0.120245	0.0743045	1.318588	4.030711
17142	-2076.704	-2231.459	154.7545	1.210451	0.775968	0.121961	0.099601	0.00246951	1.377823	3.691552
17148	-2087.879	-2241.873	153.9942	1.416543	0.792091	0.102294	0.100834	0.00478075	1.251346	4.092536
17154	-2075.521	-2229.995	154.4746	1.326902	0.848259	0.051815	0.0996857	0.000240113	1.333793	3.816295
17160	-2078.315	-2234.058	155.7426	1.327574	0.73162	0.0916438	0.176311	0.000424681	1.453877	3.001945
17166	-2079.608	-2235.641	156.0331	1.424547	0.822183	0.086915	0.0906479	0.000253719	1.355209	2.833846
17172	-2092.962	-2248.703	155.7406	1.264245	0.722078	0.102859	0.174799	0.000264103	1.361198	3.093307
17178	-2087.134	-2240.433	153.2989	1.264245	0.73573	0.132724	0.131329	0.000217226	1.183698	4.601479
17184	-2091.6	-2246.127	154.5273	1.098212	0.655536	0.226907	0.117014	0.000542549	1.416557	3.862017
17190	-2085.229	-2239.787	154.5581	1.282622	0.744992	0.154328	0.0967196	0.00395988	1.28105	3.821931
17196	-2093.682	-2248.194	154.5117	0.9789317	0.640204	0.230867	0.120641	0.00828758	1.437045	3.926924
17202	-2089.979	-2242.538	152.5581	1.416401	0.782038	0.0398451	0.147369	0.0307483	1.220879	4.917713
17208	-2084.384	-2236.415	152.031	1.416401	0.569507	0.28168	0.123124	0.0256896	1.095039	5.279705
17214	-2088.586	-2240.533	151.947	1.238086	0.808145	0.0415227	0.13995	0.0103822	1.123921	5.399415
17220	-2086.13	-2239.995	153.8644	1.835694	0.874303	0.0122493	0.105613	0.00783487	1.334914	3.919596
17226	-2080.64	-2234.338	153.6979	1.342611	0.785402	0.0720243	0.127018	0.015556	1.339413	4.248367
17232	-2083.382	-2237.085	153.7037	1.587108	0.830091	0.0744173	0.0744092	0.0210829	1.165044	4.223112
17238	-2092.004	-2246.828	154.8233	1.082855	0.797897	0.0335832	0.148255	0.0202652	1.353518	3.736484
17244	-2095.752	-2249.416	153.6645	1.370045	0.648006	0.133876	0.1444	0.0737186	1.430989	4.201384
17250	-2087.039	-2241.002	153.9628	0.9692968	0.737691	0.16587	0.0643971	0.0320419	1.192896	4.383228
17256	-2075.721	-2229.489	153.7684	1.006683	0.650002	0.131232	0.19222	0.0265467	1.099684	4.524095
17262	-2079.869	-2233.491	153.6216	1.119247	0.724086	0.179828	0.0786311	0.0174543	1.032129	4.582403
17268	-2093.7	-2247.051	153.3504	1.158027	0.674556	0.26329	0.0440921	0.0180624	1.237968	4.598156
17274	-2104.184	-2259.236	155.0518	1.020972	0.64054	0.30044	0.0418687	0.0171516	1.101671	3.785131
17280	-2086.243	-2239.882	153.6395	0.8634052	0.616306	0.360728	0.0111508	0.0118156	1.200423	4.621756
17286	-2079.679	-2233.023	153.3432	1.190208	0.747972	0.151721	0.0448462	0.0554605	1.172518	4.621756
17292	-2077.198	-2231.044	153.8455	0.9911551	0.706197	0.236464	0.0433934	0.0139451	1.206129	4.42953
17298	-2078.928	-2234.654	155.7256	1.091711	0.577159	0.357985	0.050853	0.0140033	1.365862	3.196846
17304	-2080.659	-2237.614	156.9546	1.139247	0.771238	0.152356	0.0566751	0.0197308	1.549094	2.303998
17310	-2088.997	-2243.682	154.6851	1.358044	0.74637	0.171847	0.0560829	0.0257003	1.499267	3.582655
17316	-2087.21	-2243.398	156.1877	1.622191	0.81385	0.0988799	0.0691719	0.0180984	1.452605	2.575316
17322	-2091.725	-2245.265	153.5408	1.284926	0.72664	0.219819	0.0044262	0.0491152	1.319153	4.378395
17328	-2089.521	-2241.358	151.8364	1.402776	0.72664	0.219819	0.0044262	0.0491152	0.9971823	5.447577
17334	-2088.936	-2239.257	150.3203	1.339053	0.531351	0.428428	0.00862667	0.0315942	0.8799811	6.371095
17340	-2077.634	-2226.711	149.0771	1.478408	0.664555	0.271483	0.00784037	0.0561217	0.9226785	6.953327
17346	-2090.026	-2238.767	148.7409	1.352503	0.52918	0.432525	0.017351	0.0209445	0.7907157	7.265033
17352	-2087.238	-2238.6	151.362	1.350777	0.515845	0.425969	0.0440929	0.0140936	1.059771	5.699351
17358	-2091.451	-2245.256	153.8051	1.387968	0.790821	0.165663	0.0252654	0.018251	1.295703	4.189227
17364	-2099.422	-2253.578	154.1559	1.156411	0.673483	0.27648	0.0047105	0.0453267	1.09822	4.223577
17370	-2103.725	-2257.533	153.808	1.1194	0.541829	0.289312	0.131559	0.0373003	1.118513	4.428914
17376	-2109.434	-2260.115	150.681	1.017542	0.602347	0.234613	0.0978442	0.0651952	0.9583982	6.2985
17382	-2097.427	-2249.585	152.1587	1.109345	0.492933	0.435585	0.0132585	0.0582234	1.029694	5.402169
17388	-2097.583	-2250.419	152.8358	0.6095586	0.418559	0.507148	0.00650408	0.0677889	1.020391	5.3173
17394	-2090.218	-2245.448	155.2302	0.88468	0.801408	0.176698	0.00738644	0.0145074	1.275265	3.661524
17400	-2081.921	-2235.122	153.2008	1.16118	0.738403	0.208734	0.0456362	0.00722664	1.112262	4.750636
17406	-2085.225	-2237.3	152.0752	1.16118	0.718316	0.209689	0.0641841	0.00781064	0.8958523	5.494353
17412	-2078.538	-2228.873	150.3346	0.9361681	0.592773	0.349724	0.0476598	0.0098431	1.14119	6.431716
17418	-2091.841	-2243.617	151.7757	0.9495912	0.872891	0.042433	0.0701816	0.0144945	0.9649927	5.735111
17424	-2096.122	-2249.446	153.3233	0.9411457	0.54772	0.155168	0.244109	0.0530031	1.108069	4.805633
17430	-2088.298	-2241.264	152.9661	1.369243	0.77802	0.101893	0.105651	0.0144364	1.110762	4.775009
17436	-2091.832	-2245.103	153.2705	1.060763	0.680553	0.214319	0.0924152	0.0127126	1.096244	4.775009
17442	-2098.847	-2255.388	156.5402	1.15809	0.51701	0.408435	0.0681328	0.00642187	1.401807	2.644767
17448	-2106.219	-2262.572	156.3533	1.097385	0.686617	0.230473	0.0723461	0.0105635	1.461714	2.758593
17454	-2095.973	-2250.044	154.0702	1.615443	0.639911	0.147537	0.181696	0.0308559	1.187665	3.988008
17460	-2083.768	-2236.473	152.7053	1.405782	0.804578	0.0130587	0.16469	0.0176737	0.9674316	4.982045
17466	-2072.141	-2224.117	151.9764	1.751179	0.909789	0.0322573	0.0525855	0.00536839	1.047475	5.180254
17472	-2080.475	-2233.638	153.1622	1.283739	0.746592	0.211746	0.037889	0.00377263	1.166078	4.677858
17478	-2081.963	-2234.281	152.3181	1.724481	0.78463	0.141492	0.0728103	0.00106817	1.113036	4.966316
17484	-2083.277	-2236.56	153.2829	1.403559	0.834976	0.0231055	0.13811	0.00380835	1.295594	4.476646
17490	-2082.956	-2237.795	154.8396	1.444727	0.817652	0.0204627	0.159364	0.00252164	1.236505	3.600851
17496	-2093.496	-2248.777	155.2807	1.172409	0.816435	0.0326225	0.148591	0.00235118	1.301206	3.451085
17502	-2104.699	-2261.003	156.3034	1.067623	0.716609	0.190094	0.0849949	0.00830169	1.530929	2.764564
17508	-2090.605	-2247.299	156.694	1.11973	0.782067	0.0929203	0.115953	0.00906	1.592853	2.453176
17514	-2074.014	-2228.828	154.8144	1.152936	0.754621	0.0568466	0.182634	0.00589756	1.136794	3.827459
17520	-2078.14	-2233.001	154.8607	1.523426	0.840659	0.0164223	0.140023	0.00289555	1.267174	3.531081
17526	-2072.485	-2229.453	156.9681	1.476893	0.838094	0.0202265	0.139595	0.00208411	1.56214	2.087027
17532	-2090.008	-2246.771	156.7624	1.376963	0.794768	0.0929866	0.0910266	0.0212191	1.525636	2.300982
17538	-2086.852	-2243.328	156.4767	0.8220377	0.596019	0.324004	0.0463081	0.033669	1.411404	2.883214
17544	-2090.7	-2245.419	154.7195	1.783431	0.649296	0.112762	0.235637	0.0023052	1.365134	3.430973
17550	-2076.989	-2229.535	152.5454	1.388022	0.778009	0.0670996	0.153393	0.0014987	1.252127	4.921401
17556	-2097.552	-2249.721	152.1685	1.388022	0.5118	0.473243	0.0108998	0.00405662	1.161034	5.181138
17562	-2094.818	-2248.072	153.254	1.744476	0.754326	0.228422	0.0124913	0.00475985	1.078778	4.452872
17568	-2099.135	-2253.638	154.5025	1.941035	0.750272	0.0425028	0.197198	0.0100272	1.281996	3.534549
17574	-2099.741	-2254.672	154.9306	1.268214	0.777811	0.0478178	0.170398	0.00397336	1.418432	3.534549
17580	-2090.203	-2245.969	155.7659	1.002893	0.759644	0.194695	0.0446777	0.000983374	1.393271	3.20867
17586	-2086.85	-2241.272	154.4221	1.455167	0.712654	0.182652	0.103545	0.00114882	1.49745	3.686277
17592	-2081.018	-2236.193	155.1759	0.8632512	0.609056	0.221157	0.153018	0.01677	1.364591	3.65406
17598	-2082.664	-2236.286	153.6222	1.115479	0.776109	0.103186	0.106761	0.0139452	1.146049	4.520136
17604	-2081.992	-2235.038	153.0462	1.424352	0.790966	0.0988874	0.108804	0.00134224	1.174084	4.667431
17610	-2098.331	-2253.739	155.4086	0.7998206	0.666527	0.154096	0.175662	0.00371486	1.228662	3.636274
17616	-2083.242	-2238.719	155.4773	0.8426949	0.646196	0.253255	0.0930895	0.00745946	1.271934	3.545254
17622	-2084.814	-2239.7	154.8853	1.128022	0.526704	0.281563	0.18836	0.00337295	1.577662	3.545254
17628	-2083.772	-2239.726	155.954	1.241782	0.50448	0.269683	0.222606	0.00323063	1.358324	2.979765
17634	-2081.867	-2235.883	154.0163	1.204046	0.589384	0.162426	0.244376	0.00381371	1.224716	4.205378
17640	-2073.771	-2227.875	154.1042	1.103748	0.731018	0.20666	0.0575919	0.00473017	1.232687	4.205378
17646	-2079.62	-2235.102	155.4823	0.7413015	0.619869	0.297548	0.0763156	0.00626799	1.427555	3.51365
17652	-2071.201	-2224.002	152.8011	1.034709	0.520173	0.377508	0.0968241	0.00549493	1.172146	5.008478
17658	-2077.214	-2231.232	154.0177	1.472591	0.679874	0.282373	0.0276578	0.0100945	1.318705	4.012679
17664	-2084.47	-2238.271	153.8007	1.622614	0.878277	0.086498	0.0258059	0.00941863	1.083401	4.197502
17670	-2072.582	-2226.301	153.7189	1.311199	0.76018	0.178139	0.0533458	0.00833586	1.236094	4.311117
17676	-2074.3	-2228.33	154.0295	1.005186	0.558001	0.396723	0.0391578	0.00611884	1.217848	4.311117
17682	-2067.732	-2222.105	154.3732	0.9055113	0.71166	0.225175	0.0553609	0.00780381	1.132183	4.222117
17688	-2075.078	-2229.143	154.0652	1.079696	0.693487	0.223611	0.0726599	0.0102423	1.068466	4.333765
17694	-2076.458	-2230.62	154.162	1.294443	0.828337	0.0779262	0.0513494	0.0423878	1.259252	4.05503
17700	-2076.687	-2230.832	154.145	1.379012	0.791467	0.151082	0.0456459	0.0118055	1.19965	4.05503
17706	-2079.956	-2235.528	155.5721	1.113339	0.671609	0.242026	0.0750008	0.0113647	1.31867	3.303057
17712	-2085.342	-2241.202	155.8601	1.377951	0.749498	0.191975	0.007971	0.0505555	1.324574	2.981799
17718	-2094.618	-2249.811	155.1939	1.582758	0.763787	0.165611	0.0209376	0.0496639	1.314612	3.278457
17724	-2098.62	-2252.557	153.9369	1.587149	0.854904	0.0694378	0.0122377	0.0634204	1.26148	4.035549
17730	-2102.137	-2257.552	155.4151	1.365209	0.636546	0.238339	0.0822271	0.0428881	1.350682	3.238189
17736	-2091.156	-2246.345	155.1892	1.365209	0.836582	0.0743407	0.0756999	0.0133773	1.292519	3.405396
17742	-2090.856	-2246.183	155.3267	1.082193	0.667814	0.268238	0.0604286	0.00351954	1.292519	3.480085
17748	-2085.658	-2240.377	154.7188	1.060027	0.723199	0.186627	0.087811	0.00236308	1.112961	3.947722
17754	-2079.197	-2234.164	154.967	1.448251	0.883516	0.109491	0.00466761	0.00232522	1.285485	3.496382
17760	-2075.189	-2230.78	155.5907	1.39854	0.699646	0.289225	0.00448064	0.00664807	1.373814	3.102569
17766	-2080.464	-2235.05	154.5867	1.30612	0.851067	0.137132	0.00545037	0.00635024	1.255827	3.807581
17772	-2090.613	-2243.508	152.8956	1.446004	0.83477	0.129759	0.0209144	0.014556	1.164753	4.746216
17778	-2099.063	-2252.706	153.6423	1.572957	0.822661	0.127877	0.020611	0.0288508	0.9061368	4.41098
17784	-2094.247	-2247.331	153.0838	1.710931	0.713831	0.201272	0.0374213	0.0474759	0.9869401	4.615323
17790	-2088.478	-2240.131	151.6526	1.413435	0.637088	0.170123	0.165061	0.0277283	1.013787	5.534397
17796	-2089.685	-2242.548	152.8622	1.356316	0.69737	0.240471	0.0289995	0.0331591	1.136613	4.825106
17802	-2095.4	-2249.961	154.5612	1.297805	0.801879	0.141908	0.0168915	0.0393209	1.092912	3.92015
17808	-2090.689	-2243.306	152.6174	1.330614	0.796029	0.141077	0.0167925	0.0461014	0.9634401	5.070472
17814	-2106.132	-2258.113	151.9814	1.541712	0.690441	0.0825365	0.189556	0.0374669	0.9905388	5.304717
17820	-2100.456	-2254.276	153.82	1.541712	0.627752	0.233413	0.0934367	0.0453978	1.151683	4.186489
17826	-2092.517	-2247.241	154.7244	1.008881	0.610648	0.227054	0.118137	0.0441609	1.178588	3.935917
17832	-2095.19	-2250.046	154.8559	0.9820203	0.703614	0.150002	0.116774	0.0296097	1.187357	3.870888
17838	-2078.985	-2232.87	153.8847	1.276287	0.724395	0.215441	0.0120718	0.0480927	1.119527	4.301371
17844	-2073.558	-2227.379	153.8205	1.276238	0.710835	0.239886	0.00208566	0.0471925	1.183776	4.301371
17850	-2079.538	-2233.668	154.1309	1.388059	0.805103	0.135484	0.00596252	0.053451	1.166124	4.077614
17856	-2086.011	-2241.398	155.3869	1.597837	0.809917	0.129495	0.00681796	0.0537706	1.181641	3.235492
17862	-2077.999	-2233.429	155.4302	1.161169	0.698074	0.272875	0.00326907	0.0257819	1.225344	3.414214
17868	-2075.562	-2231.527	155.9646	0.9074471	0.627239	0.319085	0.0151526	0.038523	1.336514	3.181824
17874	-2078.598	-2234.44	155.842	1.018507	0.728099	0.2145	0.0175891	0.0398119	1.336846	3.187803
17880	-2077.964	-2233.06	155.0959	1.457816	0.758512	0.167957	0.0165179	0.0570131	1.233306	3.446704
17886	-2068.133	-2224.202	156.0698	1.137586	0.836311	0.126123	0.0165301	0.0210363	1.397546	2.94586
17892	-2076.968	-2233.354	156.3868	0.9850364	0.615206	0.362126	0.0112217	0.011446	1.516415	2.772541
17898	-2078.789	-2233.667	154.8774	0.9934501	0.801597	0.112578	0.081592	0.0042333	1.143877	3.876935
17904	-2072.245	-2228.717	156.4712	1.313173	0.824711	0.146942	0.0239912	0.00435537	1.386007	2.60776
17910	-2090.145	-2245.679	155.5335	1.363574	0.721516	0.0998361	0.174945	0.00370304	1.365156	3.160311
17916	-2077.952	-2231.934	153.9814	1.491309	0.811286	0.111924	0.050128	0.0266619	1.325148	4.020465
17922	-2075.181	-2229.03	153.8489	1.129219	0.55748	0.304893	0.0867405	0.0508869	1.266427	4.31695
17928	-2092.693	-2247.537	154.8438	1.278122	0.62352	0.310915	0.0386382	0.0269266	1.237171	3.68481
17934	-2087.438	-2243.114	155.6752	1.178389	0.685218	0.283047	0.00722208	0.0245131	1.360201	3.180652
17940	-2083.783	-2240.252	156.4687	1.180124	0.726374	0.241893	0.0242656	0.00746699	1.392643	2.681532
17946	-2088.875	-2243.615	154.7398	1.430209	0.669214	0.314898	0.0137256	0.00216257	1.256389	3.654589
17952	-2083.762	-2237.403	153.6413	1.097888	0.634481	0.328519	0.0146961	0.0223041	1.091163	4.549837
17958	-2079.674	-2233.345	153.6706	1.074507	0.683958	0.280586	0.0114122	0.0240434	1.084606	4.549837
17964	-2087.571	-2242.111	154.5399	1.429803	0.676216	0.222019	0.0938103	0.0079545	1.443755	3.662027
17970	-2074.738	-2232.333	157.5952	1.042805	0.824855	0.135759	0.0336384	0.00574745	1.684415	1.854481
17976	-2069.603	-2225.644	156.0407	1.659076	0.635885	0.317117	0.0404772	0.00652135	1.474495	2.633876
17982	-2071.959	-2228.105	156.1461	1.542664	0.764703	0.0608393	0.166615	0.00784246	1.50583	2.609644
17988	-2075.223	-2229.893	154.6698	1.567581	0.753699	0.0975886	0.137747	0.0109659	1.292278	3.605635
17994	-2076.344	-2231.8	155.4563	1.337835	0.776232	0.0593609	0.13205	0.0323571	1.413557	3.191165
18000	-2075.905	-2229.255	153.3505	1.465355	0.873385	0.0127457	0.10305	0.0108195	1.405778	4.345731
18006	-2090.285	-2244.657	154.3719	1.847764	0.771802	0.0132483	0.206459	0.00849049	1.271541	3.658292
18012	-2085.645	-2242.234	156.5892	1.238831	0.738589	0.0915511	0.15729	0.0125704	1.579573	2.45631
18018	-2089.096	-2246.32	157.2241	1.112031	0.861181	0.0996371	0.0255008	0.0136806	1.764489	2.005248
18024	-2085.591	-2241.492	155.9012	1.289232	0.701992	0.146174	0.14191	0.00992423	1.246382	3.052184
18030	-2092.137	-2246.836	154.6981	1.586251	0.78418	0.0557876	0.148946	0.0110861	1.419089	3.506218
18036	-2075.699	-2230.773	155.0734	1.320057	0.675418	0.276016	0.0434385	0.005128	1.276702	3.506218
18042	-2078.1	-2233.772	155.6722	1.548736	0.802618	0.119693	0.072784	0.00490529	1.226306	3.064008
18048	-2072.883	-2228.683	155.8	1.412337	0.772072	0.138291	0.0763425	0.0132943	1.260396	3.037961
18054	-2094.679	-2249.65	154.9712	1.340281	0.579675	0.162929	0.201123	0.0562737	1.224585	3.585336
18060	-2079.056	-2235.046	155.9896	1.340281	0.705354	0.0990826	0.144114	0.051449	1.437748	2.855799
18066	-2076.353	-2231.697	155.3434	1.908989	0.818084	0.0903373	0.0740708	0.0175075	1.609862	2.855799
18072	-2098.114	-2251.062	152.948	1.355286	0.753629	0.108129	0.101594	0.036648	1.193142	4.746157
18078	-2090.086	-2243.145	153.0588	1.333899	0.904305	0.0121606	0.071859	0.0116754	1.101612	4.746157
18084	-2070.082	-2225.773	155.6909	1.226336	0.857208	0.0686855	0.0279135	0.0461931	1.336817	3.158426
18090	-2068.899	-2224.382	155.4833	1.384243	0.919176	0.0396533	0.0315144	0.00965665	1.342899	3.19231
18096	-2069.718	-2225.306	155.5877	1.008435	0.534593	0.431568	0.00889236	0.0249467	1.37914	3.318956
18102	-2078.93	-2234.725	155.7947	1.418666	0.729186	0.233692	0.0126488	0.0244732	1.456723	2.919791
18108	-2081.046	-2237.498	156.4519	1.432436	0.699327	0.242479	0.0470552	0.0111388	1.375012	2.560279
18114	-2074.029	-2231.231	157.2023	1.395748	0.684141	0.240643	0.0414646	0.0337508	1.710024	1.879206
18120	-2076.5	-2233.293	156.7921	1.151543	0.709718	0.24964	0.00190164	0.0387405	1.424874	2.477813
18126	-2078.78	-2235.702	156.9223	1.234044	0.627914	0.336128	0.00168245	0.0342752	1.439502	2.33718
18132	-2082.414	-2238.388	155.974	1.272066	0.692379	0.234758	0.00340925	0.0694538	1.440876	2.901094
18138	-2077.892	-2233.879	155.9865	1.316599	0.703595	0.155997	0.0423728	0.0980353	1.387528	2.901094
18144	-2085.602	-2241.254	155.6524	2.253494	0.934764	0.0186344	0.0152979	0.0313037	1.309971	2.695607
18150	-2069.943	-2225.222	155.2795	1.463809	0.868437	0.0173122	0.109584	0.00466759	1.355291	3.26404
18156	-2074.569	-2230.97	156.4001	1.285244	0.813574	0.0245315	0.155281	0.006614	1.455891	2.62429
18162	-2075.779	-2232.019	156.2397	1.686681	0.862608	0.0197259	0.109982	0.00768432	1.538762	2.455928
18168	-2083.838	-2239.612	155.774	1.318488	0.627014	0.165267	0.202244	0.00547512	1.35653	3.046413
18174	-2100.566	-2250.95	150.3831	1.098121	0.742475	0.116912	0.134769	0.00584418	1.013573	6.387226
18180	-2085.193	-2239.485	154.292	1.094755	0.701207	0.0475483	0.247491	0.00375398	1.093178	4.182961
18186	-2076.377	-2231.44	155.0632	1.036307	0.696048	0.0483692	0.251764	0.00381879	1.183942	3.722346
18192	-2075.77	-2229.362	153.5922	1.171284	0.630336	0.216405	0.117868	0.0353914	0.949604	4.617174
18198	-2076.783	-2226.309	149.5253	1.091961	0.532953	0.363525	0.0984765	0.00504567	0.8952448	6.918179
18204	-2080.188	-2231.836	151.6486	1.189573	0.57925	0.267115	0.140191	0.0134451	0.7990771	5.766737
18210	-2088.686	-2240.542	151.8562	1.325138	0.674447	0.152454	0.159279	0.0138206	1.08972	5.424156
18216	-2080.967	-2233.258	152.2913	1.362834	0.708216	0.123773	0.137753	0.0302585	1.17363	5.118643
18222	-2090.532	-2242.426	151.8938	1.084488	0.706979	0.152469	0.0920222	0.0485298	1.060523	5.544234
18228	-2082.909	-2236.951	154.0428	1.127447	0.68549	0.15675	0.117066	0.0406945	1.135386	4.28238
18234	-2085.768	-2239.931	154.1635	1.406217	0.624069	0.182589	0.144801	0.0485419	1.073491	4.102596
18240	-2086.991	-2242.853	155.8622	1.383029	0.755188	0.0529082	0.175224	0.0166793	1.299854	2.992659
18246	-2083.78	-2239.923	156.1425	1.334353	0.730393	0.0427341	0.168882	0.0579918	1.376096	2.80363
18252	-2089.549	-2241.323	151.7733	0.9762407	0.577647	0.330469	0.0733003	0.0185834	1.322645	5.525418
18258	-2091.491	-2246.983	155.4917	0.9762407	0.515834	0.365833	0.102536	0.0157972	1.205234	3.496066
18264	-2097.26	-2253.118	155.8575	1.629823	0.845035	0.0300318	0.10239	0.0225437	1.186631	2.935765
18270	-2084.512	-2241.056	156.5441	1.255027	0.713757	0.0671166	0.179586	0.0395405	1.563744	2.485115
18276	-2085.593	-2242.828	157.2352	0.8553347	0.691291	0.18736	0.0830537	0.0382959	1.388968	2.407742
18282	-2086.231	-2242.06	155.8284	0.9689108	0.672731	0.210748	0.0797486	0.0367719	1.38286	3.198033
18288	-2081.322	-2236.872	155.5499	1.313795	0.669602	0.219441	0.072668	0.0382887	1.330228	3.198033
18294	-2073.705	-2228.281	154.576	1.837247	0.837914	0.10193	0.0486717	0.0114846	1.252091	3.555902
18300	-2071.867	-2224.686	152.8194	1.561834	0.762932	0.0844461	0.148407	0.00421505	1.103794	4.767131
18306	-2078.217	-2231.1	152.8833	1.260066	0.769872	0.0827754	0.13112	0.0162319	1.167359	4.845169
18312	-2072.663	-2227.815	155.1519	1.282741	0.741591	0.204848	0.0427004	0.0108602	1.2107	3.518826
18318	-2094.346	-2248.294	153.9474	1.389396	0.757899	0.213112	0.00749258	0.0214964	1.006388	4.271874
18324	-2097.855	-2252.075	154.2205	1.109042	0.633549	0.326417	0.0226573	0.0173762	1.014205	4.260446
18330	-2097.733	-2252.063	154.3296	1.859852	0.857293	0.0403943	0.0363606	0.0659519	1.302765	3.659248
18336	-2083.998	-2237.985	153.9872	1.571141	0.752621	0.0851673	0.111628	0.0505841	1.499402	3.87829
18342	-2087.657	-2243.458	155.8018	1.309012	0.748804	0.125364	0.0513735	0.0744585	1.378933	3.021548
18348	-2080.442	-2235.72	155.2783	1.653699	0.820224	0.105148	0.0507738	0.0238546	1.375134	3.157643
18354	-2079.273	-2235.697	156.4241	1.185971	0.810885	0.0951109	0.0501956	0.0438088	1.707221	2.510911
18360	-2079.312	-2234.661	155.3489	1.185971	0.773925	0.170192	0.0408937	0.0149893	1.423422	3.331827
18366	-2078.159	-2233.079	154.9202	1.412786	0.707922	0.271311	0.0182084	0.00255848	1.303988	3.531082
18372	-2085.922	-2241.941	156.0196	1.431117	0.758493	0.165846	0.0376263	0.0380347	1.455467	2.777505
18378	-2083.94	-2238.082	154.1419	1.396252	0.750681	0.164138	0.0221098	0.0630712	1.285581	3.999009
18384	-2094.032	-2248.994	154.9615	1.671111	0.670072	0.261123	0.0431058	0.0256986	1.243455	3.413725
18390	-2082.334	-2238.541	156.2072	1.114059	0.613303	0.278215	0.0535268	0.0549556	1.300452	2.935261
18396	-2080.635	-2235.529	154.8942	1.28916	0.611114	0.241086	0.13016	0.0176393	1.08833	3.735848
18402	-2078.996	-2235.984	156.9878	1.197531	0.795227	0.0931448	0.101745	0.00988338	1.377859	2.356531
18408	-2077.73	-2234.994	157.264	1.046948	0.711396	0.154126	0.0910194	0.0434585	1.466404	2.216135
18414	-2080.927	-2237.264	156.3374	1.60419	0.769468	0.169479	0.0176905	0.0433626	1.415088	2.514882
18420	-2090.12	-2246.712	156.5922	1.368761	0.75612	0.161566	0.0672284	0.0150854	1.44803	2.462473
18426	-2086.993	-2243.601	156.6088	1.107624	0.715908	0.180316	0.080539	0.0232375	1.391718	2.638677
18432	-2080.634	-2232.033	151.3988	0.9981715	0.638768	0.268619	0.0653775	0.0272352	1.021858	5.883412
18438	-2090.954	-2243.28	152.3263	0.8528085	0.626304	0.294249	0.0459387	0.0335086	1.137235	5.392548
18444	-2087.612	-2242.447	154.8351	1.355085	0.803143	0.071	0.117686	0.00817147	1.219747	3.659351
18450	-2075.3	-2229.604	154.3039	1.124669	0.645335	0.187813	0.148231	0.0186212	1.200825	4.098458
18456	-2076.52	-2230.839	154.3195	1.162023	0.697669	0.169374	0.120409	0.0125483	1.200825	4.069202
18462	-2076.008	-2231.857	155.849	1.101479	0.714987	0.173578	0.0985753	0.0128598	1.292346	3.161617
18468	-2080.251	-2233.611	153.3604	1.286821	0.707117	0.171667	0.108497	0.0127182	1.465587	4.396587
18474	-2075.575	-2229.999	154.4247	1.213039	0.649549	0.237621	0.101147	0.0116828	1.39567	3.869875
18480	-2075.878	-2229.594	153.7155	1.199105	0.694613	0.189203	0.108165	0.0080192	1.249429	4.3643
18486	-2077.164	-2228.745	151.5808	1.199105	0.626682	0.294008	0.0719341	0.00737575	1.231368	5.561912
18492	-2095.53	-2251.012	155.4823	1.250918	0.553901	0.273655	0.132356	0.0400881	1.333807	3.270132
18498	-2091.665	-2245.632	153.9676	1.053908	0.676314	0.190712	0.0817951	0.0511786	1.346231	4.24613
18504	-2086.591	-2240.912	154.3207	1.418802	0.676109	0.145445	0.169679	0.00876764	1.157021	3.958821
18510	-2087.731	-2241.557	153.8258	1.601215	0.542156	0.267317	0.179838	0.0106891	1.301272	4.069506
18516	-2090.342	-2242.87	152.5284	0.8818321	0.679242	0.189237	0.124128	0.007393	1.099589	5.285268
18522	-2090.437	-2245.026	154.5891	0.9974321	0.613909	0.221446	0.114982	0.0496639	1.211207	4.00119
18528	-2090.08	-2245.703	155.6232	0.9974321	0.587689	0.321811	0.0680779	0.0224216	1.342655	3.326006
18534	-2094.896	-2248.224	153.3278	1.212331	0.640009	0.306998	0.0496792	0.00331418	1.033293	4.69668
18540	-2096.284	-2249.732	153.4478	1.236926	0.603399	0.341703	0.0517734	0.0031246	1.138372	4.557607
18546	-2090.702	-2245.67	154.9678	1.105952	0.691808	0.240804	0.0651141	0.00227366	1.132203	3.767831
18552	-2109.333	-2265.3	155.9667	1.195812	0.670846	0.313839	0.0143704	0.000944538	1.406261	2.969281
18558	-2098.473	-2254.615	156.1418	1.07765	0.682277	0.312213	0.00499052	0.000519659	1.344695	2.969281
18564	-2082.617	-2237.061	154.4444	1.06141	0.63892	0.25094	0.0868049	0.0233353	0.9921574	4.172303
18570	-2077.766	-2232.153	154.387	1.016195	0.614187	0.242438	0.124	0.019375	1.031885	4.207734
18576	-2075.567	-2228.265	152.6983	1.146535	0.615396	0.242916	0.122276	0.0194131	1.158386	5.012649
18582	-2076.986	-2230.571	153.5855	1.167332	0.691564	0.14921	0.13741	0.0218159	1.182317	4.492362
18588	-2081.849	-2236.585	154.7363	1.423141	0.64826	0.137086	0.168438	0.0462161	1.286242	3.642918
18594	-2075.724	-2232.119	156.3952	1.081501	0.778507	0.0857454	0.112995	0.0227525	1.41771	2.769321
18600	-2082.935	-2239.011	156.0763	1.407982	0.737557	0.105395	0.107052	0.0499966	1.449663	2.758918
18606	-2084.517	-2240.477	155.9605	1.346871	0.635986	0.0469697	0.299267	0.0177769	1.242155	2.987781
18612	-2072.015	-2226.102	154.0867	1.337639	0.651772	0.251034	0.0917013	0.00549276	1.218308	4.098854
18618	-2075.969	-2228.047	152.078	1.326307	0.683255	0.182301	0.0961306	0.0383136	1.084279	5.304269
18624	-2075.853	-2229.794	153.9408	0.9868242	0.615624	0.249083	0.0723807	0.0629126	1.082078	4.448202
18630	-2085.563	-2242.239	156.676	1.274153	0.834616	0.0311178	0.111084	0.0231825	1.445961	2.465171
18636	-2088.465	-2245.223	156.7578	1.274153	0.771364	0.0892935	0.102665	0.0366773	1.442958	2.41563
18642	-2085.546	-2240.919	155.3727	1.437984	0.790154	0.06465	0.0973628	0.0478328	1.265326	3.275493
18648	-2096.673	-2253.012	156.3388	1.188299	0.767485	0.0877704	0.0833641	0.0613808	1.244928	2.846268
18654	-2086.501	-2241.769	155.2675	1.300119	0.662243	0.122677	0.148861	0.0662191	1.338012	3.36738
18660	-2080.85	-2235.801	154.9508	1.033419	0.643759	0.136387	0.178543	0.0413109	1.104359	3.834606
18666	-2084.514	-2240.583	156.0689	1.152719	0.776945	0.203107	0.00593416	0.0140141	1.180956	3.067576
18672	-2097.225	-2251.412	154.1869	1.265568	0.776569	0.177123	0.0228716	0.0234363	1.165379	4.10951
18678	-2094.974	-2247.172	152.1976	1.264283	0.716995	0.183116	0.0493319	0.0505567	1.178732	5.217414
18684	-2084.872	-2237.626	152.7537	1.264283	0.681884	0.214719	0.0437663	0.0596305	0.9575436	5.031867
18690	-2089.915	-2241.995	152.0799	1.899339	0.693089	0.225025	0.0525679	0.029318	1.09509	5.031867
18696	-2093.823	-2247.764	153.941	1.440516	0.608262	0.379511	0.00142218	0.0108039	1.250607	4.11118
18702	-2093.172	-2250.437	157.2652	1.297198	0.626112	0.303685	0.0653767	0.00482612	1.474946	2.054334
18708	-2087.668	-2245.246	157.5777	1.172085	0.592122	0.34081	0.0625038	0.00456412	1.539214	1.879999
18714	-2092.278	-2249.361	157.0831	0.9562853	0.71568	0.212678	0.0610099	0.0106319	1.368366	2.45134
18720	-2085.695	-2242.502	156.8077	1.357274	0.596955	0.137486	0.246715	0.018843	1.321742	2.412806
18726	-2072.107	-2228.104	155.9969	1.230894	0.791643	0.108154	0.0747637	0.02544	1.319589	2.983408
18732	-2084.068	-2239.233	155.1643	1.334946	0.679907	0.285477	0.0204131	0.0142029	1.329525	3.414266
18738	-2081.13	-2236.998	155.8682	1.274014	0.661742	0.277082	0.052968	0.00820797	1.263122	3.070303
18744	-2078.926	-2234.829	155.9028	1.048632	0.666124	0.23898	0.0907513	0.00414425	1.365347	3.117006
18750	-2087.303	-2241.534	154.2309	1.199201	0.583696	0.209408	0.13336	0.0735357	1.363207	4.006942
18756	-2098.559	-2250.031	151.4712	1.199201	0.647084	0.130261	0.153398	0.069257	1.162597	5.659748
18762	-2090.918	-2242.634	151.7156	1.296196	0.643301	0.113928	0.19037	0.052401	1.145807	5.485201
18768	-2097.881	-2252.689	154.8076	1.184513	0.794434	0.0148301	0.135776	0.0549597	1.096396	3.83733
18774	-2093.696	-2247.136	153.4407	1.636305	0.710073	0.0132553	0.233258	0.0434136	1.089061	4.391581
18780	-2080.785	-2231.388	150.6032	1.370209	0.728536	0.015579	0.230346	0.025539	1.10131	6.081713
18786	-2082.089	-2231.35	149.2612	1.258648	0.749234	0.0215575	0.207161	0.0220472	0.9773378	6.930903
18792	-2072.327	-2223.416	151.0891	1.31391	0.682248	0.109036	0.18864	0.020076	1.160093	5.812178
18798	-2076.096	-2230.276	154.1794	0.9670532	0.783661	0.0853657	0.106894	0.0240794	1.27817	4.213735
18804	-2085.065	-2236.465	151.4	1.367569	0.773034	0.0868912	0.126669	0.0134057	1.190754	5.598367
18810	-2093.424	-2245.405	151.9803	1.422801	0.666344	0.188863	0.131	0.0137928	1.038408	5.33581
18816	-2075.022	-2226.543	151.521	1.40083	0.700018	0.0859722	0.19952	0.0144899	1.258641	5.478218
18822	-2078.669	-2232.384	153.715	1.306893	0.774014	0.109375	0.0935296	0.0230819	1.338947	4.257348
18828	-2088.027	-2240.665	152.6381	0.9549074	0.654672	0.232454	0.093351	0.019523	1.205212	5.124846
18834	-2099.703	-2256.165	156.4616	1.250301	0.639598	0.222064	0.118254	0.0200848	1.407008	2.636438
18840	-2087.887	-2245.321	157.434	1.250301	0.721869	0.201359	0.0699204	0.00685241	1.407008	2.016121
18846	-2076.606	-2229.12	152.5134	0.9626753	0.50607	0.436678	0.0318856	0.0253663	1.044423	5.278443
18852	-2076.243	-2230.49	154.2468	1.056586	0.622648	0.231707	0.122089	0.0235563	1.219358	4.158164
18858	-2069.532	-2222.957	153.4255	1.144904	0.771089	0.0329576	0.175878	0.0200761	1.083086	4.649922
18864	-2069.357	-2223.098	153.7412	1.123904	0.686648	0.138599	0.156848	0.017904	1.117719	4.464517
18870	-2087.846	-2240.849	153.003	1.412522	0.624862	0.191844	0.178978	0.00431601	1.264362	4.646901
18876	-2087.099	-2241.72	154.6208	1.13397	0.765989	0.0517072	0.178011	0.00429268	1.400075	3.797811
18882	-2080.02	-2233.426	153.4062	1.218261	0.795424	0.0120246	0.175204	0.0173476	1.219283	4.54533
18888	-2093.105	-2245.355	152.2495	1.794512	0.517914	0.0739802	0.36598	0.0421262	1.003259	5.034225
18894	-2087.419	-2239.61	152.1912	1.438658	0.717535	0.165015	0.113343	0.00410688	1.150351	5.149647
18900	-2084.99	-2238.108	153.1185	1.209798	0.742373	0.111225	0.138337	0.0080651	1.161214	4.743526
18906	-2086.702	-2240.203	153.501	1.007497	0.61103	0.293567	0.0901474	0.00525563	1.277021	4.574245
18912	-2075.559	-2228.256	152.6978	1.010273	0.610882	0.293496	0.0901256	0.0054963	1.075762	5.132705
18918	-2067.067	-2220.401	153.3346	1.425849	0.709859	0.158388	0.131406	0.000346814	1.194724	4.493212
18924	-2081.803	-2236.688	154.885	0.9243236	0.569006	0.315576	0.108345	0.00707329	1.324469	3.808949
18930	-2095.843	-2249.845	154.0018	0.9823663	0.654845	0.043176	0.2235	0.0784795	1.083643	4.415461
18936	-2091.272	-2244.452	153.1799	1.233772	0.691393	0.0693747	0.156373	0.0828596	0.8870958	4.849686
18942	-2089.747	-2242.273	152.5251	1.735754	0.74536	0.0572429	0.129027	0.0683697	1.118324	4.843052
18948	-2087.44	-2240.782	153.3419	1.801702	0.903325	0.0201583	0.0527123	0.023804	1.13459	4.345992
18954	-2083.97	-2240.63	156.6599	1.305074	0.762637	0.170459	0.0417508	0.0251526	1.289703	2.555038
18960	-2084.91	-2241.513	156.6026	1.257753	0.607318	0.263141	0.0808399	0.0487016	1.390601	2.555038
18966	-2079.92	-2234.344	154.4233	1.575162	0.609007	0.261733	0.0808194	0.0484411	1.30151	3.739227
18972	-2066.155	-2218.636	152.4807	1.546088	0.78602	0.0704213	0.0897594	0.0537995	1.252892	4.88036
18978	-2070.468	-2222.653	152.1846	2.025131	0.924714	0.00980483	0.0290791	0.036402	1.150934	4.889572
18984	-2073.759	-2225.656	151.8975	1.83011	0.647405	0.132408	0.0846538	0.135533	1.195596	5.107212
18990	-2074.138	-2228.792	154.6541	1.294715	0.597959	0.206094	0.0479542	0.147992	1.276891	3.762638
18996	-2074.454	-2228.458	154.0041	1.012852	0.610799	0.252188	0.0448979	0.0921148	1.322824	4.261736
19002	-2076.501	-2229.401	152.8997	1.20387	0.566356	0.233588	0.114644	0.0854122	1.031817	4.940755
19008	-2072.201	-2225.24	153.0388	1.347966	0.585197	0.34984	0.0459491	0.0190144	1.16166	4.716653
19014	-2086.44	-2242.336	155.896	1.13216	0.574033	0.219072	0.203401	0.00349414	1.207869	3.166285
19020	-2081.887	-2234.01	152.1233	1.296793	0.657892	0.0233153	0.296236	0.0225564	1.167508	5.248139
19026	-2073.407	-2228.119	154.7125	1.296793	0.773563	0.0260804	0.1634	0.0369566	1.252044	3.742139
19032	-2083.233	-2237.039	153.8061	1.193225	0.612907	0.102997	0.275531	0.0085651	1.089624	4.406504
19038	-2073.287	-2227.991	154.7036	1.457596	0.788661	0.102417	0.0996168	0.00930515	1.182092	3.704599
19044	-2082.333	-2234.639	152.3054	1.447803	0.84699	0.0581705	0.085698	0.00914136	1.297337	5.000345
19050	-2078.989	-2228.218	149.229	1.027367	0.546298	0.33315	0.112337	0.00821498	0.8820032	7.119048
19056	-2080.379	-2229.7	149.3207	0.9934435	0.670187	0.227091	0.0873216	0.0153997	1.182912	6.92587
19062	-2094.847	-2246.59	151.7431	1.520688	0.646511	0.232492	0.11224	0.00875748	1.030413	5.424052
19068	-2085.923	-2238.569	152.6467	1.39885	0.61295	0.220424	0.158323	0.00830288	1.011757	4.993371
19074	-2085.914	-2239.285	153.3703	1.233064	0.62656	0.201378	0.162492	0.00956952	1.004112	4.678348
19080	-2084.457	-2237.584	153.1274	1.294148	0.677738	0.154356	0.165735	0.00217085	1.293367	4.620687
19086	-2093.592	-2246.591	152.9998	1.236418	0.689402	0.168052	0.139502	0.0030443	1.092682	4.834126
19092	-2090.672	-2244.527	153.8551	1.327657	0.623458	0.115153	0.215111	0.0462772	1.347849	4.162027
19098	-2082.47	-2235.792	153.3215	1.061074	0.524174	0.180448	0.206691	0.0886866	1.230369	4.671262
19104	-2088.623	-2244.034	155.4115	1.021152	0.741623	0.146066	0.0682574	0.0440541	1.461058	3.366969
19110	-2081.447	-2235.446	153.9987	1.38387	0.843577	0.0629655	0.0873255	0.00613247	1.162136	4.157243
19116	-2078.93	-2234.364	155.4349	1.24531	0.785147	0.0304969	0.179568	0.00478806	1.368518	3.280716
19122	-2081.869	-2236.727	154.8582	1.820506	0.852945	0.0282836	0.115021	0.00375101	1.382874	3.321962
19128	-2084.587	-2240.975	156.3881	1.147148	0.673119	0.0742311	0.251159	0.00149154	1.329544	2.788697
19134	-2066.775	-2218.828	152.0529	1.247981	0.645022	0.225879	0.126205	0.00289457	1.150642	5.321206
19140	-2070.443	-2222.898	152.4547	1.247981	0.612388	0.254609	0.12974	0.00326273	1.071198	5.142972
19146	-2076.206	-2227.016	150.81	1.073164	0.614714	0.251778	0.130233	0.00327512	0.8023021	6.283369
19152	-2073.566	-2230.2	156.634	1.214837	0.63604	0.286998	0.0710727	0.00588965	1.414968	2.545262
19158	-2078.531	-2233.725	155.1938	1.119365	0.584628	0.380288	0.0272794	0.00780412	1.585241	3.365316
19164	-2079.93	-2234.869	154.9394	1.358296	0.739222	0.201024	0.0579111	0.00184294	1.280274	3.562027
19170	-2078.206	-2231.704	153.4981	1.031086	0.739222	0.201024	0.0579111	0.00184294	1.228049	4.590212
19176	-2089.698	-2244.262	154.5632	1.534272	0.756232	0.207651	0.0303316	0.00578574	1.200953	3.736547
19182	-2088.367	-2240.73	152.3621	1.377784	0.749208	0.150682	0.0674654	0.0326439	0.8897667	5.229115
19188	-2089.691	-2244.183	154.4916	1.236715	0.484339	0.228794	0.264987	0.0218809	1.009733	4.03981
19194	-2089.835	-2241.576	151.7404	1.022609	0.651522	0.116995	0.213125	0.0183578	0.9982382	5.696073
19200	-2087.052	-2242.445	155.3929	1.237684	0.680049	0.114556	0.189106	0.016289	1.246128	3.381611
19206	-2073.876	-2228.542	154.6661	1.200167	0.606558	0.189399	0.189869	0.0141745	1.399449	3.735714
19212	-2093.078	-2248.159	155.0815	1.492733	0.78627	0.0918295	0.0247445	0.0971564	1.317878	3.387794
19218	-2083.253	-2238.516	155.2634	1.333964	0.854072	0.0737286	0.01241	0.0597891	1.315262	3.365041
19224	-2088.773	-2243.909	155.1363	1.333964	0.86418	0.0433563	0.058425	0.0340384	1.418834	3.378863
19230	-2083.433	-2239.813	156.3806	1.333964	0.794185	0.00589521	0.178897	0.0210226	1.544497	2.55395
19236	-2073.669	-2230.218	156.5483	1.457563	0.763812	0.0182947	0.196995	0.0208977	1.505427	2.404514
19242	-2080.245	-2236.116	155.8716	1.325128	0.75151	0.137253	0.0823133	0.0289234	1.265661	3.038793
19248	-2080.846	-2235.601	154.7553	1.192331	0.809773	0.0266178	0.132444	0.0311657	1.065238	3.880996
19254	-2083.11	-2237.961	154.8511	1.02177	0.735592	0.122229	0.112488	0.0296913	1.258677	3.80985
19260	-2095.913	-2250.85	154.9373	1.355529	0.554738	0.243142	0.172879	0.0292406	1.294718	3.556267
19266	-2079.095	-2233.769	154.6739	1.180601	0.641952	0.115831	0.207176	0.0350415	1.483895	3.693106
19272	-2075.57	-2232.674	157.1034	1.014792	0.744483	0.127138	0.0877409	0.0406382	1.411029	2.374576
19278	-2096.687	-2246.729	150.0419	1.443599	0.7384	0.156786	0.0941379	0.0106762	1.071545	6.367697
19284	-2096.246	-2248.381	152.1353	0.8597383	0.602854	0.22927	0.157263	0.0106136	0.9905655	5.574351
19290	-2091.84	-2245.674	153.8332	1.30492	0.77677	0.0466744	0.121155	0.055401	1.157661	4.294087
19296	-2089.515	-2242.947	153.432	1.152443	0.781102	0.0573385	0.121831	0.0397287	1.08629	4.640452
19302	-2094.583	-2247.784	153.2011	1.152443	0.70221	0.146617	0.123242	0.0279302	1.017671	4.807924
19308	-2084.46	-2237.289	152.8292	1.152443	0.605535	0.233567	0.122755	0.0381438	1.072557	4.984469
19314	-2096.928	-2248.381	151.4536	1.211056	0.728314	0.14478	0.0832301	0.0436759	1.028755	5.736632
19320	-2087.395	-2240.553	153.1584	0.966165	0.657169	0.195703	0.143862	0.00326504	1.237551	4.811294
19326	-2083.071	-2236.131	153.06	1.307298	0.668909	0.189002	0.138936	0.00315324	0.9933237	4.819459
19332	-2092.332	-2245.957	153.6252	1.07869	0.740646	0.089822	0.153836	0.0156961	1.056585	4.588802
19338	-2085.562	-2240.005	154.4429	1.607471	0.79952	0.0813026	0.105618	0.0135595	1.112202	3.821409
19344	-2088.62	-2241.255	152.6348	1.328365	0.635172	0.330758	0.0178263	0.016243	1.104	4.983925
19350	-2082.618	-2238.735	156.1167	1.589826	0.760971	0.166889	0.0348773	0.0372629	1.400709	2.668017
19356	-2080.794	-2234.699	153.9054	1.45739	0.684906	0.184981	0.0888106	0.0413025	1.206619	4.148076
19362	-2083.469	-2236.898	153.4288	1.075428	0.578552	0.319049	0.021086	0.081313	1.06047	4.698422
19368	-2087.582	-2240.805	153.2227	1.214405	0.599367	0.219928	0.0524724	0.128233	1.140346	4.694468
19374	-2082.595	-2235.629	153.0335	1.546444	0.723439	0.194865	0.0237225	0.0579734	1.116939	4.647328
19380	-2073.914	-2226.3	152.3861	1.102181	0.706637	0.215878	0.0208581	0.056627	0.9789787	5.308527
19386	-2077.786	-2230.014	152.2288	1.78116	0.831869	0.0807016	0.0349717	0.052458	1.258335	4.909843
19392	-2069.708	-2224.748	155.0405	1.214445	0.730085	0.130347	0.0889896	0.0505791	1.185685	3.634993
19398	-2087.332	-2240.915	153.5833	1.418005	0.681846	0.0697194	0.201198	0.0472372	1.137059	4.389474
19404	-2100.2	-2252.708	152.5074	1.137606	0.669453	0.169066	0.104875	0.0566067	1.156418	5.124398
19410	-2093.419	-2245.646	152.2265	1.203994	0.570306	0.231284	0.14347	0.0549396	1.09353	5.279625
19416	-2082.623	-2235.394	152.771	1.295107	0.726087	0.173532	0.0567849	0.0435959	1.161724	4.892917
19422	-2085.333	-2236.806	151.4736	1.201873	0.524345	0.162183	0.245477	0.0679947	1.055738	5.715662
19428	-2079.091	-2229.403	150.3116	1.486296	0.703331	0.210377	0.0722925	0.0139998	0.9334888	6.276035
19434	-2090.525	-2241.014	150.4889	1.233552	0.602359	0.231637	0.149893	0.0161106	0.8899542	6.326822
19440	-2092.531	-2243.94	151.4081	1.094111	0.585681	0.2108	0.184629	0.018891	0.9535724	5.863921
19446	-2083.187	-2237.001	153.8141	1.094111	0.590854	0.212662	0.181573	0.0149107	1.024353	4.492284
19452	-2093.112	-2249.703	156.5911	1.747454	0.825895	0.116096	0.0289029	0.0291062	1.581674	2.172925
19458	-2094.595	-2252.298	157.7027	1.0026	0.703904	0.182617	0.0959385	0.0175395	1.714716	1.787084
19464	-2081.627	-2238.175	156.5479	1.182033	0.648053	0.31405	0.0133487	0.0245479	1.557748	2.529241
19470	-2082.004	-2236.266	154.2623	1.307206	0.617166	0.289276	0.0741771	0.0193802	1.054146	4.108073
19476	-2093.252	-2245.348	152.0957	1.13801	0.699632	0.148657	0.121979	0.0297326	1.317976	5.262602
19482	-2082.372	-2236.07	153.6984	1.368246	0.605534	0.264996	0.0636763	0.0657943	1.174677	4.328246
19488	-2083.851	-2238.057	154.2059	1.368246	0.765448	0.153557	0.0564716	0.0245228	1.232763	4.006899
19494	-2084.52	-2239.07	154.5492	1.348238	0.658308	0.193915	0.113778	0.0339994	1.264234	3.8023
19500	-2080.485	-2235.259	154.7735	1.541655	0.739225	0.111431	0.09008	0.0592636	1.336284	3.532543
19506	-2085.91	-2242.562	156.6518	1.204696	0.731855	0.0920826	0.074439	0.101623	1.313231	2.603232
19512	-2071.673	-2225.757	154.084	1.244336	0.690093	0.122941	0.104255	0.082711	1.049169	4.245109
19518	-2071.615	-2225.312	153.6974	1.077215	0.669865	0.0739508	0.142852	0.113332	0.9189848	4.626248
19524	-2071.015	-2224.713	153.6985	1.306371	0.808602	0.0515557	0.131451	0.00839121	1.196339	4.347624
19530	-2081.466	-2235.576	154.11	1.306371	0.786868	0.0812326	0.130117	0.00178213	1.126092	4.154254
19536	-2095.566	-2249.69	154.1237	1.069148	0.668031	0.135945	0.179298	0.0167255	1.193326	4.235799
19542	-2079.298	-2231.898	152.5999	1.134204	0.737247	0.107601	0.141914	0.0132382	1.126378	5.091621
19548	-2091.343	-2243.399	152.056	1.27929	0.754654	0.102443	0.130299	0.0126036	1.110544	5.32565
19554	-2089.055	-2244.442	155.3872	1.034985	0.707249	0.0506693	0.219035	0.0230463	1.347166	3.439931
19560	-2078.202	-2233.329	155.1274	1.252466	0.631998	0.304213	0.0481824	0.0156063	1.153218	3.582794
19566	-2080.65	-2238.38	157.7304	1.055312	0.547862	0.327571	0.112466	0.0121007	1.664759	1.766147
19572	-2073.296	-2231.097	157.801	0.9439804	0.632274	0.206144	0.146084	0.0154987	1.70549	1.766147
19578	-2077.35	-2234.638	157.2879	1.130077	0.579825	0.234036	0.133966	0.0521728	1.673905	2.011469
19584	-2078.94	-2236.474	157.5338	1.08136	0.727125	0.115484	0.104614	0.0527775	1.627449	1.909321
19590	-2076.325	-2231.998	155.6729	1.185805	0.696166	0.172993	0.113163	0.0176784	1.441183	3.12975
19596	-2086.458	-2240.65	154.1916	1.265426	0.662918	0.160384	0.159863	0.0168341	1.1995	4.087456
19602	-2097.943	-2253.845	155.9021	0.9901317	0.503057	0.322929	0.159014	0.0150005	1.396805	3.133335
19608	-2094.446	-2250.82	156.374	0.9901317	0.617707	0.108205	0.231972	0.0421163	1.344578	2.881621
19614	-2101.765	-2255.032	153.2671	0.9131334	0.589773	0.289818	0.107582	0.012827	1.13039	4.840488
19620	-2091.733	-2249.29	157.5572	1.080074	0.737068	0.184393	0.0667265	0.0118119	1.516474	1.969156
19626	-2081.937	-2239.168	157.2314	1.293306	0.796566	0.158198	0.0406001	0.00463579	1.588506	2.003743
19632	-2105.853	-2258.351	152.4983	1.105746	0.553228	0.214992	0.230953	0.000826853	0.9383041	5.267129
19638	-2087.568	-2240.511	152.9434	1.013033	0.688889	0.202315	0.105581	0.00321496	1.089124	4.987476
19644	-2075.105	-2228.912	153.8068	1.389647	0.74713	0.133623	0.111571	0.00767688	1.065812	4.317699
19650	-2077.007	-2232.92	155.913	1.193016	0.733252	0.135123	0.128105	0.00352095	1.500351	2.946556
19656	-2090.27	-2246.392	156.1226	1.087112	0.695331	0.153485	0.145514	0.00567044	1.58491	2.830183
19662	-2085.198	-2242.419	157.2212	1.187814	0.694418	0.153284	0.150185	0.0021138	1.667256	2.023549
19668	-2090.504	-2245.658	155.1541	1.187814	0.553498	0.27595	0.135506	0.0350461	1.506998	3.396109
19674	-2074.398	-2227.509	153.1105	1.189313	0.625413	0.283315	0.0692399	0.0220314	1.102893	4.79137
19680	-2080.675	-2233.215	152.5397	1.351036	0.714484	0.235018	0.0236284	0.0268696	1.03513	5.063545
19686	-2077.594	-2231.321	153.7279	1.131702	0.670367	0.219869	0.0912684	0.0184961	1.19449	4.424555
19692	-2082.383	-2235.317	152.9346	1.395523	0.636671	0.208817	0.136946	0.0175664	1.071747	4.801309
19698	-2082.705	-2236.082	153.3766	1.265416	0.672304	0.249524	0.0596219	0.0185496	1.1026	4.602797
19704	-2080.932	-2234.131	153.1996	1.311919	0.806225	0.0970278	0.0727788	0.0239688	1.236813	4.602797
19710	-2086.846	-2239.587	152.7402	1.081114	0.704052	0.212667	0.0236165	0.059665	1.038211	5.091222
19716	-2075.165	-2228.177	153.0121	1.114575	0.766878	0.133738	0.0907464	0.00863797	1.162683	4.852795
19722	-2078.07	-2232.897	154.8271	0.8439365	0.715934	0.145895	0.126092	0.0120792	1.226909	3.945741
19728	-2099.888	-2255.408	155.5203	1.057729	0.642175	0.15927	0.181197	0.017358	1.252815	3.404065
19734	-2081.388	-2237.782	156.3946	1.057729	0.594179	0.188508	0.198316	0.0189979	1.369546	2.813257
19740	-2082.958	-2239.962	157.0044	1.173235	0.704338	0.188784	0.0985099	0.00836902	1.57976	2.231558
19746	-2079.628	-2235.763	156.1354	1.15756	0.655878	0.175795	0.160534	0.00779322	1.50617	2.828887
19752	-2073.453	-2227.019	153.5654	1.15756	0.657833	0.154368	0.17214	0.0156591	1.235016	4.47929
19758	-2068.157	-2220.617	152.4601	1.76408	0.743437	0.0856247	0.160796	0.0101423	1.224293	4.807473
19764	-2081.207	-2234.376	153.1696	1.763097	0.727938	0.114291	0.144233	0.0135378	1.518165	4.24388
19770	-2084.706	-2240.255	155.5491	1.363977	0.803302	0.0443531	0.10183	0.0505146	1.280256	3.201241
19776	-2093.42	-2248.53	155.1099	1.16192	0.657903	0.0478339	0.177052	0.117211	1.180483	3.6266
19782	-2081.958	-2236.814	154.856	0.9094802	0.564426	0.375831	0.0398542	0.0198886	1.190751	3.911159
19788	-2082.939	-2237.571	154.632	1.251475	0.633691	0.2309	0.12319	0.012219	1.054444	3.926116
19794	-2078.818	-2234.419	155.6017	1.015565	0.769324	0.0677524	0.149129	0.013795	1.306806	3.349118
19800	-2082.97	-2237.728	154.7585	1.172566	0.606107	0.124892	0.202644	0.0663573	1.248416	3.784601
19806	-2078.227	-2230.35	152.1233	1.548212	0.61954	0.105497	0.207135	0.067828	1.085357	5.170815
19812	-2091.505	-2244.479	152.9746	1.586186	0.717657	0.183872	0.0461919	0.0522791	1.20601	4.61154
19818	-2090.946	-2244.498	153.5517	1.898213	0.814327	0.123231	0.0588075	0.00363423	1.192602	4.151491
19824	-2080.135	-2232.893	152.7579	1.285679	0.676245	0.2141	0.102171	0.00748437	1.220115	4.872504
19830	-2088.485	-2243.954	155.4689	1.59683	0.805194	0.103115	0.0865247	0.00516605	1.282365	3.127605
19836	-2093.858	-2249.354	155.4957	1.358437	0.875872	0.0241002	0.0879149	0.0121125	1.484354	3.114648
19842	-2094.215	-2249.556	155.3405	1.621746	0.830885	0.0246442	0.135115	0.00935583	1.411667	3.114648
19848	-2079.255	-2235.688	156.4324	1.154249	0.785584	0.0778225	0.127748	0.00884573	1.36265	2.737309
19854	-2097.824	-2253.511	155.6876	1.037875	0.665106	0.0879312	0.227413	0.01955	1.525689	3.155936
19860	-2071.795	-2225.526	153.7306	1.341707	0.683959	0.213028	0.0763574	0.0266552	1.274989	4.266804
19866	-2084.895	-2238.526	153.6311	1.341707	0.664252	0.231014	0.0885784	0.0161557	1.374462	4.266804
19872	-2085.164	-2241.06	155.8959	1.064415	0.614296	0.184745	0.190224	0.0107353	1.377735	3.10446
19878	-2084.898	-2240.404	155.5061	1.479621	0.75701	0.0864334	0.149351	0.00720554	1.384022	3.10446
19884	-2095.72	-2251.357	155.6364	1.095014	0.60755	0.283332	0.101026	0.00809188	1.330453	3.268684
19890	-2092.716	-2247.97	155.2546	1.259992	0.71816	0.221003	0.0556957	0.00514075	1.263373	3.440335
19896	-2090.928	-2246.028	155.1001	1.303437	0.754353	0.181744	0.0585025	0.00539983	1.253143	3.513228
19902	-2077.262	-2232.783	155.5211	1.472257	0.804492	0.133272	0.0422531	0.0199821	1.349647	3.119777
19908	-2085.732	-2239.9	154.1684	1.158036	0.619737	0.244951	0.119919	0.0153931	1.213316	4.15022
19914	-2082.188	-2232.74	150.5517	1.344903	0.708049	0.11452	0.168772	0.00865941	0.949406	6.20484
19920	-2094.887	-2249.57	154.6837	1.184732	0.642734	0.172789	0.136711	0.0477661	1.203906	3.846626
19926	-2093.108	-2247.98	154.8724	1.615658	0.676485	0.0916002	0.116911	0.115004	1.138817	3.553599
19932	-2093.035	-2249.219	156.1844	1.037736	0.761082	0.0379893	0.155568	0.0453611	1.304583	2.9914
19938	-2097.555	-2252.839	155.2837	1.037736	0.679185	0.141507	0.138828	0.04048	1.342015	3.501797
19944	-2076.607	-2233.023	156.4154	1.084852	0.834902	0.0529878	0.108154	0.00395609	1.414013	2.757304
19950	-2074.754	-2229.958	155.2044	1.084852	0.786174	0.164185	0.0314392	0.0182016	1.248572	3.575429
19956	-2069.354	-2225.541	156.1868	0.9805066	0.580936	0.24461	0.130949	0.0435052	1.398585	2.967797
19962	-2069.356	-2224.197	154.8413	1.46416	0.637589	0.268465	0.0461987	0.0477478	1.222544	3.598063
19968	-2072.496	-2227.056	154.5598	1.29332	0.724811	0.230757	0.0158008	0.0286309	1.232297	3.843318
19974	-2075.662	-2231.48	155.8176	1.091588	0.658543	0.186101	0.123945	0.0314119	1.324702	3.16678
19980	-2082.143	-2236.309	154.1659	0.9474532	0.697549	0.253169	0.0252512	0.0240311	1.191372	4.281802
19986	-2088.927	-2244.452	155.5245	0.8546559	0.485697	0.408071	0.0977039	0.00852814	1.194849	3.555414
19992	-2082.169	-2236.368	154.1992	0.9100188	0.616226	0.306979	0.0592146	0.0175803	1.182386	4.289642
19998	-2087.941	-2240.943	153.002	1.409663	0.843812	0.127381	0.0192607	0.00954609	1.137297	4.72001
20004	-2092.725	-2245.632	152.9072	1.079229	0.590395	0.372611	0.0215862	0.0154079	1.251855	4.880712
20010	-2091.085	-2244.301	153.2161	1.157663	0.598731	0.284286	0.0530216	0.0639612	1.141556	4.727569
20016	-2098.789	-2250.795	152.0058	1.157663	0.655383	0.26206	0.0683241	0.014233	0.9005185	5.531808
20022	-2078.893	-2232.685	153.7919	1.129129	0.790098	0.0829806	0.103308	0.0236142	1.167763	4.404892
20028	-2078.574	-2231.787	153.2125	1.153531	0.668205	0.219176	0.0873697	0.0252493	0.9837546	4.819917
20034	-2089.956	-2245.168	155.2118	0.9539702	0.574368	0.385823	0.0280349	0.0117742	1.250255	3.645692
20040	-2080.206	-2234.701	154.4946	1.049805	0.773495	0.186104	0.00747765	0.0329226	1.065867	4.108306
20046	-2085.871	-2238.416	152.5447	1.635075	0.76942	0.185124	0.0127064	0.0327492	1.015831	4.935093
20052	-2087.491	-2238.707	151.2162	1.450997	0.666153	0.190414	0.130154	0.013279	0.9155132	5.809456
20058	-2082.754	-2234.9	152.1458	1.013679	0.659597	0.198382	0.128873	0.0131483	1.155673	5.391636
20064	-2083.131	-2234.317	151.1862	1.147691	0.779649	0.0524808	0.152329	0.0155414	0.9307557	5.96929
20070	-2080.777	-2234.389	153.6119	1.510637	0.646641	0.177559	0.16168	0.0141201	1.033743	4.386097
20076	-2089.293	-2244.417	155.124	1.544207	0.707706	0.0998917	0.176949	0.0154535	1.415482	3.279415
20082	-2084.158	-2237.085	152.9269	1.05733	0.715849	0.0552613	0.226562	0.00232822	0.8710864	5.093336
20088	-2076.138	-2226.48	150.3417	1.288684	0.659025	0.138522	0.200541	0.00191222	1.004709	6.316728
20094	-2069.901	-2222.222	152.3211	1.288684	0.769203	0.0519104	0.176891	0.00199615	1.073363	5.194904
20100	-2076.306	-2227.483	151.1772	1.103733	0.793331	0.0614143	0.142893	0.00236162	0.9982418	5.960521
20106	-2078.389	-2231.44	153.0513	1.542522	0.646902	0.135994	0.212968	0.00413618	1.053048	4.675001
20112	-2072.461	-2226.508	154.0474	1.590037	0.818422	0.0729027	0.106565	0.00211009	1.24822	3.978605
20118	-2077.757	-2230.711	152.9532	1.780317	0.628817	0.287926	0.0818771	0.00137994	1.317048	4.471888
20124	-2064.449	-2218.912	154.4628	1.221413	0.74774	0.164098	0.0865827	0.00157934	1.351972	3.868577
20130	-2080.81	-2234.215	153.4051	1.606739	0.758195	0.189652	0.0209428	0.0312099	1.059045	4.442456
20136	-2079.764	-2234.944	155.1797	1.34359	0.752445	0.197835	0.0164752	0.0332454	1.386123	3.367471
20142	-2076.965	-2233.679	156.7143	1.005053	0.797579	0.10109	0.089389	0.0119418	1.52245	2.554918
20148	-2074.16	-2230.49	156.3307	1.246478	0.806177	0.0961157	0.0935843	0.00412245	1.524997	2.646623
20154	-2075.673	-2232.632	156.959	1.059981	0.564262	0.206304	0.222573	0.00686075	1.531398	2.36151
20160	-2075.783	-2230.339	154.5557	1.428537	0.833809	0.0803824	0.0805661	0.00524253	1.210814	3.788083
20166	-2065.132	-2219.022	153.8905	1.192344	0.757922	0.117087	0.117355	0.0076364	1.218707	4.286301
20172	-2072.721	-2226.762	154.0414	1.112128	0.628282	0.211622	0.158817	0.00127866	1.144653	4.286301
20178	-2078.092	-2233.12	155.0286	1.49576	0.670916	0.158846	0.168949	0.00128915	1.311188	3.421212
20184	-2081.381	-2235.794	154.4131	1.071864	0.596197	0.258051	0.143846	0.00190522	1.401334	3.950974
20190	-2081.644	-2236.026	154.3812	1.071864	0.439401	0.358042	0.200623	0.00193341	1.140204	4.118201
20196	-2088.43	-2240.357	151.9269	1.078828	0.716832	0.126224	0.124699	0.0322445	1.03958	5.540596
20202	-2081.862	-2233.533	151.6704	1.575302	0.660422	0.186374	0.0943077	0.0588964	1.215506	5.336468
20208	-2078.762	-2232.074	153.3116	1.087365	0.477679	0.405776	0.0506354	0.0659097	1.284893	4.631877
20214	-2085.407	-2238.383	152.9759	1.565166	0.786032	0.14691	0.039838	0.0272198	1.186153	4.631877
20220	-2081.044	-2231.437	150.3926	1.589012	0.825371	0.040456	0.063069	0.0711037	0.9871865	6.1551
20226	-2089.617	-2242.223	152.6066	1.106609	0.645733	0.0389018	0.269489	0.0458753	1.138883	5.095745
20232	-2097.138	-2246.958	149.82	1.658281	0.785492	0.0521993	0.139494	0.0228147	1.157936	6.342186
20238	-2087.823	-2240.478	152.6543	1.377073	0.739896	0.0984049	0.146283	0.0154157	1.285025	4.847845
20244	-2083.065	-2237.49	154.4251	1.435373	0.721731	0.0513878	0.206247	0.0206346	1.176515	3.879433
20250	-2085.445	-2240.094	154.6487	1.139794	0.558222	0.185809	0.237349	0.0186204	1.265725	3.855831
20256	-2076.399	-2230.539	154.1406	1.341171	0.756854	0.0938319	0.141294	0.00801996	1.3362	3.999011
20262	-2078.248	-2231.754	153.5053	1.024432	0.685082	0.280239	0.0288095	0.00586979	0.9955009	4.720123
20268	-2080.122	-2233.209	153.0869	1.054117	0.634104	0.303713	0.0560471	0.00613554	1.111054	4.872795
20274	-2100.853	-2254.489	153.6356	1.332406	0.721075	0.0652352	0.212199	0.00149013	1.245749	4.341862
20280	-2083.123	-2237.293	154.1696	0.9077439	0.614235	0.292621	0.0814551	0.0116886	1.01187	4.40403
20286	-2082.283	-2237.448	155.1654	1.065309	0.590061	0.264072	0.134639	0.0112286	1.219312	3.626178
20292	-2082.962	-2238.986	156.0244	1.193984	0.681236	0.129935	0.185984	0.00284499	1.41799	2.928505
20298	-2091.975	-2247.236	155.2607	1.206777	0.634498	0.0840352	0.271555	0.0099116	1.443307	3.360412
20304	-2084.798	-2241.56	156.7616	1.077359	0.668491	0.264872	0.0385002	0.0281373	1.525234	2.479035
20310	-2082.558	-2237.719	155.1617	0.9821851	0.836899	0.0595256	0.0961284	0.00744694	1.312855	3.621968
20316	-2081.807	-2236.934	155.1267	1.04954	0.69163	0.169581	0.11517	0.0236188	1.284896	3.619572
20322	-2091.854	-2246.127	154.272	1.18266	0.5976	0.180184	0.136236	0.0859791	1.149406	4.114324
20328	-2097.981	-2251.085	153.1041	1.444207	0.651193	0.196343	0.058774	0.0936897	0.9970996	4.724297
20334	-2079.929	-2237.244	157.3146	1.109482	0.752463	0.116735	0.0815309	0.049271	1.57635	2.071565
20340	-2088.765	-2245.261	156.4958	1.083442	0.675692	0.235988	0.0440758	0.044244	1.422138	2.703912
20346	-2091.249	-2247.721	156.4722	1.083442	0.706463	0.0385651	0.143985	0.110987	1.497408	2.672169
20352	-2080.26	-2236.099	155.8381	1.055654	0.785505	0.0879756	0.100636	0.0258828	1.144397	3.282191
20358	-2074.449	-2228.604	154.155	1.422856	0.766954	0.0977757	0.111847	0.0234239	1.268916	3.987567
20364	-2081.438	-2235.579	154.1418	1.362227	0.793781	0.0814083	0.120881	0.00392917	1.336119	3.987567
20370	-2089.206	-2241.556	152.35	1.501217	0.689602	0.109909	0.198253	0.00223648	1.257574	4.97187
20376	-2073.425	-2226.584	153.1589	1.124037	0.77254	0.124199	0.101748	0.0015132	1.228458	4.729
20382	-2083.105	-2235.166	152.0609	1.113651	0.804175	0.0489237	0.145189	0.00171271	1.050275	5.442366
20388	-2086.366	-2239.083	152.7174	1.161694	0.781402	0.0427376	0.174365	0.00149615	1.067461	5.044517
20394	-2079.104	-2231.87	152.7654	1.125444	0.842462	0.0643006	0.0914246	0.00181289	1.054184	5.044517
20400	-2078.363	-2230.666	152.3029	1.238968	0.774234	0.170241	0.0507261	0.00479976	0.9837893	5.279912
20406	-2102.389	-2254.599	152.2098	1.317964	0.688733	0.217369	0.0903307	0.00356738	0.9818821	5.292212
20412	-2090.696	-2245.691	154.9955	1.24069	0.633619	0.321296	0.0148456	0.0302399	1.229345	3.621532
20418	-2101.665	-2258.517	156.8517	0.9181602	0.575442	0.36606	0.0158196	0.0426792	1.524635	2.522612
20424	-2077.31	-2230.1	152.7898	0.9525506	0.635242	0.284138	0.0708076	0.00981302	1.285877	4.997292
20430	-2083.115	-2233.741	150.6263	1.101239	0.635088	0.284069	0.0707905	0.010052	1.054685	6.23118
20436	-2087.387	-2240.52	153.1333	1.699854	0.684886	0.268874	0.0353999	0.0108401	1.260257	4.438965
20442	-2083.825	-2237.063	153.2384	1.439226	0.725295	0.0807799	0.105136	0.0887891	1.255347	4.50662
20448	-2073.425	-2227.111	153.686	1.149543	0.81341	0.134468	0.0476668	0.0044557	1.07345	4.50662
20454	-2070.009	-2224.66	154.651	1.308112	0.771007	0.156331	0.0599116	0.0127504	1.255964	3.769425
20460	-2074.549	-2228.164	153.615	1.72148	0.831111	0.0913486	0.0637956	0.0137443	1.303884	4.131616
20466	-2074.619	-2227.612	152.9927	1.196193	0.608284	0.312809	0.0545552	0.0243518	1.200101	4.799216
20472	-2075.853	-2230.086	154.2323	1.077754	0.591419	0.246006	0.112402	0.0501729	1.268179	4.12687
20478	-2077.732	-2230.311	152.5792	1.409313	0.834602	0.10333	0.0576157	0.0044516	1.153414	4.94701
20484	-2070.942	-2225.246	154.304	1.409313	0.502349	0.44756	0.0415481	0.00854286	1.295375	3.89395
20490	-2067.164	-2222.587	155.4231	1.162963	0.628355	0.341008	0.0245659	0.00607102	1.194955	3.435183
20496	-2060.43	-2214.756	154.3252	0.9470867	0.572497	0.375641	0.0466501	0.00521169	1.181923	4.197066
20502	-2072.068	-2223.895	151.8273	1.02446	0.638578	0.235738	0.102005	0.0236788	1.213214	5.529365
20508	-2061.658	-2214.59	152.9323	1.261279	0.759886	0.181636	0.0303014	0.0281769	1.257632	4.766826
20514	-2071.05	-2225.8	154.7499	1.209655	0.746113	0.182435	0.0482464	0.0232055	1.229115	3.780466
20520	-2082.782	-2235.094	152.3119	1.771567	0.806969	0.0852475	0.0487954	0.0589878	1.428569	4.772833
20526	-2072.12	-2225.755	153.6343	1.22397	0.762178	0.111678	0.0488684	0.0772763	1.195021	4.427622
20532	-2075.014	-2229.597	154.5834	1.026278	0.635067	0.240284	0.0455088	0.0791398	1.285594	3.945463
20538	-2080.044	-2234.075	154.0315	0.9887435	0.543857	0.429672	0.0247178	0.00175289	1.242604	4.305278
20544	-2100.276	-2252.055	151.7785	1.295755	0.668758	0.319922	0.00427245	0.00704765	1.02258	5.51859
20550	-2088.284	-2241.987	153.7036	1.109749	0.717535	0.261047	0.0207249	0.000693523	1.116056	4.494358
20556	-2087.326	-2238.868	151.5419	1.548286	0.688063	0.203221	0.10805	0.000665037	1.140015	5.461524
20562	-2102.02	-2252.542	150.5224	1.143973	0.657351	0.301822	0.0181394	0.0226871	1.024004	6.281897
20568	-2096.552	-2248.751	152.1996	1.072258	0.587429	0.368385	0.00862774	0.0355575	0.9618537	5.436918
20574	-2088.409	-2239.76	151.351	1.918662	0.843388	0.0674274	0.0883022	0.000882872	1.017253	5.469504
20580	-2096.528	-2246.966	150.4381	1.494235	0.782387	0.0624078	0.154293	0.000912871	0.8687801	6.238712
20586	-2081.127	-2233.239	152.112	1.317979	0.750596	0.0577046	0.190793	0.000906396	0.9651393	5.355401
20592	-2083.386	-2235.966	152.5807	1.520388	0.749751	0.0765834	0.172814	0.000851734	1.056873	4.946032
20598	-2089.996	-2242.135	152.1388	1.558748	0.743179	0.0722172	0.1838	0.000803175	1.15368	5.119461
20604	-2077.166	-2231.888	154.7221	1.156373	0.694097	0.1753	0.116354	0.0142493	1.522378	3.656323
20610	-2072.694	-2223.71	151.0158	1.203328	0.695087	0.12986	0.145092	0.0299608	1.140364	5.919052
20616	-2075.841	-2229.589	153.7484	1.381098	0.723352	0.0683048	0.184366	0.0239778	1.131591	4.317866
20622	-2074.364	-2228.807	154.4439	1.104087	0.73167	0.110245	0.143557	0.0145278	1.167682	4.048953
20628	-2074.102	-2228.077	153.9755	0.9043255	0.728224	0.131912	0.128218	0.0116469	1.041473	4.49864
20634	-2084.659	-2236.63	151.9712	1.50625	0.757047	0.153339	0.0840615	0.00555291	1.24651	5.185673
20640	-2095.788	-2252.012	156.2244	1.001363	0.785726	0.150266	0.047339	0.0166697	1.421906	2.918464
20646	-2096.153	-2252.103	155.9504	1.219883	0.730932	0.0465262	0.213455	0.00908669	1.223491	3.074932
20652	-2087.6	-2243.451	155.8518	1.285116	0.726472	0.0462424	0.212153	0.0151328	1.261557	3.074932
20658	-2084.833	-2240.535	155.702	1.478923	0.837905	0.0445306	0.0948161	0.0227481	1.391234	2.983276
20664	-2093.943	-2247.626	153.6822	1.106119	0.695491	0.245597	0.0453596	0.0135526	1.087578	4.524333
20670	-2090.325	-2246.367	156.0425	0.7917289	0.572821	0.346199	0.0743847	0.00659451	1.229385	3.27014
20676	-2077.566	-2231.323	153.7568	1.145186	0.682506	0.139017	0.17062	0.00785723	1.119033	4.443458
20682	-2066.259	-2219.126	152.8678	1.170762	0.541138	0.35417	0.081208	0.023484	1.259113	4.849413
20688	-2075.791	-2228.787	152.9957	1.170762	0.723366	0.17871	0.0860743	0.0118498	1.261488	4.776758
20694	-2080.167	-2232.052	151.8854	1.371457	0.767992	0.155225	0.0747629	0.00202012	1.226119	5.309765
20700	-2081.091	-2236.488	155.3972	0.9151422	0.784741	0.132748	0.0806696	0.00184114	1.335732	3.511228
20706	-2092.887	-2246.235	153.3482	1.15372	0.728805	0.18724	0.0814773	0.00247819	1.2298	4.606301
20712	-2103.465	-2254.221	150.756	1.097704	0.649894	0.193179	0.156671	0.000255034	0.8113537	6.294798
20718	-2080.01	-2231.908	151.8978	0.9300966	0.68482	0.230755	0.0841542	0.000271203	0.9182501	5.704708
20724	-2082.258	-2233.125	150.8666	1.008357	0.70253	0.190141	0.106958	0.000371686	0.9471803	6.208687
20730	-2083.018	-2235.287	152.269	1.228118	0.641754	0.146447	0.211459	0.000339531	1.11067	5.234143
20736	-2097.624	-2250.722	153.0978	1.095651	0.702127	0.208562	0.0881094	0.00120159	1.113568	4.842642
20742	-2071.052	-2225.395	154.343	1.239533	0.841052	0.0816557	0.0767257	0.000567102	1.261298	3.979501
20748	-2067.785	-2220.375	152.5898	1.458005	0.853295	0.0366024	0.108966	0.00113722	1.180939	4.901916
20754	-2065.059	-2218.804	153.7448	1.257501	0.894628	0.0659305	0.037393	0.00204844	1.142472	4.377301
20760	-2067.845	-2223.377	155.532	1.251138	0.765842	0.163824	0.064405	0.00592896	1.252635	3.28855
20766	-2071.283	-2225.1	153.8162	1.4024	0.805094	0.0861584	0.0762919	0.0324557	1.200331	4.229774
20772	-2079.868	-2232.647	152.7788	1.260149	0.767925	0.102589	0.0908411	0.0386451	1.120968	4.929203
20778	-2079.306	-2231.082	151.7759	1.113652	0.657546	0.135707	0.153425	0.0533223	1.094205	5.574943
20784	-2076.652	-2231.26	154.6078	0.999212	0.685469	0.130506	0.15319	0.0308344	1.229212	3.979233
20790	-2082.055	-2236.684	154.6291	1.052526	0.658987	0.22692	0.0714427	0.0426504	1.124577	3.996582
20796	-2079.155	-2232.281	153.1263	1.186005	0.644442	0.21665	0.0971986	0.041709	1.184017	4.738987
20802	-2071.289	-2225.001	153.7121	1.186005	0.705198	0.237075	0.0215345	0.0361925	1.049195	4.486055
20808	-2073.719	-2225.019	151.3	1.013742	0.656325	0.298446	0.0265864	0.0186426	1.052788	5.912027
20814	-2083.079	-2236.143	153.0641	1.013742	0.650982	0.296017	0.0313897	0.0216113	0.9945063	4.972606
20820	-2077.926	-2229.882	151.9551	1.072805	0.477845	0.369861	0.132893	0.0194009	1.015314	5.541667
20826	-2074.326	-2227.456	153.1302	1.054866	0.478509	0.370375	0.133077	0.0180386	1.18215	4.808564
20832	-2068.533	-2220.985	152.4519	1.297834	0.662067	0.302491	0.0201395	0.0153028	1.049033	5.131346
20838	-2073.14	-2226.572	153.4325	1.168371	0.794422	0.101125	0.0906153	0.0138375	1.113779	4.616238
20844	-2073.644	-2227.007	153.3627	1.493948	0.78767	0.100266	0.0983441	0.0137199	1.101445	4.496463
20850	-2075.043	-2228.754	153.7111	1.567207	0.793448	0.0974157	0.10658	0.00255678	1.040606	4.298872
20856	-2081.768	-2237.784	156.016	1.04516	0.801585	0.0719992	0.113268	0.0131473	1.313697	3.082348
20862	-2083.838	-2238.817	154.979	1.25504	0.686324	0.162567	0.115037	0.0360721	1.356837	3.549287
20868	-2098.413	-2249.182	150.7697	1.501143	0.502952	0.130942	0.317689	0.0484171	1.094588	5.931791
20874	-2077.936	-2228.822	150.8859	1.521404	0.836309	0.0331611	0.114087	0.0164433	0.9610118	5.931791
20880	-2084.144	-2235.254	151.1101	1.272767	0.750217	0.139493	0.0921504	0.0181389	1.314863	5.736626
20886	-2076.874	-2228.224	151.3503	1.215099	0.672963	0.0900609	0.213936	0.0230393	1.128329	5.736626
20892	-2071.2	-2224.196	152.996	1.413032	0.740694	0.149905	0.104566	0.00483484	1.020774	4.786834
20898	-2075.088	-2226.51	151.422	1.413032	0.719925	0.195739	0.0806093	0.00372716	0.8730318	5.738344
20904	-2091.722	-2243.584	151.8625	1.378527	0.711067	0.112382	0.0897992	0.0867516	0.9189449	5.488189
20910	-2091.509	-2243.139	151.6294	1.609577	0.770719	0.116138	0.0437537	0.0693893	1.051639	5.433516
20916	-2082.62	-2236.348	153.7271	0.9888231	0.685223	0.102264	0.181901	0.0306133	1.126736	4.542186
20922	-2082.244	-2234.557	152.3127	1.198158	0.756439	0.0674555	0.154799	0.0213068	1.055329	5.256142
20928	-2087.737	-2239.516	151.7795	1.245574	0.62723	0.0210882	0.309132	0.0425496	0.9321991	5.593191
20934	-2092.684	-2247.729	155.0447	1.374152	0.775574	0.0136955	0.204168	0.00656241	1.35267	3.450051
20940	-2079.662	-2230.462	150.7997	1.438157	0.771527	0.0145895	0.182042	0.0318415	0.8937928	6.05487
20946	-2076.719	-2231.198	154.4787	1.060734	0.78607	0.0110299	0.185473	0.0174272	0.9996588	4.148936
20952	-2072.509	-2226.066	153.5565	1.391614	0.726308	0.0213555	0.216655	0.0356814	1.063384	4.459304
20958	-2076.341	-2227.708	151.367	1.391614	0.721515	0.116543	0.145985	0.0159578	1.113445	5.647133
20964	-2069.276	-2222.526	153.2499	1.417528	0.755674	0.118092	0.117321	0.00891267	1.120984	4.58636
20970	-2072.2	-2226.485	154.2846	1.370289	0.817027	0.0464897	0.126847	0.00963629	1.249614	3.951174
20976	-2080.655	-2234.871	154.2162	1.012661	0.639583	0.0662209	0.278857	0.0153393	1.201881	4.210172
20982	-2081.247	-2235.253	154.0063	1.561764	0.883744	0.0128889	0.100528	0.00283882	1.366498	3.948076
20988	-2071.94	-2227.753	155.8136	1.401589	0.883744	0.0128889	0.100528	0.00283882	1.467972	2.910776
20994	-2074.962	-2230.719	155.7565	1.659818	0.922608	0.00470937	0.0706867	0.00199613	1.58114	2.742532
21000	-2077.434	-2233.186	155.7519	1.830069	0.832621	0.00802356	0.155955	0.0034009	1.427292	2.755664
21006	-2086.906	-2243.184	156.2782	1.428926	0.779393	0.00751063	0.209913	0.00318349	1.23464	2.755664
21012	-2088.166	-2241.916	153.7504	1.370064	0.781534	0.00735319	0.152625	0.0584874	1.220925	4.271746
21018	-2081.606	-2234.724	153.1184	1.018203	0.886245	0.0249732	0.0700778	0.018704	0.9761921	4.950134
21024	-2076.765	-2228.16	151.3951	1.408838	0.852845	0.0667762	0.0626695	0.0177095	1.034655	5.666544
21030	-2079.864	-2233.243	153.3786	1.429462	0.862534	0.0520384	0.0716271	0.013801	1.097683	4.521242
21036	-2088.802	-2245.148	156.3465	1.377898	0.873556	0.0514074	0.0658106	0.00922629	1.496142	2.580545
21042	-2092.793	-2245.551	152.7582	1.488617	0.839093	0.103739	0.0544657	0.00270208	1.482522	4.624498
21048	-2104.748	-2259.888	155.1406	1.245587	0.616619	0.250032	0.128084	0.00526456	1.347412	3.465669
21054	-2081.051	-2236.912	155.8612	1.133448	0.816014	0.0886695	0.0768911	0.0184256	1.448747	3.042718
21060	-2093.164	-2250.663	157.4986	1.100902	0.854277	0.0793691	0.0582268	0.00812757	1.72694	1.852571
21066	-2093.207	-2250.62	157.4136	1.213013	0.704306	0.0654357	0.123738	0.10652	1.704749	1.852571
21072	-2078.749	-2235.88	157.1311	1.139851	0.641737	0.230878	0.121118	0.00626717	1.511449	2.214488
21078	-2083.88	-2240.371	156.4914	1.15999	0.827843	0.127529	0.0400603	0.00456756	1.430119	2.656274
21084	-2093.957	-2249.838	155.8816	2.004348	0.785311	0.101044	0.0637258	0.0499192	1.539332	2.523997
21090	-2074.914	-2227.823	152.9088	1.743616	0.678195	0.244868	0.0658711	0.0110655	1.280647	4.533853
21096	-2069.429	-2221.817	152.3871	1.171007	0.724967	0.130042	0.131999	0.0129918	1.077032	5.217246
21102	-2086.184	-2239.961	153.7768	1.61213	0.738393	0.119748	0.128364	0.0134954	1.173207	4.165045
21108	-2069.732	-2223.746	154.0143	1.632699	0.850908	0.0307647	0.107071	0.0112568	1.22317	3.991497
21114	-2081.908	-2236.903	154.9948	1.2886	0.724138	0.172138	0.0993268	0.00439763	1.254593	3.581587
21120	-2084.715	-2240.111	155.3955	0.9609096	0.699148	0.236843	0.0512928	0.0127159	1.272965	3.521645
21126	-2079.567	-2234.895	155.3279	1.020159	0.639976	0.248614	0.076232	0.0351782	1.148335	3.598916
21132	-2078.757	-2233.613	154.8569	1.171852	0.720215	0.167378	0.0857897	0.026618	1.286295	3.706381
21138	-2077.258	-2231.712	154.4542	1.086186	0.740522	0.157184	0.0483328	0.0539617	1.288086	3.984264
21144	-2076.994	-2233.292	156.2989	1.16978	0.725569	0.0982695	0.12549	0.0506715	1.35471	2.814488
21150	-2083.447	-2239.502	156.0549	1.348304	0.667229	0.0714539	0.226192	0.035125	1.37684	2.848751
21156	-2080.857	-2238.003	157.1455	1.472973	0.918473	0.0151984	0.0576959	0.00863251	1.518718	2.000597
21162	-2092.802	-2248.051	155.2486	1.500581	0.856477	0.0209745	0.110635	0.0119132	1.192763	3.35919
21168	-2078.975	-2234.338	155.3624	1.187441	0.838166	0.0232628	0.128453	0.0101173	1.2942	3.39899
21174	-2077.821	-2232.581	154.76	1.37523	0.758376	0.0763846	0.15502	0.0102198	1.264875	3.666241
21180	-2076.13	-2232.204	156.0748	1.238498	0.831967	0.0697962	0.0792571	0.0189799	1.332034	2.924714
21186	-2074.897	-2228.526	153.6282	1.396072	0.736963	0.137228	0.0743288	0.0514799	1.154751	4.365128
21192	-2065.464	-2218.138	152.6739	1.285567	0.763938	0.0967562	0.129739	0.00956654	1.046225	5.015992
21198	-2070.883	-2225.426	154.5423	1.14923	0.702647	0.191639	0.0982565	0.00745738	1.188946	3.955711
21204	-2072.872	-2226.695	153.8226	1.295533	0.779281	0.172233	0.0450654	0.00342033	1.182957	4.290595
21210	-2092.167	-2244.336	152.1686	1.103847	0.723724	0.222012	0.0416177	0.0126461	0.9217617	5.459082
21216	-2093.925	-2245.115	151.1901	1.001785	0.77012	0.175316	0.0464137	0.00815113	0.9605389	6.028842
21222	-2087.437	-2238.63	151.193	1.292664	0.701035	0.158323	0.135655	0.00498694	1.001699	5.852579
21228	-2071.739	-2224.551	152.8121	1.569708	0.760219	0.0679752	0.158266	0.0135395	1.162239	4.734786
21234	-2068.425	-2220.562	152.1374	1.492927	0.713851	0.244117	0.0248675	0.0171641	1.108292	5.176539
21240	-2069.262	-2221.721	152.459	1.239918	0.699395	0.225764	0.0589674	0.0158737	1.022278	5.171841
21246	-2068.789	-2221.098	152.3084	1.38588	0.649496	0.28331	0.0524521	0.0147412	1.039767	5.171841
21252	-2082.255	-2236.934	154.6787	1.006867	0.585455	0.307107	0.0999076	0.00753128	1.200076	3.950947
21258	-2088.281	-2243.124	154.8434	0.850838	0.606302	0.285592	0.0920488	0.0160578	1.238493	3.92566
21264	-2083.259	-2235.869	152.6109	1.452133	0.802336	0.0606428	0.124399	0.0126216	1.116097	4.929147
21270	-2078.956	-2230.637	151.6811	1.449683	0.752485	0.117272	0.105834	0.024408	0.9546102	5.533693
21276	-2092.874	-2244.987	152.1133	1.042426	0.752485	0.117272	0.105834	0.024408	0.8180641	5.579553
21282	-2078.868	-2230.386	151.5178	1.423182	0.732402	0.146825	0.10301	0.0177639	1.057739	5.579553
21288	-2093.384	-2244.923	151.5393	1.423182	0.761193	0.0586352	0.15763	0.0225418	1.036246	5.579553
21294	-2083.24	-2236.855	153.6153	1.543357	0.72962	0.0606326	0.163	0.0467484	1.297866	4.218868
21300	-2086.697	-2239.689	152.9917	1.543357	0.685053	0.102053	0.086093	0.126801	1.171641	4.641565
21306	-2094.485	-2248.645	154.1599	1.199544	0.765653	0.084089	0.121807	0.0284512	1.26983	4.100514
21312	-2090.23	-2243.636	153.406	1.603778	0.843257	0.0761072	0.0706284	0.0100074	1.243533	4.339272
21318	-2081.021	-2234.292	153.2708	1.905405	0.822224	0.074209	0.0988408	0.00472597	1.114719	4.351671
21324	-2076.386	-2233.538	157.1521	1.138054	0.848686	0.113693	0.0183841	0.0192369	1.568875	2.164783
21330	-2079.228	-2235.697	156.4689	1.465907	0.691571	0.19712	0.0981631	0.0131453	1.568875	2.409985
21336	-2079.675	-2234.402	154.7268	1.184564	0.835224	0.102423	0.055827	0.00652632	1.350181	3.73763
21342	-2093.637	-2247.107	153.47	1.023711	0.693704	0.198418	0.0928877	0.014991	1.094289	4.684982
21348	-2090.393	-2243.705	153.3117	0.9644867	0.571653	0.325254	0.0872517	0.0158413	1.147694	4.776789
21354	-2088.629	-2241.064	152.4341	0.9321591	0.593661	0.327489	0.0653827	0.0134674	1.315241	5.189655
21360	-2073.781	-2230.498	156.7172	1.189618	0.636024	0.137833	0.19562	0.0305229	1.516024	2.44492
21366	-2076.104	-2232.1	155.9954	1.482703	0.742162	0.0660148	0.157255	0.0345685	1.45603	2.76447
21372	-2079.385	-2234.324	154.9388	1.487105	0.842689	0.0404432	0.0829512	0.0339169	1.321632	3.471967
21378	-2078.493	-2232.31	153.8169	1.31112	0.671375	0.166031	0.120975	0.0416191	1.191208	4.281084
21384	-2086.281	-2237.788	151.5077	1.611161	0.748726	0.106147	0.128962	0.016165	0.8893186	5.588999
21390	-2106.645	-2259.538	152.8923	2.12222	0.740087	0.0901244	0.0736732	0.0961159	1.347516	4.342305
21396	-2094.041	-2247.066	153.0249	1.368678	0.811291	0.0732147	0.0895617	0.0259327	1.409656	4.575051
21402	-2081.388	-2235.922	154.5334	1.418094	0.87633	0.00958996	0.0985645	0.015516	1.152714	3.839678
21408	-2086.617	-2241.449	154.8322	1.285942	0.815992	0.0598461	0.108933	0.0152287	1.218682	3.698052
21414	-2094.205	-2250.086	155.881	1.333932	0.827844	0.0839547	0.0768667	0.0113349	1.287115	3.015509
21420	-2091.772	-2247.319	155.5472	0.9223363	0.724614	0.190986	0.0665237	0.0178763	1.321512	3.427622
21426	-2097.272	-2252.177	154.9056	0.8768176	0.578437	0.237122	0.128127	0.0563148	1.25633	3.864325
21432	-2078.242	-2232.794	154.5517	1.062622	0.820102	0.119073	0.0331995	0.0276251	1.395412	3.880121
21438	-2080.902	-2233.737	152.8353	1.47919	0.740483	0.128699	0.0756556	0.0551628	1.313034	4.680831
21444	-2075.77	-2230.567	154.7973	1.518452	0.767073	0.0146042	0.206143	0.0121796	1.202811	3.607819
21450	-2077.147	-2233.398	156.2516	1.518452	0.865466	0.0110443	0.107225	0.0162652	1.446838	2.593675
21456	-2078.566	-2233.914	155.3474	1.615994	0.828514	0.00696127	0.102647	0.0618778	1.501424	3.059854
21462	-2078.835	-2233.718	154.883	1.112341	0.706962	0.0406471	0.203415	0.0489766	1.22348	3.760516
21468	-2082.369	-2235.759	153.3897	1.143948	0.664169	0.107025	0.191102	0.0377046	1.22348	4.591815
21474	-2085.727	-2238.526	152.7987	1.165452	0.668856	0.10778	0.19245	0.030914	1.24462	4.898794
21480	-2091.789	-2245.743	153.9542	1.262211	0.726033	0.08917	0.159221	0.0255762	1.14922	4.252565
21486	-2080.834	-2233.184	152.3503	1.476921	0.65133	0.14417	0.184219	0.0202812	0.9808136	5.136933
21492	-2081.285	-2234.962	153.6773	1.321724	0.707221	0.196983	0.073775	0.0220215	1.045179	4.436978
21498	-2084.953	-2237.51	152.5562	0.9906603	0.65185	0.18156	0.160137	0.00645366	0.9817498	5.27384
21504	-2092.029	-2244.561	152.5317	1.122321	0.589744	0.203928	0.19412	0.0122082	0.8767548	5.27384
21510	-2090.549	-2243.26	152.7108	1.319826	0.72512	0.108513	0.142883	0.0234837	1.066198	4.967015
21516	-2086.63	-2239.18	152.5493	1.510642	0.841517	0.0644869	0.0732802	0.0207157	1.058895	4.967015
21522	-2086.881	-2242.261	155.3794	1.246989	0.778022	0.140468	0.079704	0.00180638	1.2722	3.369117
21528	-2081.928	-2237.038	155.1101	1.214087	0.785985	0.138629	0.0740613	0.00132451	1.244083	3.560889
21534	-2064.588	-2218.69	154.1021	0.9440027	0.699131	0.164555	0.135743	0.000571694	1.255464	4.283638
21540	-2068.097	-2220.26	152.1624	1.175907	0.636082	0.108183	0.254012	0.00172236	1.088007	5.332741
21546	-2077.541	-2229.074	151.5322	1.223046	0.745732	0.0675067	0.170262	0.0164992	1.432664	5.465543
21552	-2078.534	-2228.755	150.2213	1.194279	0.763387	0.117657	0.111553	0.00740365	0.9330362	6.468598
21558	-2087.284	-2235.687	148.4024	1.634555	0.801669	0.0615668	0.126181	0.0105835	1.021181	7.192054
21564	-2090.105	-2243.478	153.3733	1.292175	0.796133	0.0640826	0.131337	0.00844728	0.970444	4.66485
21570	-2076.272	-2228.162	151.89	1.113475	0.780839	0.0628516	0.148024	0.00828501	1.012932	5.557013
21576	-2081.955	-2231.973	150.0182	1.147341	0.752914	0.0708601	0.166885	0.00934067	1.019867	6.555801
21582	-2076.616	-2226.647	150.0305	1.253502	0.783496	0.0399473	0.170647	0.00590972	0.9812587	6.515825
21588	-2078.523	-2232.548	154.0256	1.523094	0.750257	0.0845946	0.163408	0.00174042	1.231723	4.032955
21594	-2085.343	-2235.121	149.7783	1.136085	0.64504	0.27893	0.0659125	0.0101178	1.020141	6.691213
21600	-2083.848	-2237.048	153.2003	0.9075316	0.481348	0.447684	0.0607351	0.0102322	1.124586	4.884147
21606	-2082.748	-2236.71	153.9622	0.9473186	0.698944	0.181131	0.100981	0.018944	1.351822	4.306326
21612	-2088.946	-2244.629	155.6829	0.7697755	0.622965	0.276764	0.0946246	0.00564609	1.123561	3.556348
21618	-2086.815	-2241.274	154.4586	0.8479608	0.589298	0.320998	0.0842769	0.00542699	1.00375	4.280132
21624	-2087.583	-2241.918	154.3346	0.8263278	0.683526	0.210404	0.0997752	0.00629475	1.150284	4.280132
21630	-2090.356	-2244.121	153.7651	0.8796818	0.608029	0.346966	0.0387792	0.00622632	1.263858	4.506127
21636	-2094.175	-2246.801	152.6259	1.158934	0.598052	0.353669	0.0363391	0.0119405	1.031106	5.116866
21642	-2086.938	-2239.713	152.7743	1.199389	0.603372	0.303533	0.0731411	0.0199538	1.046689	5.004577
21648	-2090.225	-2242.681	152.4563	1.093363	0.581339	0.251734	0.09126	0.0756663	1.06886	5.224861
21654	-2095.043	-2245.121	150.0776	1.101817	0.562794	0.286125	0.09607	0.0550107	0.9066726	6.608634
21660	-2094.178	-2245.558	151.3793	1.296792	0.739394	0.16101	0.0765782	0.0230183	0.9768126	5.76222
21666	-2103.666	-2251.738	148.0718	1.417923	0.784977	0.0722969	0.1175	0.0252256	0.9368578	7.514189
21672	-2085.195	-2237.33	152.1342	0.9587054	0.758168	0.121252	0.113487	0.00709333	1.11317	5.451835
21678	-2077.285	-2229.143	151.8586	0.9305529	0.773061	0.169603	0.0571027	0.000233149	1.148221	5.599791
21684	-2082.866	-2237.585	154.7191	0.9096058	0.457162	0.40028	0.142339	0.000218487	1.123792	4.027656
21690	-2081.201	-2235.651	154.4503	1.15785	0.750969	0.0142522	0.231287	0.00349184	1.186678	4.004881
21696	-2074.507	-2229.986	155.4793	0.8617779	0.459942	0.362714	0.172217	0.00512775	1.151509	3.602598
21702	-2076.991	-2231.19	154.1994	0.7958952	0.580579	0.347208	0.0686787	0.00353408	1.181327	4.357006
21708	-2085.007	-2241.327	156.3197	0.7902754	0.474161	0.443906	0.0642933	0.0176395	1.181924	3.134929
21714	-2075.818	-2230.535	154.7172	1.285083	0.676761	0.200171	0.0581839	0.0648838	1.311744	3.711173
21720	-2068.525	-2221.991	153.4665	0.9815969	0.616384	0.229186	0.0860283	0.0684019	1.380841	4.549892
21726	-2078.164	-2232.781	154.6179	0.9815969	0.644439	0.224573	0.0729698	0.058019	1.360257	3.908493
21732	-2089.769	-2247.096	157.327	0.806013	0.709952	0.16062	0.0809375	0.0484899	1.426065	2.358723
21738	-2099.417	-2255.36	155.9429	1.085449	0.748803	0.068762	0.117926	0.0645094	1.315901	3.10103
21744	-2092.928	-2245.662	152.7333	1.252111	0.725035	0.169393	0.0890006	0.0165716	0.9359101	5.061452
21750	-2093.575	-2247.926	154.3505	1.044546	0.831197	0.0154159	0.145677	0.00770997	1.255134	4.08558
21756	-2082.252	-2235.297	153.0447	1.481697	0.793424	0.0210059	0.175065	0.0105057	1.185229	4.633922
21762	-2077.609	-2229.888	152.2787	1.532878	0.745147	0.0500645	0.17279	0.0319979	1.024476	5.125732
21768	-2078.503	-2229.934	151.4315	1.532878	0.598651	0.236822	0.13882	0.0257071	1.032669	5.588399
21774	-2077.432	-2230.645	153.2128	1.168243	0.553829	0.181945	0.244476	0.0197502	0.9608003	4.824715
21780	-2093.644	-2248.339	154.6955	1.127524	0.648285	0.230125	0.11355	0.00804062	1.13404	3.911314
21786	-2092.523	-2247.906	155.3832	1.644187	0.791025	0.0218342	0.174766	0.0123754	1.26514	3.165339
21792	-2088.289	-2243.162	154.8726	1.407786	0.700115	0.0177764	0.222215	0.059893	1.399709	3.505639
21798	-2074.205	-2227.801	153.5963	1.210542	0.732191	0.0146762	0.18085	0.0722833	1.033282	4.547063
21804	-2077.155	-2231.335	154.1797	1.12531	0.659234	0.0404847	0.26611	0.034172	1.057615	4.25001
21810	-2090.163	-2242.829	152.6659	1.700188	0.777561	0.0509534	0.111256	0.0602295	0.9773328	4.859239
21816	-2083.416	-2235.204	151.7882	1.320609	0.839739	0.0523971	0.088306	0.0195577	0.9815699	5.523359
21822	-2088.853	-2240.154	151.3011	1.403811	0.833974	0.0525357	0.0708223	0.0426678	0.9674098	5.75731
21828	-2084.678	-2237.87	153.1922	1.167118	0.646825	0.139096	0.140613	0.0734669	1.043098	4.79087
21834	-2073.507	-2226.301	152.7941	1.48845	0.657901	0.215339	0.0637157	0.063044	1.090667	4.82362
21840	-2085.052	-2238.62	153.568	1.034496	0.700925	0.133467	0.124556	0.0410521	1.159553	4.587485
21846	-2086.629	-2240.306	153.6772	0.9365156	0.653158	0.242353	0.0978993	0.00658887	1.148762	4.587485
21852	-2073.541	-2225.977	152.4355	1.2215	0.630433	0.335561	0.0322241	0.00178195	1.036534	5.186519
21858	-2072.899	-2226.356	153.4576	1.264544	0.686812	0.266948	0.0448221	0.00141759	1.109157	4.554088
21864	-2088.821	-2243.197	154.3762	1.178506	0.688815	0.134123	0.176319	0.000744106	1.299537	3.971456
21870	-2087.138	-2240.35	153.2122	1.178506	0.764383	0.0966912	0.138729	0.000196679	1.147787	4.715156
21876	-2087.634	-2243.376	155.7421	1.091388	0.67092	0.166529	0.158693	0.00385748	1.331619	3.207541
21882	-2081.39	-2234.933	153.5432	1.436259	0.666894	0.189582	0.13753	0.00599316	1.34671	4.284562
21888	-2090.765	-2244.099	153.334	1.552554	0.842913	0.00343426	0.152064	0.00158906	1.341875	4.348787
21894	-2073.098	-2225.924	152.8264	1.587746	0.882772	0.00250273	0.110817	0.00390844	1.138659	4.731483
21900	-2073.722	-2226.001	152.2785	1.426924	0.842205	0.00331785	0.14691	0.00756738	0.9671469	5.208418
21906	-2081.852	-2234.371	152.519	1.252353	0.71448	0.00482531	0.213658	0.067037	1.10315	5.087407
21912	-2087.228	-2241.907	154.6783	1.306744	0.874312	0.00381715	0.119033	0.0028374	1.028906	3.884994
21918	-2076.719	-2229.265	152.5457	1.215057	0.831293	0.00569953	0.146767	0.0162407	1.052904	5.119772
21924	-2082.252	-2236.242	153.9901	1.215057	0.812824	0.00296875	0.172048	0.0121598	1.093709	4.288573
21930	-2091.535	-2246.082	154.547	1.03004	0.746766	0.100999	0.149705	0.00253101	1.246777	3.986379
21936	-2105.496	-2259.224	153.7278	1.78286	0.727981	0.123629	0.147604	0.000785985	1.251537	4.069168
21942	-2093.906	-2249.093	155.1866	1.215905	0.779711	0.144163	0.0631948	0.012931	1.354299	3.450981
21948	-2084.714	-2239.966	155.2516	1.215905	0.708597	0.204195	0.059603	0.0276053	1.391	3.391457
21954	-2093.657	-2249.247	155.5899	0.9281101	0.546788	0.364839	0.0476582	0.040715	1.314867	3.403046
21960	-2083.234	-2236.572	153.3389	1.380897	0.767275	0.150228	0.0512821	0.0312149	1.108896	4.561458
21966	-2084.889	-2238.028	153.1387	1.323757	0.809576	0.158511	0.0215851	0.0103288	1.332813	4.577045
21972	-2094.876	-2248.862	153.9866	1.298758	0.613652	0.243091	0.0814028	0.0618541	1.277406	4.142338
21978	-2090.43	-2243.024	152.5949	1.13204	0.687885	0.184552	0.0801726	0.0473902	1.235978	5.034749
21984	-2092.417	-2244.999	152.5816	1.418774	0.621583	0.277516	0.0583449	0.0425561	0.9846871	5.034749
21990	-2084.672	-2236.763	152.091	1.400215	0.609235	0.182983	0.130772	0.0770093	1.253844	5.166652
21996	-2094.316	-2245.587	151.2708	1.219839	0.607178	0.215479	0.153996	0.0233467	0.9723956	5.86298
22002	-2089.343	-2241.842	152.4987	1.505654	0.726317	0.0979546	0.145942	0.029786	0.8770603	5.098425
22008	-2091.032	-2243.807	152.7753	1.681085	0.803335	0.0694119	0.121164	0.00608886	1.093636	4.741941
22014	-2090.54	-2245.652	155.112	1.216426	0.603178	0.372476	0.00986377	0.0144817	1.292433	3.530365
22020	-2087.28	-2243.189	155.9092	1.012548	0.601273	0.371299	0.0259046	0.00152374	1.409769	3.108026
22026	-2082.078	-2237.355	155.2769	1.487413	0.662681	0.312421	0.0229662	0.00193117	1.306359	3.282352
22032	-2090.022	-2245.638	155.6164	1.189306	0.615732	0.354665	0.0273074	0.00229622	1.236781	3.282352
22038	-2090.914	-2246.093	155.1793	1.585669	0.700991	0.242879	0.0377271	0.0184029	1.320137	3.282352
22044	-2081.328	-2237.322	155.9944	1.451336	0.767185	0.176673	0.0408206	0.0153215	1.601196	2.692937
22050	-2071.385	-2227.434	156.0485	1.320197	0.795025	0.188874	0.00958131	0.00652022	1.434981	2.832786
22056	-2071.085	-2226.37	155.2845	1.262263	0.748868	0.231709	0.0152132	0.00421027	1.31696	3.390194
22062	-2076.578	-2231.594	155.0161	1.025668	0.657786	0.312359	0.0261567	0.00369819	1.25302	3.715716
22068	-2083.053	-2237.347	154.2936	1.52652	0.751585	0.233399	0.0106485	0.00436783	1.225059	3.881706
22074	-2080.396	-2234.9	154.5043	1.390558	0.782499	0.196765	0.0118423	0.00889324	1.281564	3.796352
22080	-2074.265	-2228.259	153.9945	1.040571	0.651821	0.318717	0.0121506	0.0173119	1.190098	4.326715
22086	-2082.135	-2237.437	155.3027	0.9585156	0.509719	0.44703	0.0297123	0.0135378	1.335407	3.540763
22092	-2084.329	-2242.253	157.9239	1.029174	0.694554	0.176626	0.0815118	0.047308	1.746287	1.588557
22098	-2076.943	-2234.899	157.9565	1.007738	0.713171	0.154556	0.0836967	0.0485761	1.859964	1.496095
22104	-2085.713	-2243.851	158.1384	1.075616	0.554192	0.19204	0.189323	0.0644454	1.862612	1.300086
22110	-2083.709	-2238.201	154.4925	1.197435	0.633639	0.292688	0.0425679	0.0311045	1.293008	3.898316
22116	-2085.92	-2240.671	154.7506	1.473188	0.695863	0.235523	0.0340032	0.0346107	1.413911	3.534988
22122	-2091.566	-2247.368	155.802	1.42494	0.655111	0.271315	0.0265205	0.0470544	1.495108	2.88889
22128	-2074.992	-2230.545	155.5534	1.49224	0.676124	0.270984	0.00417202	0.04872	1.447686	3.031658
22134	-2071.637	-2225.004	153.3671	1.19432	0.712307	0.256896	0.00243589	0.0283613	1.174544	4.605052
22140	-2078.915	-2234.133	155.2178	1.116076	0.592931	0.382394	0.00106708	0.0236082	1.24834	3.550123
22146	-2075.059	-2231.286	156.2268	1.519868	0.819455	0.175471	0.000550123	0.00452333	1.478916	2.588403
22152	-2076.582	-2233.027	156.4448	1.519868	0.801507	0.193004	0.00320714	0.00228187	1.631556	2.356042
22158	-2076.431	-2233.05	156.6184	1.323213	0.860071	0.118835	0.0152427	0.00585133	1.631556	2.356042
22164	-2075.797	-2231.751	155.9541	1.25571	0.815275	0.135548	0.0458311	0.00334602	1.505738	2.883023
22170	-2073.412	-2230.082	156.67	1.277936	0.732365	0.108709	0.156569	0.0023575	1.574349	2.385891
22176	-2081.907	-2238.335	156.4286	1.431131	0.823754	0.122274	0.0523861	0.00158511	1.534412	2.476128
22182	-2080.068	-2236.74	156.6727	1.395435	0.700649	0.232532	0.0650521	0.00176722	1.517866	2.352539
22188	-2091.338	-2246.758	155.4204	1.648784	0.772587	0.118783	0.0946554	0.0139745	1.707231	2.875827
22194	-2087.706	-2244.547	156.8414	1.474729	0.689808	0.106056	0.186019	0.0181174	1.752428	2.046296
22200	-2098.044	-2255.246	157.2025	1.597191	0.840689	0.0519097	0.0853212	0.0220802	1.783214	1.707643
22206	-2097.733	-2254.787	157.0547	1.699958	0.784499	0.062171	0.0796185	0.073711	1.653874	1.841465
22212	-2108.113	-2264.045	155.9318	1.420948	0.618482	0.357263	0.00972182	0.0145327	1.463725	2.831408
22218	-2104.459	-2261.247	156.7882	1.14175	0.591412	0.385395	0.00929631	0.0138966	1.37074	2.51997
22224	-2104.904	-2261.082	156.1776	1.856904	0.731013	0.177611	0.01363	0.0777456	1.342501	2.532476
22230	-2090.084	-2247.606	157.5217	1.453569	0.663545	0.178254	0.102842	0.0553582	1.80137	1.552982
22236	-2098.728	-2255.824	157.0962	1.69097	0.621979	0.159341	0.16679	0.0518904	1.927768	1.624895
22242	-2083.138	-2239.445	156.3071	1.287132	0.735639	0.188459	0.0242046	0.0516974	1.612391	2.583928
22248	-2076.449	-2231.751	155.302	1.287132	0.624402	0.283062	0.030858	0.0616775	1.612391	3.192192
22254	-2083.615	-2238.81	155.1948	1.407592	0.712642	0.245861	0.0146438	0.0268532	1.502667	3.256213
22260	-2089.461	-2245.024	155.5638	1.302055	0.809829	0.143862	0.0188422	0.0274667	1.475281	3.109961
22266	-2079.467	-2236.156	156.6897	1.329146	0.77643	0.137929	0.0593071	0.0263339	1.708046	2.258286
22272	-2083.211	-2238.335	155.124	1.448745	0.817112	0.0626041	0.0925703	0.0277137	1.554365	3.246056
22278	-2081.307	-2235.522	154.2155	1.143784	0.677128	0.228607	0.0725459	0.0217188	1.397667	4.02618
22284	-2087.054	-2241.005	153.9508	1.582442	0.676867	0.128804	0.158528	0.0358013	1.267918	4.02618
22290	-2081.389	-2235.754	154.3654	1.455492	0.763571	0.104083	0.112348	0.019998	1.187357	3.897374
22296	-2092.189	-2247.846	155.657	0.9822555	0.583632	0.31521	0.0858726	0.0152853	1.331827	3.321494
22302	-2095.098	-2249.088	153.9902	1.014257	0.536226	0.298002	0.152273	0.0134989	1.282013	4.291905
22308	-2086.185	-2241.692	155.5068	1.048391	0.637697	0.276842	0.0697758	0.0156851	1.431953	3.312177
22314	-2091.832	-2246.583	154.7514	1.445454	0.637697	0.276842	0.0697758	0.0156851	1.185594	3.681065
22320	-2102.349	-2256.608	154.2595	1.425046	0.823248	0.0535329	0.106744	0.0164754	1.465798	3.813611
22326	-2102.166	-2254.947	152.7807	1.569126	0.826162	0.0971553	0.0506029	0.0260796	1.228309	4.715719
22332	-2103.282	-2256.155	152.8726	1.354647	0.80517	0.143052	0.0133783	0.0383997	1.196908	4.786444
22338	-2084.337	-2237.975	153.6381	1.311217	0.711296	0.130403	0.124379	0.0339227	1.042617	4.465882
22344	-2096.041	-2249.394	153.3525	1.959185	0.678197	0.170868	0.108581	0.0423537	1.351032	4.148163
22350	-2088.586	-2240.664	152.0774	1.814602	0.83652	0.021915	0.105568	0.0359972	1.355773	4.925119
22356	-2087.637	-2241.463	153.8261	1.647961	0.911629	0.0369459	0.0168432	0.0345817	1.110859	4.155535
22362	-2102.801	-2255.168	152.3674	1.406573	0.709968	0.0974574	0.121547	0.0710279	1.110399	5.089829
22368	-2080.036	-2231.959	151.9232	1.644124	0.777583	0.019584	0.149995	0.0528385	1.049082	5.257046
22374	-2083.119	-2237.499	154.3801	1.826742	0.715974	0.107451	0.124419	0.0521555	1.259937	3.669814
22380	-2090.702	-2245.949	155.2472	1.490948	0.676469	0.244191	0.0693279	0.0100116	1.176795	3.374272
22386	-2087.99	-2244.584	156.5935	1.38242	0.691773	0.249715	0.0482737	0.0102381	1.445214	2.455704
22392	-2092.571	-2248.959	156.3879	1.733823	0.770187	0.160809	0.0408842	0.0281191	1.352631	2.455704
22398	-2102.145	-2259.613	157.468	1.248326	0.684967	0.170923	0.130516	0.0135935	1.549077	1.899128
22404	-2094.93	-2249.847	154.917	1.571208	0.827983	0.0952312	0.0361222	0.0406639	1.382543	3.407032
22410	-2100.255	-2252.114	151.859	1.296321	0.798786	0.117242	0.0776377	0.00633416	1.059411	5.453739
22416	-2098.925	-2250.345	151.4205	1.111328	0.74102	0.0985408	0.154563	0.00587609	0.8683076	5.894603
22422	-2090.705	-2240.667	149.9614	1.157011	0.670539	0.224779	0.100246	0.00443546	0.9005227	6.64605
22428	-2090.463	-2241.56	151.0969	1.157011	0.686903	0.212578	0.0853047	0.0152141	0.910222	6.024378
22434	-2084.195	-2236.683	152.4876	1.198649	0.708692	0.195382	0.0880107	0.00791565	1.142529	5.110842
22440	-2080.767	-2234.056	153.2888	1.219673	0.702651	0.0961328	0.141292	0.0599246	1.055906	4.701964
22446	-2087.762	-2241.175	153.413	1.067005	0.724954	0.118535	0.145776	0.0107345	1.073677	4.704538
22452	-2092.592	-2248.373	155.7813	1.188528	0.723443	0.247546	0.0280482	0.000962775	1.516769	3.01836
22458	-2087.591	-2243.695	156.1043	1.288627	0.717494	0.257679	0.0240036	0.000823941	1.490703	2.782531
22464	-2080.345	-2236.47	156.1252	0.9440712	0.798007	0.182797	0.0177315	0.00146378	1.461488	2.989094
22470	-2070.367	-2226.17	155.8029	1.134319	0.672241	0.262796	0.0577693	0.00719341	1.595665	2.989094
22476	-2085.113	-2239.155	154.0419	1.637202	0.811887	0.141334	0.0380915	0.00868771	1.384621	3.881075
22482	-2079.352	-2234.189	154.8367	1.637202	0.552023	0.327523	0.081628	0.0388264	1.288018	3.476965
22488	-2076.728	-2232.123	155.3953	1.561942	0.589606	0.26499	0.0871855	0.058218	1.409834	3.113021
22494	-2094.799	-2248.895	154.0952	1.368801	0.859114	0.0273899	0.0730082	0.0404875	1.227298	4.072865
22500	-2094.609	-2245.496	150.8875	1.883424	0.720772	0.0924698	0.116765	0.0699925	1.052605	5.719542
22506	-2084.453	-2235.671	151.2186	1.631526	0.695202	0.116946	0.14936	0.038491	0.9234054	5.719542
22512	-2079.892	-2230.913	151.0208	1.543811	0.751048	0.0933071	0.135865	0.0197796	0.9308543	5.8641
22518	-2096.195	-2245.797	149.6019	1.476846	0.729153	0.0913673	0.155514	0.0239664	0.8964913	6.685008
22524	-2091.524	-2244.384	152.8602	1.450297	0.711842	0.100469	0.112321	0.0753681	0.9358482	4.891601
22530	-2087.452	-2240.332	152.8801	1.387388	0.738973	0.0861807	0.128147	0.0467	0.9715355	4.891601
22536	-2086.563	-2239.967	153.4037	1.364326	0.820228	0.109554	0.0183831	0.051835	1.043395	4.570219
22542	-2099.678	-2254.282	154.6043	1.550826	0.817732	0.0846216	0.0602854	0.0373611	1.310384	3.641325
22548	-2106.17	-2260.942	154.7716	1.297723	0.771826	0.0798711	0.124971	0.0233324	1.27251	3.695677
22554	-2082.846	-2237.638	154.7924	1.095644	0.630854	0.254526	0.0715999	0.0430199	1.108261	3.888247
22560	-2080.054	-2234.843	154.7888	0.912097	0.554077	0.343233	0.0870254	0.0156653	1.215326	3.934021
22566	-2087.743	-2244.057	156.3139	1.303328	0.684316	0.0947335	0.203704	0.0172466	1.346895	2.734112
22572	-2084.267	-2238.879	154.6117	2.28107	0.815397	0.0618955	0.0979592	0.0247486	1.327273	3.298544
22578	-2077.524	-2230.283	152.7592	1.57156	0.710349	0.155464	0.112683	0.0215042	1.058261	4.821571
22584	-2090.088	-2239.205	149.1174	2.1277	0.762732	0.077884	0.13764	0.0217434	0.8305018	6.70337
22590	-2079.146	-2232.377	153.231	1.689498	0.720534	0.0503867	0.217086	0.0119934	1.22165	4.410387
22596	-2081.44	-2236.2	154.7606	1.689498	0.827323	0.0601627	0.104914	0.0076003	1.10787	3.601155
22602	-2078.731	-2232.307	153.5758	1.159212	0.761714	0.0807985	0.145102	0.0123854	1.085255	4.556747
22608	-2075.08	-2229.412	154.3313	1.481678	0.829787	0.0672195	0.0808358	0.0221576	1.089977	3.959637
22614	-2077.134	-2229.682	152.5484	1.213159	0.750588	0.0929048	0.111724	0.0447836	0.9604248	5.170496
22620	-2079.469	-2231.359	151.8896	1.249346	0.745371	0.0908755	0.123092	0.0406614	0.7952215	5.605998
22626	-2083.617	-2237.418	153.8006	1.431725	0.758924	0.00546599	0.211882	0.0237282	1.117671	4.270749
22632	-2073.934	-2227.099	153.1659	1.262627	0.790838	0.00328346	0.185145	0.0207339	0.9863723	4.787149
22638	-2081.81	-2234.317	152.5064	1.50931	0.900659	0.00255991	0.0865189	0.0102623	0.9440957	5.05521
22644	-2090.113	-2242.524	152.411	1.50931	0.784852	0.0247817	0.142003	0.048364	1.03948	5.05521
22650	-2089.202	-2242.811	153.6093	1.546945	0.673737	0.0557212	0.234998	0.0355438	1.175999	4.289607
22656	-2076.836	-2230.638	153.8021	1.49579	0.844673	0.0404653	0.112356	0.00250599	1.104266	4.245873
22662	-2084.65	-2236.254	151.6041	1.370697	0.675616	0.181408	0.107871	0.0351046	0.9542181	5.614645
22668	-2080.224	-2233.177	152.9526	1.370697	0.841944	0.0399465	0.0888882	0.0292216	1.073022	4.80293
22674	-2079.47	-2229.444	149.9743	1.372809	0.7493	0.108263	0.112684	0.0297524	0.8980733	6.532377
22680	-2086.914	-2241.256	154.3426	1.202309	0.776064	0.0964886	0.0692355	0.0582122	1.119913	4.080339
22686	-2090.54	-2245.824	155.2831	1.194839	0.821316	0.0475183	0.0975049	0.0336611	1.227385	3.480382
22692	-2078.489	-2231.373	152.8847	1.226932	0.826092	0.0107677	0.137255	0.0258846	0.9067795	5.006579
22698	-2090.166	-2242.011	151.8457	1.506663	0.815885	0.00688665	0.149109	0.02812	0.8134068	5.493655
22704	-2085.676	-2237.575	151.8987	1.54807	0.79611	0.00988123	0.171563	0.0224453	1.091144	5.291858
22710	-2085.677	-2238.693	153.0156	1.340157	0.671851	0.00833894	0.315181	0.00462922	1.177199	4.724898
22716	-2077.06	-2230.528	153.4679	1.169583	0.760161	0.00671102	0.230662	0.00246689	1.214485	4.539213
22722	-2083.549	-2236.453	152.9034	1.231519	0.862373	0.010809	0.112371	0.014447	0.9666751	4.960512
22728	-2080.073	-2233.176	153.1035	1.231519	0.782519	0.0183749	0.191026	0.00808028	1.071443	4.790686
22734	-2074.624	-2227.508	152.8835	1.025942	0.734649	0.11108	0.14801	0.00626071	1.121135	4.995857
22740	-2080.197	-2235	154.8029	1.143238	0.750019	0.0931859	0.150432	0.00636316	1.369945	3.705043
22746	-2082.915	-2237.596	154.681	1.143238	0.80285	0.0693782	0.12096	0.00681137	1.075587	3.944481
22752	-2074.412	-2229.103	154.6915	1.250712	0.771473	0.0666667	0.156309	0.00555128	1.142754	3.841706
22758	-2086.351	-2239.253	152.9027	1.145065	0.769021	0.0664549	0.155813	0.00871082	1.044266	4.963285
22764	-2091.955	-2244.747	152.7924	1.143023	0.675992	0.190225	0.0901361	0.0436473	1.156481	4.963285
22770	-2086.521	-2240.095	153.5738	1.347489	0.647577	0.191642	0.154308	0.00647381	1.153734	4.420964
22776	-2089.072	-2244.852	155.7804	0.9368566	0.563742	0.333696	0.0952795	0.00728227	1.42358	3.221561
22782	-2090.856	-2247.539	156.6827	0.9089511	0.631411	0.260663	0.102622	0.00530382	1.42358	2.695511
22788	-2070.606	-2225.134	154.5275	1.386144	0.721845	0.142334	0.11732	0.0185012	1.500763	3.658621
22794	-2068.792	-2225.41	156.6173	1.053906	0.670371	0.242189	0.066033	0.0214076	1.441825	2.634879
22800	-2066.889	-2222.253	155.3642	1.299714	0.618598	0.310754	0.0609333	0.00971459	1.488838	3.22171
22806	-2077.806	-2234.402	156.5951	1.299714	0.701883	0.231722	0.0574967	0.00889788	1.837689	2.25302
22812	-2083.968	-2237.374	153.4058	1.244148	0.619662	0.347353	0.00911676	0.0238685	1.159677	4.565409
22818	-2092.201	-2245.424	153.2228	1.322949	0.614668	0.344554	0.0124792	0.028299	1.049671	4.689033
22824	-2091.905	-2246.307	154.4022	0.8885713	0.463714	0.475029	0.033841	0.0274153	1.253458	4.146631
22830	-2091.879	-2247.644	155.7646	1.031856	0.553391	0.344139	0.0404224	0.062048	1.17038	3.324031
22836	-2081.43	-2238.051	156.6211	0.9376308	0.623535	0.250987	0.110021	0.0154578	1.452868	2.697402
22842	-2098.161	-2254.895	156.7338	1.116023	0.673333	0.186188	0.123787	0.0166923	1.452868	2.518138
22848	-2094.948	-2249.785	154.8371	0.9753922	0.660104	0.11759	0.200609	0.0216968	1.197358	3.879782
22854	-2098.644	-2253.959	155.3151	1.659692	0.686389	0.172771	0.0984554	0.0423844	1.166716	3.256391
22860	-2099.669	-2255.298	155.6297	1.176181	0.623381	0.211152	0.111523	0.0539444	1.197072	3.305275
22866	-2086.384	-2241.608	155.2239	1.392633	0.676043	0.244825	0.0533334	0.0257978	1.263201	3.387844
22872	-2087.026	-2243.085	156.0596	1.254419	0.564113	0.313916	0.0445348	0.0774367	1.475023	2.838435
22878	-2092.674	-2248.363	155.6884	1.714203	0.783456	0.124446	0.06822	0.0238778	1.454351	2.834197
22884	-2080.419	-2235.312	154.893	1.386543	0.784324	0.133707	0.073297	0.0086723	1.344793	3.536708
22890	-2086.191	-2241.495	155.3048	1.215448	0.822165	0.13273	0.0359559	0.00914956	1.346592	3.386554
22896	-2079.917	-2234.253	154.3369	1.525734	0.697336	0.13061	0.137836	0.0342177	1.217034	3.861807
22902	-2088.112	-2241.482	153.3702	1.758552	0.79474	0.140985	0.0471478	0.017127	1.235609	4.292347
22908	-2082.785	-2236.771	153.9861	1.21032	0.690019	0.228883	0.0654716	0.0156259	1.095537	4.292347
22914	-2085.216	-2238.748	153.5313	1.21032	0.708031	0.164408	0.0956356	0.0319253	1.265315	4.453222
22920	-2076.32	-2230.756	154.4367	1.143426	0.65276	0.245315	0.0741213	0.0278037	1.19224	4.017378
22926	-2091.712	-2245.825	154.1137	1.4094	0.76094	0.168889	0.0510294	0.0191417	1.255176	4.025776
22932	-2109.705	-2266.615	156.9102	2.023435	0.813605	0.0737518	0.103157	0.0094853	1.638819	1.777484
22938	-2093.043	-2251.008	157.9651	1.055446	0.792126	0.0261564	0.166527	0.0151911	1.720676	1.558112
22944	-2087.483	-2243.885	156.4016	1.161591	0.609577	0.189767	0.186211	0.0144452	1.528366	2.65014
22950	-2097.954	-2252.654	154.7001	1.423868	0.887249	0.0674236	0.0431749	0.00215265	1.177742	3.726231
22956	-2088.585	-2241.912	153.3275	1.408239	0.812231	0.112501	0.07204	0.00322814	1.343753	4.422082
22962	-2089.893	-2243.699	153.8063	1.508822	0.829955	0.0266534	0.137052	0.00633934	1.347488	4.098953
22968	-2092.605	-2247.391	154.7858	1.072041	0.838003	0.0269119	0.128685	0.00640081	1.371108	3.754111
22974	-2086.584	-2240.16	153.5759	1.083893	0.613716	0.254102	0.104886	0.0272957	1.32388	4.463402
22980	-2085.715	-2240.058	154.3423	1.406705	0.818005	0.0347922	0.110821	0.0363817	1.215361	3.919146
22986	-2083.735	-2239.038	155.3037	1.543089	0.790086	0.124523	0.063652	0.0217394	1.466402	3.143438
22992	-2080.737	-2235.562	154.8252	1.080981	0.735549	0.20305	0.0358334	0.0255682	1.392871	3.713754
22998	-2072.921	-2228.646	155.7259	1.325204	0.753785	0.208084	0.0348088	0.00332172	1.530208	2.967429
23004	-2072.367	-2228.353	155.9853	1.437201	0.839003	0.0816203	0.0777077	0.00166933	1.530208	2.749582
23010	-2068.262	-2224.835	156.573	1.086037	0.833217	0.0226391	0.142487	0.00165782	1.613554	2.536362
23016	-2080.526	-2234.588	154.0623	1.527784	0.68533	0.272774	0.0305067	0.0113894	1.298241	3.971655
23022	-2080.198	-2235.644	155.4461	1.349046	0.788134	0.191912	0.0111781	0.00877675	1.168542	3.335926
23028	-2072.159	-2224.66	152.5008	1.158814	0.791322	0.162412	0.0270664	0.0191994	1.082237	5.157876
23034	-2066.573	-2220.355	153.7827	1.577733	0.848016	0.10696	0.0423018	0.00272232	1.263677	4.126685
23040	-2096.035	-2254.222	158.1875	0.1871237	0.135686	0.65058	0.0423565	0.171377	1.659033	1.945491
23046	-2100.376	-2258.515	158.1392	0.2420983	0.309308	0.515023	0.0299245	0.145744	1.556469	2.066713
23052	-2070.801	-2226.046	155.2448	1.239903	0.82987	0.0900025	0.0519254	0.0282022	1.422291	3.363874
23058	-2075.888	-2231.972	156.0837	1.072265	0.813212	0.0917474	0.0849114	0.0101289	1.440262	2.949898
23064	-2065.05	-2220.29	155.2396	1.524523	0.792551	0.1249	0.0745441	0.00800454	1.413283	3.222346
23070	-2076.851	-2231.015	154.1647	1.332082	0.694711	0.200118	0.0888077	0.0163631	1.303451	4.008686
23076	-2082.908	-2238.45	155.5416	1.060039	0.743943	0.237102	0.0112404	0.00771519	1.360264	3.327141
23082	-2077.187	-2233.124	155.9361	1.463412	0.682939	0.284935	0.020707	0.0114189	1.449371	2.814874
23088	-2075.504	-2232.172	156.6687	1.149396	0.676921	0.301807	0.0153639	0.00590828	1.545575	2.480811
23094	-2082.501	-2240.278	157.7768	1.205098	0.713579	0.249213	0.0335465	0.00366112	1.686302	1.615447
23100	-2086.387	-2243.738	157.3506	0.2710759	0.0715187	0.845778	0.0528105	0.0298929	1.349643	2.696682
23106	-2086.494	-2242.387	155.8927	0.1929164	0.29175	0.541381	0.102631	0.0642377	1.306215	3.576862
23112	-2065.031	-2220.866	155.8354	0.1996547	0.342443	0.545604	0.0584693	0.0534836	1.206784	3.671346
23118	-2074.063	-2229.713	155.6506	0.1806927	0.327228	0.526779	0.056452	0.089541	1.41836	3.644109
23124	-2085.696	-2241.512	155.816	1.603027	0.833467	0.0706166	0.064121	0.031795	1.463052	2.807043
23130	-2081.775	-2239.057	157.2813	1.232343	0.68757	0.250716	0.0384762	0.0232378	1.631278	1.979562
23136	-2071.366	-2227.345	155.9787	1.158831	0.85846	0.035576	0.0769507	0.0290133	1.367267	3.006536
23142	-2073.372	-2228.373	155.0018	1.411644	0.877568	0.0141099	0.0786634	0.0296591	1.30381	3.484174
23148	-2091.232	-2246.421	155.1892	1.715969	0.814748	0.113313	0.0501924	0.021747	1.360966	3.188692
23154	-2089.649	-2245.731	156.0812	1.071708	0.820858	0.130607	0.0213195	0.0272157	1.382322	2.9866
23160	-2090.242	-2243.312	153.0708	0.2024548	0.0465795	0.714188	0.0434746	0.195758	1.25255	5.206606
23166	-2087.133	-2241.755	154.6221	0.2048357	0.0696286	0.741573	0.0599348	0.128863	1.256831	4.338458
23172	-2099.59	-2253.53	153.9396	0.2048357	0.217435	0.374536	0.0386936	0.369335	1.366857	4.660505
23178	-2087.283	-2240.594	153.3117	0.2048357	0.231765	0.278788	0.0412436	0.448203	1.00136	5.213288
23184	-2086.391	-2238.549	152.1583	0.2048357	0.477173	0.380386	0.0481461	0.0942944	1.034316	5.829308
23190	-2074.493	-2229.475	154.9818	0.2028843	0.529993	0.380391	0.0473662	0.0422496	1.20448	4.163519
23196	-2077.424	-2232.584	155.16	0.2204257	0.403466	0.493826	0.0328985	0.0698092	1.143835	4.102535
23202	-2068.109	-2225.667	157.5584	0.2410373	0.374542	0.561381	0.032056	0.032021	1.365354	2.559554
23208	-2074.885	-2232.042	157.1569	0.2785105	0.169794	0.803512	0.0146777	0.0120169	1.446745	2.754819
23214	-2082.447	-2239.497	157.0507	0.2264587	0.575636	0.387975	0.0290737	0.00731461	1.552709	2.754819
23220	-2084.246	-2241.511	157.265	0.147773	0.498571	0.475293	0.0251814	0.000954565	1.391536	2.661834
23226	-2092.582	-2250.237	157.6547	0.2054683	0.489986	0.458055	0.0462382	0.00572058	1.408734	2.463511
23232	-2071.713	-2226.487	154.7741	1.483521	0.827698	0.0613334	0.107102	0.00386677	1.220071	3.628765
23238	-2072.868	-2226.25	153.3816	1.312427	0.805556	0.0965371	0.0918203	0.00608619	1.163116	4.541761
23244	-2079.409	-2234.113	154.7041	1.583754	0.719738	0.166501	0.0981024	0.0156588	1.435053	3.494601
23250	-2076.552	-2229.65	153.0988	1.683532	0.792384	0.0978292	0.0937375	0.0160495	1.264554	4.463476
23256	-2071.637	-2227.33	155.6933	1.538974	0.809562	0.0782705	0.0957697	0.0163975	1.590987	2.836746
23262	-2077.425	-2232.502	155.0767	1.445594	0.735342	0.0710947	0.178669	0.0148942	1.393179	3.370502
23268	-2065.21	-2222.26	157.0497	1.382082	0.805831	0.0710851	0.114807	0.00827707	1.55826	2.090805
23274	-2070.2	-2225.693	155.4936	1.433367	0.791216	0.124064	0.0790227	0.00569717	1.584124	3.016449
23280	-2076.186	-2230.32	154.1339	1.513365	0.773747	0.169139	0.0451388	0.0119754	1.24055	3.9708
23286	-2080.519	-2232.969	152.4504	1.538241	0.869043	0.0916845	0.0300579	0.00921488	1.212524	4.923428
23292	-2077.945	-2230.647	152.7024	1.453455	0.802562	0.090541	0.102914	0.0039836	1.231733	4.813092
23298	-2086.89	-2242.756	155.8663	1.067231	0.784893	0.0885477	0.100648	0.0259109	1.257325	3.192009
23304	-2078.303	-2234.914	156.6112	1.124017	0.54321	0.337318	0.113536	0.00593604	1.649329	2.467082
23310	-2079.887	-2232.481	152.5939	1.441739	0.598508	0.284638	0.101135	0.0157198	1.082637	4.962258
23316	-2075.67	-2227.368	151.6981	1.571032	0.779884	0.087755	0.111878	0.0204836	1.081039	5.397363
23322	-2079.806	-2232.174	152.368	1.571032	0.82207	0.0445105	0.11793	0.0154898	1.135732	4.996445
23328	-2084.235	-2237.988	153.7528	1.764107	0.773535	0.154396	0.0514111	0.0206581	1.17434	4.107439
23334	-2090.551	-2246.055	155.5039	1.318762	0.61999	0.245961	0.120056	0.0139935	1.360969	3.204388
23340	-2083.687	-2237.675	153.9877	1.374161	0.553426	0.185091	0.193356	0.0681273	1.101384	4.2029
23346	-2099.767	-2254.65	154.8833	1.164935	0.671263	0.196176	0.0603713	0.0721905	1.328997	3.670202
23352	-2083.072	-2236.681	153.6091	0.9962269	0.708564	0.180487	0.0959178	0.0150316	1.122495	4.606615
23358	-2086.208	-2240.049	153.8412	1.381205	0.742721	0.140502	0.0655012	0.0512756	1.164021	4.246874
23364	-2088.745	-2241.367	152.6218	1.719505	0.757439	0.169489	0.0605683	0.0125038	1.121203	4.794839
23370	-2088.072	-2241.849	153.7771	0.8915204	0.791131	0.152676	0.0436784	0.0125151	1.039999	4.618248
23376	-2082.59	-2236.161	153.5712	1.808966	0.690294	0.180693	0.10028	0.028733	1.201405	4.175011
23382	-2085.282	-2237.059	151.7777	1.603804	0.787673	0.0878052	0.0740451	0.0504766	1.002879	5.381367
23388	-2086.211	-2239.798	153.5867	1.281339	0.698217	0.184814	0.0656358	0.0513328	1.030693	4.516927
23394	-2085.618	-2239.808	154.1894	1.281339	0.676142	0.178971	0.0951775	0.0497098	1.093535	4.140631
23400	-2080.07	-2234.902	154.8319	0.8075253	0.652907	0.240069	0.0919068	0.0151175	1.095813	4.039634
23406	-2094.929	-2248.917	153.9884	0.8933137	0.552617	0.270811	0.155121	0.0214516	1.087652	4.471739
23412	-2082.683	-2236.247	153.5641	1.368389	0.680569	0.222441	0.0852072	0.0117833	1.054468	4.471739
23418	-2078.75	-2233.763	155.0127	1.256972	0.793795	0.0949074	0.0993832	0.0119145	1.184665	3.628701
23424	-2091.955	-2246.927	154.9721	1.386343	0.872722	0.0496155	0.0748388	0.00282401	1.107629	3.628701
23430	-2090.17	-2243.059	152.8891	1.066961	0.568012	0.168721	0.254494	0.00877293	0.9579811	5.060866
23436	-2082.313	-2234.506	152.1933	1.006462	0.730999	0.217134	0.0405769	0.0112903	1.007538	5.451044
23442	-2083.861	-2236.452	152.5905	1.485578	0.664794	0.177907	0.151787	0.00551189	0.8649789	5.063807
23448	-2076.419	-2230.597	154.1784	1.177952	0.690855	0.249068	0.050131	0.0099458	1.121329	4.186057
23454	-2086.852	-2240.384	153.532	0.7808747	0.467206	0.466803	0.0296692	0.0363216	0.9860804	4.849793
23460	-2078.026	-2230.244	152.2178	1.24406	0.633319	0.289581	0.0264169	0.0506828	1.047221	5.289304
23466	-2076.891	-2232.317	155.4262	1.143433	0.72698	0.193956	0.00814775	0.0709157	1.190905	3.446646
23472	-2084.607	-2236.032	151.4245	1.585042	0.620415	0.262145	0.0286369	0.0888028	0.968655	5.603147
23478	-2095.674	-2246.87	151.1959	1.802674	0.610808	0.250278	0.0421001	0.0968135	0.8408466	5.701214
23484	-2089.495	-2240.62	151.1251	1.829379	0.74537	0.0876925	0.111404	0.0555336	0.8906356	5.701214
23490	-2085.928	-2236.178	150.2499	1.722678	0.744875	0.190942	0.0279362	0.0362467	0.8210885	6.263115
23496	-2071.16	-2222.239	151.0799	1.298372	0.726193	0.249089	0.0030358	0.0216823	1.065521	5.876682
23502	-2077.282	-2226.684	149.4027	1.100238	0.694868	0.28148	0.00290485	0.020747	0.814172	7.02359
23508	-2083.987	-2238.623	154.636	1.072936	0.635657	0.319818	0.00816631	0.0363579	1.205642	3.934805
23514	-2093.981	-2250.164	156.1835	0.8393797	0.511978	0.441313	0.026628	0.0200809	1.302391	3.113717
23520	-2091.251	-2244.342	153.0913	1.263624	0.685548	0.176008	0.0614781	0.0769659	1.173183	4.723946
23526	-2078.721	-2233.717	154.9959	1.562525	0.742907	0.107066	0.0666219	0.0834055	1.409114	3.349435
23532	-2078.054	-2232.385	154.3302	1.382093	0.68164	0.186937	0.0465556	0.0848678	1.338243	3.868181
23538	-2077.198	-2231.043	153.8448	1.212211	0.620083	0.322366	0.0364722	0.0210784	0.9503448	4.453098
23544	-2080.304	-2234.146	153.8421	1.136237	0.670268	0.227841	0.0738731	0.0280176	1.018289	4.45699
23550	-2090.276	-2245.125	154.8494	2.057933	0.922036	0.0414782	0.0226015	0.0138842	1.02474	3.430939
23556	-2087.262	-2242.616	155.354	1.58938	0.915306	0.0341362	0.0224365	0.0281216	1.191568	3.253263
23562	-2079.509	-2233.197	153.6882	1.300023	0.783192	0.0903903	0.0881009	0.0383164	1.103531	4.409073
23568	-2092.939	-2246.143	153.2045	1.679333	0.672461	0.275463	0.00907577	0.0429996	1.060022	4.521039
23574	-2090.885	-2244.598	153.7129	2.051154	0.748922	0.0499551	0.192822	0.00830047	1.190297	3.995025
23580	-2090.519	-2242.048	151.5286	1.165255	0.663179	0.0549336	0.256799	0.0250886	1.181063	5.63582
23586	-2097.994	-2248.816	150.8213	1.524481	0.706949	0.116489	0.1395	0.0370621	1.033999	5.925735
23592	-2100.214	-2254.455	154.2405	2.41672	0.927456	0.0635146	0.00421772	0.00481123	1.194208	3.539099
23598	-2108.042	-2262.949	154.9071	1.727263	0.775833	0.123101	0.0138934	0.0871727	1.225113	3.429504
23604	-2100.968	-2255.777	154.8096	1.783589	0.77982	0.192479	0.0179552	0.00974525	1.234939	3.454397
23610	-2077.004	-2229.996	152.9924	1.437662	0.654167	0.0616132	0.259094	0.0251257	1.219129	4.665741
23616	-2073.432	-2228.607	155.1748	1.428119	0.733763	0.0880054	0.161485	0.0167469	1.423526	3.304026
23622	-2079.51	-2233.144	153.634	1.290228	0.669638	0.101693	0.216737	0.0119322	1.188511	4.396783
23628	-2082.436	-2236.427	153.9915	1.261426	0.607923	0.173645	0.196762	0.02167	1.161589	4.22484
23634	-2075.956	-2230.21	154.2536	1.403656	0.749543	0.109117	0.115582	0.0257583	1.2753	3.937207
23640	-2076.098	-2231.671	155.5723	1.047543	0.723501	0.0880041	0.16772	0.0207744	1.216472	3.400796
23646	-2065.956	-2220.247	154.2916	1.096955	0.758335	0.144157	0.0533179	0.0441905	1.287608	4.071321
23652	-2063.944	-2217.921	153.9766	1.304536	0.741476	0.187091	0.0510097	0.0204234	1.210501	4.183032
23658	-2072.107	-2226.037	153.9298	1.259791	0.680556	0.071972	0.232132	0.0153397	1.151277	4.266492
23664	-2072.98	-2225.742	152.7614	1.181527	0.851559	0.0911089	0.0379137	0.0194185	1.055953	5.015981
23670	-2073.606	-2227.243	153.6373	1.012851	0.704968	0.0939367	0.177302	0.0237935	1.16836	4.555732
23676	-2074.212	-2226.788	152.5753	1.115863	0.62004	0.33206	0.0312863	0.0166145	1.066115	5.148406
23682	-2087.739	-2239.974	152.2348	1.58099	0.819953	0.13341	0.0413736	0.00526334	0.9866111	5.148406
23688	-2078.689	-2231.224	152.5352	1.192628	0.604382	0.364607	0.0305064	0.000504951	1.032844	5.148406
23694	-2093.136	-2245.742	152.6058	1.442758	0.744004	0.0923072	0.095654	0.0680351	0.990497	5.006348
23700	-2081.469	-2235.202	153.7331	1.482512	0.744625	0.168716	0.0858099	0.0008493	1.144805	4.268537
23706	-2087.068	-2240.973	153.9051	1.415059	0.872548	0.0298625	0.0963094	0.00127961	1.14203	4.206056
23712	-2084.086	-2238.399	154.3126	1.706311	0.878231	0.030057	0.0904236	0.00128794	1.234741	3.778949
23718	-2080.133	-2235.723	155.5901	1.076239	0.783823	0.0752814	0.136406	0.00449044	1.335078	3.304055
23724	-2079.404	-2233.436	154.0318	1.187226	0.753471	0.100112	0.115513	0.0309039	1.020986	4.32097
23730	-2081.088	-2235.184	154.0961	1.94814	0.785653	0.0950744	0.105261	0.014012	1.187473	3.821301
23736	-2077.803	-2234.168	156.3653	1.040282	0.831474	0.0537186	0.087097	0.0277106	1.372399	2.839787
23742	-2093.246	-2249.882	156.6359	1.177138	0.699172	0.103018	0.128969	0.0688412	1.497166	2.515022
23748	-2089.245	-2245.939	156.6944	0.9639285	0.65755	0.179828	0.124605	0.0380174	1.394643	2.671742
23754	-2089.855	-2244.805	154.9496	1.111635	0.778108	0.172317	0.0424479	0.0071273	1.093849	3.79723
23760	-2096.205	-2251.127	154.9217	1.272345	0.795525	0.0103463	0.162879	0.0312496	1.533458	3.470402
23766	-2098.688	-2255.709	157.0213	1.098665	0.713435	0.0337243	0.156841	0.0960005	1.436597	2.358095
23772	-2104.284	-2258.77	154.4868	1.022588	0.644874	0.202189	0.101829	0.0511077	1.197252	4.053272
23778	-2088.713	-2243.332	154.6181	0.9634732	0.677907	0.224659	0.0431245	0.0543095	1.395116	3.898867
23784	-2090.394	-2246.265	155.871	1.225735	0.64375	0.293016	0.0167005	0.0465336	1.44843	2.984498
23790	-2088.491	-2245.048	156.5573	1.096463	0.809336	0.0750105	0.0505947	0.0650593	1.44843	2.642122
23796	-2084.818	-2238.949	154.1309	1.395279	0.854261	0.0791743	0.0534031	0.0131613	1.275309	4.011646
23802	-2091.699	-2244.842	153.1424	1.395279	0.701624	0.260947	0.0367678	0.000660268	1.137898	4.648214
23808	-2088.308	-2242.006	153.6979	1.34189	0.73643	0.230508	0.0324788	0.000583247	1.187038	4.334971
23814	-2091.425	-2242.436	151.0108	1.272041	0.538923	0.43394	0.000966245	0.0261708	0.9810609	5.973732
23820	-2094.111	-2247.277	153.166	1.17419	0.656571	0.303918	0.0336153	0.00589508	1.010225	4.820125
23826	-2099.456	-2254.128	154.6727	1.291991	0.778251	0.152173	0.0592875	0.0102886	1.355019	3.708207
23832	-2111.487	-2265.595	154.1079	1.812762	0.850505	0.0843869	0.064601	0.000507193	1.095895	3.927361
23838	-2098.244	-2250.606	152.3615	1.57176	0.791341	0.126248	0.0802941	0.00211705	1.290475	4.913642
23844	-2083.529	-2239.665	156.1352	1.495575	0.908643	0.0660136	0.023297	0.00204595	1.494402	2.648336
23850	-2092.064	-2246.763	154.6992	1.07043	0.822447	0.126337	0.0503223	0.000894127	1.413833	3.780276
23856	-2084.464	-2239.532	155.0677	1.378773	0.817049	0.137594	0.0435509	0.00180631	1.32635	3.449596
23862	-2105.68	-2261.71	156.0302	0.9170456	0.435611	0.443225	0.0979478	0.0232158	1.326424	3.143001
23868	-2103.682	-2259.246	155.5634	1.719848	0.672786	0.261729	0.0333159	0.0321698	1.251996	3.02877
23874	-2083.944	-2238.148	154.2038	1.460733	0.663789	0.178657	0.156447	0.00110636	1.147658	4.009954
23880	-2092.531	-2242.197	149.6659	1.600451	0.772817	0.200426	0.0252313	0.00152644	0.8661033	6.609872
23886	-2092.886	-2241.896	149.0097	2.112544	0.797866	0.152408	0.0228878	0.0268378	0.9171032	6.720727
23892	-2084.447	-2234.617	150.1703	1.637563	0.776216	0.0729011	0.12807	0.0228135	1.130091	6.176306
23898	-2079.074	-2232.4	153.3261	1.223781	0.772738	0.0725745	0.131976	0.0227113	1.137851	4.633061
23904	-2078.378	-2231.116	152.7382	1.382393	0.791134	0.0504958	0.135118	0.0232519	1.154185	4.871361
23910	-2092.751	-2245.001	152.2496	1.649846	0.704387	0.044959	0.229587	0.0210668	1.111945	5.038849
23916	-2092.342	-2245.722	153.3804	1.225142	0.74235	0.047382	0.188065	0.0222022	1.10608	4.619723
23922	-2093.823	-2246.816	152.993	1.32275	0.808021	0.0515736	0.11624	0.0241663	1.332163	4.65964
23928	-2094.967	-2250.83	155.8634	1.455218	0.743963	0.11076	0.112937	0.0323399	1.425486	2.877767
23934	-2085.656	-2241.417	155.7611	1.149231	0.556893	0.370422	0.0221057	0.0505796	1.28169	3.19278
23940	-2089.235	-2243.731	154.4959	1.292261	0.614297	0.324035	0.00587567	0.0557932	1.207442	3.894816
23946	-2092.127	-2247.706	155.5784	0.9326956	0.731575	0.250725	0.00421019	0.01349	1.133651	3.512924
23952	-2085.266	-2240.7	155.4337	1.363989	0.696319	0.286133	0.00748899	0.0100593	1.163688	3.338111
23958	-2070.356	-2222.578	152.2219	1.258756	0.668854	0.294578	0.0126662	0.0239017	0.9954645	5.308041
23964	-2098.79	-2252.85	154.0598	1.146159	0.541627	0.198882	0.256383	0.00310748	1.212062	4.219084
23970	-2082.039	-2235.312	153.2736	0.950596	0.671501	0.272331	0.0484009	0.00776656	1.045541	4.862873
23976	-2086.694	-2242.403	155.709	1.384471	0.807159	0.175898	0.00620998	0.0107325	1.296094	3.085838
23982	-2102.346	-2255.476	153.1301	1.384471	0.644442	0.330289	0.00400393	0.0212653	1.199545	4.62598
23988	-2096.177	-2252.524	156.3465	1.237113	0.709497	0.259002	0.0101232	0.021378	1.442299	2.693169
23994	-2078.23	-2235.343	157.1133	1.275351	0.696957	0.254425	0.0441777	0.00444094	1.579896	2.098443
24000	-2082.775	-2240.274	157.4995	1.077355	0.711231	0.259635	0.0246023	0.0045319	1.428654	2.067669
24006	-2078.587	-2236.239	157.6522	1.276408	0.846313	0.128569	0.0212101	0.00390703	1.619343	1.704939
24012	-2086.903	-2243.693	156.79	1.273475	0.747358	0.212011	0.0349754	0.00565567	1.601292	2.29506
24018	-2082.298	-2239.186	156.8877	1.273475	0.748927	0.194955	0.0455908	0.0105267	1.573853	2.250017
24024	-2090.336	-2245.052	154.7158	1.350236	0.747675	0.186599	0.0241168	0.0416091	1.273515	3.699786
24030	-2083.729	-2239.085	155.3563	1.073675	0.631481	0.358998	0.00223095	0.00729086	1.317732	3.45294
24036	-2083.153	-2238.037	154.8844	1.48939	0.695634	0.299734	0.00337719	0.00125548	1.225506	3.558607
24042	-2089.974	-2245.03	155.0559	1.000218	0.805756	0.189075	0.00206959	0.00309993	1.243426	3.712938
24048	-2087.368	-2242.175	154.8064	1.19058	0.671054	0.324012	0.00235258	0.0025817	1.2052	3.772088
24054	-2084.885	-2240.885	155.9995	1.19755	0.666989	0.322049	0.0100688	0.000893493	1.360916	2.975833
24060	-2082.062	-2237.835	155.7736	1.493255	0.774218	0.119345	0.0973034	0.00913354	1.452704	2.895648
24066	-2080.45	-2236.804	156.3539	1.01354	0.704695	0.194551	0.0909349	0.00981874	1.416058	2.836269
24072	-2088.826	-2244.606	155.7804	1.295468	0.645969	0.318432	0.0252511	0.0103473	1.323442	3.074925
24078	-2081.294	-2235.735	154.4413	1.435215	0.796781	0.157986	0.0311464	0.0140866	1.101579	3.913224
24084	-2083.335	-2236.334	152.9998	1.165944	0.730216	0.211006	0.0481713	0.0106064	1.19609	4.813533
24090	-2088.538	-2243.085	154.5463	0.9650615	0.672825	0.205283	0.105861	0.0160315	1.31174	3.98683
24096	-2097.581	-2254.398	156.817	1.145572	0.475876	0.368506	0.143358	0.0122595	1.63235	2.33476
24102	-2098.573	-2255.472	156.8992	1.122677	0.620366	0.196567	0.175984	0.00708309	1.556798	2.344518
24108	-2094.929	-2251.095	156.1663	1.122677	0.667591	0.234059	0.0946338	0.00371608	1.317406	2.944664
24114	-2080.993	-2236.264	155.2712	1.122677	0.588503	0.223111	0.182327	0.00605873	1.338071	3.462898
24120	-2079.74	-2235.771	156.0306	1.433646	0.670682	0.116285	0.207788	0.00524507	1.487546	2.749855
24126	-2089.178	-2245.734	156.556	1.144666	0.447362	0.327649	0.203383	0.0216062	1.544351	2.554731
24132	-2084.506	-2240.127	155.621	1.1616	0.576486	0.233718	0.180647	0.00914823	1.408866	3.193406
24138	-2079.711	-2233.561	153.8499	1.31434	0.65345	0.240222	0.097003	0.00932507	1.167995	4.273916
24144	-2078.587	-2230.996	152.4087	1.20449	0.551435	0.347528	0.089455	0.0115821	1.234189	5.100709
24150	-2070.728	-2225.874	155.1464	1.193315	0.551435	0.347528	0.089455	0.0115821	1.242672	3.551973
24156	-2072.72	-2227.957	155.2371	1.118977	0.794681	0.059713	0.128915	0.0166911	1.247323	3.537844
24162	-2073.511	-2229.469	155.9579	1.505499	0.867385	0.0188372	0.108513	0.00526542	1.50033	2.748289
24168	-2077.506	-2234.474	156.9681	1.227581	0.786211	0.0252334	0.16737	0.0211854	1.4928	2.277828
24174	-2081.324	-2236.677	155.3535	1.271934	0.595379	0.296326	0.058981	0.0493146	1.259339	3.37831
24180	-2071.806	-2227.925	156.1192	1.271934	0.613592	0.343567	0.0299983	0.0128428	1.466527	2.797529
24186	-2081.132	-2237.24	156.1074	1.229542	0.615065	0.344392	0.0241939	0.0163498	1.517694	2.797529
24192	-2080.912	-2236.273	155.361	1.294177	0.649491	0.316075	0.0283101	0.00612358	1.220915	3.384437
24198	-2086.007	-2241.962	155.9547	1.325041	0.685133	0.27024	0.0377989	0.00682769	1.404135	2.905624
24204	-2083.49	-2239.992	156.5021	1.202893	0.627091	0.320056	0.0447666	0.0080863	1.3258	2.68886
24210	-2087.322	-2243.906	156.5843	1.078376	0.605414	0.341932	0.0432191	0.00943486	1.42914	2.648267
24216	-2101.675	-2257.853	156.1778	1.012052	0.337208	0.638469	0.0118877	0.0124355	1.467707	2.912548
24222	-2086.813	-2239.043	152.23	1.82976	0.806925	0.14052	0.0256859	0.0268697	1.302062	4.863427
24228	-2087.596	-2242.591	154.995	0.9519094	0.805962	0.141545	0.0256553	0.0268377	1.213579	3.79331
24234	-2088.701	-2242.827	154.1258	0.8473753	0.435927	0.472765	0.00924908	0.0820589	1.138644	4.392306
24240	-2089.814	-2240.081	150.2667	1.238412	0.726389	0.204947	0.0669235	0.0017413	1.13662	6.3111
24246	-2090.693	-2242.607	151.9147	1.082375	0.558272	0.402123	0.0307244	0.00888136	0.9330194	5.603939
24252	-2098.237	-2253.626	155.3887	1.317205	0.863166	0.0730633	0.0286581	0.035113	1.432784	3.230915
24258	-2102.303	-2256.052	153.7493	1.676922	0.846726	0.090717	0.0281123	0.0344442	1.336694	4.057136
24264	-2088.878	-2244.884	156.0056	0.8724443	0.601552	0.341825	0.0489423	0.0076799	1.298166	3.201601
24270	-2075.667	-2230.481	154.8133	1.110701	0.514126	0.410551	0.066099	0.00922397	1.172569	3.830897
24276	-2070.532	-2224.798	154.2658	0.9696147	0.617592	0.299972	0.0594338	0.0230018	1.128364	4.248192
24282	-2072.293	-2227.094	154.8006	1.366515	0.595552	0.304102	0.0770275	0.0233184	1.281569	3.637535
24288	-2070.824	-2227.241	156.4162	1.215596	0.706994	0.243832	0.0346207	0.0145527	1.343468	2.723353
24294	-2079.601	-2233.174	153.5733	1.430195	0.636146	0.297069	0.0490558	0.01773	1.175488	4.36738
24300	-2068.633	-2224.506	155.8737	1.023144	0.726126	0.218518	0.0351176	0.0202379	1.349493	3.158758
24306	-2076.899	-2230.349	153.4494	1.192895	0.647249	0.267696	0.0416119	0.0434432	1.106097	4.598033
24312	-2073.78	-2226.592	152.8124	1.132535	0.640198	0.256505	0.0737551	0.0295421	1.029249	5.028506
24318	-2081.123	-2235.635	154.5122	1.032283	0.658376	0.2172	0.0925522	0.0318717	1.230803	4.014134
24324	-2096.953	-2252.99	156.0368	1.424944	0.592545	0.357268	0.0390808	0.0111061	1.254116	2.892634
24330	-2072.777	-2228.721	155.9434	0.9532626	0.439953	0.435519	0.114814	0.00971421	1.600271	3.009308
24336	-2073.163	-2226.732	153.5695	0.7361995	0.478748	0.385743	0.124938	0.0105708	1.175906	4.749224
24342	-2079.047	-2230.851	151.8037	1.221836	0.803503	0.0932771	0.0854783	0.0177414	0.9546627	5.579702
24348	-2073.745	-2227.898	154.1534	1.270681	0.642811	0.206335	0.104214	0.0466402	1.160016	4.128925
24354	-2072.762	-2224.816	152.0538	1.388815	0.718646	0.124035	0.0532818	0.104038	1.181042	5.233093
24360	-2076.601	-2231.686	155.0845	1.088959	0.592449	0.320388	0.0382679	0.0488953	1.264588	3.633413
24366	-2088.093	-2242.655	154.5622	1.221067	0.615575	0.302208	0.0360964	0.0461208	1.418724	3.773186
24372	-2101.171	-2255.858	154.687	1.012714	0.612858	0.305826	0.0353991	0.0459172	1.273229	3.900916
24378	-2108.62	-2263.586	154.9661	1.131094	0.611009	0.21433	0.0689291	0.105731	1.21601	3.706441
24384	-2093.268	-2246.179	152.911	1.474569	0.697539	0.1824	0.0712328	0.0488278	0.9607736	4.837625
24390	-2071.607	-2226.129	154.5217	0.8654707	0.481236	0.441361	0.0767727	0.000630187	1.094527	4.18259
24396	-2068.159	-2221.318	153.1587	1.299393	0.627701	0.274228	0.0957456	0.00232538	1.206329	4.64926
24402	-2090.6	-2245.379	154.7793	1.190919	0.599288	0.235256	0.0140108	0.151445	1.269048	3.750658
24408	-2097.017	-2254.155	157.1378	0.8250799	0.584401	0.36415	0.0190384	0.0324104	1.48644	2.427559
24414	-2098.055	-2254.989	156.9338	0.9728601	0.550533	0.376407	0.0209835	0.0520768	1.538758	2.427559
24420	-2096.371	-2253.164	156.7932	1.040784	0.611335	0.312686	0.00530687	0.0706725	1.441512	2.534047
24426	-2097.367	-2254.333	156.9656	1.000773	0.644443	0.329621	0.00191275	0.0240233	1.617541	2.339871
24432	-2095.851	-2249.218	153.3668	1.512167	0.688885	0.130618	0.100708	0.0797887	1.179373	4.441429
24438	-2090.327	-2245.037	154.71	1.296976	0.595937	0.186452	0.186488	0.0311231	1.153609	3.800241
24444	-2091.263	-2245.911	154.6482	1.171514	0.823737	0.0826626	0.0779166	0.015684	1.174312	3.891214
24450	-2093.862	-2250.101	156.2388	1.038591	0.615058	0.298869	0.0580969	0.0279766	1.380266	2.91259
24456	-2084.812	-2241.574	156.7624	1.036694	0.759079	0.164539	0.0717007	0.00468179	1.567459	2.477132
24462	-2092.681	-2249.496	156.8148	1.366763	0.780488	0.0659792	0.073723	0.0798094	1.597702	2.226918
24468	-2092.653	-2246.691	154.0374	1.579813	0.817373	0.0812416	0.0157921	0.0855931	1.065854	4.093289
24474	-2099.598	-2253.543	153.9449	1.727036	0.824519	0.0877212	0.0707074	0.0170525	1.035627	4.094016
24480	-2091.171	-2244.674	153.5023	1.797583	0.793745	0.175832	0.00939465	0.0210286	1.092282	4.281086
24486	-2086.706	-2240.092	153.3865	1.36539	0.757272	0.167752	0.0719623	0.00301344	1.053346	4.573718
24492	-2083.777	-2237.953	154.1764	1.279826	0.705306	0.267954	0.0130882	0.013652	1.224145	4.074504
24498	-2092.016	-2245.606	153.59	1.216467	0.6433	0.244397	0.0997972	0.0125052	1.542525	4.260243
24504	-2072.803	-2227.082	154.2795	1.094698	0.613093	0.290849	0.0888064	0.00725149	1.205946	4.126019
24510	-2079.845	-2233.997	154.1525	1.287964	0.586546	0.232021	0.0631356	0.118297	1.150108	4.126019
24516	-2081.757	-2235.937	154.1804	1.314187	0.543675	0.340685	0.0986499	0.0169899	1.35492	3.979554
24522	-2080.446	-2235.02	154.5741	1.320577	0.63661	0.25898	0.0875321	0.0168772	1.212858	3.831959
24528	-2091.328	-2247.132	155.8039	1.212597	0.67812	0.206218	0.0837497	0.031912	1.079456	3.251569
24534	-2079.466	-2235.103	155.6369	1.114056	0.674182	0.248881	0.0597475	0.0171895	1.340447	3.251569
24540	-2089.987	-2245.21	155.2233	1.243681	0.554606	0.185698	0.246859	0.0128363	1.285798	3.454432
24546	-2088.597	-2245.15	156.5532	0.8900689	0.550513	0.289935	0.133438	0.0261134	1.33216	2.842176
24552	-2092.183	-2248.775	156.5916	0.8900689	0.601656	0.237057	0.127394	0.033894	1.298781	2.839138
24558	-2085.339	-2241.075	155.7363	0.9113068	0.574431	0.269943	0.121629	0.0339971	1.324126	3.321674
24564	-2083.884	-2239.824	155.9397	0.8835178	0.607057	0.338668	0.0523974	0.0018777	1.32351	3.218813
24570	-2072.082	-2228.611	156.5288	1.21361	0.744296	0.176844	0.0753507	0.00350936	1.406024	2.616749
24576	-2080.225	-2236.39	156.1651	1.289764	0.777916	0.0797107	0.14038	0.00199282	1.517033	2.728687
24582	-2079.648	-2235.035	155.3865	2.092231	0.872044	0.0547724	0.0237553	0.049428	1.406117	2.869741
24588	-2075.254	-2231.661	156.4073	1.413394	0.771494	0.204455	0.00935919	0.0146923	1.392822	2.587381
24594	-2078.664	-2235.362	156.6981	1.413394	0.675149	0.201731	0.109035	0.0140858	1.626026	2.257061
24600	-2084.691	-2242.067	157.3757	1.034329	0.652549	0.265586	0.0215715	0.0602936	1.567435	2.0857
24606	-2075.531	-2232.014	156.4839	1.125558	0.746249	0.223693	0.01694	0.0131177	1.376287	2.714272
24612	-2083.303	-2238.688	155.3849	1.441576	0.806708	0.121007	0.0700998	0.0021852	1.495779	3.129856
24618	-2072.18	-2228.738	156.5573	1.246943	0.781534	0.134128	0.0773342	0.00700301	1.40755	2.578877
24624	-2079.708	-2235.293	155.5847	1.466255	0.763913	0.174301	0.0521317	0.00965414	1.395211	3.057812
24630	-2076.474	-2230.071	153.5972	1.398944	0.694536	0.229953	0.0554281	0.0200829	1.045026	4.443068
24636	-2072.271	-2225.857	153.5858	1.334168	0.748509	0.186028	0.0438197	0.0216436	1.147325	4.424586
24642	-2076.8	-2231.562	154.7619	1.247776	0.659726	0.18809	0.116467	0.0357167	1.34721	3.684771
24648	-2070.867	-2225.959	155.0922	1.122033	0.68679	0.195806	0.0802222	0.0371819	1.272822	3.605528
24654	-2075.522	-2231.012	155.4898	1.085985	0.576772	0.358402	0.0336002	0.0312257	1.369006	3.337539
24660	-2077.066	-2233.849	156.7828	1.612668	0.904035	0.00108819	0.0849904	0.00988656	1.770702	1.995076
24666	-2077.553	-2235.519	157.966	1.390602	0.91179	0.00109752	0.0696145	0.0174977	1.899989	1.166047
24672	-2078.723	-2235.982	157.2593	2.103968	0.852299	0.00184629	0.117108	0.0287464	1.882044	1.292113
24678	-2078.392	-2236.362	157.9699	1.249666	0.866443	0.00187693	0.119051	0.0126292	1.742113	1.397809
24684	-2070.48	-2224.524	154.0446	1.633295	0.759671	0.121768	0.0995313	0.0190296	1.210851	3.980892
24690	-2069.879	-2224.18	154.3019	1.428471	0.749409	0.17769	0.0551377	0.0177633	1.128714	3.980892
24696	-2062.727	-2215.477	152.7496	1.806539	0.781479	0.109253	0.0574972	0.0517715	1.122923	4.683479
24702	-2066.272	-2219.987	153.7149	1.3683	0.790594	0.19123	0.00628998	0.0118858	1.274715	4.262295
24708	-2072.694	-2228.817	156.1228	1.340344	0.72513	0.124044	0.144604	0.00622123	1.541218	2.711505
24714	-2084.613	-2238.559	153.9466	1.620236	0.874371	0.0481514	0.0712546	0.00622316	1.410106	3.929174
24720	-2080.495	-2234.114	153.6195	1.823107	0.881372	0.0330813	0.0489538	0.0365934	1.294186	4.088438
24726	-2089.711	-2243.523	153.8117	2.247141	0.880803	0.0204159	0.0528457	0.0459353	1.269939	3.811404
24732	-2088.55	-2243.709	155.1581	1.304235	0.887027	0.00531971	0.0845227	0.0231308	1.172018	3.526267
24738	-2082	-2235.048	153.0479	1.885528	0.905083	0.00465875	0.0575603	0.0326982	0.9987201	4.551226
24744	-2090.179	-2245.657	155.4782	1.770242	0.868958	0.00235977	0.102254	0.0264276	1.273478	3.042701
24750	-2082.303	-2237.404	155.1012	1.102883	0.677805	0.109998	0.171698	0.0404987	1.297523	3.59673
24756	-2080.199	-2233.274	153.0752	1.220563	0.683107	0.091906	0.154279	0.0707086	1.193149	4.744246
24762	-2080.783	-2233.097	152.3144	1.609592	0.743302	0.101102	0.152141	0.0034546	1.25815	4.940178
24768	-2077.711	-2230.816	153.1047	1.454714	0.726838	0.143725	0.126762	0.00267512	1.075439	4.67499
24774	-2092.408	-2245.609	153.2012	1.179454	0.616927	0.277414	0.068098	0.037562	1.12233	4.735072
24780	-2095.058	-2250.303	155.2448	0.9484692	0.494674	0.375643	0.108308	0.0213751	1.131121	3.698782
24786	-2089.575	-2243.461	153.886	1.065995	0.639367	0.345812	0.00252453	0.0122964	1.242362	4.34434
24792	-2091.884	-2244.361	152.4768	1.288553	0.842408	0.0435763	0.0564754	0.05754	0.9599453	5.171597
24798	-2089.684	-2241.961	152.2773	1.26374	0.764281	0.0590849	0.12443	0.0522036	1.228344	5.146136
24804	-2076.422	-2231.708	155.2854	1.147537	0.731338	0.0723269	0.152318	0.0440177	1.334024	3.443004
24810	-2086.459	-2238.874	152.4149	1.887444	0.846438	0.0407828	0.0464915	0.066288	1.058467	4.871052
24816	-2088.667	-2242.412	153.745	1.762452	0.895816	0.0158318	0.041743	0.0466093	1.218588	4.08741
24822	-2088.806	-2243.767	154.9613	1.438231	0.837376	0.0180692	0.129453	0.015101	1.028095	3.654409
24828	-2086.13	-2240.796	154.6657	1.059182	0.729765	0.103347	0.166231	0.000657082	1.457397	3.780848
24834	-2088.46	-2241.953	153.4934	1.023835	0.696575	0.164444	0.137162	0.00181942	1.019671	4.713574
24840	-2079.385	-2235.807	156.4216	1.195904	0.759076	0.145573	0.0885472	0.00680343	1.606728	2.569176
24846	-2096.444	-2252.904	156.4596	1.021387	0.643685	0.236436	0.111326	0.00855361	1.339661	2.813754
24852	-2097.165	-2248.668	151.5023	1.140334	0.495112	0.306903	0.125983	0.0720018	0.9143869	5.809398
24858	-2091.128	-2246.653	155.5252	0.7741301	0.526317	0.323253	0.0765638	0.073866	1.102377	3.657531
24864	-2085.866	-2240.566	154.6999	1.102269	0.717229	0.0745815	0.114775	0.0934138	1.161093	3.907329
24870	-2093.714	-2246.897	153.1823	1.383891	0.813848	0.0662666	0.0986829	0.0212028	1.013108	4.701463
24876	-2093.243	-2245.703	152.4597	1.718156	0.794325	0.127063	0.0154283	0.0631837	1.185436	4.850009
24882	-2092.102	-2246.538	154.4356	1.070141	0.861187	0.0226882	0.110852	0.00527368	1.199188	4.054605
24888	-2086.051	-2239.946	153.8946	1.070141	0.659634	0.171046	0.166699	0.00262065	1.09941	4.417867
24894	-2075.972	-2229.146	153.1747	1.526489	0.775195	0.173519	0.0193819	0.0319041	1.170147	4.547816
24900	-2084.277	-2236.296	152.0184	1.373485	0.757515	0.102468	0.0686915	0.0713261	1.126985	5.290083
24906	-2084.133	-2235.836	151.7029	1.044288	0.603244	0.196263	0.187847	0.0126453	0.932234	5.741033
24912	-2086.149	-2242.154	156.0048	0.9058941	0.780547	0.171864	0.0427804	0.00480942	1.216871	3.229824
24918	-2096.657	-2252.093	155.4353	1.290939	0.449582	0.443634	0.0839275	0.0228556	1.206575	3.350971
24924	-2091.222	-2246.815	155.5931	1.375736	0.599582	0.353033	0.0369808	0.0104042	1.301778	3.156107
24930	-2085.565	-2237.909	152.344	1.581124	0.792835	0.140593	0.055364	0.0112085	1.16762	4.98736
24936	-2091.469	-2243.589	152.1198	1.57374	0.595854	0.337843	0.0332281	0.033075	1.072831	5.167699
24942	-2089.19	-2243.43	154.2401	1.42	0.732213	0.232433	0.0205332	0.0148211	1.397315	3.866649
24948	-2083.005	-2238.963	155.9581	1.160215	0.706321	0.224214	0.0420644	0.0274004	1.515885	2.928774
24954	-2073.189	-2226.514	153.3252	1.412961	0.750784	0.151646	0.0928441	0.00472607	1.205247	4.498982
24960	-2084.384	-2238.741	154.357	1.41324	0.784573	0.149423	0.0654143	0.000589987	1.29173	3.863623
24966	-2082.459	-2235.25	152.7912	1.581488	0.79689	0.170523	0.0323742	0.000212124	1.226	4.70527
24972	-2084.03	-2236.104	152.0745	2.277014	0.809452	0.174804	0.015526	0.000217334	0.977278	4.946096
24978	-2081.082	-2235.315	154.233	1.712553	0.802522	0.173308	0.0239552	0.000215473	1.096458	3.901304
24984	-2075.747	-2229.896	154.1487	1.654274	0.846277	0.149284	0.00396012	0.000479536	1.081895	3.9852
24990	-2077.169	-2230.595	153.4256	1.475137	0.79471	0.201496	0.00371882	7.53673e-05	1.240808	4.391667
24996	-2089.34	-2242.974	153.6339	1.270583	0.61736	0.374796	0.00770396	0.000140188	1.215783	4.391667
25002	-2088.724	-2243.784	155.0602	1.233155	0.652254	0.324547	0.0228971	0.000301652	1.374725	3.503471
25008	-2085.005	-2238.872	153.8673	1.928853	0.805495	0.136978	0.0569763	0.000551247	1.215956	3.944707
25014	-2088.79	-2243.042	154.2526	1.807341	0.784807	0.13346	0.0812315	0.000501815	1.215956	3.777674
25020	-2083.031	-2238.056	155.0245	1.722034	0.667814	0.193406	0.136211	0.0025685	1.191405	3.382955
25026	-2089.667	-2245.15	155.4836	1.598056	0.657017	0.183647	0.153977	0.00535837	1.255858	3.133985
25032	-2085.774	-2240.797	155.023	1.216912	0.864121	0.0790056	0.0530713	0.00380166	1.123543	3.679815
25038	-2093.605	-2248.831	155.2263	1.636569	0.711815	0.142746	0.13731	0.00812877	1.170308	3.317909
25044	-2094.782	-2247.749	152.9665	1.376073	0.832837	0.0451307	0.12169	0.000342398	0.8979393	4.890089
25050	-2099.265	-2250.989	151.7242	1.214738	0.608069	0.0702803	0.3214	0.000249991	0.8514279	5.683666
25056	-2097.306	-2247.255	149.9494	1.726085	0.734275	0.0943644	0.170795	0.000565969	1.062509	6.293729
25062	-2112.102	-2264.874	152.7718	1.527833	0.667051	0.0851227	0.167823	0.080003	1.17863	4.768048
25068	-2090.607	-2244.122	153.5143	1.864458	0.790661	0.0663028	0.127632	0.0154042	1.134878	4.220396
25074	-2083.488	-2237.099	153.611	1.456836	0.817858	0.0523098	0.12571	0.00412197	1.201764	4.318002
25080	-2078.999	-2233.451	154.4515	1.423437	0.859248	0.0316422	0.105927	0.0031825	1.285948	3.807402
25086	-2088.684	-2242.234	153.5504	1.659299	0.791026	0.0498692	0.152863	0.00624176	1.32361	4.186009
25092	-2081.361	-2235.741	154.3802	1.073634	0.693998	0.235861	0.0606699	0.00947069	1.22097	4.071807
25098	-2080.99	-2235.136	154.1462	1.250926	0.745694	0.119155	0.0956547	0.0394963	1.28576	4.071807
25104	-2084.014	-2237.847	153.8326	1.250926	0.714771	0.185232	0.0916879	0.00830963	1.137757	4.333784
25110	-2093.803	-2245.516	151.713	1.266657	0.713053	0.111727	0.140929	0.0342912	1.129937	5.510288
25116	-2088.379	-2240.619	152.2406	1.077363	0.714393	0.126149	0.141193	0.0182645	0.8235747	5.487706
25122	-2097.116	-2249.476	152.3602	2.062702	0.791414	0.0594537	0.116373	0.0327587	1.004578	4.857731
25128	-2096.088	-2247.695	151.6068	1.511495	0.715578	0.264143	0.01691	0.00336877	1.019245	5.509533
25134	-2086.114	-2236.624	150.5096	2.127493	0.72439	0.24628	0.0244575	0.00487235	1.055622	5.824504
25140	-2083.94	-2236.004	152.0643	1.595306	0.856522	0.0596209	0.0720783	0.011779	1.167842	5.135786
25146	-2083	-2235.65	152.6498	2.008531	0.846309	0.0591611	0.08997	0.00455996	1.267216	4.571356
25152	-2087.787	-2240.31	152.523	1.607592	0.635695	0.182255	0.148828	0.0332221	1.05828	4.936249
25158	-2088.502	-2242.181	153.6785	1.269578	0.79859	0.0944849	0.0436361	0.0632893	1.101774	4.431331
25164	-2088.431	-2242.846	154.4154	1.475822	0.726901	0.173745	0.0558048	0.0435492	1.334764	3.773693
25170	-2087.182	-2241.701	154.5183	1.475822	0.71284	0.0840997	0.167276	0.0357851	0.9873205	3.914258
25176	-2093.32	-2248.682	155.3619	1.178237	0.722335	0.0665351	0.0939834	0.117147	1.218758	3.448533
25182	-2092.467	-2247.314	154.8472	1.199679	0.701225	0.231517	0.0609381	0.00632017	1.251485	3.716875
25188	-2102.98	-2259.063	156.0826	1.173187	0.690831	0.290398	0.0108442	0.00792757	1.433653	2.895776
25194	-2093.929	-2248.736	154.8075	1.097786	0.714755	0.230605	0.0226535	0.0319862	1.214246	3.817491
25200	-2087.957	-2242.852	154.8944	1.477791	0.67814	0.254231	0.0242474	0.0433822	1.168424	3.591783
25206	-2091.926	-2247.679	155.7531	1.571365	0.766151	0.163804	0.0278775	0.042168	1.244466	2.993215
25212	-2086.158	-2242.312	156.154	1.366854	0.840117	0.102791	0.0417064	0.0153852	1.265556	2.846034
25218	-2091.273	-2246.644	155.371	1.455964	0.729647	0.141676	0.112789	0.0158871	1.335412	3.225758
25224	-2081.013	-2233.691	152.6785	1.436285	0.749454	0.184902	0.0543518	0.0112922	0.9360968	4.999386
25230	-2080.349	-2234.806	154.4567	1.54824	0.764385	0.166121	0.0464301	0.0230641	1.368202	3.694584
25236	-2074.618	-2229.246	154.6289	1.551188	0.730277	0.190169	0.0531515	0.026403	1.24285	3.66605
25242	-2082.133	-2235.313	153.18	1.551188	0.850588	0.0726316	0.0533407	0.0234392	1.211761	4.5096
25248	-2090.943	-2245.771	154.8283	1.488579	0.906547	0.0330415	0.0319488	0.0284631	1.478429	3.444167
25254	-2085.563	-2239.06	153.4974	1.354217	0.685354	0.260241	0.0161272	0.0382781	1.215708	4.425696
25260	-2082.36	-2236.874	154.5138	1.217851	0.790177	0.0413797	0.143388	0.0250552	1.150961	3.956476
25266	-2082.76	-2237.826	155.0657	1.400745	0.776256	0.0406507	0.180159	0.00293458	1.456917	3.362756
25272	-2090.298	-2245.593	155.2955	1.414075	0.786079	0.174576	0.0177935	0.0215516	1.220546	3.359732
25278	-2077.746	-2233.23	155.4838	1.116445	0.844691	0.0541179	0.0769233	0.0242679	1.247058	3.395246
25284	-2093.616	-2246.307	152.6906	1.162709	0.517583	0.360163	0.109031	0.013222	0.9692323	5.113279
25290	-2087.299	-2243.224	155.9246	1.096912	0.759734	0.0967331	0.121718	0.0218147	1.422016	3.041944
25296	-2085.314	-2237.379	152.0651	1.657073	0.879834	0.0300468	0.0820343	0.00808447	1.045503	5.174653
25302	-2096.619	-2247.288	150.669	0.9345026	0.615203	0.293762	0.066126	0.0249094	1.140533	6.251473
25308	-2084.67	-2237.774	153.1047	1.180456	0.76336	0.131856	0.0604177	0.0443669	1.251397	4.71631
25314	-2085.241	-2238.303	153.062	1.416359	0.785174	0.0400135	0.117498	0.0573145	1.025783	4.74547
25320	-2086.371	-2238.211	151.8401	1.900767	0.77077	0.0903717	0.0730269	0.0658314	1.07118	5.17745
25326	-2085.414	-2235.959	150.5452	1.974733	0.724288	0.119972	0.0979817	0.057759	0.9999561	5.897386
25332	-2086.146	-2238.494	152.3483	1.311937	0.671717	0.111964	0.0962871	0.120032	1.344897	5.017578
25338	-2084.89	-2238.127	153.2369	1.126485	0.56876	0.213674	0.209846	0.0077202	1.224253	4.686404
25344	-2078.72	-2232.599	153.8788	1.715984	0.789024	0.0917371	0.117168	0.00207096	1.423925	3.915019
25350	-2083.293	-2235.284	151.9913	1.761051	0.793048	0.0871047	0.117766	0.00208152	1.104297	5.136154
25356	-2086.687	-2241.873	155.186	1.510314	0.655152	0.21434	0.128352	0.00215682	1.312786	3.320471
25362	-2078.458	-2234.179	155.7213	1.188287	0.720255	0.0504751	0.223229	0.00604053	1.355512	3.150519
25368	-2083.156	-2239.774	156.6182	1.474923	0.705214	0.0542106	0.234087	0.00648756	1.540086	2.328621
25374	-2063.87	-2218.383	154.513	1.544772	0.850821	0.0263611	0.117553	0.00526426	1.522512	3.574177
25380	-2073.163	-2227.777	154.6146	1.604567	0.934	0.0124255	0.0273039	0.0262702	1.115621	3.721834
25386	-2083.391	-2236.891	153.4995	1.604567	0.810061	0.00437708	0.162671	0.0228903	0.9935557	4.42723
25392	-2087.523	-2241.883	154.3605	1.23966	0.836861	0.0076704	0.131821	0.0236476	1.146952	4.034752
25398	-2084.594	-2237.999	153.4053	1.038934	0.845248	0.00385341	0.148348	0.00255078	1.059959	4.731986
25404	-2087.272	-2240.633	153.3606	1.290823	0.834499	0.00743768	0.153098	0.00496506	1.1873	4.551063
25410	-2083.28	-2236.482	153.2015	1.386355	0.923886	0.0112339	0.0595406	0.00533898	1.091277	4.645702
25416	-2088.751	-2241.256	152.5048	1.219239	0.534307	0.422666	0.0280239	0.0150028	1.133212	5.095765
25422	-2089.17	-2243.124	153.9539	1.289959	0.639755	0.351254	0.00715758	0.00183409	1.375173	4.109921
25428	-2091.634	-2246.075	154.4403	1.339301	0.916102	0.0773856	0.00597457	0.000537636	1.242098	3.882234
25434	-2071.028	-2226.353	155.3249	1.175137	0.769986	0.213144	0.00396467	0.0129061	1.264645	3.445072
25440	-2088.182	-2243.453	155.2707	1.249366	0.842308	0.0995985	0.0569672	0.00112619	1.08722	3.539538
25446	-2081.161	-2235.721	154.56	1.396721	0.89254	0.045902	0.0603646	0.00119335	1.175521	3.822149
25452	-2085.346	-2240.298	154.9515	1.251227	0.773433	0.00518676	0.219803	0.00157793	1.191107	3.663518
25458	-2085.27	-2240.772	155.502	1.075053	0.66839	0.0150329	0.304799	0.011778	1.188085	3.442737
25464	-2080.203	-2235.517	155.3137	1.33084	0.830479	0.0623226	0.0856747	0.0215233	1.354437	3.314118
25470	-2069.405	-2224.744	155.3394	1.094004	0.671822	0.216001	0.101544	0.010633	1.312433	3.454309
25476	-2065.002	-2219.675	154.674	1.094004	0.751026	0.153848	0.0908964	0.00422979	1.244787	3.878786
25482	-2075.001	-2229.301	154.3005	0.9108932	0.74403	0.172229	0.0694922	0.0142484	1.189162	4.227918
25488	-2084.135	-2236.3	152.1648	0.886755	0.502822	0.327737	0.155201	0.0142406	1.052086	5.509028
25494	-2077.575	-2229.594	152.019	1.181655	0.841609	0.0846003	0.0614278	0.0123634	1.009053	5.452294
25500	-2069.32	-2221.459	152.1396	1.612553	0.521465	0.439792	0.0214598	0.0172834	1.083066	5.133034
25506	-2069.87	-2222.369	152.4994	0.8597256	0.578702	0.342774	0.0669447	0.0115797	1.152175	5.284844
25512	-2073.926	-2226.147	152.2209	0.9058004	0.577213	0.327018	0.0816458	0.0141226	1.088639	5.447265
25518	-2073.636	-2228.004	154.3685	0.9058004	0.593859	0.245325	0.14806	0.0127558	1.236837	4.165183
25524	-2079.45	-2232.747	153.2965	1.174501	0.634132	0.219282	0.135184	0.0114017	1.24065	4.618074
25530	-2089.928	-2246.817	156.8894	1.065758	0.789389	0.104975	0.104708	0.000927395	1.392038	2.489563
25536	-2077.298	-2233.69	156.3923	1.263051	0.751338	0.188272	0.0588931	0.00149693	1.564758	2.57441
25542	-2077.851	-2235.41	157.5591	0.9750787	0.52717	0.260422	0.208199	0.00420948	1.549511	2.01537
25548	-2076.094	-2233.123	157.0288	0.9761748	0.710018	0.273574	0.0119647	0.00444362	1.435506	2.430654
25554	-2090.159	-2246.79	156.6309	1.491804	0.872754	0.0540617	0.0681859	0.00499864	1.641879	2.246016
25560	-2089.137	-2245.868	156.7305	1.533623	0.697821	0.141345	0.0744429	0.0863909	1.506326	2.246016
25566	-2089.83	-2246.624	156.7934	1.265757	0.697821	0.141345	0.0744429	0.0863909	1.557057	2.325689
25572	-2079.776	-2234.264	154.4878	1.153747	0.810057	0.107612	0.080999	0.00133202	1.177299	3.991069
25578	-2083.696	-2238.329	154.6331	1.185126	0.680533	0.201811	0.116554	0.00110234	1.002122	3.991069
25584	-2076.491	-2232.882	156.3906	0.9827455	0.716257	0.243869	0.0325144	0.00735953	1.550571	2.750773
25590	-2087.962	-2245.024	157.0624	1.23981	0.827788	0.146168	0.0153589	0.0106849	1.557716	2.167698
25596	-2081.349	-2238.534	157.1852	1.055155	0.71532	0.217304	0.0430701	0.0243057	1.453522	2.269921
25602	-2078.997	-2235.242	156.245	1.071049	0.681178	0.272704	0.0156155	0.0305024	1.350552	2.90749
25608	-2086.268	-2241.832	155.5642	1.071049	0.588819	0.356156	0.0210747	0.0339499	1.032276	3.499731
25614	-2086.901	-2241.06	154.1586	1.465528	0.587284	0.36223	0.0242104	0.0262761	1.258772	3.969885
25620	-2072.097	-2226.694	154.5964	1.215466	0.613157	0.342602	0.0212153	0.0230254	1.124575	3.925597
25626	-2082.771	-2236.796	154.0256	1.088563	0.520917	0.446749	0.0128016	0.0195326	1.272676	4.235692
25632	-2091.135	-2246.48	155.3449	0.8945306	0.722191	0.13732	0.123464	0.0170254	1.220742	3.620797
25638	-2076.887	-2233.609	156.7226	1.185289	0.726323	0.115164	0.12537	0.0331428	1.267895	2.598821
25644	-2076.815	-2233.96	157.1448	1.373711	0.844684	0.0584444	0.084031	0.0128403	1.540104	2.045033
25650	-2074.435	-2230.574	156.1387	1.295325	0.86681	0.0826701	0.0438153	0.00670507	1.389911	2.819213
25656	-2079.541	-2235.186	155.645	1.269845	0.821479	0.104496	0.039636	0.0343894	1.454747	3.091418
25662	-2074.957	-2231.216	156.259	0.933833	0.591966	0.357288	0.0222778	0.028468	1.393993	2.955484
25668	-2077.984	-2233.105	155.1212	1.138233	0.764885	0.174556	0.0466507	0.0139083	1.233588	3.602415
25674	-2090.669	-2245.661	154.9914	1.469574	0.609058	0.292362	0.0759392	0.0226402	1.060263	3.602415
25680	-2080.508	-2237.518	157.0098	1.194778	0.707897	0.274834	0.00550167	0.0117667	1.536727	2.242613
25686	-2091.498	-2248.742	157.2442	1.266472	0.649188	0.323405	0.00933035	0.0180775	1.694971	1.940455
25692	-2097.493	-2254.49	156.9974	1.218175	0.843321	0.128962	0.00868855	0.0190285	1.359402	2.349825
25698	-2095.539	-2252.625	157.0861	1.429511	0.693823	0.283257	0.0178622	0.00505836	1.505363	2.073999
25704	-2093.054	-2249.578	156.5247	2.696687	0.877704	0.086353	0.0225961	0.0133468	1.553544	1.782363
25710	-2094.284	-2250.509	156.2252	2.767198	0.843515	0.0983807	0.0461081	0.011996	1.610271	1.918134
25716	-2090.84	-2248.048	157.2075	1.155677	0.901677	0.0431501	0.0423499	0.0128231	1.488789	2.169828
25722	-2086.392	-2243.771	157.3796	1.327872	0.831528	0.104976	0.0427596	0.020736	1.522079	1.927772
25728	-2078.426	-2234.592	156.1654	1.063234	0.518892	0.264412	0.185385	0.0313117	1.367805	2.949712
25734	-2106.071	-2258.265	152.1942	0.9504198	0.710679	0.253677	0.0217496	0.0138951	0.9141233	5.532961
25740	-2082.571	-2237.189	154.6174	1.139886	0.766913	0.118931	0.0876823	0.0264733	1.185045	3.920032
25746	-2082.442	-2235.889	153.4467	1.286903	0.745029	0.0386966	0.138467	0.0778079	1.049088	4.582375
25752	-2083.005	-2235.835	152.8299	1.418843	0.772799	0.0159844	0.130707	0.0805089	1.237701	4.755545
25758	-2086.624	-2240.631	154.0073	1.460336	0.84975	0.00155058	0.101127	0.0475725	1.142406	4.125199
25764	-2096.454	-2252.033	155.5788	1.122752	0.699974	0.242765	0.0532207	0.00404097	1.284106	3.314117
25770	-2083.221	-2237.33	154.1096	1.316955	0.846139	0.00669936	0.0794664	0.0676955	1.16794	4.125199
25776	-2079.316	-2233.062	153.7459	1.638353	0.846065	0.0612052	0.0390061	0.053724	1.252359	4.125199
25782	-2075.042	-2228.605	153.5627	1.992397	0.822109	0.125259	0.0463106	0.00632184	1.351495	4.013819
25788	-2075.322	-2229.472	154.1497	1.525548	0.760826	0.145297	0.0537194	0.0401572	1.262152	3.943413
25794	-2081.801	-2235.183	153.382	1.40802	0.800503	0.152875	0.0223447	0.0242775	0.9802255	4.595954
25800	-2070.226	-2224.116	153.8899	1.241108	0.643915	0.29349	0.0179738	0.0446212	1.186727	4.278835
25806	-2080.083	-2234.393	154.3093	1.135886	0.717028	0.251414	0.0148848	0.0166734	1.132201	4.128303
25812	-2084.492	-2238.256	153.7634	1.728994	0.891119	0.0598617	0.036164	0.0128554	1.200373	4.102638
25818	-2079.62	-2233.433	153.8133	1.334302	0.704806	0.20788	0.0481001	0.0392145	1.115418	4.314082
25824	-2083.379	-2237.7	154.3213	1.054586	0.728641	0.136489	0.0943292	0.0405406	1.055231	4.210171
25830	-2074.574	-2229.211	154.6369	1.426876	0.776129	0.086802	0.100477	0.0365918	1.398607	3.633466
25836	-2070.719	-2223.911	153.1921	1.231927	0.718304	0.206155	0.0655511	0.00999013	1.160156	4.691336
25842	-2077.648	-2230.334	152.6853	1.194299	0.755095	0.135388	0.0862281	0.023289	1.175671	4.985005
25848	-2070.278	-2223.822	153.5446	1.194299	0.689468	0.180184	0.0993525	0.0309948	1.178415	4.503165
25854	-2063.6	-2220.01	156.4098	1.162753	0.74168	0.13364	0.106876	0.0178037	1.281038	2.795917
25860	-2066.494	-2223.282	156.788	1.160329	0.753125	0.0950646	0.108525	0.0432853	1.680063	2.313876
25866	-2085.342	-2241.435	156.0929	1.091048	0.729989	0.215006	0.0272384	0.0277669	1.428734	2.940285
25872	-2085.52	-2241.875	156.3554	1.245566	0.744136	0.227979	0.0138088	0.0140768	1.30533	2.766694
25878	-2084.009	-2239.93	155.9209	1.370361	0.818457	0.16906	0.00964054	0.00284303	1.335089	2.94296
25884	-2072.026	-2226.639	154.613	1.136813	0.71414	0.166927	0.117845	0.00108807	1.11726	3.96308
25890	-2080.925	-2232.804	151.8788	1.185909	0.794202	0.0603588	0.131056	0.0143827	1.015608	5.523568
25896	-2076.507	-2230.381	153.8738	1.128204	0.781607	0.0701257	0.128978	0.0192897	1.190685	4.346229
25902	-2069.86	-2221.463	151.6035	1.638186	0.826401	0.0741446	0.0906982	0.00875573	1.176977	5.365626
25908	-2073.115	-2224.867	151.7524	1.23278	0.70641	0.19733	0.088776	0.00748441	1.15805	5.490506
25914	-2090.14	-2244.024	153.884	1.098309	0.599996	0.289757	0.0881598	0.0220867	1.432976	4.219681
25920	-2096.678	-2253.447	156.7688	1.082593	0.846735	0.0313501	0.0921399	0.0297752	1.499481	2.487482
25926	-2082.211	-2236.854	154.6428	1.384659	0.851962	0.0487636	0.0920881	0.00718603	1.391772	3.655707
25932	-2083.06	-2235.805	152.7451	1.467282	0.843921	0.0640982	0.0741392	0.0178414	1.404772	4.685801
25938	-2089.769	-2244.056	154.2869	0.8159301	0.670096	0.149146	0.172665	0.00809223	1.032395	4.379877
25944	-2084.504	-2240.958	156.4537	1.553896	0.603397	0.291163	0.0861009	0.0193382	1.534325	2.393622
25950	-2079.265	-2233.451	154.1855	1.768018	0.879189	0.090476	0.0247716	0.00556368	1.477971	3.683162
25956	-2080.649	-2235.264	154.6148	1.473649	0.849582	0.0665989	0.0798195	0.00399977	1.375874	3.635753
25962	-2091.263	-2247.221	155.9579	1.188597	0.776327	0.055621	0.151482	0.0165698	1.643183	2.835571
25968	-2091.501	-2247.383	155.8815	1.421637	0.661316	0.169671	0.133651	0.0353628	1.395737	2.902642
25974	-2095.53	-2248.93	153.4005	1.297806	0.794208	0.116967	0.0644467	0.0243783	1.136933	4.553356
25980	-2081.31	-2234.945	153.6353	1.879264	0.708764	0.13813	0.13364	0.019465	1.246983	4.081304
25986	-2071.547	-2225.557	154.01	1.750916	0.897144	0.045274	0.0438023	0.0137795	1.189042	3.958236
25992	-2077.008	-2231.558	154.55	1.126036	0.48306	0.318584	0.150889	0.0474675	1.199102	3.958236
25998	-2090.981	-2244.91	153.9286	0.9041661	0.513468	0.353591	0.0802577	0.0526834	1.154803	4.461337
26004	-2094.08	-2248.479	154.3988	1.642531	0.740408	0.172252	0.0411582	0.0461812	1.204422	3.776923
26010	-2078.384	-2233.343	154.9589	1.455908	0.619377	0.30756	0.0344303	0.0386322	1.290114	3.49448
26016	-2069.29	-2224.936	155.646	1.44751	0.796344	0.101075	0.079719	0.0228622	1.407744	3.023418
26022	-2078.85	-2233.375	154.525	1.591072	0.840116	0.0494755	0.059761	0.0506475	1.508	3.5529
26028	-2081.697	-2237.932	156.2353	1.236881	0.703338	0.221471	0.0201865	0.0550043	1.319136	2.836346
26034	-2077.23	-2232.597	155.3663	1.259913	0.708256	0.22302	0.0384446	0.0302796	1.352337	3.322668
26040	-2081.454	-2234.993	153.5392	1.207634	0.610356	0.25148	0.105165	0.0329988	1.149897	4.515203
26046	-2082.462	-2236.743	154.2803	1.175935	0.653507	0.235729	0.0835348	0.0272293	1.214087	4.076434
26052	-2080.14	-2235.089	154.9487	1.449242	0.690145	0.24991	0.0369551	0.0229897	1.305183	3.495079
26058	-2071.092	-2225.079	153.9872	1.428448	0.746594	0.194695	0.0376154	0.0210956	1.274083	4.077565
26064	-2084.023	-2236.144	152.1215	1.294584	0.591366	0.374921	0.014789	0.0189234	0.9875787	5.349561
26070	-2084.43	-2238.695	154.2644	1.165945	0.782599	0.169992	0.0212994	0.0261093	1.317644	4.031815
26076	-2072.267	-2225.696	153.4291	1.175106	0.765657	0.127629	0.0811695	0.025544	1.317644	4.500056
26082	-2076.82	-2232.505	155.685	1.183945	0.71137	0.149247	0.085308	0.054075	1.437187	3.12599
26088	-2071.928	-2228.079	156.1517	1.10048	0.838167	0.0905268	0.0517442	0.0195618	1.57875	2.808338
26094	-2075.287	-2233.197	157.911	0.8705734	0.783494	0.180319	0.0321019	0.00408469	1.842834	1.644388
26100	-2080.188	-2233.307	153.1193	1.857918	0.96093	0.0154585	0.00827581	0.0153353	1.347736	4.326421
26106	-2087.741	-2242.049	154.3075	1.606494	0.862503	0.0498087	0.0815123	0.00617555	1.171629	3.865552
26112	-2069.966	-2227.333	157.3672	1.042132	0.716336	0.205752	0.0660942	0.0118183	1.746281	1.967469
26118	-2076.455	-2234.124	157.669	1.06173	0.607682	0.329178	0.0251686	0.0379722	1.677311	1.795742
26124	-2068.634	-2226.333	157.6992	1.031149	0.57843	0.31732	0.0295599	0.0746906	1.677311	1.795742
26130	-2077.888	-2234.382	156.4942	1.171076	0.631381	0.195509	0.139296	0.0338133	1.677756	2.494345
26136	-2069.511	-2224.713	155.2018	1.169563	0.692836	0.185695	0.0893531	0.0321159	1.340734	3.475619
26142	-2088.79	-2245.35	156.5595	1.098586	0.560495	0.10419	0.301468	0.0338474	1.486876	2.615779
26148	-2078.514	-2234.767	156.2532	1.320187	0.814801	0.0472513	0.13672	0.00122781	1.584627	2.615779
26154	-2077.217	-2227.677	150.4599	1.939073	0.847046	0.0654797	0.0850882	0.00238647	1.039492	5.937148
26160	-2080.672	-2233.614	152.9422	1.645843	0.808917	0.0815314	0.108461	0.00109014	1.027208	4.701972
26166	-2083.891	-2236.874	152.9827	1.632437	0.654412	0.258522	0.0858546	0.00121163	1.111508	4.638337
26172	-2077.474	-2232.787	155.3132	1.349499	0.794691	0.165933	0.0387214	0.000654638	1.168954	3.413446
26178	-2081.883	-2236.345	154.4623	1.349499	0.630149	0.271006	0.0968079	0.00203732	1.324335	3.817084
26184	-2080.13	-2235.498	155.3674	1.084401	0.659626	0.253745	0.0844963	0.00213262	1.331343	3.432349
26190	-2088.754	-2245.073	156.3187	1.11154	0.710259	0.121128	0.167275	0.00133709	1.473302	2.764257
26196	-2094.585	-2251.464	156.8783	1.380206	0.62032	0.137505	0.241007	0.00116778	1.635725	2.153353
26202	-2080.661	-2235.666	155.0047	1.091524	0.734341	0.212723	0.0482439	0.00469223	1.200333	3.715333
26208	-2090.439	-2245.084	154.6457	1.526694	0.829563	0.110637	0.0544996	0.00530067	1.368807	3.595366
26214	-2092.75	-2245.085	152.3358	1.526694	0.713804	0.249863	0.0244201	0.0119124	1.234812	4.980233
26220	-2088.153	-2242.643	154.49	1.079488	0.757068	0.227734	0.0102148	0.00498288	1.338482	3.938662
26226	-2090.697	-2244.443	153.7458	1.229826	0.679268	0.216713	0.090083	0.0139355	1.218016	4.348633
26232	-2085.998	-2242.62	156.6218	1.016591	0.699194	0.182188	0.11729	0.00132847	1.639237	2.532629
26238	-2077.377	-2231.905	154.5289	1.115786	0.632145	0.194981	0.170367	0.00250718	1.09746	4.034036
26244	-2079.773	-2231.958	152.1849	1.44783	0.796913	0.139946	0.0578579	0.00528346	1.09746	5.177971
26250	-2087.653	-2240.735	153.0812	1.82305	0.882129	0.0734763	0.0157927	0.0286018	0.9330128	4.596764
26256	-2086.629	-2237.905	151.2765	1.611689	0.847976	0.0265382	0.0905075	0.0349788	1.095185	5.602659
26262	-2088.521	-2242.049	153.5279	1.546457	0.694487	0.0362711	0.201113	0.0681288	1.057085	4.40304
26268	-2085.651	-2238.823	153.1712	1.626501	0.776811	0.0934102	0.126057	0.00372137	1.290587	4.434551
26274	-2082.1	-2234.605	152.5043	1.944631	0.861613	0.0234002	0.00774195	0.107245	1.120202	4.762261
26280	-2094.043	-2248.87	154.8268	1.347151	0.777278	0.182433	0.0230206	0.0172691	1.20457	3.677079
26286	-2075.139	-2230.817	155.6783	1.309692	0.612816	0.317391	0.0392935	0.0304992	1.233982	3.181182
26292	-2086.033	-2240.172	154.1385	1.204844	0.574257	0.293144	0.104019	0.0285801	1.230197	4.13239
26298	-2085.672	-2240.81	155.1382	1.110898	0.609491	0.26932	0.0875484	0.0336407	1.124433	3.671133
26304	-2085.012	-2237.571	152.559	1.335588	0.65309	0.184604	0.133757	0.0285488	0.9323523	5.11761
26310	-2085.443	-2238.195	152.7519	1.621963	0.810356	0.136463	0.0336125	0.019569	1.138948	4.756962
26316	-2076.59	-2230.748	154.1582	1.558244	0.846011	0.0276693	0.116816	0.0095036	1.130077	3.998128
26322	-2078.531	-2231.301	152.7695	1.44308	0.754307	0.0749378	0.135899	0.034857	1.334267	4.723404
26328	-2084.223	-2237.284	153.0613	1.438571	0.779605	0.0756735	0.0575964	0.0871252	1.046445	4.723404
26334	-2099.585	-2253.374	153.7886	1.143299	0.73009	0.114782	0.0617381	0.0933903	0.9775378	4.506236
26340	-2104.926	-2257.333	152.4073	1.652122	0.811187	0.0872279	0.0658926	0.0356929	0.9508192	5.039688
26346	-2079.175	-2231.699	152.5236	1.621947	0.771584	0.127264	0.0881781	0.0129732	1.069351	4.923071
26352	-2096.406	-2252.851	156.445	1.59168	0.820744	0.057997	0.0895531	0.0317063	1.412548	2.455668
26358	-2085.226	-2240.62	155.3937	1.253399	0.771114	0.089781	0.115364	0.0237418	1.325139	3.326074
26364	-2098.026	-2253.685	155.6587	0.9664145	0.632269	0.227286	0.122837	0.0176081	1.29099	3.35384
26370	-2089.922	-2246.272	156.3497	0.9929491	0.510854	0.410364	0.0621385	0.0166436	1.438517	2.837719
26376	-2087.649	-2243.915	156.2659	1.479098	0.616554	0.277736	0.0579329	0.0477776	1.414317	2.625946
26382	-2094.753	-2250.986	156.2329	1.114809	0.672273	0.157424	0.0933313	0.0769709	1.516906	2.788055
26388	-2084.904	-2241.038	156.1336	1.220857	0.861006	0.0809527	0.0184603	0.0395809	1.515263	2.788055
26394	-2087.167	-2241.438	154.2707	2.086578	0.634646	0.223756	0.113743	0.0278555	1.515263	3.470148
26400	-2094.242	-2246.679	152.4369	1.322235	0.738809	0.159963	0.0813147	0.0199138	1.318833	4.977591
26406	-2090.324	-2244.819	154.4949	1.026856	0.795361	0.166895	0.0218303	0.0159132	1.122808	4.088681
26412	-2079.785	-2233.649	153.8635	1.026856	0.602292	0.275785	0.0810171	0.0409066	1.212866	4.395506
26418	-2094.636	-2250.496	155.8598	1.369087	0.74608	0.132739	0.070508	0.0506724	1.338987	2.978051
26424	-2078.342	-2233.929	155.5878	1.237813	0.710399	0.126391	0.114961	0.048249	1.27411	3.250306
26430	-2074.095	-2227.334	153.2384	0.979346	0.537134	0.449689	0.00884749	0.00433034	1.269073	4.741611
26436	-2075.594	-2228.576	152.9819	1.148375	0.621646	0.310831	0.0324916	0.0350308	1.222067	4.818352
26442	-2085.088	-2236.567	151.4785	1.26637	0.701745	0.259115	0.0099378	0.0292024	1.001329	5.709805
26448	-2092.507	-2246.453	153.9453	1.618474	0.830014	0.0895595	0.0428668	0.0375597	1.162898	4.072005
26454	-2084.262	-2237.889	153.6268	1.671628	0.864908	0.0379607	0.0205197	0.0766114	1.191214	4.212036
26460	-2094.329	-2248.003	153.6741	1.671628	0.763427	0.120875	0.024442	0.0912556	1.143954	4.212036
26466	-2074.229	-2228.353	154.1232	1.31255	0.884337	0.0456606	0.0245651	0.0454372	1.220396	4.089866
26472	-2082.365	-2234.31	151.9453	1.439495	0.776739	0.113854	0.0784641	0.0309425	0.9876232	5.375023
26478	-2099.75	-2253.153	153.4023	1.488683	0.793168	0.0663873	0.108848	0.031597	1.054164	4.503346
26484	-2093.366	-2246.891	153.525	1.188063	0.699979	0.0590601	0.198204	0.0427566	1.249862	4.477325
26490	-2084.122	-2236.483	152.361	1.566689	0.691266	0.14326	0.131336	0.0341379	0.9672435	5.095881
26496	-2076.035	-2229.453	153.4176	1.321671	0.787581	0.0462095	0.124837	0.0413723	1.14089	4.52926
26502	-2077.13	-2231.201	154.0717	1.639726	0.786816	0.0356824	0.150731	0.0267705	1.14089	4.002343
26508	-2072.25	-2226.407	154.1567	1.226477	0.805751	0.0365412	0.149789	0.00791821	1.14089	4.161295
26514	-2088.767	-2241.776	153.0088	1.457375	0.799651	0.0153184	0.161919	0.0231121	1.067007	4.73202
26520	-2087.259	-2240.087	152.8277	1.850506	0.863458	0.00582584	0.0268796	0.103837	1.167976	4.595114
26526	-2098.595	-2251.514	152.9183	1.932062	0.758896	0.00512036	0.196102	0.0398811	1.014309	4.595114
26532	-2086.502	-2238.776	152.274	1.578319	0.65633	0.156766	0.121654	0.0652502	0.9792321	5.132023
26538	-2100.427	-2253.419	152.9921	1.400182	0.622438	0.20465	0.103833	0.0690783	1.169955	4.711982
26544	-2090.854	-2244.775	153.9207	1.550635	0.769199	0.0633667	0.137254	0.0301802	1.217839	4.087242
26550	-2088.276	-2243.492	155.2155	1.151941	0.776783	0.104604	0.0852752	0.0333377	1.252453	3.528988
26556	-2089.361	-2243.424	154.0625	1.169212	0.683634	0.0920603	0.16364	0.0606656	1.152517	4.238836
26562	-2097.28	-2251.529	154.2486	1.499784	0.898574	0.0423882	0.0416745	0.0173636	1.091179	3.997303
26568	-2084.32	-2238.583	154.2623	1.738067	0.79358	0.160032	0.0264653	0.0199225	1.059741	3.893704
26574	-2090.798	-2244.814	154.0155	1.522037	0.793339	0.145881	0.0408627	0.0199165	1.281997	4.010509
26580	-2087.499	-2242.883	155.3842	1.126726	0.791373	0.14552	0.0597096	0.00339791	1.215433	3.466294
26586	-2087.971	-2241.449	153.4773	1.498056	0.908639	0.0447549	0.042762	0.00384377	0.981688	4.497342
26592	-2092.427	-2244.696	152.2684	1.440339	0.737873	0.229	0.0264198	0.00670759	1.046182	5.163757
26598	-2098.951	-2251.469	152.518	1.420197	0.849323	0.101262	0.0350738	0.0143413	1.004494	5.058377
26604	-2105.157	-2258.501	153.3445	0.9606158	0.692907	0.203792	0.0977912	0.00550918	1.122223	4.774886
26610	-2103.014	-2255.84	152.8254	1.374104	0.670568	0.170359	0.115419	0.0436536	1.218651	4.790918
26616	-2092.467	-2243.981	151.5142	1.47326	0.832476	0.0684403	0.0341076	0.0649765	1.020859	5.577698
26622	-2085.83	-2238.968	153.1374	1.060637	0.682789	0.213876	0.0356817	0.0676536	0.9879995	4.909635
26628	-2089.11	-2243.03	153.9207	1.193848	0.683285	0.196804	0.0414052	0.0785054	0.9766888	4.405219
26634	-2083.449	-2236.875	153.4256	0.9821387	0.637682	0.292318	0.0591605	0.0108397	1.068539	4.747448
26640	-2081.434	-2234.352	152.9181	1.564715	0.66464	0.216478	0.101197	0.0176852	1.079675	4.72406
26646	-2073.514	-2227.885	154.3711	1.379972	0.744216	0.155252	0.0790861	0.021446	1.014871	4.030983
26652	-2079.611	-2233.912	154.3008	1.252385	0.585648	0.321624	0.0846544	0.00807413	1.072245	4.104618
26658	-2070.814	-2224.055	153.2412	1.252385	0.607393	0.203539	0.176246	0.0128223	0.9986684	4.743545
26664	-2069.102	-2223.264	154.1615	1.437956	0.679976	0.203716	0.103475	0.0128334	1.200693	4.015236
26670	-2080.798	-2235.341	154.5439	0.953416	0.519188	0.375044	0.0916635	0.0141044	1.188842	4.065042
26676	-2090.463	-2243.75	153.2866	0.9507879	0.537648	0.408137	0.0388661	0.0153489	1.050109	4.852999
26682	-2085.422	-2236.815	151.3928	1.103668	0.666382	0.266658	0.057694	0.00926598	0.9902715	5.847152
26688	-2098.889	-2251.359	152.47	1.280084	0.743488	0.217966	0.0251651	0.0133809	0.9558236	5.181968
26694	-2096.27	-2247.711	151.4413	1.373054	0.581573	0.353337	0.0553326	0.00975755	0.8948313	5.735295
26700	-2081.153	-2235.232	154.0781	1.417567	0.814387	0.0409803	0.141186	0.00344678	1.074496	4.144876
26706	-2087.755	-2238.943	151.1885	1.725084	0.820744	0.0497406	0.126866	0.00264937	1.079231	5.608567
26712	-2099.925	-2253.441	153.5159	1.996787	0.835144	0.0825879	0.0818821	0.000386145	1.259663	4.090984
26718	-2101.807	-2258.243	156.4367	1.225356	0.729181	0.14633	0.121385	0.00310302	1.303846	2.729438
26724	-2090.034	-2244.786	154.7518	1.239294	0.645583	0.130665	0.215144	0.00860791	1.214516	3.77179
26730	-2080.252	-2234.858	154.6062	1.070918	0.565927	0.276495	0.153132	0.00444513	1.203544	3.954168
26736	-2091.67	-2246.665	154.995	0.9623721	0.608515	0.297302	0.0894033	0.00477964	1.119258	3.841504
26742	-2076.337	-2229.336	152.9989	1.603152	0.734227	0.196466	0.0162741	0.0530331	1.297037	4.538837
26748	-2070.045	-2223.183	153.1375	1.760773	0.791371	0.180064	0.00185511	0.0267096	1.292132	4.390858
26754	-2077.724	-2231.012	153.288	1.580041	0.818983	0.147137	0.00211952	0.0317608	1.338231	4.363702
26760	-2083.622	-2235.582	151.9601	1.456473	0.81415	0.150415	0.00134008	0.0340948	1.380587	5.141502
26766	-2081.742	-2236.148	154.4061	0.9342097	0.713634	0.205043	0.00307552	0.0782483	1.344508	4.066005
26772	-2079.99	-2232.992	153.0016	1.404206	0.652248	0.231203	0.103991	0.0125578	0.992314	4.803927
26778	-2078.208	-2232.516	154.3086	1.158548	0.671535	0.228501	0.096049	0.00391438	1.176259	4.091285
26784	-2088.694	-2243.135	154.4408	0.9761186	0.700267	0.280243	0.00631434	0.013175	1.251452	4.075098
26790	-2079.721	-2236.216	156.4947	0.9588102	0.813828	0.164498	0.00320397	0.0184705	1.359423	2.818568
26796	-2079.361	-2234.954	155.5926	1.065648	0.666083	0.316178	0.00262231	0.0151173	1.509193	3.20583
26802	-2072.266	-2227.676	155.4101	1.166424	0.8772	0.0826408	0.00881958	0.0313399	1.445053	3.293988
26808	-2073.367	-2225.866	152.4988	1.226668	0.629104	0.195121	0.124723	0.0510517	1.072284	5.129007
26814	-2103.899	-2256.962	153.0629	1.198933	0.751881	0.0255806	0.222086	0.000452853	1.125639	4.800145
26820	-2091.146	-2245.674	154.528	1.079182	0.658408	0.108469	0.231853	0.00126993	1.073632	4.068459
26826	-2083.69	-2238.076	154.3852	1.249161	0.809165	0.0372703	0.152662	0.000902783	1.222732	3.972292
26832	-2091.421	-2244.579	153.1579	1.533431	0.799461	0.0488151	0.150832	0.000891957	1.188792	4.543399
26838	-2092.199	-2245.293	153.0942	1.478848	0.845322	0.0338177	0.118109	0.00275206	1.158647	4.622484
26844	-2081.404	-2236.294	154.8902	1.030691	0.720474	0.200057	0.0737562	0.00571224	1.181198	3.826804
26850	-2082.198	-2236.873	154.6742	1.237196	0.747845	0.106807	0.141048	0.00430025	1.265484	3.788258
26856	-2086.64	-2240.573	153.9325	0.8635862	0.786579	0.0605448	0.148354	0.00452298	0.8799034	4.637048
26862	-2072.51	-2225.696	153.1859	1.145146	0.632644	0.192681	0.17215	0.00252516	1.169125	4.73576
26868	-2091.396	-2243.114	151.7187	1.530402	0.750639	0.0473049	0.198706	0.00335067	1.03596	5.429847
26874	-2086.88	-2239.8	152.9192	1.115442	0.765574	0.0334605	0.196244	0.0047208	1.126426	4.924248
26880	-2070.816	-2222.683	151.8667	1.511547	0.81651	0.0506947	0.105566	0.0272294	1.145101	5.296986
26886	-2081.964	-2234.04	152.0766	1.397696	0.716025	0.0383425	0.200971	0.0446614	1.034652	5.296986
26892	-2082.174	-2236.728	154.5533	1.416907	0.823338	0.0216739	0.126808	0.0281803	1.163411	3.822667
26898	-2075.773	-2230.141	154.3687	1.388868	0.815182	0.00909503	0.147822	0.0279011	1.061849	4.00098
26904	-2089.683	-2243.694	154.0112	1.652916	0.785064	0.00536823	0.203594	0.00597316	1.192928	4.00098
26910	-2081.181	-2236.353	155.172	1.024688	0.759648	0.168597	0.0662787	0.00547694	1.126696	3.699198
26916	-2081.088	-2236.216	155.1279	1.111701	0.651053	0.294072	0.0130267	0.0418483	1.193742	3.636494
26922	-2099.365	-2251.337	151.9721	1.097095	0.630897	0.165334	0.156872	0.0468965	1.106067	5.469412
26928	-2101.488	-2255.028	153.5407	0.9867882	0.585579	0.221038	0.145604	0.0477795	0.9526538	4.745325
26934	-2092.511	-2244.542	152.0313	1.550175	0.794639	0.0530098	0.118001	0.0343508	1.190858	5.162434
26940	-2088.187	-2240.283	152.0954	1.299555	0.709811	0.208201	0.0540381	0.0279493	0.9509072	5.381706
26946	-2079.872	-2231.178	151.3057	1.052695	0.647889	0.252629	0.0655692	0.0339133	0.9329634	5.95324
26952	-2081.469	-2233.736	152.2668	1.135731	0.547777	0.271756	0.150747	0.0297204	1.05192	5.316216
26958	-2068.148	-2222.677	154.5298	1.266954	0.764955	0.129338	0.0875728	0.0181342	1.105471	3.947187
26964	-2060.452	-2215.148	154.6961	1.413428	0.758204	0.128197	0.10912	0.00447932	1.228439	3.704633
26970	-2078.891	-2233.328	154.4372	1.578853	0.75424	0.0419737	0.196027	0.00775953	1.438829	3.650023
26976	-2069.83	-2224.339	154.5093	1.429298	0.832381	0.00505587	0.16104	0.00152289	1.402221	3.70402
26982	-2073.226	-2227.753	154.5269	1.241778	0.824033	0.112641	0.0606573	0.00266818	1.151722	3.935786
26988	-2078.899	-2232.172	153.2732	1.016236	0.738823	0.100993	0.158786	0.0013971	1.270157	4.700889
26994	-2063.505	-2216.426	152.9214	1.177154	0.789901	0.106643	0.103169	0.000286694	1.197846	4.850296
27000	-2077.317	-2232.625	155.308	0.9579961	0.709564	0.112412	0.174625	0.00339839	1.149646	3.645872
27006	-2077.327	-2232.604	155.2779	1.201464	0.785907	0.0345676	0.177684	0.00184129	1.300086	3.437232
27012	-2079.508	-2233.792	154.2843	2.273009	0.916468	0.0729424	0.0105355	5.38007e-05	1.14947	3.59729
27018	-2079.301	-2234.978	155.6771	1.225122	0.784002	0.206792	0.00915845	4.67685e-05	1.047483	3.338217
27024	-2073.548	-2228.42	154.8717	1.440823	0.768165	0.20351	0.0282784	4.62601e-05	1.257852	3.571783
27030	-2057.736	-2211.518	153.7824	1.590943	0.868192	0.0647254	0.0670222	6.06852e-05	1.299765	4.099989
27036	-2054.035	-2209.889	155.8535	1.415088	0.881167	0.0623631	0.0564349	3.52732e-05	1.340374	2.956379
27042	-2062.854	-2218.885	156.0307	1.291662	0.8581	0.0433446	0.0984956	6.02779e-05	1.714804	2.688747
27048	-2068.995	-2222.087	153.0921	1.160812	0.81102	0.071422	0.116507	0.00105028	1.27921	4.718265
27054	-2075.872	-2230.296	154.4236	1.694414	0.882596	0.0777253	0.0385358	0.00114297	1.281428	3.693535
27060	-2089.437	-2243.203	153.7663	1.276153	0.819524	0.0384487	0.115311	0.0267155	1.215606	4.314053
27066	-2076.045	-2231.132	155.0866	0.9461265	0.761434	0.0675685	0.13022	0.0407781	1.3901	3.641779
27072	-2066.103	-2220.534	154.4314	1.29534	0.655121	0.320784	0.016936	0.00715842	1.346534	3.850378
27078	-2068.585	-2223.41	154.8252	1.255545	0.655121	0.320784	0.016936	0.00715842	1.302737	3.669723
27084	-2076.082	-2228.744	152.6625	1.200253	0.737223	0.234934	0.0220593	0.00578376	1.156752	5.005078
27090	-2081.71	-2232.228	150.5185	1.594038	0.545997	0.293097	0.0429544	0.117952	0.9650349	6.096344
27096	-2088.546	-2241.188	152.6426	1.290803	0.794903	0.0246858	0.0829131	0.0974986	1.017827	5.046497
27102	-2084.566	-2236.862	152.2966	1.502102	0.872589	0.0239474	0.0885475	0.0149157	1.175793	5.046497
27108	-2083.557	-2236.368	152.8112	0.9087239	0.728338	0.163245	0.0982301	0.010187	1.122162	5.101001
27114	-2086.299	-2238.377	152.0783	1.145376	0.741376	0.169055	0.0811533	0.00841603	1.104077	5.386309
27120	-2068.411	-2222.996	154.585	1.207803	0.705819	0.20625	0.0733103	0.0146206	1.204111	3.89066
27126	-2077.722	-2232.882	155.1598	1.200151	0.741772	0.0933204	0.149542	0.0153654	1.284373	3.516134
27132	-2076.981	-2232.726	155.7453	1.26827	0.714478	0.0717609	0.202325	0.011436	1.382017	3.075854
27138	-2089.273	-2241.981	152.7088	1.418779	0.780761	0.16732	0.026453	0.0254658	1.454911	4.701839
27144	-2076.121	-2230.525	154.4034	0.9728462	0.64982	0.228426	0.0829685	0.0387856	1.20355	4.125521
27150	-2087.007	-2238.476	151.4695	1.201121	0.741618	0.182288	0.0127987	0.0632951	1.15499	5.663857
27156	-2085.914	-2239.844	153.9292	1.462364	0.768374	0.212831	0.0155471	0.00324769	1.02732	4.233874
27162	-2083.765	-2236.683	152.9177	1.239182	0.649301	0.304192	0.041865	0.00464181	0.9204356	4.97431
27168	-2080.406	-2233.674	153.2676	1.296903	0.685348	0.182628	0.126789	0.00523454	1.122705	4.636365
27174	-2089.477	-2239.012	149.5351	1.60292	0.742581	0.132407	0.0961578	0.0288541	0.8895464	6.666777
27180	-2089.671	-2244.697	155.0258	1.073554	0.83885	0.0454335	0.114713	0.00100319	1.326693	3.64015
27186	-2091.304	-2245.597	154.2931	1.176136	0.600629	0.239385	0.155533	0.00445183	1.672509	3.806447
27192	-2087.429	-2242.067	154.6382	1.155317	0.706576	0.210033	0.0781544	0.0052371	1.386454	3.783856
27198	-2084.868	-2238.29	153.4213	0.9883299	0.809655	0.117284	0.0725912	0.000469323	1.260394	4.639044
27204	-2082.194	-2235.328	153.1339	1.218604	0.707837	0.27152	0.00746496	0.0131778	1.414437	4.588437
27210	-2079.698	-2232.626	152.9278	1.34402	0.870927	0.0510163	0.0283056	0.0497508	1.182238	4.769176
27216	-2072.819	-2227.491	154.6718	1.581462	0.81885	0.0818511	0.067622	0.0316769	1.409854	3.52929
27222	-2084.585	-2239.258	154.6727	1.581462	0.776307	0.0555045	0.151358	0.0168304	1.443323	3.509215
27228	-2094.266	-2250.238	155.9718	1.421189	0.811135	0.0416448	0.120598	0.0266221	1.494154	2.788415
27234	-2088.315	-2245.768	157.4527	1.049277	0.640806	0.156775	0.20106	0.00135874	1.631288	1.982525
27240	-2088.245	-2246.074	157.829	0.9334422	0.654726	0.256749	0.0868161	0.00170885	1.631288	1.805661
27246	-2097.72	-2255.263	157.5425	0.8573963	0.428833	0.47726	0.0865848	0.00732218	1.672209	2.024811
27252	-2097.342	-2254.982	157.6402	0.7473495	0.506088	0.421847	0.0677346	0.00433061	1.658539	2.045481
27258	-2080.486	-2237.93	157.444	0.9475745	0.737588	0.124303	0.129809	0.00829934	1.784922	1.953577
27264	-2088.446	-2245.756	157.3107	1.17085	0.627553	0.223246	0.116653	0.0325476	1.734141	1.929644
27270	-2084.488	-2241.571	157.0829	1.401393	0.686261	0.155931	0.127566	0.0302415	1.775372	1.912473
27276	-2082.662	-2240.266	157.6049	1.236712	0.664655	0.167821	0.138234	0.0292894	1.991957	1.495054
27282	-2081.466	-2238.386	156.92	1.341094	0.772838	0.0800001	0.115054	0.0321084	1.895293	1.977763
27288	-2082.645	-2238.832	156.1866	1.441326	0.667148	0.244547	0.051458	0.0368463	1.661919	2.542021
27294	-2080.064	-2235.49	155.4264	1.101318	0.683077	0.242381	0.0367896	0.037752	1.277251	3.419828
27300	-2084.52	-2240.719	156.1988	1.101318	0.721008	0.20479	0.0277241	0.0464777	1.281906	2.958909
27306	-2090.39	-2246.138	155.748	1.386042	0.798226	0.16633	0.00574157	0.0297026	1.494686	2.942568
27312	-2085.26	-2242.025	156.7647	1.092542	0.694228	0.205058	0.0390087	0.0617056	1.633047	2.39999
27318	-2098.611	-2255.378	156.7666	1.236554	0.732162	0.16162	0.0411402	0.0650774	1.540009	2.37077
27324	-2102.657	-2256.159	153.5015	0.8711577	0.605397	0.274342	0.115211	0.00505113	1.122153	4.73832
27330	-2095.519	-2251.964	156.4451	1.415828	0.773612	0.0632334	0.146043	0.0171119	1.462169	2.519402
27336	-2077.722	-2234.234	156.5114	1.359336	0.763359	0.0623954	0.163533	0.0107119	1.450539	2.516751
27342	-2078.413	-2234.268	155.8546	1.250072	0.687129	0.0849484	0.222643	0.00527973	1.450539	2.979467
27348	-2077.304	-2233.457	156.1528	1.322462	0.635987	0.113627	0.244737	0.00564899	1.572588	2.683797
27354	-2082.874	-2239.688	156.8141	1.053173	0.69792	0.0176671	0.251294	0.0331188	1.438693	2.515169
27360	-2087.999	-2244.339	156.3401	1.533557	0.807325	0.0204366	0.113915	0.0583239	1.658845	2.397622
27366	-2080.688	-2235.657	154.9684	1.392983	0.790407	0.0274814	0.0761655	0.105946	1.575033	3.35461
27372	-2075.541	-2230.686	155.1454	1.393611	0.642277	0.258542	0.0618913	0.0372897	1.413883	3.344981
27378	-2081.142	-2238.162	157.0198	1.043956	0.795942	0.0611302	0.128917	0.0140101	1.424984	2.400361
27384	-2077.486	-2229.987	152.5016	1.242211	0.776295	0.0812563	0.123826	0.0186227	1.300911	4.992539
27390	-2070.702	-2222.496	151.7937	1.229007	0.769625	0.0891501	0.122762	0.0184627	1.236152	5.426725
27396	-2079.479	-2231.469	151.99	1.225891	0.657298	0.0803439	0.224752	0.0376065	1.325771	5.270641
27402	-2067.504	-2222.211	154.7065	1.223146	0.70211	0.150928	0.121085	0.0258762	1.231377	3.796893
27408	-2067.141	-2221.177	154.0365	1.154075	0.741265	0.137894	0.0979065	0.0229346	1.148824	4.26386
27414	-2074.291	-2226.953	152.6623	1.097072	0.795718	0.117398	0.066171	0.0207127	1.040425	5.124556
27420	-2079.719	-2232.666	152.9471	1.712289	0.720317	0.215013	0.0492533	0.0154171	1.155048	4.597108
27426	-2087.956	-2242.252	154.2959	1.236706	0.662084	0.19763	0.138116	0.00216944	1.172569	4.058568
27432	-2096.112	-2252.529	156.4177	1.228497	0.827492	0.0952408	0.0735777	0.00368941	1.353727	2.708751
27438	-2088.176	-2244.287	156.1114	1.521011	0.831875	0.0523007	0.114221	0.00160365	1.398036	2.708751
27444	-2087.482	-2242.185	154.7026	1.773232	0.893046	0.0493729	0.057227	0.000354047	1.415367	3.416238
27450	-2084.369	-2236.729	152.3599	1.524031	0.744905	0.179048	0.0753392	0.000707038	1.262411	4.952736
27456	-2085.771	-2238.586	152.815	1.501282	0.855667	0.0856163	0.0580014	0.000715166	1.211649	4.738202
27462	-2090.435	-2245.64	155.2046	1.114192	0.483467	0.363303	0.152395	0.000835218	1.296055	3.5311
27468	-2079.84	-2233.898	154.0587	1.299364	0.694772	0.198641	0.105387	0.00120026	1.235701	4.12471
27474	-2071.026	-2224.006	152.98	1.299364	0.848932	0.0638272	0.0868572	0.000383311	1.114649	4.800479
27480	-2068.951	-2223.903	154.9523	1.342322	0.671201	0.106348	0.221474	0.00097739	1.204997	3.606645
27486	-2077.572	-2233.929	156.3575	0.9829154	0.837395	0.0879414	0.0721759	0.00248764	1.483817	2.811537
27492	-2077.673	-2233.985	156.3117	1.311909	0.814177	0.15685	0.0283078	0.000665501	1.394099	2.701713
27498	-2078.656	-2234.299	155.6427	1.002083	0.673677	0.309682	0.0157201	0.000920983	1.299996	3.336891
27504	-2093.862	-2249.381	155.5186	1.121852	0.733936	0.155176	0.110109	0.000780176	1.222179	3.386394
27510	-2074.767	-2230.048	155.2811	1.250761	0.756656	0.128635	0.113517	0.00119179	1.337571	3.386394
27516	-2074.484	-2228.593	154.1098	1.521323	0.727664	0.184153	0.0840648	0.00411734	1.072464	4.076596
27522	-2085.871	-2238.841	152.9703	1.521323	0.869392	0.0159038	0.108683	0.00602069	1.039326	4.738087
27528	-2078.774	-2233.286	154.5119	1.298272	0.650778	0.191695	0.150731	0.00679637	1.097928	3.945248
27534	-2067.637	-2223.022	155.3854	1.096424	0.637489	0.212212	0.143815	0.00648452	1.404798	3.371843
27540	-2069.386	-2224.329	154.9432	1.096424	0.608515	0.187896	0.194806	0.00878367	1.421193	3.620304
27546	-2083.822	-2239.945	156.1236	0.8881798	0.540374	0.296165	0.155315	0.00814597	1.678032	2.894058
27552	-2085.469	-2239.682	154.2128	1.012171	0.636943	0.27018	0.0386569	0.05422	1.292782	4.160793
27558	-2097.733	-2252.971	155.2384	1.042169	0.550969	0.293521	0.0647258	0.0907842	1.347431	3.522491
27564	-2094.096	-2251.807	157.7111	0.8493669	0.701962	0.154676	0.0993904	0.0439717	1.480065	2.045904
27570	-2087.383	-2238.377	150.9942	1.220646	0.588314	0.139261	0.267738	0.00468753	0.9824012	6.008165
27576	-2087.152	-2239.009	151.8578	1.170581	0.46945	0.382342	0.0731436	0.0750646	0.9811743	5.562016
27582	-2086.679	-2238.075	151.3963	1.170581	0.62156	0.294248	0.0555903	0.028602	0.9285864	5.843793
27588	-2084.274	-2235.855	151.5811	1.123033	0.537551	0.401578	0.0198074	0.041064	0.938225	5.762324
27594	-2083.254	-2235.354	152.0996	1.25487	0.560332	0.381796	0.0188317	0.0390412	1.038618	5.353705
27600	-2085.867	-2240.215	154.3473	1.01868	0.607777	0.369625	0.0183992	0.00419852	1.145168	4.16454
27606	-2090.586	-2242.832	152.2463	1.269715	0.5375	0.439279	0.0182305	0.00498972	1.20205	5.174765
27612	-2077.128	-2230.906	153.7777	0.9156123	0.702164	0.200621	0.091339	0.00587567	1.029748	4.609833
27618	-2087.359	-2240.94	153.5809	1.08585	0.489182	0.376547	0.126946	0.00732523	1.0564	4.609833
27624	-2082.68	-2235.847	153.1667	1.415689	0.552208	0.296221	0.143302	0.00826902	1.00845	4.696983
27630	-2082.44	-2234.765	152.3246	1.28316	0.587644	0.302732	0.0559987	0.0536254	1.073592	5.195704
27636	-2096.906	-2248.719	151.8128	1.897915	0.754614	0.123022	0.0499271	0.0724369	1.089597	5.183612
27642	-2093.186	-2244.465	151.2795	1.85766	0.829616	0.106722	0.0294584	0.034203	0.9752338	5.557903
27648	-2086.039	-2237.346	151.3068	1.655094	0.586553	0.31046	0.0980079	0.00497951	1.110319	5.557903
27654	-2101.554	-2254.576	153.022	1.375667	0.580875	0.360012	0.0577367	0.00137629	1.057401	4.770416
27660	-2078.042	-2231.14	153.0974	1.428705	0.77502	0.122656	0.0999423	0.00238236	1.033274	4.715442
27666	-2073.354	-2225.28	151.926	1.234393	0.745469	0.100635	0.149758	0.00413702	0.9371572	5.515666
27672	-2074.999	-2227.833	152.8344	1.105393	0.698227	0.200157	0.0877534	0.0138627	1.111444	4.985195
27678	-2071.817	-2225.429	153.6127	1.404892	0.779342	0.137822	0.0769013	0.00593462	1.325899	4.272708
27684	-2082.028	-2236.313	154.2857	1.106156	0.793854	0.121914	0.0757424	0.00848999	1.172965	4.134874
27690	-2098.896	-2254.842	155.9463	1.170572	0.704759	0.268898	0.0202085	0.00613402	1.314568	3.050787
27696	-2091.744	-2247.85	156.1057	1.216067	0.797477	0.148182	0.0510322	0.0033081	1.210654	2.991815
27702	-2086.959	-2244.176	157.2167	1.216067	0.611512	0.344188	0.039208	0.00509145	1.475085	2.135517
27708	-2090.59	-2246.687	156.0973	1.646664	0.622009	0.147061	0.155841	0.075089	1.33691	2.690008
27714	-2088.845	-2243.109	154.2636	1.036475	0.68576	0.268659	0.00431119	0.0412696	1.156673	4.195523
27720	-2088.25	-2242.715	154.465	1.431845	0.691848	0.220625	0.0210776	0.066449	1.112421	3.895115
27726	-2079.151	-2232.7	153.5497	1.330241	0.755917	0.219341	0.0128707	0.0118708	1.149128	4.445946
27732	-2084.552	-2238.339	153.7874	0.8756344	0.545995	0.340599	0.0982357	0.0151707	1.004148	4.641785
27738	-2084.79	-2236.219	151.4289	1.084671	0.583808	0.332413	0.067558	0.0162213	1.018109	5.822292
27744	-2097.838	-2250.286	152.4472	1.548921	0.829939	0.107302	0.0159789	0.0467797	1.062343	5.003611
27750	-2088.101	-2240.312	152.2107	1.548921	0.753522	0.219752	0.0157954	0.0109313	0.9513237	5.196266
27756	-2077.785	-2230.089	152.3046	1.780882	0.853165	0.110282	0.0359518	0.000601037	0.9718328	5.027117
27762	-2087.347	-2241.523	154.1762	1.242289	0.873182	0.0796517	0.027802	0.0193638	1.131626	4.147047
27768	-2086.15	-2240.952	154.8022	1.285274	0.696978	0.234801	0.0321812	0.0360393	1.256521	3.693891
27774	-2082.223	-2237.492	155.2682	1.136385	0.621645	0.265953	0.0498135	0.0625882	1.14968	3.566804
27780	-2095.945	-2250.806	154.8607	0.9825967	0.616959	0.352345	0.0198648	0.0108318	1.316691	3.793425
27786	-2102.148	-2256.156	154.0084	1.373654	0.486814	0.468932	0.0174535	0.0268004	1.162279	4.156805
27792	-2080.745	-2235.573	154.8284	1.197202	0.769815	0.115723	0.08762	0.0268418	1.184121	3.767921
27798	-2086.45	-2240.243	153.7929	1.119278	0.728386	0.163653	0.0829046	0.0250566	1.193067	4.395437
27804	-2074.12	-2228.103	153.9825	1.530471	0.689465	0.212289	0.0636483	0.0345983	1.204454	4.069495
27810	-2069.854	-2223.903	154.0487	0.8741484	0.689465	0.212289	0.0636483	0.0345983	1.159491	4.408405
27816	-2066.908	-2222.413	155.5051	1.05527	0.782461	0.0805963	0.077627	0.0593159	1.478779	3.281567
27822	-2071.874	-2226.316	154.4417	1.474035	0.641297	0.248631	0.072375	0.037697	1.32013	3.767861
27828	-2070.666	-2224.404	153.7376	1.382937	0.668156	0.230014	0.0669557	0.0348743	1.35615	4.195778
27834	-2072.058	-2225.208	153.15	1.303336	0.838603	0.122381	0.0103823	0.0286343	1.322703	4.586825
27840	-2076.268	-2228.274	152.0067	1.456219	0.570329	0.367848	0.0177136	0.0441094	1.140575	5.248623
27846	-2075.277	-2232.276	156.9988	1.002036	0.550735	0.306654	0.0932432	0.0493673	1.645185	2.300259
27852	-2079.091	-2235.484	156.3938	1.474676	0.817372	0.042331	0.111909	0.0283886	1.53093	2.476269
27858	-2087.12	-2243.752	156.6327	1.210341	0.88669	0.00835486	0.0824468	0.0225086	1.53093	2.476269
27864	-2077.269	-2231.58	154.3109	1.112529	0.675633	0.151061	0.161445	0.0118602	1.205552	4.0985
27870	-2087.675	-2243.89	156.2142	1.378862	0.822644	0.0423924	0.120285	0.0146782	1.454279	2.687526
27876	-2073.022	-2229.505	156.4829	1.203044	0.712594	0.142935	0.133903	0.0105678	1.497881	2.594454
27882	-2080.693	-2237.006	156.3131	1.258322	0.688738	0.26044	0.031567	0.0192555	1.383075	2.737807
27888	-2075.959	-2232.648	156.689	1.258322	0.731654	0.214669	0.012182	0.0414954	1.348646	2.527041
27894	-2075.729	-2231.154	155.4246	1.254413	0.627467	0.308419	0.0218297	0.0422851	1.227073	3.365046
27900	-2063.282	-2217.183	153.9003	1.464583	0.70913	0.111282	0.131799	0.0477884	1.209204	4.145945
27906	-2066.803	-2220.798	153.9956	1.323949	0.798352	0.0219554	0.1323	0.047393	1.199083	4.16865
27912	-2109.946	-2264.085	154.1389	1.029529	0.46498	0.462008	0.0612807	0.011731	1.132295	4.283916
27918	-2105.667	-2262.234	156.5674	1.65722	0.797744	0.0251309	0.159536	0.0175898	1.420776	2.338686
27924	-2093.002	-2244.35	151.3484	1.529876	0.842742	0.00150232	0.155223	0.000532354	1.023995	5.640211
27930	-2089.142	-2245.886	156.744	1.039792	0.659354	0.167367	0.163178	0.0101005	1.451721	2.558932
27936	-2078.855	-2235.956	157.1014	1.05875	0.759234	0.117356	0.111779	0.0116305	1.409218	2.349422
27942	-2086.789	-2243.06	156.2715	1.927477	0.792756	0.099555	0.0948243	0.0128649	1.485205	2.349422
27948	-2087.156	-2243.187	156.0308	1.237731	0.79842	0.0754013	0.10374	0.0224381	1.639337	2.765413
27954	-2092.755	-2250.368	157.6132	1.159555	0.73322	0.213283	0.0390615	0.0144363	1.8548	1.643057
27960	-2096.831	-2254.25	157.4185	1.26028	0.755023	0.175415	0.0631186	0.00644322	1.787799	1.761332
27966	-2095.105	-2252.011	156.9052	1.121555	0.746381	0.210304	0.0345675	0.00874728	1.715442	2.239951
27972	-2101.755	-2255.803	154.0487	1.571617	0.764676	0.07076	0.112178	0.052386	1.412996	3.892382
27978	-2075.087	-2230.455	155.3679	1.596447	0.765215	0.112894	0.112257	0.00963448	1.323841	3.163174
27984	-2082.957	-2237.483	154.5269	1.150013	0.738484	0.0762688	0.123407	0.0618407	1.241367	3.934058
27990	-2089.247	-2244.304	155.057	1.390088	0.700943	0.144837	0.0787906	0.0754294	1.236257	3.50258
27996	-2069.494	-2224.722	155.2277	1.221055	0.714447	0.115697	0.109601	0.0602539	1.220031	3.50258
28002	-2077.287	-2231.853	154.5657	1.269497	0.876296	0.065654	0.035489	0.0225607	1.333559	3.794263
28008	-2081.123	-2236.048	154.9247	1.113917	0.801421	0.0679652	0.109981	0.020633	1.121743	3.794263
28014	-2079.453	-2234.521	155.0678	1.103364	0.645487	0.170384	0.129953	0.0541771	1.178125	3.685007
28020	-2083.045	-2238.394	155.3494	1.167944	0.723337	0.15688	0.0954489	0.0243336	1.386227	3.363469
28026	-2093.276	-2249.389	156.1127	1.500242	0.618791	0.192751	0.144933	0.0435243	1.439986	2.693216
28032	-2080.283	-2235.793	155.5104	1.327907	0.747026	0.140092	0.060338	0.052544	1.220937	3.278422
28038	-2073.431	-2227.105	153.6734	1.306156	0.695462	0.187314	0.0764128	0.0408109	1.194323	4.363056
28044	-2065.614	-2219.312	153.6986	1.268611	0.718621	0.138225	0.113039	0.0301156	1.26644	4.327537
28050	-2075.219	-2228.796	153.5773	1.117821	0.63453	0.230121	0.0998113	0.0355373	0.9831338	4.635526
28056	-2082.27	-2232.516	150.2463	1.233535	0.587339	0.264628	0.12682	0.0212124	0.8624616	6.473341
28062	-2079.89	-2232.228	152.3381	1.595926	0.654956	0.219966	0.105417	0.0196616	0.9108988	5.126138
28068	-2081.334	-2234.828	153.4944	1.049163	0.566626	0.367046	0.049318	0.01701	1.052774	4.680502
28074	-2086.07	-2235.499	149.4284	1.867564	0.840856	0.0495862	0.0667507	0.042807	0.8561554	6.627113
28080	-2087.607	-2240.447	152.84	1.860818	0.715474	0.198922	0.056589	0.0290151	0.9353522	4.714011
28086	-2081.905	-2235.71	153.8045	1.613926	0.668574	0.21887	0.0542502	0.0583063	1.29193	4.080907
28092	-2088.268	-2243.729	155.4616	1.499655	0.772714	0.09305	0.0776391	0.0565966	1.276231	3.184668
28098	-2079.937	-2235.771	155.8338	1.387044	0.88321	0.0764147	0.0263842	0.0139913	1.324067	2.993017
28104	-2072.273	-2225.495	153.222	1.286917	0.717692	0.138496	0.0970769	0.046735	1.274398	4.581977
28110	-2078.418	-2233.244	154.8265	1.034578	0.763787	0.101029	0.1281	0.00708329	1.229874	3.833265
28116	-2076.044	-2229.638	153.5936	1.190652	0.60932	0.277646	0.107111	0.00592269	1.099601	4.521884
28122	-2082.832	-2234.891	152.059	1.385154	0.714805	0.228001	0.0464732	0.0107209	1.099601	5.277019
28128	-2087.608	-2238.249	150.6408	1.385154	0.555138	0.355609	0.051237	0.0380167	1.047845	6.083074
28134	-2088.188	-2240.238	152.0503	1.146003	0.48996	0.409237	0.0933818	0.00742061	0.7906772	5.573824
28140	-2095.465	-2244.225	148.7605	1.533753	0.713165	0.159576	0.10639	0.0208694	0.7326262	7.200273
28146	-2089.94	-2240.318	150.3775	1.043894	0.731709	0.0848792	0.164913	0.0184987	0.74822	6.562826
28152	-2075.928	-2226.589	150.6609	1.369321	0.770944	0.0894306	0.128632	0.0109929	0.8512261	6.186892
28158	-2082.288	-2234.719	152.4314	1.398534	0.774657	0.0760137	0.111814	0.0375152	1.11179	5.057523
28164	-2076.442	-2229.224	152.7822	1.550649	0.850675	0.0655084	0.0513321	0.0324848	0.9072309	4.902782
28170	-2102.36	-2257.819	155.4592	0.8768876	0.565113	0.325655	0.0896502	0.0195818	1.330362	3.501122
28176	-2086.842	-2241.854	155.0114	1.043422	0.573643	0.329511	0.0756894	0.0211569	1.263567	3.702188
28182	-2080.966	-2235.021	154.0549	1.450405	0.688527	0.15943	0.118827	0.0332149	1.103216	4.125348
28188	-2080.467	-2234.999	154.5315	1.152541	0.700045	0.224192	0.00643772	0.0693256	1.327641	3.880547
28194	-2072.893	-2226.183	153.2902	1.242728	0.749084	0.0790582	0.108832	0.0630261	1.138327	4.64299
28200	-2090.86	-2243.888	153.0281	1.436256	0.764115	0.101334	0.107295	0.027256	1.18111	4.66778
28206	-2082.715	-2236.733	154.0188	1.254966	0.859625	0.0751819	0.0345299	0.0306629	1.18111	4.201654
28212	-2072.465	-2227.3	154.8344	1.416453	0.581347	0.260354	0.129491	0.0288077	1.298385	3.582343
28218	-2076.262	-2232.285	156.0231	1.416453	0.653281	0.149245	0.131679	0.0657953	1.457445	2.782061
28224	-2081.682	-2237.6	155.9178	1.537736	0.625835	0.18189	0.158585	0.03369	1.457445	2.782061
28230	-2076.937	-2233.363	156.4258	1.246229	0.674833	0.263858	0.0464952	0.0148128	1.439045	2.641106
28236	-2083.118	-2239.593	156.4754	0.9950195	0.568719	0.347187	0.0608364	0.0232576	1.551004	2.691014
28242	-2089.126	-2243.922	154.7963	1.45596	0.792318	0.0524007	0.13185	0.0234315	1.218132	3.630902
28248	-2076.217	-2231.018	154.8001	1.401228	0.655519	0.213674	0.0928543	0.0379525	1.218132	3.656644
28254	-2079.492	-2235.217	155.7243	0.8649949	0.47667	0.363983	0.122204	0.0371434	1.394113	3.315614
28260	-2078.628	-2232.112	153.484	1.308384	0.575708	0.292047	0.102371	0.0298741	1.271299	4.425322
28266	-2076.01	-2230.564	154.5533	1.30643	0.666011	0.211165	0.102649	0.0201758	1.208563	3.853781
28272	-2066.258	-2220.758	154.4996	1.177664	0.659823	0.173826	0.137197	0.0291535	1.241921	3.934292
28278	-2075.071	-2228.389	153.3184	1.583551	0.773957	0.0271143	0.170602	0.0283266	1.201216	4.422207
28284	-2081.338	-2238.934	157.5961	0.9434205	0.693906	0.156783	0.117421	0.0318895	1.605336	1.974825
28290	-2086.732	-2243.662	156.9306	1.355936	0.644393	0.230296	0.0912356	0.0340757	1.647833	2.125565
28296	-2087.231	-2244.969	157.7374	0.9457521	0.746401	0.187972	0.0481416	0.0174851	1.650738	1.846785
28302	-2084.23	-2240.913	156.6821	1.026383	0.655028	0.203207	0.130561	0.0112039	1.488493	2.582755
28308	-2088.699	-2245.876	157.1762	1.535929	0.534949	0.321485	0.105574	0.0379914	1.588909	1.896229
28314	-2089.399	-2247.473	158.074	1.125619	0.654513	0.0376497	0.258351	0.0494864	1.874692	1.303119
28320	-2095.807	-2253.932	158.125	0.9164354	0.658278	0.265894	0.0331788	0.0426491	1.858743	1.439246
28326	-2090.635	-2249.018	158.383	0.8814439	0.671374	0.227639	0.0338389	0.0671485	2.008324	1.134406
28332	-2075.797	-2234.18	158.3831	1.010288	0.555675	0.36574	0.0425559	0.0360295	2.061491	0.9577814
28338	-2082.244	-2240.675	158.431	1.028168	0.543766	0.401902	0.00828578	0.0460455	2.084046	0.8595217
28344	-2085.987	-2244.091	158.1042	1.094607	0.654989	0.0537959	0.242709	0.0485061	1.700631	1.439994
28350	-2092.145	-2250.162	158.0177	1.423907	0.728056	0.252569	0.00829753	0.0110771	2.099968	0.8908397
28356	-2095.743	-2253.968	158.2248	1.121039	0.765962	0.208911	0.00842648	0.0167008	2.318649	0.6901556
28362	-2092.697	-2251.241	158.5447	0.980634	0.608327	0.171565	0.196922	0.0231867	2.0448	0.8264526
28368	-2089.349	-2247.706	158.3564	0.9606658	0.523295	0.246558	0.148311	0.0818363	2.378856	0.6196156
28374	-2085.667	-2239.373	153.7055	0.1677404	0.0881237	0.546209	0.0580775	0.30759	0.9486022	4.999715
28380	-2089.755	-2248.292	158.5366	0.8702162	0.68915	0.195405	0.0748828	0.0405616	2.060526	0.9470393
28386	-2079.492	-2237.872	158.3796	1.140322	0.662226	0.257575	0.0659257	0.0142738	1.89698	0.999411
28392	-2084.309	-2237.384	153.0753	0.1761491	0.0522386	0.639957	0.0355416	0.272263	0.9663357	5.346198
28398	-2094.571	-2247.493	152.9224	0.1752567	0.0577107	0.759276	0.0348162	0.148197	1.117949	5.346198
28404	-2078.438	-2236.477	158.0388	1.489721	0.794874	0.132556	0.0575821	0.0149877	1.911548	1.007071
28410	-2074.922	-2232.792	157.8703	1.636366	0.731675	0.135343	0.0589435	0.0740388	1.923803	1.038414
28416	-2074.211	-2232.439	158.2283	1.10725	0.78664	0.0709066	0.0946524	0.0478008	1.889936	1.175873
28422	-2085.243	-2242.917	157.6745	1.918515	0.7645	0.05174	0.137062	0.0466982	1.815936	1.111942
28428	-2084.736	-2241.909	157.1729	1.517914	0.813922	0.0736243	0.0737803	0.0386736	1.678684	1.847788
28434	-2082.589	-2240.009	157.4195	1.162343	0.679386	0.180649	0.0775674	0.0623981	1.69908	1.885187
28440	-2075.496	-2232.877	157.381	1.202963	0.78765	0.159855	0.0478695	0.00462546	1.69908	1.885187
28446	-2094.016	-2251.187	157.1704	1.220857	0.773432	0.156969	0.00752261	0.0620755	1.69908	2.015484
28452	-2094.241	-2251.32	157.079	1.220857	0.722333	0.211654	0.00441569	0.0615969	1.563303	2.16479
28458	-2093.912	-2250.084	156.1723	1.243775	0.744054	0.165594	0.0421596	0.0481922	1.726339	2.621662
28464	-2090.316	-2245.021	154.7042	1.188068	0.714532	0.18483	0.0581665	0.0424708	1.188314	3.841961
28470	-2085.894	-2241.572	155.6778	0.9393626	0.445697	0.377267	0.150544	0.0264916	1.285693	3.361834
28476	-2090.558	-2244.677	154.1189	1.298222	0.748587	0.184132	0.0651563	0.00212421	1.15264	4.138329
28482	-2086.128	-2238.957	152.8294	1.139441	0.756469	0.218543	0.0230784	0.00190963	1.177239	4.933114
28488	-2079.192	-2231.454	152.2614	1.33195	0.659105	0.238315	0.100254	0.00232532	1.19924	5.13646
28494	-2086.677	-2239.391	152.714	1.156958	0.665684	0.233716	0.0983193	0.00228044	1.322227	4.907298
28500	-2082.342	-2234.45	152.1081	1.599775	0.704015	0.09409	0.197318	0.00457664	1.171528	5.107405
28506	-2077.677	-2228.965	151.2883	1.18714	0.77352	0.111179	0.112518	0.00278348	1.035642	5.83568
28512	-2076.139	-2230.244	154.1045	1.111509	0.695088	0.23361	0.0682733	0.00302905	1.186731	4.227018
28518	-2084.582	-2238.443	153.8614	1.385978	0.752991	0.187093	0.0569581	0.00295824	1.139687	4.246822
28524	-2082.788	-2235.384	152.5967	1.143049	0.642031	0.230011	0.108232	0.0197265	1.110833	5.097303
28530	-2081.334	-2234.395	153.0607	1.28439	0.542004	0.315175	0.10063	0.0421905	1.317966	4.649317
28536	-2074.977	-2226.947	151.9699	1.691019	0.767282	0.050708	0.15393	0.0280796	1.347051	5.044842
28542	-2082.041	-2237.519	155.4777	1.691019	0.807414	0.0473853	0.1228	0.022401	1.563819	2.906905
28548	-2081.861	-2237.504	155.6423	1.737068	0.828553	0.0305652	0.12463	0.0162516	1.634671	2.741175
28554	-2092.148	-2247.96	155.8116	1.182986	0.825009	0.0310273	0.124097	0.0198665	2.106598	2.644855
28560	-2070.082	-2224.37	154.2874	1.182986	0.757107	0.0408531	0.200293	0.0017471	1.597994	3.848811
28566	-2069.591	-2221.251	151.6599	1.53781	0.755378	0.0723546	0.169377	0.00289081	1.290278	5.318581
28572	-2070.944	-2224.347	153.4034	1.28679	0.669016	0.14041	0.140589	0.049985	1.145307	4.552677
28578	-2080.642	-2234.372	153.73	1.182614	0.716252	0.117042	0.150515	0.0161904	1.223723	4.379419
28584	-2066.767	-2220.399	153.6321	1.092407	0.764769	0.15617	0.0768455	0.00221572	1.255735	4.465464
28590	-2080.123	-2233.87	153.7467	1.092407	0.711044	0.216165	0.0712802	0.00151096	1.086485	4.496184
28596	-2083.082	-2238.28	155.1982	1.031359	0.75176	0.185706	0.0612364	0.00129806	1.338642	3.557231
28602	-2077.338	-2232.796	155.4587	0.8739866	0.708418	0.174024	0.114604	0.002954	1.237465	3.557231
28608	-2062.926	-2219.114	156.1883	0.9873254	0.68334	0.118729	0.182256	0.0156749	1.49564	2.904225
28614	-2069.516	-2225.722	156.2059	1.464792	0.888166	0.088399	0.0147456	0.00868956	1.582026	2.566916
28620	-2067.548	-2224.5	156.9523	1.175732	0.82822	0.168251	0.00184236	0.00168631	1.627045	2.233091
28626	-2069.727	-2226.911	157.1836	0.9406523	0.682036	0.293654	0.0216315	0.00267791	1.821011	2.107052
28632	-2065.024	-2222.028	157.0037	0.841295	0.605906	0.372498	0.019217	0.00237899	1.517972	2.481352
28638	-2069.561	-2223.84	154.2786	1.104898	0.551317	0.338937	0.104554	0.00519217	1.101604	4.180174
28644	-2080.37	-2231.866	151.4965	1.198353	0.527255	0.339823	0.126634	0.00628867	1.213114	5.618603
28650	-2079.581	-2231.315	151.734	1.198353	0.770327	0.0469428	0.178016	0.00471473	0.9756789	5.618603
28656	-2079.442	-2234.611	155.1686	1.16551	0.734151	0.0447383	0.169656	0.0514553	1.349797	3.492014
28662	-2075.756	-2229.909	154.1536	1.201141	0.820211	0.0335349	0.128317	0.0179373	1.300059	4.08603
28668	-2073.31	-2229.694	156.3844	1.28713	0.632109	0.231206	0.119921	0.0167637	1.409688	2.661418
28674	-2069.833	-2226.012	156.1793	1.033275	0.625009	0.312941	0.0361889	0.025861	1.309188	2.994318
28680	-2079.553	-2235.64	156.087	0.8990429	0.628785	0.314832	0.0303653	0.0260172	1.337369	3.113638
28686	-2088.269	-2243.789	155.5196	0.8113825	0.622813	0.319675	0.0300769	0.0274353	1.543816	3.38073
28692	-2100.207	-2254.672	154.4648	1.392266	0.769104	0.204486	0.0206715	0.00573925	1.206644	3.86126
28698	-2083.304	-2235.396	152.0919	1.262057	0.718306	0.0486956	0.222261	0.0107373	1.131637	5.302964
28704	-2080.329	-2232.161	151.8319	1.304759	0.63864	0.0845226	0.263241	0.0135962	1.021661	5.485196
28710	-2083.657	-2234.517	150.8608	1.304759	0.562503	0.193017	0.231859	0.0126207	1.161424	5.94075
28716	-2079.722	-2231.541	151.8192	1.593767	0.770017	0.0810921	0.141832	0.0070594	1.087111	5.316633
28722	-2080.473	-2234.426	153.9533	1.01842	0.648296	0.173666	0.137394	0.0406432	1.125719	4.398774
28728	-2078.96	-2232.019	153.0588	1.248631	0.702393	0.101523	0.152049	0.0440346	1.022675	4.833935
28734	-2075.248	-2225.449	150.2009	1.569602	0.769582	0.105101	0.0971742	0.0281424	0.9603852	6.282805
28740	-2075.125	-2225.789	150.6635	1.094908	0.666682	0.265585	0.0401503	0.0275834	1.00703	6.240216
28746	-2080.858	-2228.868	148.0101	1.432212	0.6683	0.267655	0.0337707	0.0302751	0.9604379	7.527823
28752	-2085.457	-2236.905	151.4485	1.692168	0.689635	0.25327	0.0284471	0.0286481	1.099996	5.468956
28758	-2091.657	-2246.859	155.2022	1.369154	0.798207	0.147958	0.0249274	0.0289079	1.242516	3.425013
28764	-2085.764	-2238.289	152.5257	1.087889	0.635987	0.319979	0.0133625	0.0306715	0.9613153	5.248856
28770	-2079.042	-2231.73	152.6881	1.087889	0.62796	0.312229	0.0282753	0.0315357	1.167832	5.044569
28776	-2079.91	-2234.033	154.1224	1.087889	0.570639	0.363872	0.0287375	0.0367518	1.164629	4.242445
28782	-2096.22	-2248.93	152.7096	1.107009	0.602236	0.352524	0.0278413	0.0173994	1.003355	5.113535
28788	-2097.386	-2248.397	151.0116	1.426726	0.595386	0.362442	0.0320415	0.0101306	1.017458	5.877204
28794	-2080.161	-2235.005	154.8446	1.125819	0.779977	0.192965	0.0140896	0.012969	1.349353	3.702503
28800	-2091.407	-2242.789	151.3819	1.288315	0.65131	0.29991	0.022997	0.0257827	1.180856	5.653219
28806	-2099.538	-2250.618	151.0798	1.507972	0.63209	0.313318	0.0360116	0.0185808	0.9321296	5.847923
28812	-2087.816	-2242.512	154.6953	1.318102	0.751192	0.220838	0.0119237	0.0160463	1.290608	3.718594
28818	-2090.961	-2247.146	156.185	1.083172	0.70534	0.226713	0.0420835	0.025864	1.420539	2.894273
28824	-2094.381	-2250.682	156.3008	1.130732	0.565835	0.372977	0.0491674	0.0120209	1.43563	2.786874
28830	-2086.762	-2239.096	152.3342	1.095969	0.575388	0.201242	0.205413	0.0179578	1.024885	5.315191
28836	-2079.845	-2235.386	155.5415	1.095969	0.757284	0.099568	0.13684	0.00630811	1.348037	3.313701
28842	-2080.861	-2234.059	153.1979	1.454903	0.673841	0.272514	0.0504195	0.00322577	1.337605	4.475389
28848	-2093.369	-2245.401	152.0317	1.688331	0.864569	0.0667841	0.0646905	0.00395655	1.166624	5.111837
28854	-2097.041	-2250.615	153.5741	1.368943	0.810442	0.138879	0.0476383	0.00304045	1.254338	4.353124
28860	-2089.074	-2241.705	152.631	1.237566	0.742373	0.175992	0.0767378	0.00489768	1.109055	5.029638
28866	-2086.811	-2240.663	153.8516	1.311085	0.791598	0.059322	0.130753	0.0183273	1.227157	4.241099
28872	-2087.28	-2242.913	155.6324	0.9632723	0.731515	0.0878365	0.166704	0.0139441	1.37029	3.324577
28878	-2075.756	-2231.324	155.5684	1.098042	0.750939	0.107099	0.129937	0.0120253	1.30066	3.324577
28884	-2076.271	-2230.546	154.2751	1.116991	0.729709	0.132343	0.126263	0.0116853	1.115937	4.167361
28890	-2069.643	-2224.129	154.4862	1.791883	0.808824	0.121181	0.0592955	0.0106998	1.244637	3.63316
28896	-2070.586	-2224.716	154.1296	1.226743	0.788276	0.0840069	0.10705	0.0206673	1.225307	4.128553
28902	-2068.359	-2220.981	152.6222	1.378615	0.607228	0.168464	0.208651	0.0156565	1.175799	4.925799
28908	-2068.318	-2220.969	152.6514	1.378615	0.826523	0.0137927	0.148538	0.0111459	1.378235	4.796732
28914	-2065.061	-2218.037	152.9761	1.42414	0.806161	0.0122877	0.144879	0.036673	1.193692	4.695804
28920	-2067.878	-2220.857	152.9789	1.42414	0.810574	0.012355	0.140197	0.0368737	1.29885	4.635338
28926	-2073.764	-2229.585	155.8213	0.9739689	0.734918	0.0846792	0.0871151	0.0932873	1.248932	3.278422
28932	-2089.396	-2241.802	152.4055	1.186308	0.695096	0.200604	0.100109	0.00419153	0.9974532	5.243029
28938	-2087.701	-2241.794	154.0926	1.468245	0.729909	0.187202	0.0784879	0.00440146	1.375983	3.939219
28944	-2094.846	-2249.594	154.7475	1.381875	0.54151	0.33193	0.120457	0.00610227	1.395229	3.594422
28950	-2079.653	-2234.371	154.7185	1.030598	0.642958	0.289909	0.0584044	0.00872885	1.17548	3.928687
28956	-2077.705	-2230.607	152.9019	1.311148	0.687611	0.189156	0.118326	0.00490705	1.001448	4.901105
28962	-2092.732	-2246.39	153.6584	1.046922	0.783411	0.0948864	0.109001	0.0127021	1.18348	4.51639
28968	-2089.305	-2242.995	153.6907	1.993408	0.780414	0.129218	0.0527227	0.0376461	1.326061	3.954723
28974	-2095.455	-2250.418	154.9629	0.9690851	0.723291	0.0594647	0.214603	0.00264112	0.9971371	3.926135
28980	-2085.514	-2240.428	154.9134	1.056972	0.639136	0.151999	0.189634	0.0192315	1.300707	3.729611
28986	-2085.117	-2239.18	154.0627	1.277548	0.731339	0.0314422	0.077188	0.16003	1.152501	4.181144
28992	-2085.237	-2240.206	154.9693	1.303401	0.664666	0.0871354	0.21391	0.0342881	1.346054	3.535277
28998	-2087.631	-2242.791	155.1597	1.303401	0.815028	0.0553583	0.105926	0.0236878	1.155727	3.535277
29004	-2077.015	-2230.059	153.0444	1.821139	0.753536	0.050632	0.173932	0.0219006	1.197956	4.469403
29010	-2087.764	-2242.591	154.827	1.272871	0.62162	0.0295977	0.321292	0.0274898	1.387629	3.61015
29016	-2080.584	-2235.709	155.1249	1.107744	0.774815	0.0185448	0.182767	0.0238736	1.050912	3.723119
29022	-2087.663	-2238.014	150.3511	1.107744	0.721599	0.0242604	0.215788	0.038353	0.9093486	6.45603
29028	-2083.906	-2237.053	153.1468	0.968169	0.750113	0.0151526	0.23123	0.00350428	0.9541202	4.97445
29034	-2088.405	-2240.478	152.073	1.824837	0.812893	0.157398	0.0121164	0.0175919	1.102522	5.063823
29040	-2078.577	-2231.085	152.5083	1.25432	0.747925	0.105947	0.13287	0.0132584	1.110309	5.088346
29046	-2080.719	-2236.892	156.1734	1.270836	0.804191	0.113917	0.0547269	0.0271656	1.211468	2.919873
29052	-2082.656	-2237.132	154.4757	1.096201	0.81312	0.0160587	0.125268	0.0455542	1.263982	3.980151
29058	-2089.147	-2242.665	153.5182	1.058691	0.767084	0.00221187	0.187729	0.0429751	1.026815	4.67646
29064	-2092.878	-2247.07	154.192	1.279078	0.818225	0.0116377	0.160898	0.00923879	1.018058	4.183271
29070	-2097.002	-2249.946	152.9444	1.546873	0.748436	0.0887989	0.147175	0.0155909	1.061142	4.728188
29076	-2091.536	-2246.471	154.9349	1.427467	0.709504	0.16257	0.0979838	0.0299418	1.113756	3.625558
29082	-2090.604	-2246.192	155.5881	1.290402	0.664971	0.152366	0.161036	0.0216266	1.287437	3.213421
29088	-2095.836	-2252.3	156.4637	1.290402	0.780187	0.117581	0.0855426	0.0166892	1.538142	2.530904
29094	-2089.236	-2243.869	154.6334	1.474484	0.824231	0.0030569	0.150465	0.022247	1.204571	3.723717
29100	-2086.105	-2240.392	154.2872	1.19844	0.612909	0.229836	0.155841	0.00141366	1.268936	4.029059
29106	-2078.683	-2233.737	155.0537	1.19844	0.801785	0.0507405	0.142687	0.00478775	1.283055	3.579563
29112	-2087.421	-2242.3	154.8786	1.258542	0.623852	0.104837	0.265898	0.00541384	1.39878	3.581426
29118	-2089.761	-2241.008	151.2473	1.60604	0.636391	0.283641	0.0636741	0.0162936	1.166589	5.582095
29124	-2084.613	-2240.037	155.4245	1.311854	0.829431	0.112255	0.0451698	0.0131447	1.29136	3.296177
29130	-2092.485	-2247.386	154.9008	1.008722	0.746739	0.113059	0.131803	0.00840031	1.435174	3.686804
29136	-2081.416	-2235.069	153.6532	0.9044611	0.517566	0.40853	0.0652098	0.00869469	1.087202	4.653829
29142	-2082.771	-2235.565	152.7936	1.255935	0.447981	0.476839	0.0660886	0.0090917	1.242775	4.855263
29148	-2075.308	-2227.361	152.0529	0.9832409	0.636344	0.312963	0.040787	0.00990534	1.063868	5.510098
29154	-2084.817	-2235.788	150.9707	1.224564	0.651978	0.24235	0.10306	0.00261293	1.218254	5.89021
29160	-2079.725	-2232.608	152.8823	1.482113	0.835331	0.0726327	0.015216	0.0768199	0.971002	4.844261
29166	-2088.579	-2242.307	153.7278	1.5752	0.820513	0.0444856	0.0447654	0.0902364	1.354252	4.107601
29172	-2076.346	-2229.656	153.3102	1.309834	0.763071	0.131315	0.0309803	0.0746336	1.126855	4.603537
29178	-2083.286	-2237.55	154.2639	1.293374	0.655925	0.240031	0.0864062	0.0176374	1.269734	3.991418
29184	-2077.306	-2232.773	155.4678	1.192312	0.745722	0.141934	0.0921923	0.0201519	1.249239	3.360823
29190	-2075.568	-2230.729	155.1607	1.583621	0.647705	0.218636	0.0800747	0.0535838	1.249239	3.336066
29196	-2080.082	-2233.425	153.3431	1.42363	0.65715	0.246078	0.0364626	0.0603093	1.317609	4.420323
29202	-2078.93	-2235.157	156.2271	1.261817	0.881332	0.0697603	0.00794677	0.0409613	1.455893	2.743933
29208	-2076.454	-2231.331	154.8771	1.696372	0.882779	0.0698749	0.00631728	0.0410286	1.26904	3.436023
29214	-2095.417	-2248.268	152.8509	1.894779	0.840912	0.0556537	0.00624318	0.0971914	1.415419	4.423583
29220	-2099.23	-2253.715	154.4854	1.555001	0.786313	0.015105	0.196998	0.00158452	1.336325	3.693123
29226	-2098.177	-2252.029	153.8523	1.299069	0.774454	0.0246218	0.194027	0.00689726	1.225533	4.247849
29232	-2095.554	-2248.371	152.8172	1.9015	0.802296	0.0979678	0.0163377	0.083399	1.12056	4.605408
29238	-2105.136	-2256.735	151.5989	1.568174	0.703682	0.146525	0.0143295	0.135464	1.28907	5.338666
29244	-2093.801	-2249.45	155.6492	0.9449811	0.655741	0.266535	0.0623185	0.0154048	1.251089	3.395568
29250	-2093.35	-2247.25	153.8994	1.291481	0.735666	0.178998	0.054302	0.0310341	1.078021	4.308658
29256	-2089.375	-2244.069	154.6941	1.682006	0.789224	0.119228	0.0582552	0.0332934	1.316468	3.522036
29262	-2088.248	-2243.326	155.0778	1.392135	0.729438	0.191283	0.0496403	0.0296392	1.180201	3.522036
29268	-2102.695	-2255.141	152.4458	1.143645	0.568391	0.360777	0.056869	0.0139635	1.318147	5.065672
29274	-2099.71	-2253.344	153.6344	1.458292	0.674625	0.220189	0.0553058	0.0498804	1.389087	4.197909
29280	-2086.578	-2239.618	153.0397	1.846494	0.919419	0.0235573	0.0488978	0.00812586	1.3233	4.390202
29286	-2086.478	-2240.63	154.1518	1.184436	0.825802	0.146941	0.0161105	0.0111468	1.271124	4.112502
29292	-2080.162	-2236.424	156.2619	0.9840233	0.657014	0.330488	0.00826801	0.00422976	1.630751	2.779619
29298	-2078.415	-2233.54	155.1242	1.547098	0.700763	0.284167	0.00997002	0.00510048	1.585915	3.177024
29304	-2077.043	-2232.094	155.0516	1.369536	0.740304	0.245009	0.00654516	0.00814183	1.566481	3.323023
29310	-2090.665	-2244.166	153.5009	1.195022	0.884254	0.0320809	0.0122446	0.07142	1.278549	4.471036
29316	-2086.816	-2240.726	153.9105	1.453474	0.803805	0.038542	0.00793529	0.149718	1.205582	4.147696
29322	-2097.288	-2252.266	154.9777	1.670823	0.804586	0.17106	0.0073572	0.016997	1.372516	3.328544
29328	-2100.736	-2254.353	153.617	1.991666	0.69401	0.280943	0.00634609	0.0187007	1.253693	4.038953
29334	-2095.523	-2249.117	153.5938	0.9076183	0.625333	0.333812	0.00277375	0.0380812	1.002357	4.732736
29340	-2096.002	-2248.714	152.7123	1.250845	0.527482	0.457916	0.000991396	0.013611	1.053794	5.008303
29346	-2092.773	-2246.326	153.5525	1.197708	0.496142	0.482121	0.000176563	0.0215607	1.020628	4.585574
29352	-2084.557	-2237.583	153.0254	1.197708	0.628576	0.307126	0.00418558	0.0601118	1.166974	4.79868
29358	-2082.959	-2236.009	153.0502	1.258562	0.513407	0.427308	0.0452037	0.0140816	1.166974	4.753005
29364	-2087.039	-2239.948	152.9089	1.308774	0.617473	0.30353	0.0471247	0.0318724	1.262132	4.753005
29370	-2084.893	-2239.358	154.4655	0.8563731	0.550947	0.331987	0.0785	0.0385665	1.206263	4.156391
29376	-2085.257	-2241.073	155.8164	1.133511	0.544771	0.328221	0.0909761	0.0360314	1.206263	3.213668
29382	-2089.309	-2246.194	156.8849	1.447436	0.65835	0.16853	0.153364	0.0197569	1.467623	2.219477
29388	-2081.786	-2238.851	157.0649	1.473695	0.592058	0.244323	0.144947	0.0186726	1.742574	1.903894
29394	-2077.809	-2235.267	157.4578	1.043214	0.719721	0.167863	0.0995864	0.0128291	1.771822	1.888353
29400	-2075.944	-2233.894	157.95	1.058127	0.511561	0.339633	0.125171	0.0236352	2.040447	1.322451
29406	-2081.076	-2238.915	157.8395	1.195785	0.515754	0.273474	0.189237	0.0215346	2.072851	1.278137
29412	-2075.364	-2233.282	157.9182	1.024507	0.606686	0.158108	0.211174	0.024031	1.867417	1.506767
29418	-2078.246	-2235.26	157.0147	1.261123	0.777119	0.130691	0.0629059	0.0292833	1.596078	2.160912
29424	-2086.778	-2243.518	156.7395	1.506337	0.811487	0.0678531	0.110586	0.0100738	1.520648	2.246081
29430	-2093.269	-2249.817	156.5482	2.343955	0.67396	0.172544	0.1281	0.0253961	1.701986	1.825202
29436	-2089.73	-2245.626	155.896	2.259306	0.823977	0.0964818	0.0491428	0.0303987	1.701986	2.295403
29442	-2088.835	-2245.166	156.3304	1.394252	0.6724	0.174678	0.109403	0.0435189	1.584752	2.526402
29448	-2081.5	-2239.17	157.6705	0.9773979	0.680506	0.161652	0.113636	0.0442054	1.75705	1.797583
29454	-2083.009	-2240.697	157.688	1.233353	0.629857	0.268196	0.081355	0.0205918	1.916158	1.491904
29460	-2082.264	-2240.236	157.9722	0.9446452	0.67704	0.207377	0.070469	0.0451137	1.913389	1.491904
29466	-2095.331	-2253.11	157.7791	1.265213	0.635141	0.260067	0.0671314	0.0376602	1.795461	1.491904
29472	-2092.24	-2249.873	157.6326	1.456381	0.648342	0.298385	0.0223554	0.030918	1.770048	1.491904
29478	-2085.513	-2243.245	157.7322	1.113771	0.606002	0.344203	0.0208955	0.0288989	1.7665	1.652608
29484	-2083.727	-2240.973	157.2452	1.18754	0.590885	0.280606	0.0701868	0.0583225	1.606561	2.048069
29490	-2097.188	-2254.3	157.1114	0.8928473	0.660358	0.256287	0.017587	0.065768	1.461457	2.415681
29496	-2092.818	-2249.25	156.4318	1.719763	0.730362	0.178825	0.0194514	0.0713619	1.517219	2.331107
29502	-2079.31	-2235.443	156.1328	1.774403	0.71583	0.0747174	0.170677	0.0387757	1.487176	2.510806
29508	-2075.813	-2232.491	156.6782	1.622668	0.714878	0.074618	0.17045	0.0400543	1.603305	2.168557
29514	-2076.765	-2231.537	154.7723	0.8688238	0.536466	0.436299	0.0239609	0.00327478	1.095199	4.037591
29520	-2088.018	-2244.247	156.2283	1.299909	0.632641	0.118475	0.170275	0.0786094	1.475955	2.709396
29526	-2085.443	-2241.583	156.1407	1.552514	0.583949	0.109356	0.243407	0.0632881	1.425654	2.657257
29532	-2095.496	-2248.869	153.3728	1.237901	0.63517	0.207016	0.106836	0.0509781	0.9529584	4.703064
29538	-2088.377	-2241.236	152.8596	1.153289	0.755982	0.13844	0.0958418	0.00973597	0.9590219	5.030232
29544	-2086.412	-2238.025	151.6137	1.223416	0.683977	0.0991693	0.208045	0.00880865	0.8321263	5.75033
29550	-2083.858	-2237.238	153.3801	1.17895	0.529684	0.0767984	0.386696	0.00682157	0.9870331	4.71092
29556	-2080.108	-2234.38	154.2722	1.149386	0.661976	0.159832	0.17131	0.00688114	0.9859016	4.225134
29562	-2088.239	-2240.062	151.8224	1.932327	0.805228	0.112469	0.0764185	0.00588417	0.8858949	5.276292
29568	-2074.36	-2227.545	153.1851	1.290742	0.762676	0.18011	0.0377912	0.0194236	1.106386	4.694889
29574	-2077.019	-2228.806	151.7871	1.110072	0.543586	0.361976	0.0667143	0.0277229	1.140025	5.545527
29580	-2082.141	-2233.911	151.7701	1.000899	0.521708	0.42059	0.0254902	0.032212	1.021053	5.67915
29586	-2080.191	-2234.507	154.3166	1.143803	0.732678	0.193273	0.0592469	0.0148023	1.244581	4.055804
29592	-2082.66	-2239.529	156.8689	1.083343	0.644136	0.325204	0.0290197	0.00164032	1.526806	2.406921
29598	-2085.059	-2242.282	157.2239	1.116288	0.676908	0.290872	0.0304962	0.00172378	1.677617	2.060256
29604	-2087.037	-2244.924	157.8872	1.227047	0.757011	0.181722	0.0597523	0.00151456	1.701274	1.508082
29610	-2075.517	-2232.779	157.2619	1.307367	0.858383	0.0727226	0.0671775	0.00171737	1.673723	1.917465
29616	-2084.938	-2242.685	157.747	0.9122884	0.734329	0.134303	0.124062	0.00730669	1.719763	1.816131
29622	-2080.142	-2235.703	155.5609	1.707786	0.799595	0.0856777	0.109925	0.00480253	1.318566	2.996268
29628	-2083.338	-2238.619	155.2808	1.307431	0.860086	0.0581641	0.0765838	0.00516585	1.380021	3.330972
29634	-2097.593	-2252.074	154.4804	1.481715	0.786756	0.0202333	0.184292	0.00871883	1.605804	3.576237
29640	-2065.592	-2220.637	155.0448	1.025182	0.689775	0.223055	0.0793484	0.00782216	1.223256	3.716642
29646	-2069.051	-2224.734	155.6828	1.317688	0.870148	0.0841625	0.0424693	0.00322009	1.155894	3.220453
29652	-2079.14	-2230.491	151.3515	2.051543	0.86357	0.0835263	0.0387684	0.0141354	0.9603512	5.445414
29658	-2090.502	-2241.886	151.3841	1.564079	0.901121	0.0737214	0.00862069	0.0165366	1.10056	5.562572
29664	-2091.302	-2247.698	156.3952	1.127845	0.590656	0.176099	0.214792	0.0184529	1.525045	2.676027
29670	-2096.456	-2251.543	155.088	1.123278	0.587937	0.193345	0.213803	0.00491433	1.366971	3.55257
29676	-2085.164	-2240.65	155.4866	1.769849	0.832882	0.0385401	0.121616	0.00696173	1.366971	2.981781
29682	-2068.087	-2222.317	154.2304	1.129003	0.724946	0.218229	0.0520766	0.0047487	1.163241	4.159296
29688	-2073.818	-2226.941	153.1223	1.80167	0.815856	0.135458	0.0446176	0.00406854	1.318218	4.366333
29694	-2078.115	-2232.629	154.514	1.105897	0.776334	0.200931	0.0181575	0.00457835	1.384407	3.883821
29700	-2097.571	-2249.74	152.1685	1.434745	0.693069	0.150563	0.0550848	0.101283	1.266348	5.099873
29706	-2078.263	-2231.636	153.3729	1.379724	0.688064	0.17907	0.0982335	0.0346329	1.147996	4.520985
29712	-2074.331	-2226.536	152.2046	1.401709	0.731719	0.0760264	0.186405	0.00584951	1.168662	5.15019
29718	-2077.54	-2230.433	152.8925	1.686511	0.803094	0.131747	0.0602934	0.00486532	1.205227	4.611366
29724	-2084.337	-2237.678	153.3412	1.337099	0.856253	0.0200378	0.10473	0.0189796	1.194665	4.534125
29730	-2089.909	-2243.416	153.5071	1.35034	0.754923	0.036931	0.189293	0.0188531	1.346339	4.348454
29736	-2089.569	-2244.213	154.6441	1.356819	0.637767	0.249989	0.0981056	0.0141379	1.209659	3.774592
29742	-2081.998	-2237.76	155.7618	1.013978	0.600298	0.259992	0.130853	0.00885699	1.199662	3.31891
29748	-2084.205	-2238.861	154.6558	1.013978	0.617031	0.267239	0.0883401	0.02739	1.117583	4.007143
29754	-2088.119	-2242.663	154.5441	1.027588	0.589324	0.280785	0.121567	0.00832476	1.215765	4.007143
29760	-2092.215	-2246.431	154.2154	1.544982	0.646568	0.237729	0.102926	0.0127768	1.196391	3.933926
29766	-2095.945	-2250.923	154.9785	1.05375	0.562086	0.246481	0.181477	0.00995623	1.251822	3.722089
29772	-2084.358	-2239.163	154.8048	1.506686	0.866867	0.00220966	0.127509	0.00341466	1.226761	3.595446
29778	-2088.602	-2242.095	153.493	1.799374	0.817019	0.0056935	0.172664	0.0046239	1.138531	4.259322
29784	-2088.092	-2241.927	153.8348	1.335571	0.84447	0.00535579	0.141502	0.00867198	1.081928	4.320215
29790	-2086.887	-2240.399	153.5124	2.065755	0.724753	0.0478922	0.195293	0.0320621	1.098612	4.155379
29796	-2076.196	-2230.337	154.1417	1.087994	0.851226	0.0569019	0.0839804	0.00789196	1.108547	4.263224
29802	-2087.059	-2240.614	153.5547	1.409826	0.773397	0.0458578	0.156063	0.0246823	1.162356	4.395447
29808	-2090.439	-2244.248	153.8086	1.359003	0.676782	0.0544323	0.185244	0.0835415	1.146412	4.286587
29814	-2084.806	-2238.844	154.0383	1.128279	0.692597	0.166621	0.131141	0.00964157	1.222509	4.235095
29820	-2091.396	-2244.185	152.7887	1.542794	0.733325	0.176419	0.0800482	0.0102085	1.111997	4.788741
29826	-2092.32	-2246.725	154.4047	1.208246	0.620673	0.265323	0.107046	0.00695766	1.011305	4.103641
29832	-2083.371	-2238.385	155.0138	1.335136	0.732142	0.125399	0.137577	0.00488187	1.17016	3.594903
29838	-2085.425	-2239.844	154.4194	1.277379	0.748274	0.155593	0.0911441	0.00498943	1.063501	4.028781
29844	-2080.343	-2236.266	155.9227	1.354321	0.842231	0.0417864	0.104775	0.0112076	1.473455	2.867041
29850	-2074.897	-2231.173	156.2763	1.753446	0.842231	0.0417864	0.104775	0.0112076	1.57993	2.372814
29856	-2075.967	-2231.171	155.2046	1.39457	0.808681	0.088132	0.0932159	0.00997119	1.534419	3.238523
29862	-2077.421	-2232.111	154.6899	1.739784	0.753713	0.153781	0.0868797	0.00562702	1.206494	3.561187
29868	-2069.683	-2222.381	152.6981	1.768636	0.877667	0.0347156	0.0843634	0.00325392	1.057746	4.765555
29874	-2088.951	-2243.179	154.2277	1.601262	0.929303	0.0143873	0.0305402	0.0257695	1.115595	3.945955
29880	-2082.452	-2235.983	153.5304	1.694307	0.881483	0.0325327	0.047221	0.0387636	1.071698	4.323821
29886	-2086.584	-2239.584	153.0008	1.796456	0.869974	0.0192589	0.0878616	0.022905	1.201367	4.503025
29892	-2097.879	-2251.105	153.2257	1.625346	0.765443	0.0873537	0.130707	0.0164966	1.115332	4.503025
29898	-2093.789	-2245.02	151.231	1.351306	0.749254	0.143894	0.0948776	0.0119745	0.9858458	5.811302
29904	-2089.47	-2239.9	150.4304	1.960688	0.876465	0.0403161	0.0446166	0.0386019	1.282815	5.811302
29910	-2091.141	-2243.697	152.556	1.606129	0.825327	0.0314391	0.126085	0.0171494	1.26269	4.804645
29916	-2089.304	-2243.458	154.1541	1.361922	0.746428	0.0989612	0.134462	0.020149	1.094962	4.11821
29922	-2100.019	-2254.5	154.4803	1.543596	0.52475	0.399392	0.0576586	0.0181991	1.159514	3.803647
29928	-2100.378	-2252.868	152.4894	1.55761	0.871141	0.0531511	0.0608381	0.0148699	1.055671	4.979765
29934	-2084.64	-2239.303	154.663	1.629462	0.83355	0.140911	0.0190804	0.00645859	1.193009	3.637082
29940	-2092.783	-2248.17	155.3869	1.221002	0.701823	0.169431	0.124193	0.00455367	1.131773	3.46121
29946	-2090.28	-2244.244	153.9642	0.8465757	0.704362	0.207176	0.0870814	0.00138085	1.212551	4.442246
29952	-2084.396	-2238.176	153.7797	1.158187	0.62941	0.291542	0.0778149	0.00123391	1.085876	4.442246
29958	-2081.554	-2237.116	155.5628	1.027108	0.713561	0.162189	0.115432	0.00881858	1.304821	3.366368
29964	-2079.681	-2236.12	156.4393	0.9504827	0.651767	0.16908	0.172227	0.00692643	1.472759	2.788401
29970	-2075.942	-2231.968	156.0256	1.460389	0.754393	0.195703	0.0288398	0.0210642	1.40598	2.788401
29976	-2070.394	-2226.487	156.0931	1.31268	0.68774	0.24005	0.0418317	0.0303789	1.470267	2.788401
29982	-2083.295	-2239.345	156.0497	1.023163	0.68751	0.304223	0.00146938	0.00679766	1.466611	2.98363
29988	-2090.488	-2243.791	153.3037	1.355846	0.664444	0.326679	0.00157784	0.00729943	1.030517	4.637822
29994	-2093.49	-2247.005	153.5149	1.630422	0.731556	0.241877	0.0189706	0.00759664	1.217571	4.279815
30000	-2081.719	-2237.754	156.0347	1.012524	0.661969	0.331963	0.00499198	0.00107538	1.495517	2.981635
30006	-2079.675	-2236.195	156.5195	1.017088	0.63472	0.344622	0.0131871	0.00747127	1.672767	2.575085
30012	-2079.914	-2235.172	155.2584	1.427238	0.724327	0.224135	0.0430116	0.00852604	1.384045	3.278431
30018	-2076.995	-2232.844	155.8482	1.197055	0.816413	0.122839	0.0491117	0.0116363	1.412916	3.03567
30024	-2073.765	-2229.943	156.1784	1.346781	0.810363	0.118225	0.0602137	0.0111992	1.519976	2.686853
30030	-2075.946	-2232.036	156.0895	1.346781	0.724764	0.139383	0.0423698	0.0934829	1.351521	2.843936
30036	-2067.475	-2222.029	154.5532	1.263158	0.740191	0.179908	0.0236475	0.0562533	1.517609	3.698651
30042	-2065.438	-2220.648	155.2101	1.582147	0.9647	0.0244441	0.00321299	0.00764315	1.480383	3.171043
30048	-2065.912	-2219.645	153.7335	1.127145	0.740691	0.241801	0.00142729	0.0160803	1.237261	4.399747
30054	-2069.734	-2220.827	151.0932	1.186466	0.614889	0.372332	0.00126667	0.011513	1.178319	5.864714
30060	-2070.829	-2225.085	154.2563	0.9518896	0.764321	0.156979	0.0656123	0.0130877	1.235373	4.203095
30066	-2077.607	-2230.813	153.2061	1.166087	0.703521	0.202698	0.0860669	0.00771392	1.162072	4.717177
30072	-2079.349	-2231.241	151.8925	1.526715	0.685191	0.209111	0.0299171	0.0757813	1.127165	5.285442
30078	-2087.207	-2240.207	153	1.269628	0.786488	0.0921877	0.03434	0.0869847	1.012711	4.861414
30084	-2087.48	-2237.794	150.3147	1.974349	0.763638	0.114601	0.030054	0.0917064	0.9282252	6.062464
30090	-2085.318	-2240.492	155.1746	1.112109	0.592835	0.380866	0.0181966	0.00810196	1.400462	3.488864
30096	-2088.651	-2243.381	154.7294	1.2012	0.68042	0.132556	0.173616	0.0134088	1.420954	3.686136
30102	-2085.855	-2239.159	153.3046	1.379118	0.645547	0.145906	0.202462	0.00608516	1.389721	4.423675
30108	-2075.527	-2230.186	154.6587	1.329418	0.612801	0.331609	0.0504812	0.00510893	1.351851	3.69839
30114	-2086.126	-2241.132	155.0065	1.150503	0.598533	0.359273	0.0350415	0.00715316	1.350624	3.594222
30120	-2073.75	-2227.676	153.9266	1.493329	0.655891	0.252858	0.0768308	0.0144201	1.042267	4.211625
30126	-2076.342	-2230.558	154.2156	1.418977	0.871674	0.0636441	0.0446867	0.0199954	1.266225	3.956376
30132	-2075.783	-2230.241	154.4582	1.418977	0.774929	0.103336	0.111735	0.00999943	1.295784	3.800138
30138	-2072.063	-2227.171	155.1087	0.7828599	0.461052	0.408978	0.109138	0.0208325	1.262718	3.800138
30144	-2078.519	-2234.999	156.48	0.9342368	0.616116	0.317613	0.0556486	0.0106223	1.381088	2.829466
30150	-2087.521	-2240.69	153.1688	1.187236	0.829595	0.116505	0.0443142	0.00958607	1.183433	4.714895
30156	-2086.564	-2240.677	154.1128	1.266225	0.813507	0.148208	0.0288853	0.00940017	1.357114	4.042117
30162	-2082.451	-2235.835	153.3841	1.069055	0.782649	0.176211	0.0299638	0.0111763	1.312077	4.586001
30168	-2076.224	-2230.221	153.9971	1.30753	0.610254	0.302362	0.0281027	0.0592813	1.210636	4.169762
30174	-2076.378	-2231.625	155.247	1.384571	0.886193	0.00424083	0.0793955	0.0301703	1.137755	3.45199
30180	-2091.243	-2246.457	155.2141	1.194118	0.919406	0.0486044	0.0111979	0.0207916	1.576576	3.31651
30186	-2079.574	-2233.639	154.0651	2.172752	0.962709	0.0140825	0.0126094	0.0105993	1.314504	3.66999
30192	-2080.002	-2235.279	155.2772	1.424051	0.87504	0.0652314	0.0070825	0.0526458	1.287063	3.326145
30198	-2078.603	-2233.271	154.6681	1.307322	0.825378	0.135443	0.010176	0.0290035	1.228845	3.775618
30204	-2092.08	-2247.609	155.5295	1.294264	0.718995	0.219467	0.0480358	0.0135027	1.39573	3.181877
30210	-2082.191	-2237.179	154.9888	1.211238	0.670438	0.237671	0.00686993	0.0850211	1.290716	3.605831
30216	-2081.752	-2236.364	154.6115	1.211238	0.726571	0.248665	0.00432646	0.0204375	1.148368	3.905555
30222	-2095.474	-2248.132	152.6576	1.388365	0.654717	0.0753507	0.251698	0.0182342	1.239861	4.865607
30228	-2086.031	-2240.157	154.1263	1.442926	0.6717	0.0622384	0.258227	0.00783479	1.428778	3.902346
30234	-2080.931	-2234.204	153.2734	1.340031	0.681076	0.0878884	0.220522	0.0105133	1.031962	4.661962
30240	-2085.629	-2240.226	154.5961	0.9378585	0.582783	0.333487	0.0678455	0.015885	1.20154	4.037043
30246	-2089.34	-2243.292	153.9515	1.131492	0.572176	0.364714	0.0178023	0.045308	1.07352	4.366738
30252	-2090.219	-2245.376	155.1566	1.182116	0.746995	0.126765	0.122526	0.00371443	1.395907	3.462876
30258	-2075.098	-2228.647	153.5497	1.302262	0.735802	0.151573	0.106608	0.00601612	1.24883	4.404088
30264	-2081.1	-2234.168	153.0674	1.240704	0.77046	0.145849	0.0824664	0.00122426	1.147197	4.763758
30270	-2063.886	-2216.873	152.9871	1.063244	0.67348	0.276828	0.0460449	0.00364747	1.030349	4.968255
30276	-2072.148	-2224.227	152.0789	1.38025	0.604895	0.322753	0.0536837	0.0186691	1.035407	5.303908
30282	-2080.188	-2231.419	151.231	1.619021	0.692235	0.235376	0.0558714	0.016518	1.025507	5.662498
30288	-2079.236	-2232.386	153.1499	1.256085	0.570631	0.238383	0.17593	0.0150569	1.103707	4.733968
30294	-2075.759	-2229.447	153.6883	1.239156	0.633606	0.289856	0.0517551	0.0247831	1.263645	4.350375
30300	-2078.822	-2231.121	152.2989	1.925214	0.773941	0.0925744	0.103212	0.0302721	1.284543	4.79344
30306	-2080.278	-2233.871	153.5925	1.552865	0.758328	0.176364	0.055335	0.00997308	1.508545	4.107527
30312	-2086.675	-2241.26	154.5853	0.7946707	0.519917	0.326622	0.145065	0.00839603	1.127066	4.169893
30318	-2076.023	-2231.452	155.4286	1.069996	0.713519	0.220282	0.028336	0.0378625	1.251826	3.451277
30324	-2083.954	-2239.048	155.0947	1.30768	0.633078	0.217928	0.128244	0.02075	1.360715	3.451277
30330	-2091.04	-2245.419	154.3783	1.34535	0.727106	0.180122	0.0467424	0.0460296	1.312868	3.874065
30336	-2080.977	-2234.532	153.5552	1.088129	0.645098	0.279072	0.0662953	0.009534	1.120818	4.586871
30342	-2095.037	-2246.357	151.3199	1.387268	0.529703	0.282168	0.1803	0.00782856	1.023063	5.72459
30348	-2083.451	-2235.546	152.0951	1.387268	0.604408	0.321963	0.0474186	0.0262108	0.915974	5.357398
30354	-2081.652	-2232.214	150.5623	1.099718	0.682293	0.251967	0.0517495	0.0139909	0.885912	6.358403
30360	-2084.061	-2236.042	151.9809	1.414359	0.668892	0.247018	0.0703744	0.0137161	0.8913219	5.420684
30366	-2091.252	-2244.063	152.8107	1.414359	0.667276	0.275667	0.0188549	0.0382014	1.052041	4.872087
30372	-2089.637	-2240.152	150.5146	1.230376	0.54086	0.409961	0.0182148	0.0309641	1.009275	6.24968
30378	-2094.129	-2248.12	153.9912	1.236499	0.784082	0.0681128	0.102917	0.0448885	1.205273	4.213348
30384	-2094.401	-2246.411	152.0105	1.480489	0.840117	0.0729807	0.0182764	0.0686254	1.187057	5.209157
30390	-2109.204	-2262.315	153.1101	1.040631	0.592847	0.268576	0.131977	0.00659946	1.146629	4.847428
30396	-2108.122	-2264.458	156.3362	1.133103	0.739405	0.140631	0.114251	0.00571308	1.545087	2.696876
30402	-2098.964	-2253.347	154.3823	1.141222	0.546553	0.194675	0.242683	0.0160888	1.421813	3.91837
30408	-2080.784	-2235.058	154.274	1.070982	0.568227	0.310685	0.104361	0.0167269	1.198673	4.146442
30414	-2083.74	-2237.526	153.7865	1.270684	0.650944	0.198041	0.119552	0.0314631	1.173128	4.329522
30420	-2093.028	-2245.928	152.9005	1.258355	0.741428	0.156944	0.0760421	0.0255859	1.172428	4.833641
30426	-2085.259	-2237.99	152.7308	1.066133	0.537193	0.293478	0.142195	0.0271343	1.01946	5.114987
30432	-2081.206	-2231.942	150.7362	1.422626	0.736052	0.107278	0.104373	0.0522971	0.7813445	6.158128
30438	-2087.947	-2239.106	151.1594	1.93593	0.711941	0.123344	0.130597	0.0341172	0.7983743	5.687706
30444	-2070.881	-2222.947	152.0667	1.035494	0.598962	0.281343	0.0909926	0.0287031	0.8619883	5.584786
30450	-2074.467	-2227.138	152.6708	1.314318	0.729268	0.164387	0.0808434	0.0255016	0.9281907	5.068629
30456	-2087.199	-2237.56	150.3618	1.213131	0.736591	0.150245	0.053284	0.0598803	0.8428347	6.431702
30462	-2096.843	-2251.173	154.3301	1.259998	0.742005	0.123209	0.118086	0.0167001	1.215018	4.002424
30468	-2087.477	-2242.349	154.8719	1.38533	0.812065	0.0474918	0.135088	0.00535492	1.020243	3.737766
30474	-2095.695	-2246.898	151.2028	1.240894	0.663237	0.238544	0.0766068	0.0216117	0.8759548	5.942095
30480	-2100.449	-2252.335	151.8861	1.355413	0.741826	0.153919	0.0784894	0.0257661	0.9187034	5.486746
30486	-2088.23	-2241.182	152.9517	1.055426	0.61799	0.302262	0.0582832	0.0214648	1.01515	5.000627
30492	-2086.879	-2240.425	153.5453	1.727537	0.785464	0.167743	0.0393588	0.00743424	1.209132	4.222243
30498	-2084.898	-2238.646	153.7485	1.741005	0.778909	0.195987	0.0211159	0.00398844	1.164036	4.126269
30504	-2083.223	-2237.362	154.1381	1.164457	0.660451	0.166181	0.169448	0.00391995	1.094356	4.231483
30510	-2082.391	-2237.237	154.8464	1.006477	0.822822	0.0430049	0.131139	0.00303373	1.115348	3.903623
30516	-2079.96	-2235.35	155.3904	1.488719	0.792314	0.0853803	0.11954	0.0027654	1.381217	3.170257
30522	-2071.056	-2225.964	154.9084	1.924935	0.839176	0.0543276	0.104346	0.00215026	1.361102	3.257336
30528	-2076.52	-2233.465	156.9444	1.208563	0.846586	0.0534603	0.0977848	0.00216924	1.545624	2.270563
30534	-2076.923	-2233.725	156.8023	1.328077	0.670443	0.20273	0.120776	0.0060512	1.568995	2.275896
30540	-2081.499	-2234.138	152.6389	1.965518	0.827618	0.0871748	0.0805949	0.00461233	1.141171	4.666335
30546	-2070.037	-2224.538	154.5016	1.023604	0.802018	0.148063	0.0445899	0.00532935	1.251213	4.013432
30552	-2072.085	-2226.414	154.3296	1.022369	0.627553	0.353403	0.00980482	0.0092399	1.227215	4.125865
30558	-2078.116	-2232.33	154.2142	1.435056	0.704696	0.245823	0.0417967	0.00768439	1.301421	3.928935
30564	-2074.988	-2229.365	154.3777	1.436563	0.739664	0.194745	0.0554045	0.0101862	1.136572	3.928935
30570	-2081.782	-2235.099	153.3175	1.078667	0.748954	0.165794	0.07586	0.00939266	1.063606	4.75715
30576	-2097.327	-2251.926	154.5991	1.298538	0.628523	0.252943	0.115736	0.00279734	1.169753	3.853919
30582	-2085.587	-2243.766	158.1789	1.016146	0.636117	0.243613	0.104727	0.0155427	1.756407	1.398906
30588	-2074.571	-2232.655	158.0837	1.128572	0.6629	0.29216	0.0267139	0.0182264	1.775852	1.372027
30594	-2075.571	-2232.917	157.3462	1.698727	0.761305	0.211667	0.00937032	0.0176585	1.751248	1.566779
30600	-2069.174	-2225.578	156.4036	1.001339	0.77908	0.174416	0.00958911	0.0369142	1.364257	2.844977
30606	-2086.34	-2241.979	155.639	1.407706	0.653304	0.222784	0.0949432	0.0289692	1.243515	3.146527
30612	-2088.323	-2245.128	156.8048	1.189595	0.675897	0.177577	0.142325	0.00420101	1.448415	2.432338
30618	-2092.562	-2246.048	153.486	1.948901	0.748277	0.0895061	0.157566	0.00465088	1.191285	4.16753
30624	-2085.39	-2236.695	151.3052	1.991689	0.94975	0.0393102	0.00941902	0.00152047	0.9016511	5.527782
30630	-2090.975	-2241.411	150.4366	1.592208	0.708991	0.282843	0.00703132	0.00113504	0.9846466	6.13111
30636	-2080.864	-2232.892	152.0285	1.361634	0.745027	0.246106	0.00804445	0.000822297	1.025575	5.346367
30642	-2086.282	-2239.453	153.1706	1.105753	0.728334	0.240592	0.0078642	0.0232102	1.164973	4.767866
30648	-2095.33	-2248.959	153.6289	1.219906	0.592276	0.382455	0.00639511	0.0188744	1.011017	4.536339
30654	-2074.173	-2225.883	151.7097	1.088316	0.64944	0.322877	0.00566677	0.0220158	0.8920549	5.735658
30660	-2070.048	-2222.772	152.7235	1.088316	0.730531	0.244483	0.00238118	0.0226047	1.065715	5.081377
30666	-2065.762	-2216.686	150.9232	1.088316	0.712	0.238282	0.0224429	0.0272756	0.8575557	6.183741
30672	-2062.968	-2215.161	152.1928	1.168822	0.714756	0.251361	0.0172651	0.0166173	1.087572	5.319907
30678	-2071.801	-2223.575	151.7734	1.609503	0.809989	0.118238	0.0195655	0.0522076	1.060617	5.349274
30684	-2083.716	-2235.812	152.0954	1.548951	0.850434	0.0463299	0.0552851	0.0479507	1.274418	5.081153
30690	-2081.059	-2234.689	153.6298	1.43853	0.756176	0.132844	0.0988462	0.0121333	1.367895	4.222375
30696	-2071.973	-2226.066	154.0925	1.205812	0.681629	0.251021	0.0453027	0.0220477	1.116831	4.222375
30702	-2089.025	-2243.493	154.4684	0.9668083	0.695888	0.225925	0.060252	0.0179347	1.252075	4.06433
30708	-2082.229	-2236.235	154.006	1.069784	0.744216	0.16608	0.0782165	0.0114868	1.171387	4.314533
30714	-2081.179	-2232.34	151.1608	1.274777	0.784432	0.123467	0.0844826	0.00761787	1.068422	5.842706
30720	-2075.676	-2229.765	154.089	1.055409	0.625081	0.254213	0.114636	0.00607037	1.210572	4.253374
30726	-2071.989	-2227.354	155.3651	1.271978	0.783134	0.169769	0.0469862	0.000110956	1.3087	3.342474
30732	-2071.952	-2224.745	152.7923	1.354066	0.743923	0.211359	0.0446336	8.46157e-05	1.089204	4.891576
30738	-2073.036	-2226.469	153.4332	1.265801	0.792549	0.171147	0.0361419	0.000161517	1.247356	4.489464
30744	-2092.085	-2246.03	153.9453	1.073605	0.621477	0.346062	0.0323707	9.08154e-05	1.216648	4.321159
30750	-2082.711	-2234.987	152.2757	1.588272	0.855555	0.0851472	0.0589636	0.000333887	1.06253	5.08026
30756	-2088.676	-2242.205	153.5296	1.13964	0.742678	0.20559	0.0511843	0.0005481	1.013115	4.633632
30762	-2078.723	-2230.926	152.2022	0.9853811	0.610596	0.294991	0.0926882	0.00172451	1.323865	5.28338
30768	-2077.267	-2228.93	151.6638	1.117332	0.716713	0.217015	0.0639328	0.00233978	1.298137	5.522556
30774	-2084.462	-2238.62	154.1577	1.212983	0.666125	0.25749	0.0762689	0.00011665	1.235083	4.114349
30780	-2086.275	-2241.084	154.809	1.174283	0.739222	0.110794	0.102348	0.0476364	1.308779	3.719701
30786	-2076.619	-2231.981	155.3626	1.208224	0.683646	0.172235	0.135262	0.0088571	1.165226	3.462873
30792	-2083.339	-2237.944	154.6052	1.25433	0.733696	0.149871	0.106927	0.00950553	1.315526	3.789994
30798	-2079.407	-2234.274	154.8671	0.9792622	0.682603	0.215177	0.0915211	0.010699	1.319679	3.789994
30804	-2077.756	-2231.148	153.3922	1.181373	0.790617	0.169513	0.0396345	0.000235191	1.160212	4.605899
30810	-2089.397	-2245.984	156.5868	0.9257903	0.605022	0.283697	0.11066	0.000621639	1.348593	2.789509
30816	-2092.271	-2247.973	155.7017	1.005721	0.724897	0.24473	0.0280892	0.0022839	1.113612	3.409576
30822	-2081.634	-2236.711	155.0777	0.9807255	0.55242	0.291222	0.147699	0.008659	1.172032	3.752832
30828	-2086.342	-2240.879	154.5373	0.9935185	0.63356	0.318963	0.0321112	0.0153665	1.125569	4.081873
30834	-2082.929	-2235.7	152.771	1.47552	0.646825	0.325641	0.0144529	0.0130814	0.9784098	4.905294
30840	-2083.243	-2236.432	153.1885	0.9802953	0.641852	0.298773	0.0422481	0.0171269	1.186234	4.81519
30846	-2077.404	-2232.324	154.9205	1.46423	0.629569	0.303485	0.0501468	0.0167992	1.435255	3.427886
30852	-2075.052	-2227.861	152.8093	1.195289	0.878464	0.075142	0.0339521	0.0124419	1.236535	4.88163
30858	-2080.811	-2235.336	154.5252	1.402015	0.806372	0.0689754	0.113231	0.0114208	1.288919	3.774178
30864	-2093.449	-2246.733	153.2839	1.654064	0.82596	0.103763	0.00286754	0.0674091	1.146849	4.43916
30870	-2089.269	-2243.092	153.8225	1.559445	0.640063	0.310661	0.00356576	0.0457098	1.226857	4.133794
30876	-2096.557	-2249.283	152.7266	1.24517	0.630321	0.308588	0.0096667	0.0514247	1.188019	4.928681
30882	-2083.111	-2239.236	156.1248	1.075772	0.527061	0.377405	0.0624692	0.0330646	1.550648	2.856345
30888	-2089.856	-2242.841	152.9857	1.636115	0.763198	0.133832	0.0912445	0.0117251	1.415851	4.463983
30894	-2077.611	-2233.023	155.4114	1.147886	0.758473	0.132618	0.09641	0.0124981	1.42863	3.313335
30900	-2080.189	-2235.525	155.3364	1.171772	0.754823	0.155591	0.0771478	0.0124379	1.341695	3.395115
30906	-2093.913	-2249.76	155.8464	1.245493	0.763924	0.204705	0.0154445	0.0159268	1.38024	3.029082
30912	-2091.959	-2247.571	155.6123	1.507549	0.647783	0.319601	0.0310983	0.00151765	1.530556	2.93856
30918	-2079.428	-2235.658	156.2297	1.507549	0.905963	0.066694	0.0259753	0.00136739	1.402087	2.640652
30924	-2074.321	-2230.533	156.2113	1.273947	0.690859	0.264361	0.0421792	0.00260109	1.521771	2.706385
30930	-2084.491	-2240.669	156.1775	1.176862	0.634474	0.312578	0.0498723	0.0030755	1.337779	2.894267
30936	-2085.441	-2240.762	155.3212	0.9454146	0.644646	0.219913	0.132393	0.00304761	1.291988	3.562982
30942	-2088.241	-2238.327	150.0855	1.482827	0.75029	0.0918435	0.135941	0.0219253	0.8572564	6.441693
30948	-2081.631	-2235.144	153.5124	0.9398673	0.655063	0.126868	0.187782	0.0302865	1.020405	4.749762
30954	-2091.843	-2246.429	154.5866	1.083673	0.64092	0.287227	0.0522886	0.0195638	1.06731	4.036129
30960	-2076.237	-2231.747	155.5107	1.00211	0.585615	0.379664	0.0249528	0.00976803	1.228799	3.456044
30966	-2068.968	-2224.935	155.9663	1.042207	0.628701	0.246077	0.122384	0.00283849	1.189336	3.187626
30972	-2074.911	-2230.72	155.8089	1.033263	0.656123	0.294705	0.0444158	0.00475603	1.439058	3.138063
30978	-2074.155	-2229.322	155.167	1.13222	0.694088	0.232109	0.0700049	0.00379892	1.189671	3.604689
30984	-2078.247	-2233.037	154.79	1.085282	0.6488	0.120883	0.227693	0.00262338	1.137932	3.878367
30990	-2083.214	-2239.58	156.3662	1.066671	0.76475	0.192347	0.0414672	0.00143612	1.321733	2.854205
30996	-2073.99	-2230.578	156.5887	1.074619	0.779508	0.196059	0.0229697	0.00146383	1.536676	2.581309
31002	-2065.95	-2222.011	156.0615	1.018865	0.664114	0.315069	0.0195694	0.00124714	1.38349	3.028999
31008	-2081.697	-2237.578	155.8815	1.318809	0.745712	0.219455	0.0219739	0.0128598	1.471326	2.912669
31014	-2088.166	-2243.948	155.7826	1.460982	0.646023	0.205331	0.124656	0.0239893	1.640241	2.793386
31020	-2082.28	-2234.894	152.614	1.352767	0.704518	0.223923	0.0505834	0.020976	1.303485	4.872211
31026	-2079.885	-2234.874	154.9892	0.8881197	0.57579	0.260112	0.117375	0.0467227	1.088166	3.906158
31032	-2102.29	-2256.598	154.3077	0.7962095	0.575219	0.302588	0.10022	0.0219726	1.356698	4.196212
31038	-2093.088	-2248.907	155.819	0.7798302	0.59072	0.321359	0.0782249	0.00969656	1.331428	3.349071
31044	-2089.516	-2243.865	154.3489	0.8021078	0.398939	0.424144	0.115031	0.0618857	1.283705	4.210724
31050	-2081.791	-2236.921	155.1307	1.327395	0.732777	0.125185	0.101872	0.040166	1.273084	3.470945
31056	-2081.211	-2236.789	155.5784	1.345874	0.662159	0.158267	0.128794	0.0507805	1.454944	3.089645
31062	-2085.43	-2239.859	154.4283	1.25236	0.620486	0.249297	0.124187	0.00602914	1.356727	3.869073
31068	-2074.625	-2228.665	154.0402	1.233853	0.622957	0.304432	0.066558	0.00605315	1.301671	4.132158
31074	-2076.732	-2232.167	155.4352	1.116571	0.444336	0.45132	0.0773787	0.0269655	1.238457	3.428703
31080	-2089.906	-2245.803	155.897	0.9835396	0.58909	0.336216	0.0724933	0.00220082	1.236291	3.235469
31086	-2093.171	-2245.809	152.6387	1.23636	0.735966	0.0693227	0.19278	0.00193112	1.317072	4.910353
31092	-2073.83	-2228.043	154.2135	1.45669	0.709244	0.102215	0.185781	0.00275994	1.301947	3.918142
31098	-2073.003	-2228.544	155.5404	1.016174	0.611794	0.294613	0.0922232	0.00137006	1.301947	3.387574
31104	-2076.037	-2228.496	152.4591	1.00325	0.610162	0.23253	0.150615	0.00669238	1.081908	5.26519
31110	-2095.548	-2246.456	150.9084	1.189005	0.764703	0.194698	0.034996	0.00560354	0.9813289	6.071778
31116	-2104.229	-2254.211	149.9821	3.015846	0.742275	0.202988	0.0448297	0.00990707	0.9525096	5.850065
31122	-2092.238	-2243.791	151.5534	1.629958	0.746758	0.143657	0.0308184	0.078767	1.036378	5.47443
31128	-2088.941	-2241.879	152.9379	1.616496	0.738026	0.0766608	0.0989015	0.0864116	1.19141	4.626094
31134	-2087.909	-2242.321	154.412	1.308386	0.720004	0.156359	0.0393357	0.0843014	1.286344	3.88923
31140	-2077.152	-2231.337	154.1842	1.560521	0.822883	0.0819896	0.0449562	0.0501712	1.292331	3.88923
31146	-2079.828	-2234.522	154.6941	1.329652	0.688116	0.10469	0.149199	0.0579956	1.23064	3.747848
31152	-2100.696	-2254.895	154.1992	1.139664	0.656125	0.243572	0.0901708	0.0101325	1.137556	4.185813
31158	-2101.357	-2253.956	152.5987	1.512371	0.727319	0.174434	0.0785245	0.0197232	1.105132	4.912942
31164	-2100.834	-2254.45	153.6158	1.213749	0.638253	0.264206	0.0802326	0.0173079	1.02971	4.53642
31170	-2082.273	-2236.408	154.1352	1.255945	0.726408	0.13706	0.11759	0.0189418	1.260529	4.089845
31176	-2091.743	-2245.395	153.652	1.325884	0.730878	0.129318	0.119984	0.0198203	1.23216	4.343614
31182	-2083.746	-2235.73	151.9845	1.55019	0.837504	0.0278072	0.111977	0.0227118	1.283785	5.136839
31188	-2084.201	-2238.323	154.1226	1.178528	0.762958	0.0253321	0.184726	0.026984	1.09108	4.23458
31194	-2085.251	-2239.013	153.7619	1.22256	0.785721	0.0238723	0.164466	0.0259401	1.09108	4.415028
31200	-2089.199	-2242.654	153.4558	1.144182	0.794694	0.024145	0.166345	0.0148161	1.336091	4.491302
31206	-2077.881	-2228.945	151.0642	1.139322	0.759243	0.138321	0.0902641	0.0121725	1.126273	5.933547
31212	-2072.521	-2223.563	151.042	1.205258	0.650673	0.142576	0.18665	0.0201005	1.085749	5.933547
31218	-2077.069	-2230.186	153.1169	1.205258	0.69865	0.192145	0.0968233	0.0123812	1.209614	4.719754
31224	-2078.014	-2232.561	154.5475	1.53452	0.691581	0.179538	0.0958435	0.0330373	1.310202	3.682411
31230	-2092.75	-2246.21	153.4598	1.357003	0.64534	0.206475	0.121172	0.0270136	1.310202	4.392149
31236	-2089.684	-2245.43	155.7463	1.229625	0.783417	0.169941	0.0104934	0.0361486	1.350803	3.115297
31242	-2092.303	-2247.886	155.5823	1.233613	0.813236	0.0503049	0.0715973	0.0648615	1.283977	3.250004
31248	-2087.792	-2243.001	155.2089	1.659384	0.713993	0.191471	0.0375902	0.0569461	1.283977	3.250004
31254	-2094.042	-2249.85	155.8077	1.271162	0.786108	0.174234	0.0245467	0.0151119	1.309737	3.080183
31260	-2087.277	-2241.835	154.5583	1.640588	0.707282	0.249191	0.0151667	0.0283603	1.254802	3.65659
31266	-2089.152	-2245.087	155.9351	1.247536	0.690639	0.240415	0.0412531	0.027693	1.449289	2.933168
31272	-2086.721	-2240.686	153.9645	0.9332759	0.627961	0.299517	0.0375093	0.0350118	1.18325	4.408328
31278	-2088.619	-2242.224	153.6056	1.092699	0.553577	0.293439	0.12212	0.0308645	1.144781	4.542586
31284	-2090.741	-2246.523	155.7824	1.091354	0.750178	0.1209	0.102912	0.0260099	1.300944	3.201886
31290	-2104.873	-2262.292	157.4188	1.068128	0.661639	0.109148	0.208511	0.0207016	1.542002	2.052045
31296	-2092.186	-2249.281	157.0953	1.176619	0.738699	0.12186	0.131821	0.0076194	1.501317	2.221426
31302	-2078.482	-2233.012	154.5303	1.408954	0.810641	0.109996	0.0736402	0.00572288	1.257444	3.7858
31308	-2077.298	-2232.01	154.7119	1.187965	0.789904	0.126608	0.0391917	0.0442964	1.278364	3.7858
31314	-2087.906	-2243.7	155.7934	1.023905	0.52116	0.3211	0.0633202	0.0944198	1.415627	3.166675
31320	-2092.431	-2246.282	153.8509	1.471232	0.795129	0.144307	0.0251015	0.0354622	1.073119	4.247964
31326	-2097.339	-2252.16	154.8215	1.370768	0.71817	0.189842	0.0234563	0.068531	1.241303	3.646573
31332	-2093.459	-2245.872	152.413	1.0398	0.621952	0.262772	0.0306144	0.0846615	1.11196	5.254025
31338	-2079.016	-2231.325	152.3094	1.189559	0.707573	0.234852	0.0329465	0.0246282	1.098932	5.238364
31344	-2089.959	-2241.968	152.0095	1.192187	0.692107	0.221559	0.0630997	0.0232342	1.004067	5.454744
31350	-2068.945	-2223.367	154.4216	1.129871	0.647028	0.255312	0.0777633	0.0198971	1.315232	3.963154
31356	-2069.227	-2223.739	154.5112	1.055063	0.632668	0.294172	0.0241548	0.0490059	1.142946	4.052021
31362	-2080.915	-2237.387	156.4716	1.057997	0.700651	0.203148	0.0661896	0.0300117	1.336769	2.786174
31368	-2078.947	-2234.181	155.2332	1.1307	0.66113	0.214415	0.0698607	0.0545938	1.243337	3.53586
31374	-2088.206	-2243.287	155.0811	1.702684	0.792115	0.114045	0.0791917	0.0146482	1.206352	3.350164
31380	-2081.854	-2236.387	154.5332	1.244184	0.781205	0.138969	0.0435958	0.0362295	1.529788	3.713398
31386	-2080.124	-2236.929	156.8048	1.244184	0.740934	0.0943756	0.108175	0.0565149	1.719968	2.226776
31392	-2076.653	-2233.615	156.962	1.64011	0.840797	0.0388219	0.0547007	0.0656802	1.685378	1.916676
31398	-2081.151	-2237.764	156.6134	1.118392	0.808494	0.0445679	0.130727	0.0162108	1.342701	2.659606
31404	-2091.893	-2248.947	157.0539	0.9023297	0.795871	0.0363134	0.154838	0.0129774	1.50374	2.419153
31410	-2075.847	-2232.23	156.3838	1.526932	0.730658	0.115277	0.142151	0.011914	1.586756	2.419153
31416	-2083.726	-2240.624	156.8979	1.361941	0.66201	0.255482	0.0512069	0.0313008	1.731018	2.088933
31422	-2080.303	-2236.884	156.5807	0.9565777	0.612256	0.238075	0.0744282	0.0752406	1.616978	2.609337
31428	-2076.458	-2232.408	155.9501	1.204474	0.67498	0.135798	0.110164	0.0790568	1.427829	2.961323
31434	-2085.975	-2242.138	156.1633	0.9842614	0.626069	0.209112	0.154847	0.00997159	1.395882	2.981241
31440	-2080.159	-2236.03	155.8709	0.9843282	0.646953	0.174144	0.160973	0.0179304	1.499005	3.094476
31446	-2082.301	-2237.979	155.6776	1.155476	0.633431	0.164433	0.149595	0.0525406	1.479455	3.121353
31452	-2082.422	-2236.111	153.6896	1.237464	0.741295	0.192434	0.0513815	0.0148897	1.155564	4.411579
31458	-2099.248	-2252.034	152.7861	1.233754	0.703518	0.11731	0.138916	0.0402561	1.084418	4.959099
31464	-2089.764	-2246.912	157.1472	1.184875	0.538736	0.317648	0.123524	0.0200921	1.520884	2.170073
31470	-2083.587	-2240.296	156.709	1.077515	0.765198	0.0195269	0.195457	0.0198175	1.429774	2.571272
31476	-2083.756	-2240.557	156.8011	1.37739	0.880415	0.0235044	0.0722261	0.0238542	1.507162	2.287766
31482	-2074.309	-2231.918	157.6093	1.37739	0.804987	0.0520684	0.0873084	0.0556366	1.74795	1.577385
31488	-2088.879	-2246.931	158.0522	1.01236	0.612913	0.100558	0.244167	0.0423615	1.650021	1.577385
31494	-2082.551	-2240.382	157.831	1.227532	0.643013	0.0934375	0.252513	0.011037	1.689159	1.558403
31500	-2070.851	-2228.571	157.72	1.021664	0.748887	0.19184	0.0414675	0.0178055	1.645495	1.809881
31506	-2083.339	-2241.133	157.7946	0.7904214	0.615598	0.277276	0.103105	0.00402131	1.742312	1.854821
31512	-2074.17	-2232.348	158.1773	0.9945919	0.619692	0.218111	0.16162	0.000576637	1.831814	1.357867
31518	-2075.304	-2232.904	157.6007	1.316439	0.621878	0.204615	0.172539	0.000968396	1.783213	1.598072
31524	-2076.008	-2232.775	156.7672	1.15052	0.691482	0.115591	0.19185	0.00107678	1.638771	2.359328
31530	-2087.432	-2244.361	156.9282	1.052838	0.712011	0.140745	0.145297	0.00194706	1.572644	2.359328
31536	-2083.162	-2240.747	157.5845	1.524743	0.659669	0.179003	0.159194	0.00213329	1.828934	1.438856
31542	-2085.118	-2242.813	157.6956	1.593896	0.829695	0.0895753	0.0796625	0.00106752	1.799269	1.32916
31548	-2077.464	-2235.222	157.7583	1.454681	0.858137	0.0933632	0.0461172	0.00238287	1.959002	1.244737
31554	-2078.982	-2236.75	157.7684	1.4926	0.789986	0.177009	0.0313838	0.0016216	1.763697	1.368137
31560	-2069.547	-2227.475	157.9285	1.060318	0.686656	0.237041	0.0725546	0.00374889	1.73471	1.571185
31566	-2063.191	-2220.846	157.6546	1.182624	0.638862	0.303834	0.0355896	0.0217138	1.691118	1.71454
31572	-2068.888	-2226.535	157.6465	1.126787	0.656397	0.259476	0.0442505	0.0398763	1.631407	1.79927
31578	-2079.539	-2237.348	157.8091	1.003618	0.542225	0.388281	0.0365537	0.0329403	1.764924	1.676274
31584	-2077.702	-2233.849	156.1468	1.653112	0.790984	0.102533	0.0584302	0.0480524	1.55995	2.518028
31590	-2072.678	-2227.325	154.6468	1.30356	0.754138	0.125753	0.0659077	0.0542018	1.282039	3.759206
31596	-2076.263	-2230.634	154.3709	1.766001	0.793034	0.0880567	0.0693069	0.0496028	1.162523	3.759206
31602	-2095.823	-2250.956	155.1337	1.925711	0.599526	0.219835	0.173026	0.00761325	1.301592	3.158814
31608	-2085.135	-2241.819	156.6844	1.016393	0.63231	0.297739	0.0472035	0.022747	1.393247	2.646401
31614	-2094.668	-2248.895	154.2263	1.385618	0.743627	0.176462	0.0673344	0.0125763	1.130975	4.044498
31620	-2080.122	-2235.358	155.2366	1.35943	0.711487	0.11153	0.14913	0.0278535	1.200837	3.434371
31626	-2095.277	-2248.369	153.0916	1.549805	0.563897	0.193623	0.198989	0.0434908	1.057725	4.646317
31632	-2075.374	-2228.891	153.5164	1.523214	0.645331	0.221584	0.091518	0.0415663	1.026017	4.438218
31638	-2072.21	-2227.239	155.0291	0.9706427	0.435512	0.432076	0.0456334	0.0867781	1.153644	3.79729
31644	-2076.292	-2231.524	155.2313	1.160777	0.761289	0.165057	0.0382664	0.035387	1.116884	3.593694
31650	-2088.674	-2243.99	155.3159	1.140635	0.677816	0.27231	0.0378762	0.0119974	1.051583	3.593694
31656	-2091.084	-2246.58	155.4959	1.544918	0.757168	0.200659	0.0359513	0.00622166	1.394704	3.070678
31662	-2092.709	-2248.438	155.7296	1.378169	0.819659	0.0409508	0.13178	0.00761052	1.306495	3.070678
31668	-2088.035	-2243.245	155.2099	1.663418	0.865679	0.0265993	0.0901931	0.017529	1.423009	3.165068
31674	-2088.84	-2242.13	153.2895	1.298802	0.780887	0.0280362	0.174362	0.0167152	1.250756	4.55126
31680	-2085.481	-2238.396	152.915	1.346643	0.612902	0.147045	0.163519	0.0765346	1.109602	4.81558
31686	-2093.204	-2247.508	154.3037	1.39881	0.801507	0.0522306	0.126115	0.020148	1.205794	3.950778
31692	-2078.381	-2231.684	153.3027	1.438534	0.826597	0.0213877	0.117836	0.0341788	1.046512	4.588132
31698	-2088.899	-2241.704	152.8051	1.784163	0.831418	0.0269684	0.1091	0.0325129	1.255343	4.588132
31704	-2073.709	-2228.958	155.2495	1.416825	0.656692	0.206651	0.100569	0.0360886	1.536462	3.199032
31710	-2074.162	-2227.64	153.478	1.256674	0.675336	0.155215	0.132335	0.0371132	1.320211	4.427939
31716	-2087.797	-2239.445	151.6478	1.158362	0.728489	0.0739662	0.157511	0.0400343	1.092454	5.622635
31722	-2083.155	-2236.325	153.1702	1.364816	0.552331	0.295678	0.141248	0.0107431	0.9790905	4.736813
31728	-2080.742	-2234.043	153.3014	0.9040028	0.533139	0.368968	0.073815	0.0240781	0.8925641	4.959028
31734	-2086.402	-2239.203	152.8008	1.358402	0.740885	0.0729803	0.179101	0.00703376	0.9555796	4.959028
31740	-2085.043	-2239.822	154.7796	1.358402	0.782965	0.0222898	0.189273	0.0054716	1.184496	3.710123
31746	-2082.629	-2237.966	155.3375	1.358402	0.798518	0.0428078	0.147307	0.0113668	1.145077	3.408501
31752	-2079.416	-2234.792	155.3757	1.61804	0.800663	0.0178391	0.16839	0.0131074	1.281087	3.173195
31758	-2075.763	-2229.86	154.0967	1.354245	0.89452	0.000703783	0.0937812	0.0109951	1.371827	3.997018
31764	-2074.114	-2230.139	156.0243	1.241914	0.745733	0.000863243	0.239918	0.0134864	1.438689	2.888891
31770	-2069.272	-2225.925	156.6533	1.4877	0.74462	0.00422248	0.23956	0.0115971	1.438689	2.363706
31776	-2071.693	-2229.279	157.5851	1.075081	0.839179	0.00128078	0.15366	0.00588024	1.733862	1.805574
31782	-2066.528	-2223.865	157.3366	1.189067	0.775256	0.00118322	0.212216	0.0113444	1.65796	1.951888
31788	-2071.644	-2228.742	157.0977	1.108773	0.771884	0.00216331	0.214657	0.0112951	1.427274	2.309215
31794	-2085.432	-2241.348	155.9158	1.244042	0.833603	0.000741701	0.15864	0.00701544	1.520471	2.90385
31800	-2086.671	-2238.363	151.6918	1.803165	0.766971	0.000983399	0.210336	0.0217103	1.294838	5.177948
31806	-2084.154	-2236.299	152.1452	1.941394	0.776199	0.000330895	0.207622	0.0158481	0.9180751	5.076005
31812	-2076.4	-2230.196	153.7955	1.092839	0.840525	0.000893525	0.14142	0.0171615	1.093608	4.464485
31818	-2087.241	-2239.978	152.7367	0.9762636	0.661117	0.000702804	0.324681	0.0134984	1.117926	5.106662
31824	-2084.129	-2236.568	152.4391	1.85297	0.860014	0.00391006	0.107117	0.0289583	0.8289525	5.000172
31830	-2081.02	-2233.526	152.5056	1.655295	0.750597	0.0145171	0.172954	0.0619313	0.9210558	5.000172
31836	-2083.709	-2237.828	154.1192	1.358509	0.719927	0.0200632	0.226138	0.0338719	1.082752	4.146762
31842	-2098.604	-2251.502	152.8978	1.579855	0.649131	0.116428	0.2039	0.030541	1.120662	4.70534
31848	-2102.42	-2255.938	153.5182	1.554853	0.717348	0.0862347	0.153503	0.0429144	1.016804	4.427183
31854	-2084.107	-2237.053	152.9456	1.293558	0.712237	0.208442	0.0596352	0.0196861	1.08751	4.837735
31860	-2090.939	-2243.21	152.2709	1.545092	0.482029	0.388637	0.0814673	0.047867	1.034589	5.118648
31866	-2091.759	-2244.449	152.6895	1.142598	0.529937	0.42198	0.0373307	0.0107525	1.011177	5.101311
31872	-2093.432	-2247.389	153.9568	1.615766	0.706891	0.241642	0.0362889	0.0151784	1.03131	4.141678
31878	-2080.846	-2234.121	153.2746	1.112011	0.662149	0.248552	0.0833691	0.00593022	1.055822	4.767326
31884	-2093.483	-2247.373	153.8901	1.758393	0.734203	0.142523	0.1185	0.00477371	1.110587	4.068122
31890	-2084.542	-2240.403	155.8616	1.014502	0.72026	0.179288	0.0948134	0.00563858	1.33444	3.179954
31896	-2079.069	-2234.734	155.6654	1.062899	0.667891	0.289134	0.0352934	0.00768115	1.286725	3.295863
31902	-2071.429	-2228.061	156.6326	1.371737	0.571485	0.363898	0.0549494	0.00966732	1.50049	2.402335
31908	-2066.474	-2221.996	155.5222	1.154928	0.580566	0.369652	0.0459118	0.00387089	1.171259	3.395508
31914	-2081.717	-2236.925	155.208	1.382192	0.595483	0.359522	0.0421646	0.00283058	1.279556	3.393032
31920	-2077.163	-2230.307	153.1441	1.791907	0.902885	0.0413299	0.0538125	0.00197278	1.089767	4.487182
31926	-2085.533	-2239.177	153.6446	1.217168	0.687299	0.187159	0.118268	0.00727446	1.063787	4.499305
31932	-2095.857	-2249.364	153.5069	1.432742	0.61414	0.211388	0.15773	0.0167423	1.314633	4.324979
31938	-2081.643	-2234.603	152.96	1.432742	0.422079	0.359693	0.197287	0.0209411	1.15513	4.722106
31944	-2082.115	-2232.441	150.3265	1.387126	0.703354	0.0995277	0.180141	0.0169776	1.085517	6.232652
31950	-2092.158	-2248.316	156.1576	1.231296	0.820214	0.0352783	0.118662	0.0258458	1.282843	2.908519
31956	-2079.57	-2232.553	152.983	1.442591	0.874079	0.0139776	0.0772834	0.0346604	1.20963	4.673938
31962	-2069.101	-2225.788	156.687	1.121374	0.671226	0.147146	0.123212	0.0584154	1.449975	2.545858
31968	-2069.233	-2225.727	156.4937	1.121374	0.662192	0.192991	0.0664215	0.0783951	1.35865	2.721564
31974	-2078.273	-2235.649	157.376	1.04204	0.59306	0.312248	0.0739465	0.020745	1.639228	2.033028
31980	-2086.066	-2239.784	153.7182	1.472248	0.662684	0.0812967	0.254128	0.0018907	1.284749	4.202651
31986	-2086.521	-2240.194	153.6727	1.567814	0.859561	0.0757432	0.0280646	0.0366313	1.201283	4.229327
31992	-2079.031	-2234.488	155.4574	1.214226	0.652658	0.137039	0.208293	0.00200972	1.337329	3.302937
31998	-2071.804	-2225.76	153.9561	1.214226	0.663682	0.133897	0.19891	0.00351078	1.347526	4.164368
32004	-2064.466	-2218.941	154.4757	1.107292	0.701653	0.141558	0.153451	0.00333914	1.274254	3.968127
32010	-2072.948	-2227.648	154.7001	1.46122	0.770923	0.155533	0.0702678	0.00327711	1.301245	3.635843
32016	-2086.344	-2241.463	155.1194	1.321464	0.770923	0.155533	0.0702678	0.00327711	1.294943	3.467935
32022	-2080.029	-2235.523	155.4938	1.279131	0.674394	0.217609	0.0850702	0.0229262	1.46395	3.170836
32028	-2084.691	-2239.458	154.7666	1.266526	0.684636	0.162783	0.121728	0.0308527	1.267317	3.718177
32034	-2095.134	-2250.92	155.786	0.965145	0.606791	0.2371	0.147768	0.00833985	1.467837	3.175034
32040	-2084.28	-2240.351	156.0706	1.386617	0.664728	0.298561	0.0317625	0.00494849	1.40531	2.801056
32046	-2096.401	-2250.351	153.9501	1.545512	0.533488	0.224859	0.184198	0.0574559	1.227247	4.067612
32052	-2091.706	-2248.464	156.7574	1.259711	0.647368	0.223553	0.112854	0.0162246	1.651968	2.291632
32058	-2086.179	-2243.891	157.7126	1.196555	0.636739	0.18961	0.136446	0.0372052	1.838624	1.556974
32064	-2086.452	-2244.223	157.7706	1.073583	0.777784	0.0251244	0.169	0.0280919	1.788527	1.637336
32070	-2092.982	-2248.797	155.8151	1.716953	0.891669	0.0465085	0.0383255	0.0234966	1.396126	2.7912
32076	-2091.513	-2246.402	154.8887	1.264113	0.809859	0.124869	0.057143	0.00812896	1.39486	3.574851
32082	-2089.908	-2243.832	153.924	1.417468	0.587583	0.346469	0.0525181	0.0134306	1.274578	4.118796
32088	-2087.241	-2242.322	155.0805	1.433263	0.718591	0.150295	0.10746	0.0236545	1.458429	3.336316
32094	-2094.56	-2251.099	156.5383	1.014971	0.740776	0.176059	0.0721434	0.0110217	1.515711	2.661792
32100	-2087.358	-2242.479	155.1214	1.139926	0.837847	0.0727876	0.0751899	0.0141757	1.367976	3.523204
32106	-2076.356	-2231.705	155.3496	1.521136	0.782909	0.100191	0.0814059	0.0354945	1.479871	3.119268
32112	-2083.222	-2238.427	155.2041	1.646066	0.635121	0.228113	0.104788	0.0319787	1.52012	3.119268
32118	-2083.278	-2239.584	156.3056	1.342092	0.627303	0.294887	0.047528	0.0302825	1.429204	2.667089
32124	-2090.274	-2244.516	154.2414	1.142388	0.541299	0.41864	0.0356668	0.00439447	1.373812	4.025771
32130	-2093.499	-2246.046	152.5472	1.120457	0.659757	0.162815	0.0896928	0.0877351	1.044061	5.173744
32136	-2099.456	-2252.488	153.0322	1.204583	0.693368	0.146731	0.0808326	0.0790682	1.018514	4.874019
32142	-2102.118	-2257.638	155.5208	1.204583	0.609381	0.215327	0.103715	0.0715769	1.235868	3.330693
32148	-2096.528	-2251.829	155.3014	0.993374	0.625411	0.210323	0.106443	0.0578234	1.305239	3.538666
32154	-2084.236	-2238.507	154.2716	1.55415	0.706575	0.157246	0.070852	0.0653275	1.24734	3.868004
32160	-2086.338	-2241.01	154.6718	1.162765	0.74367	0.101049	0.0807902	0.0744908	1.274071	3.825123
32166	-2085.363	-2238.915	153.5514	1.411043	0.814144	0.0267252	0.0884464	0.0706841	1.212341	4.368452
32172	-2082.045	-2236.876	154.8302	1.083412	0.797297	0.0791898	0.113948	0.0095655	1.270938	3.779831
32178	-2088.248	-2244.342	156.0941	1.219221	0.700221	0.174011	0.0964197	0.0293482	1.492279	2.826988
32184	-2095.729	-2249.347	153.6183	1.219221	0.705679	0.153612	0.111131	0.029577	1.025825	4.534337
32190	-2103.4	-2256.348	152.9481	1.711095	0.65162	0.0655226	0.234297	0.0485601	1.266825	4.534337
32196	-2103.213	-2259.022	155.8097	1.340641	0.609312	0.0328353	0.286435	0.0714173	1.386403	2.99509
32202	-2095.482	-2250.58	155.098	1.697313	0.832115	0.0205308	0.1027	0.0446548	1.395073	3.231469
32208	-2093.194	-2247.759	154.5645	2.060042	0.85675	0.00308121	0.0438	0.0963688	1.254861	3.462071
32214	-2087.134	-2241.677	154.5428	2.306106	0.805796	0.00887201	0.0946943	0.0906374	1.353701	3.313275
32220	-2079.305	-2236.313	157.0082	1.329125	0.770084	0.102495	0.0870519	0.0403692	1.535837	2.163762
32226	-2076.477	-2234.332	157.8555	1.175651	0.734785	0.145283	0.0819355	0.0379966	1.92781	1.396403
32232	-2079.261	-2237.031	157.7702	1.218119	0.646217	0.227769	0.0842032	0.0418108	1.912822	1.442909
32238	-2076.299	-2233.192	156.893	1.319728	0.6488	0.228679	0.080543	0.0419779	1.633392	2.1808
32244	-2092.684	-2248.076	155.3918	1.240485	0.697173	0.195795	0.106725	0.000307344	1.283999	3.358454
32250	-2093.068	-2246.612	153.5442	1.179221	0.712446	0.199165	0.0790372	0.00935238	1.197669	4.500627
32256	-2088.554	-2243.78	155.226	1.762361	0.748254	0.131394	0.0830097	0.0373415	1.551634	3.030927
32262	-2084.632	-2239.267	154.6349	1.714938	0.87799	0.0947211	0.0249507	0.00233848	1.481491	3.444617
32268	-2076.43	-2231.456	155.0253	1.249283	0.806869	0.187576	0.00418578	0.00136922	1.495301	3.444617
32274	-2084.912	-2239.948	155.0363	1.038975	0.556498	0.373142	0.0700946	0.000265375	1.425936	3.596249
32280	-2069.491	-2224.053	154.5618	1.622582	0.797964	0.108527	0.0528736	0.0406356	1.370265	3.596249
32286	-2079.196	-2232.698	153.5015	1.087532	0.604622	0.361562	0.0159353	0.0178804	1.379962	4.471681
32292	-2074.828	-2228.321	153.4924	1.26707	0.769727	0.218628	0.00492882	0.00671705	1.226958	4.466935
32298	-2077.972	-2232.07	154.0976	1.358507	0.724397	0.222934	0.0479971	0.00467121	1.448182	3.950661
32304	-2077.801	-2232.346	154.5447	1.309289	0.804722	0.126154	0.0533192	0.0158051	1.380375	3.758348
32310	-2097.629	-2252.217	154.5886	1.494395	0.763508	0.157192	0.0760528	0.0032468	1.273993	3.699494
32316	-2097.425	-2253.369	155.944	1.26129	0.764432	0.0678734	0.158651	0.00904362	1.300093	3.009869
32322	-2101.248	-2255.132	153.884	1.189486	0.704743	0.127814	0.0602259	0.107217	1.410714	4.182683
32328	-2092.512	-2248.196	155.684	1.287579	0.694558	0.0612605	0.0593556	0.184826	1.506116	3.027682
32334	-2076.863	-2231.506	154.6438	1.331447	0.790846	0.13417	0.0646971	0.0102874	1.291564	3.740787
32340	-2092.273	-2247.913	155.6403	1.456803	0.894305	0.0141562	0.0164585	0.07508	1.504917	2.96361
32346	-2076.151	-2231.478	155.3274	1.309382	0.813596	0.0725615	0.0568983	0.0569439	1.386588	3.298596
32352	-2066.24	-2219.991	153.7516	1.528428	0.780711	0.110048	0.0545985	0.0546423	1.226252	4.189406
32358	-2074.347	-2230.415	156.0682	1.065149	0.677097	0.259118	0.038032	0.0257528	1.460933	2.951014
32364	-2075.985	-2229.768	153.7838	1.108497	0.76053	0.204693	0.0207355	0.0140408	1.175748	4.416234
32370	-2073.032	-2227.495	154.4624	1.299922	0.748024	0.201327	0.0365456	0.0141031	1.304869	3.85408
32376	-2098.942	-2254.342	155.4001	1.840431	0.691176	0.210498	0.0873549	0.0109703	1.384762	2.989511
32382	-2088.012	-2240.153	152.1411	0.848022	0.577325	0.266221	0.109336	0.0471175	1.141214	5.495058
32388	-2080.958	-2233.117	152.1595	1.369263	0.557671	0.379502	0.0269793	0.0358469	1.13957	5.207251
32394	-2097.411	-2252.034	154.6234	1.746452	0.546668	0.294017	0.113761	0.0455531	1.288708	3.548951
32400	-2077.763	-2234.539	156.7765	1.079953	0.835432	0.0941636	0.0259443	0.0444604	1.414297	2.537456
32406	-2077.679	-2233.123	155.4445	1.103057	0.788066	0.15044	0.0414499	0.0200435	1.18991	3.459302
32412	-2080.866	-2237.829	156.9628	1.123441	0.696091	0.219491	0.0648417	0.019576	1.623469	2.260861
32418	-2077.21	-2233.187	155.977	1.143962	0.741846	0.150917	0.10287	0.00436788	1.452668	2.964811
32424	-2084.087	-2238.397	154.3107	1.448755	0.730888	0.149819	0.109972	0.00932148	1.316088	3.858253
32430	-2081.198	-2238.236	157.0383	1.042838	0.516135	0.253771	0.215828	0.0142653	1.607545	2.273126
32436	-2086.571	-2243.274	156.7033	1.377218	0.740095	0.0156798	0.235895	0.00832984	1.470586	2.373433
32442	-2092.905	-2250.208	157.3029	1.176888	0.903112	0.00140386	0.0887429	0.00674152	1.470586	2.10623
32448	-2105.022	-2262.658	157.6352	1.107544	0.655043	0.00637519	0.287191	0.0513903	1.510167	1.902806
32454	-2087.829	-2240.661	152.8325	1.207416	0.761318	0.130437	0.0208974	0.0873467	0.9913365	4.998787
32460	-2075.738	-2230.862	155.1241	1.147683	0.669446	0.286512	0.0282333	0.0158086	1.336008	3.535921
32466	-2067.032	-2221.338	154.3059	1.424662	0.633498	0.171423	0.116361	0.0787175	1.272419	3.898248
32472	-2065.794	-2219.253	153.4593	1.240718	0.65215	0.182768	0.152701	0.0123808	1.452957	4.371965
32478	-2062.321	-2214.294	151.9728	1.303604	0.672641	0.184212	0.133415	0.00973206	1.002232	5.418933
32484	-2071.959	-2224.691	152.7325	1.016586	0.474068	0.337061	0.172482	0.0163896	0.8678697	5.225055
32490	-2077.52	-2231.967	154.4464	1.344255	0.858531	0.0529247	0.0787472	0.00979746	1.185575	3.908639
32496	-2062.829	-2217.17	154.3408	1.38605	0.762335	0.1038	0.0699238	0.0639406	1.308233	3.877295
32502	-2077.094	-2232.526	155.4317	0.9220095	0.539973	0.30827	0.082012	0.069745	1.505381	3.387703
32508	-2084.883	-2241.266	156.3835	1.156845	0.470388	0.376688	0.0921672	0.0607571	1.419838	2.730691
32514	-2080.491	-2232.047	151.5567	1.252455	0.737019	0.128055	0.0892974	0.0456285	1.185938	5.572658
32520	-2085.121	-2237.722	152.6008	1.850401	0.749316	0.148522	0.0907873	0.0113747	0.9826291	4.825742
32526	-2076.534	-2229.995	153.4613	1.24893	0.720561	0.130837	0.124414	0.0241877	1.218052	4.49895
32532	-2072.614	-2225.024	152.4092	1.22119	0.734201	0.133314	0.126769	0.00571672	0.9222867	5.264349
32538	-2079.605	-2232.826	153.2205	1.956116	0.711829	0.159723	0.122906	0.00554252	1.117635	4.356551
32544	-2078.356	-2235.991	157.6346	1.275627	0.70205	0.051201	0.236947	0.00980128	1.949778	1.47722
32550	-2088.062	-2241.978	153.9155	1.398801	0.61833	0.226607	0.153128	0.00193484	1.218413	4.164943
32556	-2091.145	-2247.144	155.9993	1.167846	0.666843	0.242401	0.0619092	0.0288471	1.295808	3.031857
32562	-2074.768	-2232.458	157.6905	1.095837	0.779754	0.0600832	0.152037	0.00812588	1.892952	1.604035
32568	-2086.507	-2244.119	157.6123	1.55737	0.677634	0.0989846	0.219957	0.00342485	1.797699	1.420108
32574	-2078.066	-2236.113	158.0472	1.303316	0.66274	0.139143	0.195355	0.00276204	1.932228	1.13543
32580	-2077.825	-2235.568	157.7428	1.227833	0.622632	0.130722	0.201415	0.0452304	1.980522	1.404789
32586	-2079.609	-2237.342	157.7327	1.537034	0.709125	0.0583388	0.189893	0.042643	1.830547	1.312901
32592	-2086.533	-2244.055	157.5223	1.418377	0.748564	0.055461	0.180526	0.0154484	1.799076	1.576956
32598	-2085.769	-2243.887	158.1181	1.104254	0.701627	0.103053	0.185233	0.0100868	1.786751	1.354796
32604	-2092.066	-2249.642	157.5766	1.050383	0.701627	0.103053	0.185233	0.0100868	1.609081	1.913385
32610	-2090.825	-2246.793	155.9684	1.33283	0.703645	0.187228	0.0958567	0.0132707	1.497163	2.836744
32616	-2085.065	-2241.337	156.2719	1.117283	0.682692	0.186816	0.11725	0.0132415	1.39548	2.836744
32622	-2088.521	-2245.016	156.4959	1.802885	0.814694	0.153358	0.0230469	0.00890129	1.617834	2.182565
32628	-2082.028	-2238.086	156.0584	1.573426	0.738958	0.244905	0.00681267	0.00932377	1.508292	2.646121
32634	-2075.657	-2232.129	156.4721	1.264494	0.741526	0.245756	0.00589348	0.00682419	1.367656	2.646121
32640	-2074.637	-2229.554	154.917	1.682295	0.880858	0.100755	0.00505494	0.0133318	1.288866	3.407819
32646	-2086.996	-2241.793	154.7973	1.588573	0.894035	0.087303	0.00513056	0.0135313	1.345424	3.490161
32652	-2075.491	-2229.58	154.0886	2.267665	0.843358	0.0284655	0.115412	0.0127643	1.352817	3.595029
32658	-2079.856	-2234.662	154.8063	1.373954	0.801043	0.077212	0.109621	0.0121238	1.275717	3.633803
32664	-2094.143	-2248.821	154.678	1.371972	0.825392	0.00903481	0.123217	0.0423563	1.405722	3.633803
32670	-2091.399	-2244.191	152.7919	1.430585	0.696022	0.17311	0.120044	0.0108236	1.163284	4.812508
32676	-2080.182	-2230.737	150.5557	1.495999	0.760466	0.0885282	0.146191	0.00481504	1.134288	6.029316
32682	-2090.428	-2246.297	155.8693	1.354662	0.547743	0.230897	0.135843	0.0855174	1.47567	2.897812
32688	-2087.913	-2243.034	155.1207	1.598842	0.924483	0.0341276	0.00303671	0.0383526	1.414502	3.25468
32694	-2101.358	-2256.463	155.1048	2.161362	0.831384	0.0762006	0.00678042	0.0856345	1.260158	3.096469
32700	-2088.088	-2242.379	154.2903	1.434635	0.732493	0.103882	0.106564	0.0570604	1.099324	4.00124
32706	-2087.954	-2242.584	154.6301	1.63999	0.798162	0.0479707	0.0916912	0.062176	1.095644	3.707416
32712	-2088.325	-2245.456	157.1309	1.096116	0.720223	0.20502	0.0649452	0.00981128	1.577461	2.199241
32718	-2085.409	-2242.292	156.8836	1.565371	0.833544	0.101537	0.0223724	0.0425457	1.577181	2.082785
32724	-2084.859	-2241.241	156.3814	1.440968	0.722574	0.190756	0.0220525	0.0646174	1.610058	2.452867
32730	-2078.59	-2235.203	156.6127	1.440968	0.83739	0.130704	0.0144807	0.0174254	1.525744	2.360052
32736	-2074.347	-2230.818	156.4713	1.532988	0.78741	0.0977148	0.0128699	0.102006	1.533882	2.394016
32742	-2079.178	-2235.287	156.1087	1.526267	0.931599	0.0449977	0.00262191	0.020781	1.517173	2.634354
32748	-2062.346	-2216.307	153.9611	1.477737	0.7951	0.17147	0.0139091	0.0195208	1.413379	3.988371
32754	-2084.432	-2237.188	152.7552	1.140745	0.702347	0.197255	0.0654858	0.0349123	1.091621	5.021211
32760	-2068.889	-2226.016	157.1267	1.127113	0.696291	0.258289	0.0269416	0.0184783	1.586318	2.176756
32766	-2065.672	-2222.573	156.9012	1.228397	0.66129	0.291238	0.029923	0.0175494	1.68908	2.193976
32772	-2076.827	-2233.946	157.1195	1.802756	0.895887	0.081279	0.0133562	0.00947768	1.886859	1.572322
32778	-2077.668	-2235.477	157.8097	1.134411	0.669827	0.2303	0.0157385	0.0841348	1.91161	1.474294
32784	-2094.479	-2247.033	152.5542	1.442479	0.768639	0.12429	0.101537	0.00553361	0.9933021	5.033633
32790	-2097.847	-2248.627	150.7801	1.268417	0.716786	0.221555	0.0490592	0.0126005	1.299867	5.927467
32796	-2096.265	-2250.551	154.2865	0.8805759	0.493908	0.38684	0.0972552	0.0219975	1.109633	4.29849
32802	-2086.752	-2242.234	155.4819	1.418118	0.79893	0.0792084	0.0628568	0.0590045	1.569872	3.040042
32808	-2081.761	-2237.514	155.7526	2.055298	0.821742	0.0419273	0.0618752	0.0744553	1.470753	2.623047
32814	-2082.718	-2236.13	153.412	2.054902	0.826737	0.0317561	0.119339	0.0221678	1.371223	4.061934
32820	-2092.794	-2246.409	153.6148	1.991985	0.671166	0.0965501	0.192073	0.0402112	1.248043	4.043288
32826	-2087.058	-2241.458	154.4	1.125579	0.705908	0.126953	0.14441	0.0227294	1.200664	4.043288
32832	-2084.023	-2240.779	156.7567	1.247638	0.716841	0.0644248	0.161637	0.0570971	1.448361	2.428377
32838	-2099.949	-2256.586	156.6372	1.084608	0.734508	0.0978964	0.130244	0.037352	1.547009	2.53873
32844	-2092.572	-2245.184	152.6121	1.511702	0.763699	0.0914716	0.121826	0.0230037	1.030974	4.947122
32850	-2091.346	-2244.394	153.0482	1.044938	0.504905	0.412346	0.0700006	0.0127491	1.025259	4.947122
32856	-2089.833	-2242.224	152.3907	1.165776	0.528658	0.426688	0.0143812	0.0302725	1.25788	5.117888
32862	-2097.651	-2250.611	152.9605	0.9622983	0.534961	0.419853	0.0145527	0.0306334	1.128887	4.98416
32868	-2088.751	-2242.72	153.9693	1.164822	0.554697	0.392767	0.0443955	0.00814087	1.108627	4.318825
32874	-2093.277	-2248.905	155.6274	1.360938	0.702182	0.237762	0.0507495	0.00930601	1.465216	3.046146
32880	-2107.728	-2261.805	154.0775	1.064799	0.650364	0.157531	0.183547	0.00855791	1.354481	4.173023
32886	-2117.426	-2271.878	154.4517	0.9010348	0.470329	0.381657	0.103492	0.0445223	1.123986	4.184822
32892	-2092.299	-2243.618	151.3192	1.19022	0.740043	0.0782726	0.174448	0.00723683	1.046391	5.811329
32898	-2096.63	-2245.674	149.0445	1.52224	0.753915	0.140558	0.0981541	0.00737249	0.8815954	6.972657
32904	-2089.546	-2244.509	154.9634	1.376311	0.624566	0.276507	0.0914109	0.00751526	1.586377	3.359628
32910	-2076.548	-2232.274	155.726	1.28001	0.737233	0.161636	0.0957311	0.00540018	1.373444	3.086028
32916	-2085.926	-2241.896	155.9696	1.071189	0.460112	0.37337	0.0806059	0.0859123	1.3283	3.086028
32922	-2081.224	-2234.061	152.8366	1.627194	0.723659	0.000738171	0.177345	0.0982585	1.062125	4.750134
32928	-2079.395	-2232.965	153.5696	1.332097	0.708295	0.000976335	0.285367	0.00536177	1.010428	4.511829
32934	-2076.299	-2229.457	153.1584	1.499566	0.871224	0.00127902	0.110732	0.0167651	1.201726	4.552219
32940	-2089.848	-2242.938	153.0898	1.891005	0.870643	0.00127817	0.11337	0.0147084	0.9508306	4.552219
32946	-2100.031	-2254.509	154.4776	1.239025	0.814428	0.0158972	0.148848	0.0208268	1.250204	3.909043
32952	-2084.218	-2237.857	153.6385	1.633917	0.864044	0.00217098	0.111754	0.022031	1.130288	4.257574
32958	-2086.306	-2241.211	154.905	1.444922	0.742779	0.00706255	0.208147	0.0420119	1.470032	3.426477
32964	-2078.499	-2231.309	152.81	1.332432	0.742403	0.00643933	0.189779	0.0613787	1.139384	4.86466
32970	-2085.026	-2238.77	153.7436	1.09678	0.450626	0.430047	0.0901654	0.0291614	1.178579	4.443711
32976	-2088.461	-2240.431	151.97	1.038124	0.733148	0.246887	0.00761089	0.0123538	1.01855	5.550514
32982	-2084.64	-2238.549	153.9093	1.47442	0.731724	0.246407	0.0075961	0.0142731	1.242232	4.117132
32988	-2098.12	-2251.28	153.1599	2.083695	0.920524	0.061677	0.00853832	0.00926108	0.9766863	4.416475
32994	-2080.122	-2233.631	153.5092	1.229185	0.697319	0.135766	0.136851	0.0300629	1.276425	4.449455
33000	-2098.958	-2249.289	150.331	1.637624	0.674876	0.119135	0.168952	0.0370365	0.9693091	6.176319
33006	-2095.582	-2244.825	149.2437	1.212008	0.651725	0.2388	0.0803839	0.029091	0.8773125	7.017654
33012	-2097.127	-2250.17	153.0427	1.523711	0.686634	0.246517	0.0361993	0.0306492	1.275509	4.564096
33018	-2086.2	-2239.581	153.381	1.422329	0.787617	0.0801522	0.113655	0.0185757	1.025309	4.564096
33024	-2080.73	-2232.073	151.343	0.9771147	0.617902	0.303024	0.0276266	0.0514476	1.187948	5.834707
33030	-2082.871	-2233.277	150.4062	1.127996	0.630771	0.18397	0.145084	0.0401751	0.9785472	6.377967
33036	-2085.834	-2237.895	152.0611	1.099076	0.688378	0.200771	0.0727367	0.0381136	0.8338825	5.569049
33042	-2076.696	-2231.324	154.6277	1.597938	0.792568	0.0952636	0.0867176	0.0254511	1.183142	3.678456
33048	-2078.726	-2231.254	152.528	1.440421	0.796776	0.132507	0.0599523	0.0107653	1.124581	4.976229
33054	-2098.473	-2248.384	149.9113	1.127705	0.499124	0.412779	0.0250741	0.063023	0.8976734	6.689881
33060	-2100.451	-2251.792	151.3411	1.022941	0.566871	0.386235	0.0234617	0.0234326	1.060439	5.880384
33066	-2104.489	-2256.139	151.6495	0.696743	0.605984	0.279788	0.088364	0.0258633	1.088991	5.880384
33072	-2086.434	-2239.973	153.539	1.769115	0.695341	0.0466058	0.170787	0.0872662	1.301209	4.154587
33078	-2073.198	-2224.602	151.4046	1.769115	0.900375	0.0210403	0.0387489	0.0398361	1.086586	5.466296
33084	-2079.162	-2233.523	154.3605	1.284223	0.79534	0.0303123	0.168431	0.00591657	1.275979	3.937413
33090	-2090.438	-2245.433	154.9951	1.387509	0.860605	0.0233223	0.0974155	0.0186574	1.359046	3.468377
33096	-2101.273	-2257.311	156.0386	1.396741	0.739324	0.0740941	0.108352	0.0782297	1.488575	2.764286
33102	-2088.505	-2244.479	155.9734	1.145848	0.501978	0.446384	0.00220553	0.0494334	1.451692	2.966494
33108	-2099.823	-2257.007	157.1839	1.051947	0.440301	0.414198	0.033454	0.112047	1.600869	2.177764
33114	-2075.779	-2233.421	157.6419	1.231766	0.563649	0.349224	0.0552304	0.0318965	1.659156	1.713396
33120	-2074.438	-2230.847	156.4094	1.028077	0.812047	0.149651	0.0236675	0.0146351	1.464458	2.764244
33126	-2080.565	-2235.867	155.3019	1.306608	0.761789	0.139588	0.0778087	0.0208148	1.238184	3.402272
33132	-2087.104	-2242.39	155.2851	1.306608	0.736416	0.17411	0.0695919	0.0198822	1.254989	3.402272
33138	-2080.42	-2235.782	155.3626	1.156562	0.671486	0.134026	0.120074	0.0744137	1.32827	3.39608
33144	-2070.977	-2226.235	155.2575	0.943501	0.545953	0.32517	0.0904514	0.0384254	1.235154	3.63412
33150	-2094.411	-2248.768	154.3574	1.495685	0.626445	0.249634	0.0985743	0.0253466	1.387193	3.766946
33156	-2088.571	-2243.026	154.4549	1.400613	0.836678	0.0520366	0.100446	0.0108393	1.372986	3.766946
33162	-2095.754	-2247.523	151.7687	1.040971	0.741715	0.154692	0.0888667	0.0147264	1.125098	5.60096
33168	-2089.784	-2243.088	153.3038	1.151356	0.584109	0.255614	0.137126	0.0231508	1.07671	4.718147
33174	-2083.06	-2237.872	154.8124	1.215485	0.75442	0.1612	0.0611536	0.0232268	1.175237	3.772344
33180	-2086.39	-2240.696	154.3065	1.561481	0.767796	0.0842229	0.135737	0.0122439	1.367943	3.774989
33186	-2102.817	-2259.1	156.2834	1.500132	0.850433	0.0101759	0.124814	0.0145771	1.28528	2.683406
33192	-2099.822	-2254.838	155.0164	1.420503	0.83975	0.0903454	0.00889982	0.0610051	1.224756	3.517215
33198	-2093.667	-2248.338	154.6709	1.689226	0.797094	0.0813887	0.00636794	0.11515	1.188601	3.606494
33204	-2074.321	-2226.965	152.6445	1.258436	0.79766	0.109827	0.0792973	0.0132157	1.090963	5.02139
33210	-2093.841	-2248.232	154.3911	1.030429	0.762172	0.157406	0.02601	0.0544122	0.9379434	4.250653
33216	-2088.559	-2243.298	154.739	1.098122	0.781723	0.0702469	0.0500033	0.0980267	1.196235	3.867036
33222	-2095.139	-2248.376	153.2369	1.203718	0.655352	0.210121	0.0938916	0.040635	0.9954549	4.773198
33228	-2100.072	-2254.647	154.5753	1.305356	0.685758	0.226598	0.0511718	0.0364718	1.246149	3.820103
33234	-2071.332	-2225.108	153.7766	1.193939	0.668862	0.0381711	0.12911	0.163856	1.247545	4.333611
33240	-2080.747	-2232.874	152.1262	1.170335	0.881586	0.0197924	0.0370847	0.0615372	1.083727	5.357961
33246	-2083.544	-2237.935	154.391	1.091907	0.679418	0.128897	0.053842	0.137843	1.097724	4.125671
33252	-2093.488	-2249.267	155.7786	1.361912	0.770889	0.0539063	0.109601	0.0656038	1.316047	3.04436
33258	-2093.175	-2249.463	156.2878	1.191412	0.734132	0.082917	0.101082	0.0818684	1.316047	2.832271
33264	-2075.71	-2228.475	152.7646	1.387509	0.725827	0.110966	0.118862	0.0443452	0.9682148	4.957686
33270	-2075.164	-2229.088	153.9239	1.575593	0.718881	0.0348889	0.202309	0.0439209	1.100748	4.14005
33276	-2076.9	-2231.002	154.1022	1.282723	0.690396	0.127976	0.113699	0.0679296	1.159115	4.152216
33282	-2080.938	-2233.881	152.9425	1.215612	0.705192	0.130718	0.144067	0.0200234	1.069017	4.890124
33288	-2078.801	-2231.388	152.5864	1.316084	0.826072	0.0165028	0.136882	0.0205425	1.051252	5.046286
33294	-2088.731	-2239.702	150.9706	1.386613	0.804829	0.0859636	0.0329398	0.0762676	1.157451	5.842582
33300	-2081.28	-2235.772	154.4925	1.319319	0.769323	0.112036	0.102126	0.0165153	1.098579	3.944997
33306	-2077.944	-2232.432	154.4874	1.316555	0.666997	0.104514	0.196916	0.0315726	1.192892	3.895335
33312	-2093.856	-2248.004	154.1486	1.02737	0.740524	0.165447	0.0589763	0.035053	1.151096	4.268976
33318	-2082.818	-2236.507	153.6897	1.068938	0.662148	0.108388	0.158161	0.0713025	1.074705	4.547784
33324	-2092.021	-2242.252	150.2308	1.419692	0.674532	0.22142	0.0836864	0.0203616	0.8219437	6.412049
33330	-2097.323	-2250.269	152.9458	2.163798	0.870606	0.0469534	0.0587694	0.023671	0.9668167	4.509737
33336	-2093.147	-2247.088	153.9411	1.458314	0.808751	0.0780951	0.0307575	0.0823967	0.991253	4.249577
33342	-2083.176	-2235.978	152.8019	1.19818	0.676569	0.227587	0.0269138	0.0689298	1.110788	4.954249
33348	-2078.734	-2232.709	153.9748	1.331876	0.739907	0.0809789	0.117099	0.0620158	0.9682581	4.307209
33354	-2091.209	-2245.472	154.2626	1.14723	0.744584	0.100031	0.14969	0.00569552	1.125096	4.152718
33360	-2074.492	-2228.001	153.5098	1.549182	0.787762	0.093369	0.113553	0.00531621	1.273314	4.289761
33366	-2057.763	-2213.507	155.7435	1.429447	0.762426	0.0532147	0.101158	0.0832012	1.389229	2.985532
33372	-2096.059	-2247.869	151.8098	1.307385	0.730461	0.213179	0.0445796	0.0117807	1.085713	5.460776
33378	-2092.334	-2245.196	152.8622	1.3197	0.817838	0.0728347	0.0904019	0.0189252	1.122511	4.85141
33384	-2084.487	-2237.554	153.0669	1.022822	0.691958	0.27354	0.00245305	0.0320493	1.365851	4.759064
33390	-2095.245	-2252.224	156.9784	1.273594	0.760687	0.139448	0.0854178	0.0144467	1.505345	2.235693
33396	-2087.45	-2244.062	156.6126	1.327713	0.778556	0.0783069	0.12204	0.0210974	1.582702	2.388086
33402	-2075.917	-2232.525	156.6085	1.327713	0.800335	0.0741728	0.118471	0.00702137	1.571726	2.397657
33408	-2079.13	-2234.607	155.4777	1.203201	0.912969	0.0387569	0.031011	0.0172627	1.441202	3.235795
33414	-2077.713	-2233.981	156.2682	1.247644	0.84972	0.0923264	0.02566	0.0322931	1.557155	2.66465
33420	-2083.133	-2236.908	153.775	1.688063	0.798765	0.112751	0.0241212	0.064363	1.252249	4.085426
33426	-2075.435	-2229.554	154.1184	1.403211	0.756789	0.175624	0.032137	0.0354499	1.151439	4.085426
33432	-2080.67	-2236.679	156.0095	1.298719	0.725717	0.153548	0.0862155	0.0345195	1.493695	2.832741
33438	-2083.167	-2239.784	156.6171	1.431675	0.771073	0.0302705	0.141859	0.0567982	1.351388	2.472376
33444	-2108.923	-2265.679	156.7554	1.124426	0.842756	0.0359926	0.0313082	0.0899435	1.496382	2.472376
33450	-2093.88	-2247.272	153.3918	1.590484	0.856883	0.0241364	0.0883288	0.0306522	1.342894	4.297429
33456	-2090.046	-2241.586	151.5402	1.751407	0.923759	0.0260202	0.0171763	0.0330445	1.071355	5.407844
33462	-2087.349	-2241.831	154.482	1.419375	0.850344	0.0285395	0.0311079	0.0900084	1.205701	3.838092
33468	-2074.235	-2226.958	152.723	1.627413	0.862558	0.0156327	0.0555197	0.0662897	1.138088	4.771062
33474	-2081.032	-2232.837	151.8046	1.605189	0.819741	0.03216	0.0943725	0.0537262	0.9459692	5.397258
33480	-2079.431	-2230.375	150.9447	1.474607	0.778007	0.0149367	0.156065	0.0509909	0.8695688	5.971657
33486	-2082.703	-2233.406	150.7031	1.736755	0.899686	0.0150167	0.0596302	0.0256672	1.039635	5.89091
33492	-2084.509	-2236.783	152.2733	1.722725	0.851457	0.0648767	0.0676987	0.0159674	0.9924068	5.058952
33498	-2075.681	-2226.91	151.229	1.722725	0.758554	0.0994531	0.0933429	0.0486504	0.9942801	5.634013
33504	-2074.449	-2227.384	152.9346	1.678899	0.82439	0.0775194	0.0444001	0.0536908	1.120308	4.638854
33510	-2080.002	-2233.181	153.1791	1.167104	0.574171	0.182676	0.226458	0.0166943	0.9340695	4.859009
33516	-2088.054	-2238.626	150.5716	1.035279	0.54366	0.276379	0.151078	0.0288831	0.8499119	6.407178
33522	-2088.703	-2243.193	154.49	1.198417	0.595931	0.29998	0.077536	0.0265526	0.9549736	4.092442
33528	-2084.642	-2239.706	155.0637	0.9065418	0.585908	0.294935	0.0930509	0.026106	1.155165	3.814032
33534	-2078.426	-2232.517	154.0909	1.266229	0.655532	0.176312	0.126801	0.0413551	1.180723	4.15499
33540	-2073.233	-2226.248	153.0148	1.229327	0.795014	0.0697114	0.0798914	0.0553827	1.126106	4.810814
33546	-2074.73	-2228.638	153.9085	1.610893	0.702803	0.145077	0.070625	0.0814955	1.223818	4.061867
33552	-2078.924	-2235.478	156.5537	1.011063	0.461798	0.348528	0.15058	0.0390938	1.377797	2.739403
33558	-2091.058	-2245.525	154.4674	0.9500837	0.607188	0.20612	0.0837779	0.102914	1.256026	4.072306
33564	-2087.857	-2245.032	157.1746	0.9449556	0.668481	0.28094	0.0244172	0.0261626	1.453651	2.346941
33570	-2085.498	-2241.893	156.3953	1.378062	0.765622	0.108401	0.0960126	0.0299644	1.440897	2.584482
33576	-2083.742	-2239.017	155.2752	1.17379	0.56421	0.271017	0.127702	0.0370712	1.418613	3.384723
33582	-2085.666	-2241.405	155.7387	0.99901	0.494453	0.361371	0.111739	0.0324373	1.480161	3.175579
33588	-2074.484	-2231.79	157.307	1.077798	0.838907	0.0527204	0.100681	0.00769167	1.623974	2.065534
33594	-2083.573	-2239.718	156.1452	1.884665	0.819175	0.0743782	0.0988921	0.00755504	1.521803	2.426976
33600	-2084.083	-2237.857	153.774	1.312084	0.704631	0.205233	0.062252	0.0278841	1.234256	4.280508
33606	-2087.754	-2241.522	153.7684	1.318271	0.641653	0.248992	0.0755252	0.0338294	1.234256	4.280508
33612	-2090.105	-2244.424	154.3197	1.291081	0.843908	0.0368594	0.101104	0.018128	1.364206	3.90662
33618	-2093.653	-2246.904	153.2514	1.333119	0.816512	0.0658979	0.10005	0.0175395	1.220788	4.571942
33624	-2085.113	-2241.741	156.6277	1.144907	0.639817	0.201927	0.146068	0.0121882	1.485806	2.546368
33630	-2078.544	-2234.423	155.8787	1.349679	0.662426	0.216607	0.0980242	0.0229426	1.554933	2.846832
33636	-2084.323	-2238.58	154.257	2.05192	0.763599	0.0816568	0.135411	0.0193327	1.32371	3.604586
33642	-2091.454	-2246.516	155.0619	1.471063	0.643461	0.254353	0.0806729	0.0215122	1.399884	3.362207
33648	-2077.928	-2234.194	156.2657	0.9596965	0.67136	0.22878	0.0641574	0.0357026	1.377528	2.945606
33654	-2078.139	-2235.214	157.0758	1.173846	0.58854	0.344772	0.0525451	0.0141429	1.526447	2.219483
33660	-2092.594	-2248.713	156.1189	1.094564	0.698739	0.202612	0.0777276	0.020921	1.282386	3.010542
33666	-2104.41	-2260.053	155.6425	1.012052	0.727513	0.0551782	0.195526	0.0217825	1.270177	3.348733
33672	-2105.813	-2261.177	155.364	1.450969	0.698293	0.0218805	0.256761	0.023066	1.18972	3.318475
33678	-2101.889	-2257.456	155.5673	1.329494	0.845216	0.067261	0.0773564	0.0101666	1.094638	3.318475
33684	-2083.195	-2238.642	155.4471	1.185336	0.711464	0.255102	0.0143362	0.0190976	1.291973	3.351726
33690	-2080.294	-2233.615	153.3211	1.363162	0.785086	0.153924	0.0395391	0.0214507	1.028385	4.625526
33696	-2088.065	-2239.284	151.219	1.18945	0.703742	0.226048	0.0387084	0.0315017	1.165311	5.801491
33702	-2095.284	-2250.881	155.5972	1.371106	0.806899	0.111062	0.0703408	0.0116975	1.478823	3.05061
33708	-2082.622	-2239.256	156.6347	1.221057	0.670014	0.223238	0.0972044	0.00954334	1.41792	2.539365
33714	-2084.811	-2241.206	156.3945	1.377672	0.670142	0.223281	0.097223	0.00935357	1.538247	2.524701
33720	-2066.997	-2223.147	156.1499	1.377672	0.815359	0.130386	0.0494935	0.00476164	1.41061	2.754348
33726	-2094.881	-2250.199	155.3178	0.916836	0.789336	0.129504	0.0645193	0.0166407	0.9887547	3.757422
33732	-2084.328	-2239.114	154.7864	1.228648	0.789016	0.163435	0.0402744	0.00727498	1.404909	3.647518
33738	-2093.832	-2249.836	156.0047	1.249085	0.865138	0.0258617	0.103884	0.00511628	1.564149	2.820683
33744	-2073.194	-2228.534	155.34	1.30686	0.704346	0.061328	0.217131	0.0171944	1.274809	3.358335
33750	-2080.654	-2235.161	154.5073	1.586795	0.885504	0.0111879	0.0962901	0.0070183	1.200389	3.743496
33756	-2075.897	-2228.555	152.6586	1.530801	0.757462	0.025737	0.200627	0.0161737	1.165167	4.837322
33762	-2070.723	-2224.079	153.3556	1.561154	0.824372	0.0102654	0.153573	0.0117902	1.186028	4.420415
33768	-2083.335	-2235.098	151.7624	1.68553	0.860343	0.0119027	0.111194	0.01656	1.440308	5.110661
33774	-2082.916	-2235.514	152.5982	1.733498	0.854627	0.0159147	0.112677	0.0167809	1.248971	4.730297
33780	-2078.828	-2231.314	152.4861	1.456614	0.764745	0.00890647	0.218039	0.00830936	0.9963562	5.062811
33786	-2078.482	-2233.727	155.2448	1.342469	0.817346	0.00691507	0.169287	0.00645146	1.333916	3.360507
33792	-2094.258	-2249.722	155.4642	1.153956	0.616088	0.185386	0.189456	0.00907044	1.289853	3.360507
33798	-2084.911	-2239.25	154.3394	1.159079	0.555022	0.26613	0.170677	0.00817138	1.212074	4.052991
33804	-2091.811	-2244.562	152.751	1.215087	0.714617	0.157358	0.126799	0.00122554	0.8614905	5.112049
33810	-2092.067	-2245.014	152.9475	0.9702535	0.642911	0.169991	0.184767	0.0023318	0.9858076	5.066356
33816	-2095.864	-2249.1	153.236	1.361191	0.668803	0.130426	0.192208	0.00856332	1.046495	4.66406
33822	-2099.434	-2253.307	153.8726	1.34184	0.62057	0.147983	0.195706	0.0357411	1.304591	4.169364
33828	-2089.425	-2243.086	153.6607	1.34184	0.61643	0.188039	0.165329	0.0302019	1.167073	4.367308
33834	-2084.622	-2237.922	153.3008	1.100521	0.578336	0.233503	0.114921	0.0732408	1.040181	4.767654
33840	-2081.431	-2232.72	151.2885	1.375717	0.691057	0.175661	0.0780703	0.0552116	1.106868	5.701575
33846	-2081.827	-2234.257	152.4301	1.367308	0.67477	0.145691	0.0944776	0.0850617	0.8957728	5.19337
33852	-2088.131	-2243.576	155.4458	1.319318	0.615562	0.342394	0.019283	0.0227606	1.433939	3.19528
33858	-2073.78	-2229.08	155.2997	1.246991	0.828563	0.130388	0.0244035	0.0166454	1.47592	3.296166
33864	-2079.305	-2232.853	153.548	1.035756	0.623165	0.24679	0.0754937	0.0545518	0.9769875	4.700342
33870	-2078.929	-2236.209	157.2794	1.158541	0.694411	0.244654	0.0601986	0.00073645	1.431757	2.158376
33876	-2095.088	-2251.913	156.8252	1.443307	0.780002	0.154565	0.0646418	0.000790808	1.625264	2.158376
33882	-2091.44	-2243.762	152.3216	1.880146	0.70424	0.162232	0.0963838	0.0371444	1.023762	4.945484
33888	-2083.473	-2235.361	151.8877	1.908683	0.722637	0.166399	0.0984089	0.0125543	0.9160705	5.233537
33894	-2086.763	-2240.36	153.5967	1.528527	0.756693	0.112449	0.103047	0.0278123	1.180023	4.303377
33900	-2082.881	-2237.858	154.9773	1.069843	0.631469	0.192134	0.112073	0.0643248	1.044481	3.833177
33906	-2086.41	-2239.46	153.0504	1.112686	0.642561	0.231057	0.0926008	0.0337805	1.144762	4.842459
33912	-2095.593	-2246.227	150.6347	1.743165	0.747924	0.185086	0.0350523	0.0319378	1.031916	5.929665
33918	-2077.929	-2231.832	153.9029	1.457128	0.779649	0.0830991	0.103959	0.0332925	1.377187	4.052526
33924	-2082.325	-2237.48	155.155	1.439029	0.752637	0.0604597	0.154765	0.032139	1.316409	3.373002
33930	-2074	-2229.857	155.8571	1.256392	0.829576	0.0588616	0.0761382	0.0354245	1.475585	2.959358
33936	-2093.111	-2249.313	156.2016	1.032881	0.807472	0.0744844	0.072561	0.0454827	1.397657	2.927933
33942	-2078.867	-2234.504	155.6375	1.355435	0.788747	0.0865224	0.0766716	0.0480593	1.47359	3.038033
33948	-2076.772	-2233.205	156.4322	1.163673	0.753125	0.170329	0.032009	0.0445373	1.569944	2.604331
33954	-2090.954	-2248.286	157.3321	1.340982	0.603714	0.216276	0.125057	0.054953	1.875948	1.708149
33960	-2088.72	-2245.623	156.9026	1.337499	0.612875	0.293721	0.083395	0.0100086	1.529224	2.231506
33966	-2071.146	-2227.17	156.0243	1.145347	0.678164	0.208892	0.105465	0.00747972	1.425508	2.951929
33972	-2065.863	-2220.955	155.0911	1.185038	0.679317	0.12222	0.109773	0.0886899	1.37119	3.513868
33978	-2071.948	-2225.354	153.4061	0.8893795	0.616443	0.233717	0.0658406	0.0839996	1.093583	4.797057
33984	-2075.479	-2226.781	151.3025	1.105242	0.651336	0.259788	0.0297226	0.0591534	1.076471	5.848531
33990	-2068.046	-2220.21	152.1631	1.482258	0.665696	0.265515	0.0600372	0.00875124	1.236223	5.096573
33996	-2079.361	-2230.641	151.2801	1.723218	0.790515	0.0943054	0.100527	0.0146532	1.207159	5.48878
34002	-2072.776	-2227.138	154.3615	1.03497	0.731803	0.150392	0.0941612	0.0236438	1.29934	4.059482
34008	-2073.965	-2226.801	152.8363	1.174669	0.561976	0.309906	0.0663253	0.0617922	1.16258	4.918664
34014	-2078.484	-2230.388	151.9042	1.473397	0.565385	0.345131	0.0206684	0.0688155	1.094338	5.32247
34020	-2080.484	-2232.589	152.1044	1.472576	0.704269	0.0756206	0.144491	0.0756192	1.129927	5.192578
34026	-2072.247	-2226.254	154.0066	1.043601	0.79711	0.101144	0.066791	0.0349551	1.159549	4.335439
34032	-2071.815	-2225.521	153.7057	1.120668	0.79711	0.101144	0.066791	0.0349551	1.096817	4.498038
34038	-2066.192	-2219.729	153.5372	1.804567	0.792412	0.11698	0.0593214	0.0312864	1.148985	4.226014
34044	-2070.541	-2223.613	153.0717	1.320224	0.796985	0.117656	0.0538928	0.031467	0.9920543	4.80705
34050	-2070.578	-2224.45	153.8719	1.707691	0.810312	0.0988557	0.0725053	0.0183271	1.101996	4.10671
34056	-2073.339	-2226.663	153.3249	1.289438	0.589209	0.33491	0.062555	0.0133264	1.17683	4.577699
34062	-2061.725	-2215.139	153.4149	1.493215	0.626456	0.335825	0.0310943	0.00662415	1.145392	4.442681
34068	-2066.125	-2219.847	153.7222	1.16829	0.591648	0.317165	0.0293666	0.0618198	1.132964	4.442681
34074	-2075.503	-2230.031	154.5287	1.153313	0.56762	0.396256	0.0128239	0.0233005	0.9789472	4.081116
34080	-2077.593	-2230.253	152.6593	1.109916	0.568332	0.316791	0.0128399	0.102038	1.023654	5.128589
34086	-2072.74	-2226.224	153.4833	1.309344	0.515201	0.362873	0.0294267	0.0924988	1.065238	4.541162
34092	-2088.608	-2244.305	155.6973	1.228497	0.567477	0.37196	0.0487154	0.0118476	1.291866	3.180081
34098	-2102.199	-2257.227	155.028	1.490868	0.834228	0.116467	0.0190752	0.0302296	1.210913	3.482679
34104	-2091.977	-2246.932	154.9551	1.052577	0.605076	0.351787	0.0067723	0.0363644	1.247788	3.738591
34110	-2080.652	-2234.319	153.6673	1.135459	0.644873	0.27612	0.0484542	0.0305532	1.100422	4.509603
34116	-2081.442	-2232.956	151.5141	1.025791	0.584617	0.3441	0.0483102	0.0229731	1.064212	5.782183
34122	-2076.048	-2231.667	155.6194	1.076494	0.451764	0.532162	0.0032798	0.0127939	1.19211	3.370784
34128	-2078.412	-2232.99	154.5776	1.279257	0.623348	0.362348	0.00887471	0.00542927	1.191626	3.863867
34134	-2087.142	-2241.531	154.3896	1.122476	0.621665	0.287955	0.0841577	0.00622192	1.148624	4.080632
34140	-2087.949	-2240.013	152.0637	1.543787	0.690367	0.268778	0.0201186	0.0207369	1.284038	5.095835
34146	-2099.71	-2250.906	151.1954	1.204358	0.584504	0.338786	0.0364254	0.0402843	1.007322	5.893057
34152	-2082.622	-2237.24	154.6179	1.403246	0.678156	0.175306	0.113712	0.0328257	1.246728	3.744423
34158	-2083.187	-2237.21	154.0235	1.608309	0.730851	0.142079	0.0846768	0.0423932	1.190355	4.016593
34164	-2083.343	-2237.678	154.3359	1.589962	0.748311	0.122893	0.107682	0.0211144	1.178684	3.853111
34170	-2092.414	-2245.89	153.4765	1.506075	0.686216	0.193507	0.111204	0.0090736	1.177099	4.383805
34176	-2091.825	-2246.175	154.3495	1.123456	0.651167	0.234699	0.105524	0.00861016	0.9961877	4.189561
34182	-2095.96	-2249.586	153.6263	1.568067	0.668542	0.234315	0.0885467	0.0085961	1.370004	4.15979
34188	-2096.226	-2249.594	153.3678	1.373934	0.614875	0.199931	0.103979	0.0812156	1.134305	4.534477
34194	-2085.85	-2239.201	153.3516	1.296721	0.543406	0.294479	0.109368	0.052747	1.220441	4.534477
34200	-2084.795	-2237.577	152.7818	1.292566	0.643867	0.221307	0.086426	0.0483992	1.012534	4.971216
34206	-2078.498	-2231.608	153.1097	1.380076	0.651701	0.317307	0.00659846	0.0243939	1.085293	4.703604
34212	-2085.696	-2239.322	153.6263	1.279926	0.55263	0.285108	0.146058	0.016203	1.23034	4.382893
34218	-2083.539	-2239.583	156.0437	1.140176	0.578276	0.192344	0.20979	0.0195904	1.332583	2.999067
34224	-2085.904	-2239.121	153.217	1.140176	0.725359	0.0840085	0.179432	0.0112004	1.248439	4.676637
34230	-2083.425	-2237.511	154.0859	1.172996	0.771432	0.0816637	0.135977	0.0109271	1.214412	4.188403
34236	-2079.476	-2234.116	154.6395	1.290201	0.578976	0.292626	0.117657	0.010741	1.243846	3.792469
34242	-2083.922	-2237.755	153.8334	1.114478	0.676981	0.268577	0.0445843	0.00985825	0.975191	4.497967
34248	-2080.167	-2235.349	155.1815	0.9246044	0.58269	0.318181	0.0528187	0.0463109	1.11805	3.756907
34254	-2091.724	-2246.903	155.1791	0.9778367	0.704638	0.0999676	0.139391	0.0560031	1.318414	3.611156
34260	-2084.001	-2240.923	156.9217	1.102297	0.784817	0.0833038	0.107803	0.0240759	1.414535	2.432751
34266	-2070.727	-2226.038	155.3115	1.131094	0.799659	0.0800636	0.101429	0.0188481	1.466251	3.359472
34272	-2058.859	-2213.201	154.3428	1.307417	0.760643	0.116056	0.101068	0.0222333	1.358223	3.888217
34278	-2064.083	-2219.697	155.6141	1.223914	0.870074	0.0182081	0.0858568	0.025861	1.284589	3.23623
34284	-2076.652	-2231.053	154.4014	1.785795	0.800983	0.0479568	0.0688672	0.0821927	1.205073	3.707961
34290	-2077.231	-2231.433	154.2016	1.975763	0.871601	0.0107911	0.103721	0.0138872	1.114813	3.790307
34296	-2077.704	-2231.489	153.7852	2.01787	0.889957	0.0224533	0.0304934	0.0570962	1.337752	3.883374
34302	-2078.179	-2232.744	154.565	1.562975	0.847867	0.0532918	0.0444454	0.0543958	1.102348	3.7783
34308	-2085.204	-2239.964	154.7604	1.435273	0.880069	0.0490421	0.0418967	0.0289925	1.34071	3.591126
34314	-2083.762	-2240.669	156.9064	1.067579	0.643225	0.236922	0.0708349	0.0490178	1.551901	2.377079
34320	-2089.165	-2244.441	155.2759	1.277472	0.809248	0.0641002	0.0996808	0.0269708	1.522928	3.265792
34326	-2083.577	-2239.715	156.1375	1.119546	0.753428	0.0464005	0.149352	0.0508195	1.479291	2.866081
34332	-2088.125	-2244.401	156.276	0.9121547	0.674232	0.273135	0.038091	0.0145423	1.264314	3.036406
34338	-2089.447	-2244.979	155.5318	1.070566	0.772401	0.116049	0.0807288	0.0308205	1.413244	3.29565
34344	-2095.165	-2250.486	155.3209	1.350498	0.816132	0.0205131	0.0852994	0.0780554	1.346339	3.304155
34350	-2092.912	-2247.486	154.5742	1.699444	0.769506	0.0436643	0.113234	0.073596	1.171362	3.667677
34356	-2107.116	-2261.487	154.3707	1.210868	0.715471	0.0870745	0.119673	0.0777811	1.090597	4.076462
34362	-2090.835	-2245.52	154.6853	1.203188	0.718977	0.203384	0.030908	0.0467304	1.233658	3.818549
34368	-2082.946	-2237.745	154.7989	1.010203	0.58184	0.35855	0.0418872	0.017723	1.211049	3.873863
34374	-2080.326	-2236.172	155.8462	1.328006	0.781451	0.207887	0.00568764	0.00497442	1.455338	2.938539
34380	-2080.469	-2236.535	156.0653	1.597724	0.660926	0.327068	0.00821122	0.00379493	1.435368	2.674223
34386	-2081.826	-2236.805	154.979	1.158941	0.643025	0.345294	0.00798882	0.00369214	1.308554	3.62989
34392	-2092.778	-2247.936	155.1581	1.15437	0.525086	0.419937	0.0428814	0.0120964	1.44117	3.450948
34398	-2080.65	-2235.806	155.156	1.278608	0.568711	0.379388	0.0464441	0.00545625	1.326692	3.450948
34404	-2087.214	-2242.675	155.4612	1.645766	0.578626	0.327449	0.0825751	0.0113496	1.326692	3.081452
34410	-2077.098	-2233.025	155.9269	1.266194	0.639737	0.315914	0.0270993	0.0172504	1.569893	2.854785
34416	-2084.833	-2241.262	156.429	1.426563	0.524498	0.428593	0.0367651	0.0101443	1.427142	2.545361
34422	-2083.775	-2239.645	155.8694	1.194375	0.734417	0.249695	0.00997836	0.00591001	1.286566	3.099971
34428	-2085.359	-2241.432	156.0734	1.464027	0.674462	0.315984	0.00659682	0.0029574	1.617052	2.627684
34434	-2085.813	-2240.995	155.1824	1.785284	0.783887	0.0841895	0.0460402	0.0858831	1.361315	3.15951
34440	-2089.87	-2245.545	155.6755	1.242561	0.542058	0.234182	0.17051	0.0532495	1.249349	3.210409
34446	-2087.772	-2240.306	152.5332	1.295262	0.513908	0.243103	0.172824	0.070165	0.9690778	5.131901
34452	-2066.122	-2220.034	153.9117	1.230739	0.639218	0.139542	0.144033	0.0772064	1.104685	4.318394
34458	-2075.606	-2228.831	153.2253	1.652837	0.639218	0.139542	0.144033	0.0772064	1.184993	4.451266
34464	-2085.233	-2238.76	153.5266	1.51961	0.93586	0.0191257	0.0264048	0.0186098	0.9957813	4.451266
34470	-2072.675	-2227.34	154.6653	1.162504	0.6891	0.127155	0.107782	0.0759631	1.388092	3.763342
34476	-2077.849	-2232.532	154.6834	1.092113	0.874429	0.0418803	0.0426053	0.0410857	1.284188	3.851821
34482	-2063.421	-2217.124	153.703	1.557806	0.722105	0.182823	0.0845001	0.0105723	1.184394	4.226566
34488	-2079.543	-2234.807	155.2634	1.253194	0.678634	0.200744	0.107208	0.0134135	1.159876	3.499377
34494	-2078.049	-2234.292	156.243	1.602331	0.593117	0.127253	0.240372	0.0392578	1.426841	2.567289
34500	-2080.567	-2235.619	155.0516	1.289339	0.710528	0.269955	0.00558094	0.0139361	1.207564	3.575463
34506	-2077.638	-2232.869	155.2315	1.040718	0.785789	0.199768	0.00412992	0.0103128	1.411302	3.490122
34512	-2085.079	-2239.169	154.0896	1.480632	0.686703	0.298684	0.00221275	0.0123995	1.164106	4.05587
34518	-2090.562	-2244.536	153.9739	0.9419058	0.630413	0.33528	0.00203137	0.0322754	1.326636	4.317096
34524	-2088.103	-2242.069	153.9665	1.215475	0.654364	0.228136	0.111939	0.00556108	1.135148	4.278254
34530	-2093.177	-2245.996	152.8192	1.067184	0.537368	0.304629	0.150577	0.0074257	1.21941	4.954306
34536	-2089.658	-2239.882	150.224	1.41845	0.770193	0.16538	0.0531049	0.0113225	1.062029	6.286014
34542	-2089.276	-2240.814	151.5379	1.511665	0.687622	0.238004	0.0161348	0.0582395	1.055445	5.527444
34548	-2086.932	-2240.2	153.2679	1.145765	0.500296	0.350994	0.0655095	0.0832009	1.171822	4.688057
34554	-2086.964	-2243.391	156.4271	1.14534	0.575156	0.310853	0.0953314	0.0186592	1.593219	2.603954
34560	-2088.084	-2242.975	154.8902	1.900443	0.681469	0.265157	0.0339324	0.0194425	1.666872	3.097887
34566	-2074.134	-2227.624	153.49	1.310788	0.733448	0.256253	0.00916412	0.00113462	1.34395	4.379747
34572	-2076.11	-2231.734	155.6235	1.310788	0.664465	0.329751	0.00432408	0.00146005	1.480983	3.066167
34578	-2078.458	-2232.257	153.7998	0.9952192	0.646892	0.308385	0.0429905	0.00173218	1.359577	4.366451
34584	-2078.252	-2232.45	154.1985	1.007945	0.588806	0.282873	0.123157	0.00516357	1.363646	4.13102
34590	-2069.609	-2223.701	154.092	1.013594	0.621794	0.240868	0.130057	0.007281	1.301001	4.223895
34596	-2080.484	-2230.848	150.3641	1.580751	0.602892	0.233546	0.156501	0.00705967	1.064335	6.132431
34602	-2066.303	-2218.777	152.4738	1.457949	0.783179	0.152498	0.0584387	0.00588388	1.289878	4.905924
34608	-2085.585	-2239.952	154.3667	1.457949	0.748611	0.182845	0.0558594	0.0126843	1.380975	3.784054
34614	-2074.707	-2229.666	154.9587	1.459684	0.564449	0.197527	0.225294	0.0127295	1.730941	3.233749
34620	-2066.307	-2223.216	156.9084	1.125493	0.678858	0.215542	0.104096	0.00150405	1.585891	2.318416
34626	-2070.522	-2226.841	156.3189	1.140444	0.739305	0.16665	0.0927057	0.00133947	1.627306	2.652623
34632	-2073.727	-2229.821	156.0947	1.27339	0.557166	0.358244	0.0824345	0.00215541	1.819268	2.595227
34638	-2073.957	-2230.189	156.2321	1.370441	0.509248	0.464468	0.0242052	0.00207885	1.588574	2.598295
34644	-2077.769	-2234.092	156.3231	1.208225	0.575814	0.298218	0.12269	0.00327814	1.787894	2.510474
34650	-2084.423	-2240.049	155.6269	1.15896	0.475976	0.487396	0.0219069	0.0147208	1.476746	3.15116
34656	-2092.912	-2249.854	156.9419	1.249902	0.542114	0.352196	0.0982467	0.00744285	1.847837	2.050359
34662	-2095.348	-2252.849	157.501	1.145509	0.739753	0.159967	0.0932184	0.00706192	1.775126	1.788008
34668	-2081.382	-2238.219	156.8375	1.314258	0.771251	0.121568	0.0975179	0.00966287	1.6615	2.201755
34674	-2086.156	-2240	153.8438	1.497875	0.780369	0.135963	0.0736646	0.0100032	1.269598	4.127309
34680	-2095.96	-2250.507	154.5471	0.8840302	0.606427	0.343507	0.0422931	0.00777351	1.090027	4.159823
34686	-2087.273	-2239.766	152.4924	0.9419016	0.452285	0.50656	0.0345905	0.00656529	1.218042	5.205696
34692	-2079.896	-2234.811	154.9148	1.564161	0.784487	0.0906792	0.0837922	0.0410419	1.556151	3.30983
34698	-2085.014	-2241.777	156.7629	1.344365	0.768806	0.108856	0.0821173	0.0402216	1.6698	2.226913
34704	-2094.102	-2247.667	153.5646	1.506972	0.78533	0.143647	0.058239	0.0127838	1.008718	4.428638
34710	-2096.585	-2251.006	154.4208	1.145066	0.742368	0.195597	0.0554684	0.00656663	0.9765815	4.148422
34716	-2095.504	-2247.006	151.5016	2.009012	0.753234	0.0646089	0.162875	0.0192819	0.9385307	5.392218
34722	-2093.945	-2248.188	154.2433	1.488556	0.778138	0.0401434	0.163504	0.0182151	1.180695	3.954688
34728	-2088.054	-2240.846	152.7929	1.594183	0.8362	0.0343961	0.118217	0.0111862	1.049617	4.79696
34734	-2085.801	-2238.711	152.9102	1.294019	0.780193	0.0518585	0.155902	0.0120468	1.19564	4.79696
34740	-2080.285	-2234.044	153.7585	1.966192	0.82809	0.0399712	0.0699215	0.0620171	1.091232	4.061874
34746	-2092.897	-2247.754	154.8577	1.67264	0.906728	0.0159109	0.0315789	0.0457826	1.173004	3.514785
34752	-2091.226	-2247.462	156.2361	1.45173	0.822919	0.0144402	0.12261	0.0400302	1.398477	2.668729
34758	-2091.726	-2245.057	153.3304	2.00548	0.798593	0.0177825	0.147418	0.0362064	1.092028	4.287775
34764	-2095.874	-2247.8	151.9252	1.562054	0.817734	0.0234725	0.118136	0.0406583	0.9518958	5.347531
34770	-2086.667	-2238.516	151.8485	1.562054	0.770869	0.0597926	0.161283	0.00805516	1.059247	5.330598
34776	-2088.039	-2242.241	154.202	1.54062	0.878598	0.0585913	0.0549171	0.00789332	1.200443	3.941376
34782	-2096.457	-2251.54	155.0833	1.581667	0.702007	0.16604	0.120948	0.011005	1.263131	3.374326
34788	-2085.75	-2241.386	155.6368	1.165478	0.68535	0.142669	0.162286	0.0096951	1.38331	3.197046
34794	-2089.955	-2245.614	155.6586	1.165478	0.790829	0.164041	0.0209	0.0242299	1.361457	3.197046
34800	-2078.062	-2233.256	155.1944	1.500419	0.796423	0.165201	0.0230326	0.0153431	1.327844	3.311715
34806	-2084.491	-2239.091	154.6	1.413137	0.796423	0.165201	0.0230326	0.0153431	1.197379	3.778164
34812	-2077.928	-2232.588	154.6598	1.478152	0.668574	0.278135	0.0387779	0.0145134	1.261079	3.673902
34818	-2089.707	-2244.876	155.1692	1.896182	0.769277	0.178612	0.0378082	0.0143031	1.544511	3.006188
34824	-2084.101	-2240.246	156.145	1.908951	0.872699	0.0143233	0.101307	0.0116707	1.544511	2.400939
34830	-2083.905	-2239.951	156.0465	1.777039	0.7345	0.156671	0.100683	0.00814564	1.445567	2.589057
34836	-2105.975	-2260.404	154.4294	1.777039	0.685117	0.146138	0.161148	0.00759797	1.191022	3.703904
34842	-2084.791	-2240.805	156.0141	1.12289	0.612025	0.314877	0.0663105	0.00678738	1.489586	2.932498
34848	-2082.983	-2239.001	156.0185	0.8855153	0.346816	0.553273	0.0922546	0.00765681	1.136932	3.281295
34854	-2083.485	-2239.486	156.0009	0.9402695	0.581613	0.360901	0.0559616	0.00152383	1.300691	3.161613
34860	-2101.792	-2256.816	155.024	1.393901	0.699657	0.10402	0.139246	0.0570769	1.243201	3.515777
34866	-2083.71	-2239.071	155.361	1.348637	0.698505	0.181293	0.087185	0.0330162	1.078629	3.438798
34872	-2076.183	-2230.921	154.7386	1.378255	0.645641	0.263082	0.0780301	0.0132463	1.216096	3.705251
34878	-2085.998	-2240.554	154.556	1.778286	0.698232	0.15681	0.131827	0.0131313	1.539828	3.426855
34884	-2092.381	-2248.338	155.9573	1.251413	0.696991	0.183958	0.103328	0.0157233	1.399221	2.947818
34890	-2089.145	-2243.951	154.806	1.1914	0.711542	0.11381	0.163601	0.0110471	1.684786	3.493778
34896	-2093.195	-2247.26	154.0651	1.626314	0.790926	0.0927572	0.100629	0.0156868	1.242722	3.95426
34902	-2091.512	-2245.619	154.1071	1.602922	0.839482	0.0446596	0.0985241	0.0173343	1.220213	3.95426
34908	-2103.431	-2256.848	153.4169	1.417848	0.685055	0.205369	0.0536217	0.0559549	1.121202	4.492268
34914	-2101.901	-2258.377	156.4762	0.9109064	0.514854	0.30894	0.160096	0.0161102	1.346773	2.867005
34920	-2085.832	-2241.341	155.5094	1.060981	0.635357	0.328908	0.025617	0.0101186	1.202475	3.438077
34926	-2094.746	-2247.607	152.8607	1.207442	0.656806	0.226976	0.113013	0.00320518	0.9979288	4.979434
34932	-2080.96	-2235.01	154.0508	1.127872	0.729519	0.141396	0.125524	0.00356002	1.11593	4.288613
34938	-2087.885	-2243.172	155.2874	1.126215	0.554882	0.158947	0.279168	0.0070024	1.353803	3.442276
34944	-2078.35	-2235.054	156.704	1.090601	0.773056	0.109778	0.106918	0.0102479	1.511382	2.515604
34950	-2076.514	-2233.155	156.641	1.07316	0.841776	0.030643	0.116423	0.0111589	1.431073	2.615193
34956	-2081.211	-2237.939	156.7279	1.217	0.815087	0.03366	0.103284	0.0479693	1.437408	2.471301
34962	-2084.281	-2240.744	156.4634	1.54177	0.777253	0.0603761	0.127417	0.0349547	1.518874	2.403728
34968	-2083.092	-2239.898	156.8068	1.505054	0.885333	0.0445534	0.0443194	0.0257942	1.451226	2.248138
34974	-2071.374	-2226.376	155.0018	1.164254	0.689349	0.229398	0.036333	0.0449202	1.595057	3.446858
34980	-2078.244	-2232.808	154.5642	1.26188	0.701227	0.216057	0.0471899	0.0355256	1.307527	3.814194
34986	-2079.173	-2233.361	154.1879	1.640307	0.879493	0.0217534	0.0680457	0.0307081	1.35243	3.814194
34992	-2086.87	-2243.63	156.7594	1.047573	0.658239	0.278512	0.0331145	0.0301349	1.456549	2.541583
34998	-2079.467	-2235.646	156.1797	1.047573	0.580226	0.399588	0.0118631	0.00832334	1.306671	2.987108
35004	-2091.749	-2247.762	156.0129	1.137425	0.461936	0.459454	0.0713792	0.00723133	1.247427	3.07007
35010	-2081.427	-2236.603	155.1757	0.9166655	0.56471	0.373405	0.0561925	0.00569279	1.222665	3.704503
35016	-2079.707	-2231.397	151.69	1.29632	0.56828	0.369443	0.0565478	0.00572878	1.044591	5.554867
35022	-2094.911	-2249.16	154.2492	1.234328	0.809007	0.11338	0.0519071	0.0257058	1.275459	4.027791
35028	-2087.446	-2241.268	153.8221	1.473228	0.774913	0.114078	0.0497196	0.0612895	1.30577	4.131217
35034	-2083.151	-2237.24	154.0892	1.194239	0.77726	0.0497561	0.111509	0.0614751	1.103966	4.23778
35040	-2089.714	-2242.948	153.2341	1.193897	0.570062	0.336277	0.0817831	0.0118776	1.079848	4.732763
35046	-2088.115	-2242.662	154.5475	1.038138	0.64946	0.224892	0.106599	0.0190482	1.159168	4.031566
35052	-2075.835	-2231.032	155.197	1.365261	0.709566	0.108815	0.162556	0.0190636	1.582727	3.229902
35058	-2072.535	-2229.48	156.9451	1.05945	0.761969	0.118024	0.107513	0.0124936	1.500583	2.390146
35064	-2093	-2244.76	151.7598	1.190895	0.665977	0.108445	0.1436	0.0819793	0.9447644	5.625269
35070	-2084.347	-2236.321	151.974	1.34275	0.738617	0.0541068	0.203576	0.00370083	1.142092	5.32153
35076	-2089.175	-2243.794	154.6188	1.509579	0.841967	0.0486668	0.105811	0.00355447	1.505163	3.540265
35082	-2073.516	-2228.39	154.8736	1.695578	0.875187	0.0505869	0.0737236	0.000502904	1.430626	3.343701
35088	-2083.069	-2238.698	155.6291	1.363232	0.743829	0.0961731	0.159515	0.00048356	1.41421	3.074375
35094	-2080.241	-2231.577	151.3358	1.40813	0.783106	0.111019	0.105599	0.000276038	1.307113	5.549881
35100	-2085.923	-2238.41	152.4868	1.283969	0.582622	0.338609	0.0785642	0.000205369	1.21807	5.025295
35106	-2088.446	-2241.619	153.1723	1.377458	0.778064	0.176573	0.0451976	0.000164874	1.110546	4.655711
35112	-2109.64	-2263.275	153.635	0.1825546	0.53847	0.247323	0.0401038	0.174103	0.8775596	5.090631
35118	-2092.041	-2247.057	155.0162	0.1825546	0.521123	0.428756	0.0388118	0.0113094	0.995973	4.250694
35124	-2080.984	-2234.457	153.4731	1.333013	0.688608	0.177717	0.1022	0.0314756	1.076297	4.5286
35130	-2071.752	-2227.809	156.0572	0.9827689	0.69141	0.174688	0.100457	0.0334448	1.302877	3.101286
35136	-2063.545	-2219.351	155.8064	1.29259	0.727493	0.199503	0.0316606	0.0413428	1.441197	2.99046
35142	-2079.914	-2237.186	157.2724	1.065507	0.499214	0.414614	0.0551359	0.0310364	1.492114	2.182256
35148	-2082.674	-2238.025	155.3506	1.40313	0.584335	0.334279	0.052073	0.0293122	1.272292	3.302527
35154	-2073.533	-2229.114	155.5812	1.421912	0.721168	0.1727	0.0853021	0.0208294	1.350425	3.109784
35160	-2081.714	-2237.235	155.5202	1.516304	0.695573	0.147013	0.095796	0.0616186	1.305609	3.123878
35166	-2087.32	-2243.246	155.9263	1.235106	0.629366	0.320912	0.0369119	0.0128096	1.364307	2.996578
35172	-2083.935	-2239.414	155.479	1.211888	0.469278	0.498147	0.0245979	0.00797753	1.22775	3.356019
35178	-2078.126	-2234.335	156.2085	1.162817	0.805834	0.160573	0.0151101	0.0184834	1.509654	2.779222
35184	-2098.518	-2254.157	155.6388	0.1551806	0.137933	0.599662	0.055229	0.207176	1.132657	3.790029
35190	-2082.227	-2237.59	155.3633	1.005471	0.638191	0.319448	0.0358331	0.00652778	1.390643	3.44562
35196	-2076.938	-2231.752	154.8141	1.006689	0.636824	0.318764	0.0378147	0.00659766	1.383435	3.767931
35202	-2085.315	-2241.626	156.3116	1.254013	0.699428	0.261195	0.0193917	0.0199854	1.356049	2.757707
35208	-2083.25	-2236.456	153.2057	1.361055	0.74111	0.22047	0.0205473	0.0178733	1.1215	4.639077
35214	-2092.833	-2247.531	154.6986	1.219875	0.700452	0.176928	0.0186335	0.103987	0.9956376	3.938565
35220	-2086.417	-2241.253	154.8362	1.038185	0.667889	0.14798	0.129871	0.0542602	1.03302	3.938565
35226	-2081.546	-2236.409	154.8628	1.195936	0.605456	0.165672	0.164137	0.0647351	1.340962	3.658135
35232	-2089.919	-2247.182	157.2629	1.455903	0.706247	0.181751	0.0966487	0.0153538	1.776191	1.755139
35238	-2081.824	-2238.946	157.1218	1.082132	0.679324	0.246511	0.0603573	0.0138078	1.840938	2.041681
35244	-2084.271	-2240.188	155.9165	1.445769	0.751774	0.00335431	0.239792	0.00507982	1.318001	2.915624
35250	-2091.4	-2248.305	156.905	1.461098	0.791919	0.1481	0.0450979	0.0148824	1.797965	1.981628
35256	-2096.137	-2252.958	156.8207	1.394481	0.742847	0.222604	0.0121797	0.0223691	1.797965	2.076535
35262	-2093.995	-2247.49	153.4956	0.9049436	0.598709	0.0452325	0.351391	0.00466798	1.133471	4.715874
35268	-2092.026	-2246.561	154.5347	1.240818	0.798352	0.0435297	0.152414	0.00570364	1.174898	3.918503
35274	-2093.118	-2250.019	156.9005	1.027261	0.656702	0.143505	0.170254	0.0295393	1.567276	2.396276
35280	-2086.104	-2242.24	156.1362	1.461327	0.68934	0.154531	0.126513	0.0296163	1.546763	2.633777
35286	-2083.291	-2240.199	156.9081	1.252431	0.743955	0.156484	0.0675983	0.0319627	1.681647	2.179795
35292	-2086.105	-2243.367	157.2613	1.089516	0.785219	0.158864	0.0279932	0.0279242	1.689008	2.04519
35298	-2090.862	-2248.237	157.3758	1.01514	0.644488	0.265627	0.0449978	0.0448868	1.730048	1.990529
35304	-2083.476	-2240.842	157.3655	1.110535	0.824872	0.13085	0.0221663	0.0221116	1.680632	1.967772
35310	-2090.315	-2246.317	156.0022	0.9789083	0.585182	0.322048	0.00570468	0.0870654	1.357276	3.103972
35316	-2096.346	-2252.455	156.1087	1.10283	0.577291	0.280296	0.042125	0.100288	1.34356	2.97509
35322	-2089.825	-2247.021	157.196	1.439465	0.846053	0.0776015	0.0488415	0.0275042	1.793346	1.799761
35328	-2087.772	-2245.198	157.426	1.06201	0.637312	0.182302	0.173838	0.00654806	1.730762	1.925164
35334	-2081.946	-2238.625	156.679	1.309529	0.60872	0.141506	0.183583	0.066191	1.637046	2.321982
35340	-2080.263	-2237.948	157.6845	1.077073	0.765376	0.0305668	0.163031	0.0410255	1.710347	1.751466
35346	-2087.914	-2245.462	157.5482	1.345658	0.747191	0.0874937	0.153366	0.0119492	1.553302	1.779927
35352	-2095.139	-2252.093	156.9541	1.302256	0.743237	0.0947299	0.128582	0.0334518	1.553302	2.203391
35358	-2098.811	-2255.964	157.1527	1.252532	0.743698	0.0654303	0.157399	0.0334726	1.400554	2.203391
35364	-2081.827	-2238.892	157.0647	1.252532	0.710167	0.0516526	0.204313	0.0338671	1.400554	2.2601
35370	-2079.194	-2235.158	155.9638	1.10533	0.745767	0.0350855	0.198146	0.0210011	1.327623	3.070009
35376	-2079.849	-2235.396	155.5477	1.449897	0.806076	0.0246717	0.153032	0.0162195	1.426042	3.070009
35382	-2086.484	-2242.187	155.7027	1.295263	0.791293	0.0119327	0.184999	0.011775	1.383028	3.085874
35388	-2081.151	-2236.825	155.674	1.394219	0.711401	0.115575	0.166321	0.00670409	1.322297	3.085874
35394	-2080.662	-2236.142	155.4808	1.285665	0.889331	0.0374283	0.0648601	0.00838086	1.269423	3.290053
35400	-2079.797	-2235.625	155.828	1.182411	0.685077	0.204923	0.0915059	0.0184946	1.44645	3.035938
35406	-2073.771	-2227.41	153.6391	1.511656	0.856778	0.0323973	0.0892749	0.0215501	1.284453	4.2284
35412	-2072.41	-2225.841	153.4314	1.033451	0.751802	0.115236	0.12831	0.00465209	1.182418	4.651877
35418	-2076.649	-2231.605	154.9552	1.194182	0.710355	0.158413	0.12656	0.00467171	1.216314	3.67775
35424	-2080.159	-2232.675	152.5163	1.460166	0.718971	0.141251	0.121882	0.0178954	1.238998	4.909497
35430	-2079.409	-2232.084	152.6747	1.4668	0.757332	0.0404687	0.184542	0.0176567	1.241695	4.816482
35436	-2074.2	-2226.877	152.6772	1.493981	0.752251	0.0413161	0.188407	0.0180264	1.223458	4.812116
35442	-2074.847	-2230.691	155.844	0.9010841	0.773204	0.0424669	0.10618	0.0781482	1.178833	3.349957
35448	-2077.845	-2230.362	152.5171	1.355028	0.744668	0.0778064	0.102262	0.075264	1.257374	4.950658
35454	-2070.489	-2221.977	151.4881	1.189916	0.642287	0.291046	0.0529576	0.0137097	1.021212	5.732828
35460	-2072.813	-2226.03	153.2168	1.072728	0.852123	0.0337437	0.104428	0.00970508	1.251162	4.711859
35466	-2080.512	-2234.683	154.1704	0.9853546	0.771731	0.0517656	0.160202	0.016302	1.132196	4.291097
35472	-2083.936	-2239.908	155.9725	0.9853546	0.788108	0.0324097	0.175977	0.00350515	1.238895	3.188142
35478	-2085.803	-2240.456	154.6531	1.21073	0.62779	0.175184	0.124962	0.0720639	1.222832	3.839208
35484	-2099.198	-2253.461	154.263	1.16682	0.516277	0.462466	0.0176055	0.00365145	0.9901448	4.218516
35490	-2090.37	-2244.325	153.9552	1.383689	0.680388	0.16224	0.1206	0.0367722	1.082228	4.227373
35496	-2082.451	-2234.871	152.4199	1.574041	0.749455	0.0359535	0.174087	0.040505	0.8999173	5.097119
35502	-2100.07	-2253.803	153.7326	1.679167	0.725193	0.0831087	0.0832236	0.108475	1.092114	4.204711
35508	-2094.007	-2248.218	154.2111	1.122892	0.469043	0.36184	0.075958	0.0931598	1.121044	4.197589
35514	-2078.474	-2232.848	154.3735	1.096693	0.475085	0.366501	0.0769365	0.0814779	1.041837	4.164773
35520	-2080.133	-2234.348	154.2152	1.195766	0.538114	0.237639	0.186479	0.0377685	1.105135	4.164773
35526	-2072.31	-2224.785	152.475	1.082791	0.70145	0.132079	0.130666	0.035805	1.167734	5.165507
35532	-2070.622	-2224.736	154.1139	0.9836191	0.624029	0.203469	0.134437	0.038065	1.020148	4.3873
35538	-2083.31	-2237.084	153.7746	0.9527089	0.557605	0.260433	0.141809	0.0401526	1.003119	4.605307
35544	-2083.424	-2237.139	153.7153	1.614021	0.764267	0.148148	0.0647433	0.0228409	1.003119	4.295456
35550	-2081.848	-2235.315	153.4675	1.199522	0.702635	0.206176	0.0279926	0.0631967	1.043007	4.619764
35556	-2085.498	-2236.901	151.403	1.099961	0.575694	0.276216	0.0565341	0.091555	0.9194796	5.882256
35562	-2096.996	-2249.43	152.4342	0.8420731	0.562036	0.242761	0.119492	0.0757111	0.9092966	5.46479
35568	-2098.307	-2251.024	152.717	1.354607	0.753894	0.152021	0.0421056	0.0519794	1.082722	4.936817
35574	-2084.23	-2237.979	153.7488	1.271199	0.766089	0.143011	0.037485	0.0534157	1.242	4.311656
35580	-2071.359	-2224.327	152.9688	1.271199	0.502792	0.380563	0.0997506	0.0168952	0.9023562	4.939403
35586	-2075.79	-2225.116	149.3259	1.549491	0.76633	0.10374	0.112711	0.0172179	0.7892955	6.858222
35592	-2088.466	-2237.756	149.2901	1.50754	0.710337	0.080107	0.104476	0.10508	0.8609473	6.858222
35598	-2076.296	-2227.616	151.3199	1.41625	0.703148	0.105074	0.150626	0.0411522	0.8908126	5.782916
35604	-2076.413	-2228.66	152.2476	1.411811	0.729402	0.106915	0.15625	0.00743301	1.012013	5.208077
35610	-2072.964	-2225.732	152.7687	0.9400958	0.681757	0.171693	0.139895	0.00665501	0.9392704	5.208077
35616	-2081.929	-2236.63	154.7018	1.155565	0.707232	0.12691	0.1138	0.0520581	1.047012	3.942172
35622	-2076.031	-2226.742	150.7105	1.521261	0.764555	0.0982969	0.123023	0.0141244	1.013802	5.998741
35628	-2073.972	-2227.132	153.1596	1.373042	0.773246	0.0435599	0.165102	0.0180922	1.168913	4.632325
35634	-2079.245	-2231.517	152.2718	1.394549	0.737095	0.0505046	0.191424	0.0209767	0.9946141	5.212799
35640	-2083.056	-2236.913	153.857	1.143643	0.663452	0.124672	0.198941	0.0129347	1.255797	4.310551
35646	-2073.012	-2229.08	156.0682	1.010202	0.750009	0.0927895	0.149844	0.00735787	1.351845	3.049114
35652	-2089.408	-2243.899	154.4913	1.562552	0.688299	0.117534	0.189803	0.00436409	1.387253	3.656518
35658	-2085.914	-2242.267	156.3533	1.140339	0.707117	0.0819345	0.171328	0.0396206	1.387253	2.778684
35664	-2092.211	-2243.892	151.6811	1.149326	0.825054	0.0369497	0.118983	0.019013	1.2224	5.537709
35670	-2095.328	-2246.543	151.2153	0.8803273	0.614264	0.234739	0.14883	0.00216645	1.045494	6.036044
35676	-2085.553	-2238.828	153.2748	1.368642	0.684685	0.282013	0.032379	0.000922726	1.014581	4.656495
35682	-2083.103	-2235.929	152.8262	0.8315862	0.579992	0.379122	0.0396454	0.00124046	0.8612372	5.281186
35688	-2081.26	-2233.642	152.3825	1.061783	0.67754	0.274698	0.0463133	0.00144909	0.7752788	5.444604
35694	-2074.022	-2226.232	152.21	1.422349	0.631406	0.279404	0.0781091	0.01108	0.9397979	5.263687
35700	-2082.127	-2235.409	153.2819	1.046775	0.627214	0.277396	0.0836626	0.0117271	0.9562436	4.854439
35706	-2084.366	-2238.542	154.1761	1.469868	0.641492	0.078727	0.24686	0.0329209	1.286257	3.941964
35712	-2098.833	-2254.135	155.3017	1.518548	0.804137	0.0573698	0.0780786	0.0604142	1.433459	3.176634
35718	-2090.377	-2246.13	155.7523	1.231548	0.751885	0.0501683	0.151763	0.0461842	1.239822	3.176634
35724	-2080.401	-2233.872	153.4707	1.247602	0.681349	0.118118	0.155611	0.0449223	1.086499	4.568296
35730	-2097.152	-2251.158	154.0058	1.252833	0.640468	0.117001	0.181765	0.0607662	1.194632	4.202513
35736	-2087.202	-2240.036	152.8342	1.303474	0.706664	0.140806	0.0793994	0.0731298	1.009502	4.938189
35742	-2077.547	-2230.921	153.374	1.483821	0.732418	0.087354	0.141207	0.0390206	1.256609	4.407613
35748	-2092.75	-2246.161	153.4113	1.593074	0.698245	0.237671	0.0358786	0.0282052	1.137434	4.401226
35754	-2088.657	-2243.767	155.1096	1.065736	0.6603	0.301416	0.0134049	0.0248798	1.12596	3.712272
35760	-2085.223	-2239.89	154.6672	1.052903	0.511875	0.451628	0.0310011	0.00549618	1.128269	3.972482
35766	-2087.475	-2242.421	154.9462	0.8274314	0.489082	0.431517	0.0741492	0.00525144	1.078176	3.972482
35772	-2092.453	-2246.894	154.441	1.14557	0.667432	0.253906	0.0591126	0.0195493	1.120054	4.054946
35778	-2092.471	-2247.047	154.5755	0.9882891	0.655339	0.246135	0.0793308	0.0191951	1.139842	4.054946
35784	-2087.769	-2243.642	155.8735	1.047342	0.687213	0.263516	0.0266327	0.0226384	1.185187	3.242018
35790	-2092.64	-2247.689	155.0487	1.047342	0.648562	0.248695	0.0814055	0.0213368	1.247903	3.687455
35796	-2100.855	-2256.274	155.4183	0.9666423	0.743816	0.102547	0.149305	0.00433155	1.307161	3.485037
35802	-2104.356	-2259.555	155.1998	1.190096	0.667699	0.21951	0.0413104	0.0714808	1.307161	3.485037
35808	-2093.192	-2248.665	155.4726	1.526884	0.679115	0.239708	0.00847378	0.072703	1.325347	3.135073
35814	-2083.285	-2237.612	154.3269	1.999448	0.744021	0.0173365	0.146198	0.0924445	1.469944	3.501554
35820	-2084.803	-2239.545	154.7424	1.86635	0.75506	0.0173625	0.0780568	0.149521	1.370201	3.376344
35826	-2084.879	-2239.598	154.7189	1.421419	0.855962	0.0196827	0.0884879	0.0358673	1.4494	3.559151
35832	-2101.455	-2259.085	157.6296	1.133555	0.850655	0.00843936	0.106806	0.0340995	1.629896	1.807501
35838	-2095.124	-2251.686	156.562	1.12082	0.775006	0.0127142	0.160908	0.0513722	1.537486	2.569518
35844	-2092.946	-2246.243	153.2971	1.041036	0.641246	0.241501	0.0687222	0.0485305	0.9312053	4.863037
35850	-2099.803	-2251.623	151.8191	1.532015	0.588249	0.324114	0.0424206	0.045217	1.091143	5.343309
35856	-2096.646	-2249.555	152.9095	1.345063	0.760233	0.183283	0.00634734	0.0501369	1.041931	4.857145
35862	-2104.808	-2256.518	151.7094	1.476545	0.699166	0.0740261	0.118808	0.108001	0.9788169	5.491969
35868	-2096.285	-2249.596	153.3103	1.014752	0.750016	0.0951766	0.150999	0.00380855	1.123639	4.762884
35874	-2113.719	-2269.543	155.8237	0.9864911	0.851451	0.0779709	0.0444576	0.0261205	1.196482	3.300497
35880	-2094.365	-2250.214	155.8487	0.8449979	0.577272	0.382011	0.0152979	0.025419	1.246236	3.341622
35886	-2084.939	-2240.885	155.9466	1.345112	0.666567	0.28474	0.0114026	0.0372903	1.648316	2.751161
35892	-2089.171	-2246.809	157.6382	1.017254	0.807666	0.127027	0.0345966	0.0307106	1.765625	1.786377
35898	-2090.885	-2247.334	156.4495	1.377053	0.700605	0.242745	0.0300106	0.0266398	1.657777	2.415609
35904	-2066.104	-2222.363	156.2585	0.9862931	0.605601	0.350232	0.0378841	0.00628265	1.541105	2.834831
35910	-2081.381	-2236.807	155.4258	0.9813651	0.627821	0.317074	0.0517322	0.00337256	1.308154	3.47145
35916	-2090	-2242.909	152.9098	0.9813651	0.574638	0.369367	0.0508003	0.00519388	1.079253	5.029234
35922	-2078.752	-2232.668	153.9162	1.190553	0.693047	0.27456	0.0168531	0.0155402	1.119337	4.32894
35928	-2098.643	-2250.97	152.3273	1.135244	0.656455	0.317673	0.0228511	0.00302171	0.8442489	5.39767
35934	-2079.953	-2234.368	154.4149	1.724403	0.818452	0.157722	0.0201206	0.00370545	1.285146	3.6823
35940	-2077.341	-2227.648	150.3072	0.9752386	0.400093	0.4739	0.112552	0.0134546	0.9477302	6.529936
35946	-2083.706	-2236.554	152.8475	1.426707	0.802442	0.141075	0.0408013	0.0156816	0.976447	4.887584
35952	-2089.097	-2242.744	153.647	1.088894	0.782514	0.0907392	0.0946173	0.0321293	1.155251	4.515503
35958	-2083.773	-2238.177	154.404	1.275253	0.67379	0.187544	0.103515	0.0351507	1.183597	3.970087
35964	-2076.37	-2230.565	154.1957	1.454328	0.76949	0.0327845	0.10006	0.097665	1.094057	4.048358
35970	-2074.718	-2229.641	154.9229	1.158286	0.727653	0.180409	0.048726	0.0432123	1.200341	3.725362
35976	-2074.907	-2230.748	155.8413	1.158286	0.727653	0.180409	0.048726	0.0432123	1.451147	3.038909
35982	-2073.799	-2229.223	155.4243	1.159678	0.804477	0.0938778	0.0538704	0.0477745	1.302167	3.373478
35988	-2069.884	-2222.994	153.1095	1.628087	0.767267	0.121042	0.0591948	0.0524964	1.083817	4.58476
35994	-2073.113	-2226.646	153.533	1.60828	0.857008	0.0612104	0.0525786	0.029203	1.016927	4.393416
36000	-2083.438	-2237.276	153.8378	1.581636	0.849028	0.0461481	0.052089	0.0527347	1.141096	4.16315
36006	-2082.605	-2234.587	151.9815	1.257069	0.718619	0.0918216	0.096241	0.0933183	0.9853489	5.447033
36012	-2081.807	-2238.627	156.8205	1.184081	0.636387	0.232113	0.0517984	0.0797019	1.518748	2.381357
36018	-2073.478	-2230.885	157.4065	1.186892	0.770956	0.176864	0.0177366	0.0344436	1.518748	1.999691
36024	-2082.122	-2233.017	150.8946	1.175146	0.793824	0.132976	0.0509046	0.0222961	0.9275162	6.115751
36030	-2085.698	-2242.235	156.5367	1.412795	0.766117	0.139931	0.0709418	0.0230108	1.506342	2.436012
36036	-2080.401	-2238.064	157.6625	1.04454	0.826386	0.0310941	0.0995257	0.0429946	1.549469	1.899459
36042	-2092.473	-2246.015	153.542	1.538097	0.765892	0.12711	0.0493065	0.0576917	1.151802	4.345608
36048	-2071.153	-2227.009	155.8558	1.276654	0.746335	0.123864	0.0735825	0.0562186	1.435734	2.972869
36054	-2076.71	-2234.731	158.021	1.244683	0.799554	0.0875192	0.0665836	0.046343	2.028425	1.121101
36060	-2067.825	-2225.617	157.7919	1.395372	0.793117	0.118637	0.0552304	0.0330151	1.96484	1.255491
36066	-2085.8	-2244.004	158.2042	1.007902	0.749532	0.131573	0.0759775	0.0429176	1.96484	1.216185
36072	-2072.408	-2227.244	154.8351	1.399097	0.845909	0.0780428	0.0449477	0.031101	1.226297	3.632741
36078	-2091.248	-2246.112	154.8636	1.399097	0.581965	0.293722	0.0827939	0.0415198	1.197768	3.632741
36084	-2093.782	-2249.194	155.4118	0.9568851	0.779629	0.0401317	0.120041	0.0601986	1.263017	3.520365
36090	-2097.804	-2255.885	158.081	1.315155	0.833893	0.0159839	0.130315	0.0198088	1.842257	1.175381
36096	-2093.326	-2251.206	157.8801	1.01513	0.773124	0.091564	0.113058	0.0222543	1.745415	1.631107
36102	-2088.037	-2244.239	156.2027	1.231509	0.838436	0.0759599	0.0703177	0.0152861	1.404779	2.807168
36108	-2079.187	-2235.011	155.8234	1.488321	0.838436	0.0759599	0.0703177	0.0152861	1.439805	2.875916
36114	-2079.766	-2235.394	155.6279	1.757055	0.78981	0.117538	0.0511907	0.0414617	1.411485	2.875916
36120	-2085.354	-2242.577	157.2226	1.159568	0.779405	0.115989	0.05295	0.0516556	1.853833	1.915551
36126	-2083.127	-2240.056	156.9292	1.216706	0.854976	0.090037	0.0148894	0.0400978	1.661407	2.200858
36132	-2077.076	-2234.542	157.4658	1.431202	0.768064	0.113925	0.0878725	0.0301392	1.867081	1.560228
36138	-2075.514	-2232.557	157.0429	1.694867	0.796638	0.0443704	0.140983	0.0180091	1.720917	1.806306
36144	-2072.817	-2230.567	157.7508	1.164836	0.763982	0.013307	0.207225	0.0154859	1.905089	1.501558
36150	-2084.001	-2241.835	157.8347	1.503947	0.838017	0.0145966	0.1304	0.0169866	1.756253	1.313419
36156	-2081.672	-2239.603	157.9315	1.217635	0.801276	0.0508279	0.0998382	0.0480577	1.989114	1.254294
36162	-2082.704	-2240.51	157.8062	1.120382	0.707903	0.123163	0.151925	0.0170088	2.00587	1.415198
36168	-2069.377	-2227.41	158.0337	1.134608	0.680479	0.157149	0.146039	0.016333	1.963864	1.25588
36174	-2071.599	-2229.406	157.8074	1.11845	0.68907	0.159133	0.147883	0.00391343	1.88359	1.508643
36180	-2073.972	-2231.044	157.0718	1.374112	0.752189	0.143816	0.102914	0.00108126	1.672995	2.004982
36186	-2078.976	-2235.982	157.006	1.059188	0.870074	0.0338428	0.0957362	0.000346973	1.559014	2.314547
36192	-2093.257	-2248.466	155.209	1.422832	0.844631	0.0975712	0.0462578	0.0115401	1.341478	3.334942
36198	-2077.267	-2233.238	155.9704	1.334936	0.870006	0.0551302	0.0629767	0.0118868	1.571179	2.789321
36204	-2091.146	-2247.444	156.2973	1.166803	0.703888	0.235543	0.050952	0.00961712	1.40049	2.789321
36210	-2076.7	-2233.721	157.0218	1.153656	0.891428	0.0544552	0.0529904	0.0011266	1.597945	2.220612
36216	-2081.588	-2238.394	156.8062	1.316608	0.796751	0.133527	0.0602382	0.00948333	1.661454	2.220612
36222	-2080.582	-2234.803	154.2216	1.58607	0.715099	0.111319	0.157096	0.0164864	1.220093	3.89686
36228	-2075.13	-2229.527	154.3966	1.253929	0.651915	0.138821	0.188704	0.0205597	1.251504	3.946748
36234	-2072.998	-2225.492	152.4942	1.263792	0.716768	0.140446	0.114495	0.0282906	1.044217	5.127926
36240	-2091.977	-2247.537	155.5606	1.222777	0.738795	0.102777	0.0776575	0.0807707	1.625969	3.065775
36246	-2081.04	-2236.568	155.528	1.222777	0.794851	0.135534	0.00268238	0.0669326	1.369179	3.237754
36252	-2090.433	-2246.465	156.0313	1.222777	0.634147	0.194547	0.0752296	0.0960761	1.42149	2.905873
36258	-2089.218	-2244.762	155.5443	1.222777	0.804319	0.0779043	0.0954174	0.0223593	1.398845	3.210516
36264	-2103.554	-2256.626	153.0713	1.109692	0.66923	0.208864	0.107979	0.0139273	1.21126	4.795315
36270	-2092.308	-2245.366	153.058	1.348677	0.815102	0.0746213	0.10562	0.00465607	1.204258	4.681736
36276	-2080.29	-2232.787	152.497	1.810748	0.724663	0.134656	0.112947	0.027735	1.380948	4.678605
36282	-2095.881	-2250.346	154.4646	1.75691	0.837686	0.119358	0.00527475	0.0376814	1.237239	3.666138
36288	-2083.985	-2239.957	155.9723	0.998038	0.749126	0.18548	0.0283216	0.0370724	1.318264	3.133546
36294	-2064.417	-2217.708	153.2913	1.423254	0.744224	0.172417	0.0536762	0.0296827	1.160057	4.538371
36300	-2061.574	-2216.654	155.0809	1.098031	0.668393	0.254159	0.0540621	0.0233863	1.160057	3.690921
36306	-2078.889	-2232.49	153.6015	1.35084	0.74418	0.154243	0.0811076	0.020469	1.170634	4.394129
36312	-2081.169	-2233.841	152.6726	1.778326	0.828498	0.118378	0.0526904	0.000433429	1.083227	4.761284
36318	-2083.875	-2237.344	153.4688	1.202146	0.690864	0.272443	0.0364292	0.00026443	1.431444	4.39916
36324	-2065.558	-2220.253	154.6952	1.268801	0.727949	0.248901	0.0228669	0.000283198	1.233134	3.777912
36330	-2060.399	-2214.333	153.9337	1.314072	0.791662	0.186912	0.0211181	0.000307985	1.379579	4.106347
36336	-2067.974	-2219.567	151.5921	1.073124	0.725768	0.120144	0.153454	0.000633022	1.208604	5.63471
36342	-2069.948	-2223.188	153.2401	1.495349	0.724511	0.119936	0.153188	0.00236426	1.250909	4.480686
36348	-2100.143	-2251.264	151.1208	1.431587	0.845246	0.105677	0.0483315	0.000745933	1.186279	5.722785
36354	-2097.82	-2255.284	157.464	0.9781012	0.477813	0.400359	0.121805	2.35765e-05	1.562108	2.067989
36360	-2111.228	-2264.947	153.7186	1.600559	0.54238	0.228521	0.227016	0.00208325	1.332038	4.113343
36366	-2084.496	-2237.226	152.7292	1.671185	0.774116	0.165097	0.0590797	0.00170776	1.074408	4.782994
36372	-2080.635	-2237.035	156.4001	1.117535	0.724513	0.161461	0.10984	0.00418663	1.423059	2.741665
36378	-2080.353	-2237.02	156.6665	0.8938406	0.568822	0.243393	0.165577	0.0222087	1.461151	2.691923
36384	-2078.964	-2234.681	155.717	0.9380049	0.72715	0.200108	0.0613215	0.0114198	1.340522	3.307379
36390	-2069.765	-2224.973	155.2085	1.496655	0.856042	0.044918	0.0946687	0.00437112	1.337565	3.299569
36396	-2076.084	-2231.627	155.5434	1.560707	0.759483	0.179364	0.0376698	0.0234839	1.263799	3.112414
36402	-2082.96	-2237.56	154.5995	1.724423	0.719956	0.106917	0.082462	0.0906659	1.137148	3.661105
36408	-2081.653	-2235.176	153.5226	1.560184	0.807224	0.126569	0.0144581	0.0517496	1.117598	4.365281
36414	-2084.55	-2237.775	153.225	1.423075	0.776832	0.0976058	0.102424	0.0231374	1.132288	4.591275
36420	-2086.595	-2237.228	150.6328	1.178757	0.575817	0.359004	0.0445298	0.0206494	1.153539	6.133373
36426	-2094.342	-2248.444	154.1024	1.479536	0.723923	0.228962	0.00814001	0.0389752	1.22147	4.016405
36432	-2082.926	-2237.22	154.2945	1.079329	0.628893	0.288137	0.0491107	0.0338589	1.269483	4.089839
36438	-2076.233	-2230.431	154.1979	1.335947	0.695273	0.1592	0.108093	0.0374327	1.203668	4.044672
36444	-2074.008	-2228.391	154.3833	1.072216	0.741921	0.141119	0.100189	0.0167703	1.266823	4.044672
36450	-2096.935	-2250.735	153.8006	1.446783	0.678463	0.24695	0.0580268	0.0165607	1.247461	4.189664
36456	-2084.063	-2236.704	152.6412	1.823524	0.764791	0.159984	0.0569291	0.0182956	1.002293	4.803975
36462	-2091.901	-2244.303	152.4023	1.305044	0.789738	0.0665575	0.141775	0.00192914	1.04816	5.155654
36468	-2096.993	-2249.754	152.7607	1.596234	0.783134	0.103499	0.111514	0.00185379	0.987912	4.848357
36474	-2082.027	-2234.422	152.3951	1.628683	0.820552	0.0787472	0.0978897	0.00281156	1.082148	4.984339
36480	-2091.61	-2244.208	152.5976	1.476767	0.704987	0.165824	0.102662	0.026527	1.096474	4.935502
36486	-2084.431	-2236.99	152.5583	1.476767	0.687639	0.115361	0.176992	0.0200084	1.168428	4.917344
36492	-2083.819	-2238.148	154.3292	1.476767	0.693405	0.190253	0.0876599	0.0286819	1.317618	3.832695
36498	-2085.184	-2241.282	156.0984	1.024898	0.531484	0.358883	0.0936027	0.0160305	1.303302	3.051294
36504	-2077.033	-2231.68	154.6474	1.628154	0.903714	0.012759	0.0266597	0.0568677	1.215465	3.633713
36510	-2077.438	-2231.152	153.7144	1.781991	0.890936	0.0163985	0.0242581	0.0684072	1.068061	4.181596
36516	-2078.37	-2231.038	152.6676	1.781991	0.816841	0.0521415	0.0306531	0.100364	1.068947	4.770403
36522	-2088.425	-2239.71	151.285	1.893905	0.734268	0.0868387	0.0510511	0.127842	0.8132086	5.628379
36528	-2089.855	-2241.694	151.8392	1.24772	0.778243	0.079256	0.0912539	0.0512467	0.7918304	5.636356
36534	-2086.765	-2240.929	154.1647	1.073006	0.668852	0.226031	0.0552242	0.0498936	1.065649	4.282771
36540	-2088.974	-2242.731	153.7573	1.170341	0.591019	0.304581	0.0992876	0.00511176	1.34818	4.300277
36546	-2097.996	-2253.639	155.6434	1.476015	0.602951	0.34688	0.0443827	0.00578648	1.341313	3.049833
36552	-2089.799	-2243.463	153.6649	1.10011	0.548221	0.34288	0.10394	0.00495882	1.050669	4.558082
36558	-2081.819	-2236.055	154.2359	1.160693	0.745401	0.193255	0.0569637	0.00437968	1.513413	3.939039
36564	-2094.643	-2248.068	153.4255	1.12881	0.667057	0.284031	0.0335325	0.0153796	1.263382	4.557512
36570	-2075.032	-2227.902	152.8705	1.231995	0.727364	0.216748	0.0541327	0.00175574	1.1875	4.855659
36576	-2092.578	-2246.871	154.2932	1.280298	0.715729	0.124965	0.157967	0.00133868	1.173851	4.036321
36582	-2090.857	-2246.289	155.4327	1.01637	0.749051	0.0867084	0.162896	0.00134506	1.367618	3.412136
36588	-2087.24	-2244.193	156.9529	1.01637	0.722585	0.183155	0.0929623	0.00129753	1.603975	2.346672
36594	-2083.223	-2239.717	156.4944	1.268433	0.830647	0.115726	0.0524854	0.00114126	1.573774	2.50214
36600	-2075.599	-2232.672	157.0725	1.255188	0.759537	0.139706	0.0982742	0.00248327	1.63906	2.098668
36606	-2082.129	-2238.792	156.663	1.292841	0.684396	0.204655	0.102509	0.00843957	1.578992	2.378711
36612	-2095.894	-2252.44	156.546	1.29403	0.792885	0.0642639	0.135394	0.00745666	1.590255	2.444697
36618	-2083.546	-2240.719	157.1731	1.060439	0.73344	0.118401	0.141261	0.00689761	1.592146	2.185035
36624	-2079.112	-2236.007	156.8948	0.8965321	0.68096	0.288686	0.0288936	0.00145946	1.470544	2.543282
36630	-2096.002	-2251.302	155.3001	1.541687	0.893349	0.0109836	0.0463506	0.0493163	1.395472	3.188362
36636	-2101.087	-2253.691	152.6042	1.245526	0.762674	0.108738	0.121269	0.00731885	1.15727	5.013643
36642	-2093.289	-2246.198	152.9091	1.354725	0.709685	0.136323	0.104345	0.0496468	1.184049	4.773211
36648	-2076.368	-2228.205	151.8374	1.760856	0.849681	0.118467	0.0298665	0.00198561	1.177499	5.180951
36654	-2095.531	-2250.989	155.4581	1.402223	0.676914	0.193982	0.127522	0.00158187	1.246385	3.254914
36660	-2083.369	-2237.678	154.3092	1.095366	0.573935	0.35473	0.0699937	0.00134122	1.188786	4.118489
36666	-2088.951	-2239.544	150.5927	1.249843	0.573935	0.35473	0.0699937	0.00134122	0.890889	6.261689
36672	-2084.863	-2235.715	150.8523	1.263175	0.731593	0.17843	0.0892207	0.00075714	0.9658517	6.072928
36678	-2083.929	-2237.889	153.9596	0.9502762	0.617374	0.284638	0.0967337	0.00125421	0.9812303	4.515104
36684	-2090.331	-2243.551	153.2195	1.311307	0.762019	0.00389363	0.192572	0.0415158	1.017077	4.715032
36690	-2086.734	-2242.204	155.4706	1.357711	0.905688	0.00614473	0.068454	0.0197131	1.445435	3.153141
36696	-2088.528	-2244.125	155.5968	1.357711	0.700206	0.0625978	0.178441	0.0587552	1.319221	3.153141
36702	-2079.428	-2236.568	157.1394	1.210919	0.831816	0.120625	0.0396155	0.0079429	1.604237	2.104735
36708	-2085.432	-2240.756	155.3236	1.393922	0.742149	0.213096	0.0349289	0.00982674	1.574762	3.144384
36714	-2082.507	-2238.061	155.5535	1.350646	0.770343	0.188381	0.0133095	0.0279663	1.383566	3.144384
36720	-2097.441	-2253.209	155.768	1.099089	0.66245	0.20019	0.102106	0.035254	1.301177	3.205795
36726	-2089.039	-2244.923	155.8841	1.103682	0.791079	0.137033	0.0477563	0.0241319	1.281182	3.14615
36732	-2082.98	-2238.491	155.5115	1.538967	0.775878	0.0727103	0.11931	0.0321021	1.304862	3.117944
36738	-2080.946	-2235.329	154.3823	1.645368	0.865653	0.0488255	0.0640743	0.0214477	1.285597	3.738227
36744	-2073.121	-2228.856	155.7346	1.204812	0.839632	0.120244	0.0216352	0.0184892	1.206789	3.221545
36750	-2083.852	-2238.634	154.7819	1.042479	0.672003	0.15387	0.171439	0.00268735	1.21936	3.86042
36756	-2072.209	-2225.729	153.5205	1.183671	0.789114	0.0867413	0.122588	0.00155652	1.124562	4.552659
36762	-2075.46	-2232.373	156.9134	1.183671	0.690223	0.103989	0.20536	0.000427572	1.46985	2.353663
36768	-2087.423	-2241.921	154.4984	1.183671	0.739893	0.0372158	0.220138	0.00275314	1.151623	3.983369
36774	-2077.11	-2232.554	155.444	1.257795	0.798458	0.0747166	0.125259	0.00156654	1.21082	3.361356
36780	-2091.921	-2248.204	156.2834	1.462389	0.707536	0.257523	0.0229062	0.0120348	1.569816	2.527593
36786	-2091.266	-2246.368	155.1026	1.615191	0.487405	0.436332	0.0278433	0.0484202	1.288094	3.331806
36792	-2091.885	-2247.677	155.792	1.42547	0.776286	0.0389345	0.182125	0.00265417	1.138668	3.108486
36798	-2100.739	-2256.664	155.9245	1.17427	0.839955	0.066184	0.0907134	0.00314806	1.236281	3.108486
36804	-2097.556	-2250.8	153.2433	1.366615	0.718174	0.22408	0.0300032	0.0277433	1.089397	4.633203
36810	-2091.404	-2246.308	154.9042	1.427974	0.693834	0.216485	0.0767283	0.0129523	1.306975	3.530839
36816	-2090.051	-2244.221	154.17	1.514922	0.670601	0.236369	0.0736225	0.0194072	1.143328	4.004964
36822	-2088.861	-2242.005	153.1435	1.170655	0.586228	0.268497	0.12323	0.0220451	1.004304	4.837826
36828	-2091.65	-2245.413	153.7626	1.566923	0.626869	0.135602	0.171617	0.0659128	1.134614	4.216586
36834	-2085.686	-2239.589	153.9025	1.227457	0.645291	0.183419	0.151786	0.0195038	1.296749	4.216586
36840	-2090.409	-2240.965	150.5558	1.315873	0.519066	0.371686	0.0862104	0.0230378	0.9624157	6.209844
36846	-2094.321	-2244.776	150.4552	1.362378	0.829833	0.0321492	0.0969017	0.0411161	0.7703731	6.345963
36852	-2074.366	-2225.65	151.2841	1.093434	0.714995	0.0839988	0.186606	0.0143997	0.9657352	5.92537
36858	-2072.447	-2224.986	152.5391	1.284931	0.833082	0.0549694	0.0846314	0.0273169	0.9472113	5.146017
36864	-2087.375	-2237.462	150.0871	1.621971	0.66161	0.0235473	0.205559	0.109284	0.8990397	6.354078
36870	-2081.19	-2232.616	151.4254	1.468541	0.660632	0.0746651	0.178999	0.0857044	1.0032	5.638377
36876	-2080.764	-2234.287	153.5229	1.099901	0.787177	0.00536434	0.16898	0.0384789	1.146317	4.584226
36882	-2082.161	-2235.833	153.6723	1.639212	0.860162	0.00378794	0.13174	0.00430996	1.153229	4.222906
36888	-2086.963	-2241.181	154.2181	1.048254	0.767504	0.0124079	0.2138	0.00628795	1.09532	4.2495
36894	-2091.875	-2243.152	151.2775	2.033757	0.824303	0.0940996	0.00729974	0.0742973	1.090452	5.421783
36900	-2074.318	-2226.811	152.4926	1.732172	0.872136	0.0771895	0.00671442	0.0439596	1.152693	4.84363
36906	-2072.431	-2226.615	154.184	1.101084	0.611382	0.320432	0.0446178	0.0235683	0.960937	4.315614
36912	-2081.2	-2234.24	153.0398	1.226502	0.673545	0.235182	0.0693389	0.0219342	0.9569966	4.892636
36918	-2084.382	-2235.717	151.3349	1.428142	0.763423	0.120845	0.0785913	0.037141	1.112406	5.64754
36924	-2085.62	-2240.606	154.9866	1.18267	0.613621	0.169569	0.139426	0.0773847	1.161312	3.697683
36930	-2090.174	-2238.616	148.4418	1.212143	0.675392	0.213883	0.056291	0.054434	0.8142782	7.482099
36936	-2074.484	-2226.312	151.828	0.9916813	0.649944	0.286905	0.0107685	0.0523829	1.024019	5.650846
36942	-2087.7	-2240.674	152.974	1.025716	0.536303	0.387502	0.0145442	0.0616515	0.9445799	5.043745
36948	-2071.89	-2223.386	151.4962	0.9221609	0.528266	0.407009	0.0253553	0.0393697	0.8901022	5.944169
36954	-2074.293	-2228.927	154.6347	1.05098	0.751091	0.212486	0.0224607	0.0139623	1.209483	3.945708
36960	-2068.999	-2223.634	154.6346	0.970533	0.655186	0.304874	0.0322264	0.00771351	1.209483	3.99161
36966	-2068.642	-2221.437	152.7949	0.8022381	0.608578	0.346083	0.0365824	0.00875614	0.9154385	5.285455
36972	-2061.015	-2213.35	152.335	1.424335	0.765953	0.211983	0.0167103	0.00535305	0.9992301	5.160663
36978	-2062.704	-2214.754	152.0503	1.521495	0.788332	0.114811	0.0915382	0.00531799	1.054828	5.240698
36984	-2065.089	-2220.254	155.165	1.288502	0.823585	0.0918964	0.0765478	0.00797056	1.250475	3.484885
36990	-2073.68	-2228.595	154.9151	1.137529	0.689703	0.229227	0.0641041	0.0169664	1.230252	3.724088
36996	-2084.227	-2237.758	153.5307	1.245299	0.679273	0.22576	0.0782573	0.0167098	1.202277	4.470675
37002	-2092.143	-2247.694	155.551	1.501287	0.805332	0.0323396	0.14508	0.0172482	1.404422	3.054255
37008	-2091.832	-2245.869	154.0377	1.925551	0.927572	0.0115918	0.0520023	0.00883404	1.206136	3.854055
37014	-2082.674	-2236.282	153.6083	1.674773	0.771607	0.199716	0.0207368	0.00793965	1.197141	4.217695
37020	-2087.084	-2240.8	153.7165	1.655504	0.660507	0.301101	0.030459	0.00793279	1.208759	4.158658
37026	-2081.392	-2235.688	154.2952	1.088963	0.74086	0.212949	0.0372927	0.00889785	1.126392	4.165487
37032	-2089.919	-2244.005	154.0864	1.397527	0.688014	0.130216	0.176917	0.00485251	1.093362	4.139556
37038	-2102.352	-2257.206	154.8544	1.189324	0.733912	0.193287	0.0639338	0.00886633	1.297994	3.691477
37044	-2090.286	-2245.038	154.7522	1.189324	0.729509	0.187681	0.0620794	0.02073	1.40014	3.691477
37050	-2076.087	-2231.56	155.4735	1.207528	0.694211	0.244127	0.046226	0.0154361	1.284846	3.3281
37056	-2082.321	-2235.77	153.4485	1.207528	0.658205	0.258233	0.0682593	0.0153025	1.197304	4.539564
37062	-2074.274	-2228.373	154.0998	0.9566292	0.638464	0.279336	0.0684346	0.0137657	1.078535	4.377675
37068	-2079.569	-2233.295	153.7254	1.027541	0.67974	0.297395	0.00820941	0.0146557	1.100172	4.536324
37074	-2087.637	-2243.055	155.4174	1.131409	0.826136	0.0989303	0.0694206	0.00551287	1.157853	3.477874
37080	-2086.804	-2241.179	154.3751	1.099212	0.722603	0.216912	0.0243735	0.0361113	1.179081	4.084361
37086	-2086.1	-2240.945	154.8444	1.040766	0.720651	0.216326	0.0280717	0.0349508	1.315914	3.769887
37092	-2091.377	-2245.063	153.6851	1.219016	0.510391	0.403122	0.062103	0.0243838	1.124044	4.441575
37098	-2078.881	-2234.775	155.8947	1.037058	0.72641	0.228542	0.0151701	0.0298787	1.355978	3.134212
37104	-2071.114	-2226.997	155.8825	1.082976	0.796508	0.187424	0.00806845	0.00799904	1.322979	3.134212
37110	-2067.607	-2221.887	154.2807	1.122402	0.784623	0.18996	0.0199184	0.00549844	1.117784	4.160178
37116	-2073.371	-2227.439	154.0681	1.627494	0.833769	0.110307	0.0195928	0.0363321	1.315451	3.910334
37122	-2078.465	-2233.103	154.6379	1.428149	0.794921	0.10746	0.0196584	0.0779604	1.285148	3.697954
37128	-2072.183	-2227.544	155.3614	1.124175	0.629764	0.362214	0.00218607	0.00583506	1.268776	3.449867
37134	-2078.528	-2233.775	155.2464	1.251134	0.747273	0.248434	0.000546759	0.00374649	1.257037	3.453659
37140	-2076.751	-2232.196	155.445	1.042159	0.698391	0.291089	0.00280785	0.00771165	1.285895	3.437817
37146	-2085.501	-2239.675	154.1747	1.150067	0.714193	0.265763	0.00530158	0.0147428	1.133919	4.196126
37152	-2085.871	-2240.361	154.4895	1.696592	0.731645	0.257186	0.00513049	0.00603782	1.178348	3.714007
37158	-2081.431	-2234.806	153.3749	1.321871	0.76298	0.228142	0.00258182	0.0062964	1.093338	4.579896
37164	-2084.116	-2237.62	153.5036	1.440403	0.722111	0.224161	0.00373749	0.0499911	1.042197	4.476751
37170	-2076.015	-2231.065	155.0496	1.35006	0.811	0.149697	0.00150189	0.0378012	1.118684	3.596207
37176	-2082.115	-2235.2	153.0849	1.431669	0.700114	0.282184	0.00104905	0.0166525	1.048847	4.712233
37182	-2078.411	-2231.396	152.9851	1.463001	0.758561	0.229577	0.00102701	0.0108342	1.000036	4.779954
37188	-2079.298	-2231.655	152.3577	0.9278905	0.569019	0.406318	0.00125285	0.0234097	0.9122035	5.456653
37194	-2088.853	-2243.809	154.9559	1.16101	0.611614	0.369764	0.000619121	0.0180024	1.189546	3.711025
37200	-2093.325	-2245.343	152.0176	1.529684	0.859939	0.0989582	0.00114689	0.0399558	1.510287	5.002581
37206	-2091.148	-2245.14	153.9916	1.593987	0.686811	0.251529	0.00172048	0.0599388	1.171939	4.052142
37212	-2089.86	-2247.572	157.7113	1.437396	0.881308	0.0104613	0.0591305	0.0491004	1.851222	1.382003
37218	-2079.544	-2236.94	157.3967	1.351234	0.645307	0.265594	0.0531466	0.0359521	1.922455	1.622169
37224	-2076.83	-2234.668	157.8381	1.103636	0.769853	0.195256	0.0267278	0.0081635	1.887594	1.493387
37230	-2085.107	-2242.758	157.6512	1.443173	0.740094	0.187708	0.0621583	0.0100396	1.756577	1.496719
37236	-2074.669	-2231.731	157.0627	1.567932	0.845934	0.102121	0.0447222	0.00722336	1.824296	1.794001
37242	-2101.885	-2259.719	157.8334	0.9100649	0.512412	0.405159	0.0578649	0.0245642	1.747567	1.73828
37248	-2089.466	-2247.291	157.8247	1.02866	0.707105	0.252209	0.0241116	0.0165748	1.823373	1.605083
37254	-2087.22	-2245.136	157.9165	1.06637	0.652849	0.316262	0.0198145	0.0110747	1.856639	1.485069
37260	-2084.237	-2241.647	157.4101	1.082146	0.674843	0.293227	0.0204821	0.0114478	1.750308	1.90939
37266	-2090.529	-2247.906	157.3773	1.200036	0.67455	0.299869	0.0204732	0.00510731	1.636243	1.932145
37272	-2086.815	-2243.189	156.3743	1.175163	0.746616	0.08371	0.157011	0.0126627	1.48791	2.683897
37278	-2081.937	-2237.417	155.4803	1.466198	0.810484	0.0661668	0.104697	0.0186522	1.455361	3.084216
37284	-2074.747	-2230.499	155.7522	1.305516	0.764704	0.0608468	0.152125	0.022324	1.432041	3.021352
37290	-2087.348	-2242.138	154.7896	1.268025	0.854444	0.0148213	0.122345	0.00839	1.352796	3.654655
37296	-2110.188	-2263.567	153.3787	1.30573	0.726643	0.0206344	0.209284	0.0434379	1.207645	4.521789
37302	-2089.829	-2245.323	155.4937	1.352035	0.798383	0.116904	0.063688	0.0210254	1.164458	3.308708
37308	-2092.117	-2244.905	152.7877	1.193052	0.734959	0.158598	0.0942911	0.0121516	1.064081	4.990777
37314	-2100.582	-2255.065	154.483	1.129848	0.671382	0.091132	0.184021	0.0534655	1.123979	4.037354
37320	-2092.566	-2247.387	154.8218	1.041657	0.635705	0.311639	0.0222551	0.0304011	1.081843	3.916875
37326	-2095.628	-2250.034	154.406	1.415089	0.596136	0.163029	0.218742	0.0220936	1.173645	3.902302
37332	-2092.461	-2249.091	156.6302	1.558633	0.839364	0.0413066	0.0423292	0.0770004	1.566105	2.258346
37338	-2082.565	-2239.03	156.4658	1.185733	0.874372	0.0237489	0.0703269	0.0315525	1.396173	2.677856
37344	-2080.475	-2236.092	155.6162	1.394386	0.819462	0.0913865	0.0595804	0.0295711	1.332506	3.114145
37350	-2082.863	-2237.708	154.8455	1.312021	0.808388	0.122611	0.0564924	0.0125093	1.283907	3.638757
37356	-2097.765	-2252.953	155.1878	1.384577	0.853615	0.0985136	0.0304927	0.0173791	1.203367	3.448251
37362	-2105.521	-2263.382	157.8608	1.610807	0.897017	0.0133514	0.0630149	0.0266172	2.253112	0.6702763
37368	-2085.289	-2242.833	157.5448	2.1043	0.903014	0.0134407	0.0658928	0.0176522	2.048597	0.8658076
37374	-2092.664	-2248.907	156.2432	1.159188	0.796286	0.0903302	0.0863712	0.0270127	1.316529	2.877575
37380	-2097.701	-2249.672	151.9713	1.254843	0.725611	0.180734	0.0524032	0.0412518	1.010867	5.439734
37386	-2090.607	-2244.604	153.9967	1.316693	0.778858	0.122276	0.0284784	0.0703871	0.9599325	4.307346
37392	-2089.841	-2243.855	154.0136	1.666783	0.79389	0.0603099	0.0492305	0.0965692	1.124473	4.032148
37398	-2092.259	-2246.144	153.8852	1.55901	0.676214	0.270411	0.0419332	0.0114424	1.342843	4.032148
37404	-2074.466	-2231.165	156.6984	0.7202118	0.480306	0.439224	0.0677359	0.0127334	1.454689	2.787398
37410	-2087.237	-2243.95	156.713	1.732804	0.818748	0.0179506	0.0905831	0.0727182	1.649541	2.056358
37416	-2080.076	-2237.235	157.1587	1.888696	0.760513	0.101251	0.117991	0.020245	1.649541	1.667004
37422	-2077.873	-2233.173	155.2999	0.8962149	0.57131	0.337532	0.081298	0.00985995	1.212339	3.650759
37428	-2089.259	-2244.623	155.3635	1.297396	0.69389	0.23462	0.0595149	0.0119755	1.140504	3.428344
37434	-2081.964	-2236.247	154.2831	1.362549	0.722861	0.167876	0.073277	0.0359856	1.18408	3.993506
37440	-2087.562	-2241.286	153.724	1.707867	0.736599	0.211884	0.00609742	0.0454191	1.157375	4.15922
37446	-2105.81	-2257.194	151.3846	2.108594	0.685247	0.230758	0.0729582	0.0110363	0.9362401	5.41734
37452	-2085.831	-2240.278	154.4471	0.8813969	0.474611	0.450113	0.0539314	0.0213445	1.248384	4.128222
37458	-2082.759	-2236.882	154.123	1.452519	0.637869	0.299499	0.0221125	0.0405194	1.388132	3.922742
37464	-2090.777	-2245.877	155.0999	1.018754	0.702148	0.247293	0.018258	0.0323007	1.251561	3.672105
37470	-2084.166	-2238.946	154.7799	1.201918	0.780521	0.165714	0.0285734	0.0251908	1.394018	3.672105
37476	-2088.134	-2244.338	156.2035	1.329656	0.572724	0.397542	0.0112499	0.0184843	1.339294	2.791507
37482	-2094.714	-2247.966	153.2518	1.209966	0.645912	0.264471	0.0671514	0.0224655	0.8684823	4.83244
37488	-2085.715	-2238.731	153.0155	1.209966	0.64031	0.262178	0.0671129	0.0303994	1.104815	4.83244
37494	-2096.423	-2249.692	153.2685	1.521586	0.562985	0.349667	0.0606197	0.0267283	1.104815	4.534126
37500	-2082.562	-2234.858	152.2965	1.357694	0.775516	0.106719	0.0835041	0.0342611	1.069775	5.175809
37506	-2079.518	-2232.914	153.3962	1.265486	0.694458	0.175905	0.118689	0.0109475	1.046879	4.622992
37512	-2100.603	-2258.108	157.5054	1.114909	0.714019	0.110113	0.146199	0.0296694	1.607025	1.920281
37518	-2090.977	-2248.329	157.3524	1.013685	0.659675	0.179338	0.135072	0.0259163	1.614201	2.083762
37524	-2093.185	-2250.544	157.3584	1.008695	0.502398	0.348978	0.135467	0.0131573	1.613168	2.083762
37530	-2090.789	-2246.762	155.9731	1.485584	0.715731	0.0873924	0.0723118	0.124565	1.35513	2.837913
37536	-2080.043	-2236.01	155.9671	1.670484	0.77845	0.108343	0.0438563	0.0693506	1.36665	2.739538
37542	-2072.544	-2228.212	155.6674	1.238914	0.769868	0.0986348	0.0433729	0.0881242	1.453669	3.095828
37548	-2066.004	-2218.881	152.8777	1.613112	0.832654	0.0214454	0.0960503	0.0498507	1.113583	4.704942
37554	-2070.433	-2224.467	154.0333	1.215693	0.766142	0.0271119	0.150436	0.0563101	1.111271	4.253838
37560	-2078.961	-2230.619	151.6575	1.867254	0.759988	0.0525798	0.136959	0.0504729	1.050107	5.304386
37566	-2081.917	-2234.399	152.4825	1.373603	0.773192	0.0479649	0.1705	0.00834313	0.9835809	5.112603
37572	-2078.939	-2229.226	150.2876	1.118815	0.78275	0.0361968	0.172607	0.00844626	1.051966	6.407304
37578	-2065.653	-2217.629	151.9769	1.413975	0.840572	0.0251642	0.123569	0.0106951	1.041031	5.340519
37584	-2077.219	-2228.893	151.6739	1.752992	0.715714	0.0214386	0.249942	0.0129059	1.058497	5.340519
37590	-2083.337	-2234.27	150.933	1.81798	0.779609	0.136041	0.064643	0.0197074	0.8764599	5.819066
37596	-2077.434	-2230.435	153.0005	1.412238	0.843655	0.12556	0.0244557	0.00632984	1.203802	4.682359
37602	-2086.889	-2243.855	156.9661	1.135648	0.781013	0.039024	0.151601	0.0283618	1.695522	2.204741
37608	-2082.665	-2239.292	156.6267	1.286168	0.757344	0.14112	0.0740334	0.0275023	1.505946	2.451498
37614	-2080.309	-2235.183	154.8737	2.026093	0.781541	0.06217	0.0578546	0.0984346	1.33462	3.248346
37620	-2079.369	-2233.241	153.8727	1.668245	0.908331	0.0111223	0.0404697	0.0400773	1.135425	4.105567
37626	-2085.826	-2239.888	154.0611	1.305328	0.834552	0.064921	0.0610647	0.0394626	1.145409	4.171583
37632	-2078.19	-2231.805	153.6148	1.297186	0.774615	0.185495	0.019048	0.0208416	0.9606878	4.532298
37638	-2077.736	-2231.237	153.5009	1.539378	0.726359	0.167368	0.067215	0.0390577	1.230313	4.323846
37644	-2075.686	-2229.912	154.2257	1.281516	0.681644	0.146309	0.135394	0.0366533	1.131805	4.098134
37650	-2090.221	-2241.194	150.9728	1.41333	0.695972	0.0284998	0.195105	0.0804234	0.9499013	5.941792
37656	-2088.511	-2241.405	152.8942	1.373079	0.656378	0.122098	0.194314	0.02721	0.980142	4.886056
37662	-2071.925	-2225.416	153.4907	1.526657	0.856803	0.0370544	0.0817927	0.0243496	1.05861	4.432691
37668	-2084.737	-2238.419	153.6824	1.30973	0.87324	0.0146325	0.0981735	0.013954	1.05861	4.432691
37674	-2076.367	-2230.726	154.359	1.451661	0.80566	0.0339812	0.140403	0.0199563	1.183977	3.904895
37680	-2081.64	-2233.493	151.8525	1.30118	0.690436	0.188417	0.0446025	0.0765445	0.9700466	5.504074
37686	-2080.424	-2233.754	153.33	1.267215	0.740409	0.158001	0.0374023	0.0641879	1.082784	4.639085
37692	-2086.074	-2241.023	154.9494	1.513518	0.751601	0.160389	0.0379677	0.0500425	1.218762	3.512568
37698	-2081.293	-2236.231	154.938	1.669407	0.801097	0.0924026	0.040468	0.0660321	1.09917	3.512568
37704	-2089.906	-2246.851	156.9445	0.9337767	0.700577	0.232109	0.0277962	0.0395177	1.353651	2.561369
37710	-2077.578	-2233.408	155.8293	1.112583	0.585403	0.368057	0.0257831	0.0207573	1.396006	3.105266
37716	-2075.014	-2230.415	155.4012	1.528331	0.742695	0.211378	0.0327108	0.0132159	1.423789	3.118264
37722	-2071.101	-2226.064	154.9637	1.260384	0.709323	0.236528	0.0403758	0.0137738	1.237636	3.624572
37728	-2088.249	-2243.175	154.9262	1.310967	0.85889	0.0905899	0.0376693	0.0128505	1.228673	3.624572
37734	-2068.872	-2224.668	155.7958	1.367021	0.812018	0.0283421	0.151155	0.00848429	1.260817	3.064373
37740	-2076.236	-2232.272	156.0368	1.17312	0.658678	0.171065	0.161209	0.00904861	1.286169	3.01217
37746	-2076.592	-2230.398	153.8059	1.239983	0.676572	0.109437	0.209751	0.00424006	1.232114	4.3013
37752	-2074.369	-2228.307	153.9377	1.241757	0.77633	0.0879797	0.132103	0.00358707	1.09868	4.3013
37758	-2071.688	-2225.606	153.9176	1.211281	0.527656	0.147109	0.284085	0.04115	1.18193	4.281722
37764	-2074.43	-2229.067	154.6368	1.396458	0.759874	0.0400579	0.170034	0.0300334	1.280926	3.71722
37770	-2083.658	-2238.83	155.1724	1.86838	0.788665	0.0793726	0.0721663	0.0597963	1.28434	3.172322
37776	-2070.617	-2226.141	155.5243	1.124536	0.6781	0.176533	0.0794969	0.0658704	1.209951	3.388714
37782	-2092.601	-2246.319	153.718	1.921185	0.781304	0.122767	0.0744113	0.0215182	1.234227	4.023006
37788	-2091.909	-2245.832	153.9228	1.386743	0.736433	0.14999	0.0806845	0.032893	1.268176	4.13863
37794	-2076.491	-2229.293	152.8017	1.259994	0.551533	0.290099	0.100445	0.0579235	1.070517	4.944573
37800	-2064.954	-2217.727	152.7728	1.121974	0.60093	0.346477	0.0391836	0.0134094	1.228131	4.945601
37806	-2068.136	-2223.465	155.329	1.139879	0.587735	0.360827	0.0383232	0.013115	1.228131	3.483685
37812	-2067.114	-2221.462	154.348	0.9600761	0.644178	0.247505	0.0930484	0.0152693	1.173218	4.181582
37818	-2075.631	-2227.616	151.9842	1.357285	0.626174	0.246728	0.111476	0.0156223	1.211698	5.270213
37824	-2082.608	-2236.996	154.3882	1.199469	0.697876	0.274931	0.0226175	0.00457553	1.301627	3.952074
37830	-2080.332	-2236.436	156.1039	1.117275	0.661642	0.271932	0.0441699	0.0222557	1.508045	2.870331
37836	-2081.392	-2235.076	153.6839	1.109477	0.59668	0.243305	0.139196	0.0208186	1.312659	4.394812
37842	-2077.58	-2231.03	153.4497	1.091973	0.632412	0.177128	0.138236	0.052224	1.330688	4.526102
37848	-2076.945	-2229.572	152.6276	1.777781	0.812286	0.0717897	0.0918627	0.0240619	1.194092	4.724711
37854	-2080.716	-2235.728	155.0116	1.243521	0.809917	0.112183	0.0576845	0.0202159	1.258006	3.594023
37860	-2086.301	-2241.719	155.4177	0.796087	0.658938	0.264947	0.0658035	0.0103112	1.438311	3.511381
37866	-2083.144	-2237.705	154.5614	0.7638014	0.525973	0.336641	0.129155	0.0082305	1.344831	4.078069
37872	-2078.051	-2231.494	153.4432	1.128027	0.792262	0.0499036	0.133173	0.0246611	1.088931	4.645852
37878	-2088.786	-2243.173	154.3871	1.025166	0.657187	0.237057	0.074544	0.0312114	1.251457	4.077718
37884	-2078.68	-2231.503	152.8221	1.145602	0.649497	0.277987	0.0394216	0.0330946	1.103747	4.974719
37890	-2077.599	-2230.943	153.3445	1.496879	0.753082	0.144238	0.0998948	0.00278561	1.407301	4.332814
37896	-2079.165	-2233.761	154.5954	1.771341	0.847377	0.0790726	0.0709828	0.00256814	1.307927	3.54246
37902	-2067.371	-2221.172	153.801	1.470639	0.809924	0.128014	0.0590943	0.00296775	1.309218	4.142531
37908	-2084.23	-2238.147	153.9171	1.167247	0.666691	0.259386	0.0703378	0.0035848	1.271601	4.254782
37914	-2086.035	-2240.437	154.4025	1.183951	0.653544	0.271482	0.0689507	0.00602322	1.25783	3.97732
37920	-2082.723	-2236.243	153.5198	1.183951	0.651539	0.270649	0.0687392	0.00907265	0.9789634	4.634589
37926	-2081.555	-2231.091	149.5356	1.250516	0.575273	0.245071	0.17144	0.00821524	1.101706	6.71984
37932	-2075.453	-2227.762	152.3092	1.524189	0.689067	0.157625	0.151375	0.0019327	1.01316	5.119196
37938	-2077.454	-2230.391	152.9369	1.034946	0.717563	0.125536	0.152193	0.00470799	1.174732	4.931388
37944	-2075.83	-2226.03	150.2005	1.57907	0.68159	0.185722	0.119849	0.0128399	1.180791	6.158865
37950	-2096.306	-2247.248	150.9422	1.226494	0.851933	0.00403086	0.119869	0.0241669	0.9726505	6.038847
37956	-2088.956	-2240.355	151.3984	1.315671	0.694152	0.0017184	0.280408	0.0237211	1.103743	5.672754
37962	-2081.032	-2234.671	153.6391	1.203279	0.692914	0.000747579	0.248099	0.0582396	1.039324	4.523486
37968	-2082.628	-2234.756	152.1282	1.148955	0.767182	0.00078253	0.17445	0.0575848	0.9913655	5.419023
37974	-2085.635	-2238.824	153.1883	1.565886	0.779025	0.00302609	0.191537	0.0264123	1.155767	4.529383
37980	-2090.698	-2245.255	154.5563	1.300976	0.8878	0.00166092	0.0817167	0.0288221	1.23409	3.840235
37986	-2087.491	-2242.897	155.4058	1.272709	0.753975	0.00038413	0.236395	0.00924625	1.132566	3.42156
37992	-2104.886	-2259.707	154.8206	1.341073	0.780299	0.138188	0.00583438	0.0756793	1.140958	3.720617
37998	-2098.931	-2255.643	156.7118	1.08844	0.8239	0.148104	0.00510195	0.0228942	1.500937	2.518599
38004	-2103.641	-2260.618	156.9769	1.203195	0.727592	0.252677	0.00236045	0.017371	1.500937	2.281605
38010	-2095.246	-2248.291	153.0442	1.145143	0.61702	0.267968	0.0680227	0.0469886	1.134327	4.834297
38016	-2086.747	-2239.681	152.9343	1.197546	0.754111	0.191869	0.0487052	0.0053143	0.913625	4.990585
38022	-2083.798	-2235.917	152.1191	1.32745	0.640302	0.330959	0.0248899	0.00384838	0.8832105	5.391914
38028	-2077.259	-2229.796	152.5368	1.32745	0.666418	0.175722	0.134108	0.0237526	0.9541234	5.12192
38034	-2062.187	-2214.65	152.4628	1.32745	0.689885	0.16336	0.124673	0.0220816	1.028098	5.12192
38040	-2071.781	-2223.822	152.0404	1.221986	0.651751	0.185724	0.110264	0.052261	0.920818	5.468118
38046	-2075.319	-2227.519	152.2005	1.221986	0.805753	0.120772	0.0313454	0.0421295	1.047287	5.31017
38052	-2066.438	-2218.175	151.7368	1.094584	0.623773	0.276833	0.0885795	0.0108146	1.160765	5.570049
38058	-2065.011	-2219.076	154.0651	1.020927	0.659374	0.0732918	0.264598	0.00273609	1.013315	4.397699
38064	-2079.447	-2232.797	153.3498	1.336734	0.834548	0.0358564	0.122513	0.00708183	0.9931487	4.642546
38070	-2077.707	-2232.431	154.724	1.378881	0.800892	0.0344103	0.157902	0.00679623	1.241691	3.698584
38076	-2089.048	-2243.643	154.5943	1.28146	0.763318	0.134422	0.0986721	0.00358848	1.298399	3.791684
38082	-2077.09	-2231.533	154.4429	1.344256	0.57637	0.286454	0.134205	0.00297041	1.402417	3.786007
38088	-2071.537	-2226.368	154.8312	1.126812	0.786075	0.15704	0.0288746	0.0280097	1.334606	3.718211
38094	-2071.225	-2225.768	154.5434	1.270724	0.702851	0.253155	0.00293915	0.0410551	1.297973	3.82692
38100	-2083.939	-2238.447	154.5075	1.136723	0.692194	0.270081	0.00313567	0.0345892	1.386388	3.869334
